class_id,M1_original_active,M1_original_score,M2_intervention_active,M2_intervention_score,M3_reuse_active,M3_reuse_score,M4_compression_active,M4_compression_score,M5_perturbation_centrality_active,M5_perturbation_centrality_score,M6_frequency_control_active,M6_frequency_control_score,M7_random_matched_active,M7_random_matched_score,active_metric_count
df3aa1cdf382f132,False,0.21203238710241196,True,0.3115942028985507,False,2.0501998117759093e-05,True,14.142870503148576,False,0.2934874867687182,True,0.23491856026983848,False,0.5385069125077022,3
62d60895b47b258a,False,0.24243327993643976,True,1.0,False,0.0013062247143504715,True,11.288861048944245,False,0.34820684874050534,True,0.2684792739215338,True,0.6216599625252344,4
7fca0b221d4df82d,False,0.1967137568697625,True,1.0,False,1.957464823193663e-05,True,15.46324081020255,False,0.3833421419250377,True,0.2555922687733002,False,0.16489077372305433,3
6b4ade50f163f3eb,False,0.17291346656280857,True,0.3392857142857143,False,2.0501998117759093e-05,True,4.6480453893634275,False,0.3017949401848673,True,0.10065662169359135,True,0.6216599625252344,4
49f60e64ec11094c,False,0.14523595862726293,True,1.0,False,1.957464823193663e-05,True,3.798330168058193,False,0.3833421419250377,True,0.08591336765489083,True,0.6248182843659388,4
d34283f682fb5db5,False,0.09805950568904166,False,0.0,False,3.895139878651031e-05,True,4.957608362559162,False,0.08335086146278727,True,0.11168737795135808,True,0.6605574078115255,3
e2e01f33e86bf520,False,0.23656872064299042,True,1.0,False,0.0013062247143504715,True,10.158606597256007,False,0.34820684874050534,True,0.2491487661991834,False,0.38405371781829123,3
9c96bfafe046c408,False,0.15435860641707297,True,1.0,False,1.957464823193663e-05,True,5.449576679884258,False,0.3833421419250377,True,0.11598304633410261,False,0.5008129359642991,3
3106fdec81eb7cf2,False,0.3548239194254772,True,1.0,False,0.1819721247169429,True,24.49467507063682,False,0.4374430116781799,True,0.42097550150896507,True,0.6216599625252344,4
276ad787af6a299e,False,0.22587276778574836,True,0.3416149068322981,False,2.0501998117759093e-05,True,17.503818816634453,False,0.3024936979488424,True,0.27516176992721464,False,0.5381072032053766,3
05105ed5b9c8b7e1,False,0.20583640465957254,True,1.0,False,1.957464823193663e-05,True,18.11390347586897,False,0.3833421419250377,True,0.285661947452512,False,0.383402100119019,3
2b387bae148b5b1a,False,0.18636178609566342,True,0.38636363636363635,False,2.0501998117759093e-05,True,7.544111228879606,False,0.3159183168082439,True,0.136683827445411,True,0.6618606432100698,4
f96e064ba4ec3244,False,0.19030386399466806,True,1.0,False,0.0013062247143504715,True,2.969312542570789,False,0.34820684874050534,True,0.09665253861175219,False,0.49895784952213906,3
0961069fec03ff85,False,0.28835891409971837,True,1.0,False,0.1819721247169429,True,8.491360573788306,False,0.4374430116781799,True,0.20189641398899344,True,0.6248182843659388,4
51e8740f909c88ad,False,0.2909653848968069,True,1.0,False,0.1819721247169429,True,8.985818300369484,False,0.4374430116781799,True,0.21048775075448253,False,0.1681488622194151,3
4f453172a8426bab,False,0.1478424294243515,True,1.0,False,1.957464823193663e-05,True,4.24391812238774,False,0.3833421419250377,True,0.09450470442037992,True,0.6605574078115255,4
8d380d339234504a,False,0.3361599445140018,True,1.0,False,1.957464823193663e-05,True,75.09243382274141,False,0.3833421419250377,True,0.7152287857269661,False,0.11549465377081236,3
3763d524e609c5a0,False,0.4138493593248486,True,0.3267175572519084,False,2.0501998117759093e-05,True,112.30438306627596,False,0.2980244930747255,True,0.9005813953488373,False,0.07134318001888368,3
678f98ee2e7f9c8b,False,0.16203653756024713,True,0.36363636363636365,False,2.0501998117759093e-05,True,3.266441610402601,False,0.30910013499006206,True,0.060493076513403174,True,0.6216599625252344,4
11067e9ee392f365,False,0.16811695493490159,True,0.3392857142857143,False,2.0501998117759093e-05,True,4.380311945456243,False,0.3017949401848673,True,0.0849589472749867,True,0.6216599625252344,4
b878d8a565fd20c8,False,0.25251994063975025,True,1.0,False,0.1819721247169429,True,2.7945691154096934,False,0.4374430116781799,True,0.08376553346351855,False,0.5361523501075602,3
4ee67d6b5bf2fad8,False,0.29161700259607903,True,1.0,False,0.1819721247169429,True,9.111130732449467,False,0.4374430116781799,True,0.21263558494585477,False,0.38405371781829123,3
60466c6446f76f07,False,0.41009662067070146,True,0.3317683881064163,False,2.0501998117759093e-05,True,109.56106989213792,False,0.2995397423310779,True,0.8871462808450205,False,0.3853569532168355,3
aa15fa050c3298e9,False,0.18348597613649426,True,0.36363636363636365,False,2.0501998117759093e-05,True,8.084442985746437,False,0.30910013499006206,True,0.13153093378306407,False,0.2342746450601302,3
87c14dd4a70303a3,False,0.35221744862838866,True,1.0,False,0.1819721247169429,True,23.733970875896546,False,0.4374430116781799,True,0.412384164743476,False,0.5008129359642991,3
078a85e3ddc78640,False,0.20062346306539533,True,1.0,False,1.957464823193663e-05,True,16.57780516557711,False,0.3833421419250377,True,0.2684792739215338,False,0.16163268522669363,3
12b2622546947e66,False,0.18112648923950833,True,0.32989690721649484,False,2.0501998117759093e-05,True,7.9211209052263065,False,0.2989782980641015,True,0.12985154447008698,False,0.16228430292596577,3
9d2c5de3fca02e17,False,0.17357350794311002,True,0.29333333333333333,False,2.0501998117759093e-05,True,6.099981320631362,False,0.288009225899153,True,0.1113782620273389,False,0.5008129359642991,3
a91cd87936d8548d,False,0.3062918144651101,True,1.0,False,0.0013062247143504715,True,26.78462829619539,False,0.34820684874050534,True,0.4789670246760164,False,0.5365520594098857,3
49ec1e1bad3b8644,False,0.28835891409971837,True,1.0,False,0.1819721247169429,True,8.491360573788306,False,0.4374430116781799,True,0.20189641398899344,True,0.6223115802245066,4
57fa86a7b4840e85,False,0.2605722913984328,True,1.0,False,1.957464823193663e-05,True,37.6937984496124,False,0.3833421419250377,True,0.4660800195277828,True,0.6248182843659388,4
00d4be19dbcb5225,False,0.29112924644834703,True,0.3333333333333333,False,2.0501998117759093e-05,True,43.47021323025126,False,0.300009225899153,True,0.4928450647967336,False,0.22775846806740874,3
918d9935932a3fea,False,0.15305537101852867,True,1.0,False,1.957464823193663e-05,True,5.201300325081271,False,0.3833421419250377,True,0.11168737795135808,False,0.17727151000922514,3
d7dbbf1256cb46e4,False,0.14849404712362366,True,1.0,False,1.957464823193663e-05,True,4.373902605081162,False,0.3833421419250377,True,0.09665253861175219,True,0.6216599625252344,4
020f7f853a61d2a5,False,0.28314597250554113,True,1.0,False,0.1819721247169429,True,7.535046728971962,False,0.4374430116781799,True,0.18471374045801528,False,0.2486102344441174,3
f3f200976023b897,False,0.2922686202953513,True,1.0,False,0.1819721247169429,True,9.237122364703326,False,0.4374430116781799,True,0.2147834191372271,True,0.6216599625252344,4
aec33b85993bec38,False,0.22940092595099684,True,1.0,False,0.0013062247143504715,True,8.844081444001167,False,0.34820684874050534,True,0.2255225900940884,True,0.6248182843659388,4
3ab07d974c2c13c9,False,0.16517612871407275,False,0.0,False,3.895139878651031e-05,True,21.540952672378623,False,0.08335086146278727,True,0.332914299662702,True,0.6216599625252344,3
f790402ad996edb3,False,0.1628733927767894,True,0.32608695652173914,False,2.0501998117759093e-05,True,3.522755688922231,False,0.29783531285567477,True,0.0700213030356826,True,0.6679771109004656,4
0e14c1ea8e072b33,False,0.18639415779903518,True,1.0,False,0.0013062247143504715,True,2.5022501702831565,False,0.34820684874050534,True,0.08376553346351855,True,0.6216599625252344,4
d92bdf13def8dec0,False,0.30824666756292657,True,1.0,False,0.0013062247143504715,True,27.35112386883331,False,0.34820684874050534,True,0.4854105272501331,False,0.38470533551756336,3
f4acbdb5aeded86b,False,0.11369833047157318,False,0.0,False,3.895139878651031e-05,True,8.010335917312661,False,0.08335086146278727,True,0.1632353985442926,False,0.05107609764163149,2
f4d81470ae001413,False,0.22092989586045894,True,1.0,False,0.0013062247143504715,True,7.38542376179819,False,0.34820684874050534,True,0.1976007456062489,True,0.6248182843659388,4
68e277f026e4f333,False,0.17690524730097135,False,0.0,False,3.895139878651031e-05,True,25.36592207262342,False,0.08335086146278727,True,0.3715753151074028,False,0.18183283390413016,2
870cdc764fa66d02,False,0.17323567933638773,True,0.359375,False,2.0501998117759093e-05,True,5.130599919056069,False,0.307821725899153,True,0.09821720220131369,False,0.2877072964004461,3
ffa41687be23a52f,False,0.1876973931975795,True,1.0,False,0.0013062247143504715,True,2.655505011190036,False,0.34820684874050534,True,0.08806120184626309,True,0.6248182843659388,4
905cc044d2f11f7e,False,0.2818427371069969,True,1.0,False,0.1819721247169429,True,7.302760269506628,False,0.4374430116781799,True,0.18041807207527075,False,0.3853569532168355,3
9a548e3bd9206aad,False,0.1943284128701512,True,0.3448275862068966,False,2.0501998117759093e-05,True,10.306128811023132,False,0.303457501761222,True,0.17066039410616013,False,0.16647936411261705,3
3517590aa219edf3,False,0.1755922657098418,True,0.3333333333333333,False,2.0501998117759093e-05,True,5.096951181495106,False,0.300009225899153,True,0.11055609799396414,True,0.6248182843659388,4
50460cde9bb67eb1,False,0.32117273743074237,True,1.0,False,1.957464823193663e-05,True,66.72203765227022,False,0.3833421419250377,True,0.665828599325404,False,0.22775846806740874,3
49e64086134d5f68,False,0.18277001957101702,True,0.37333333333333335,False,2.0501998117759093e-05,True,6.458865889394601,False,0.31200922589915303,True,0.12707593644594356,False,0.383402100119019,3
5c94e8378ab8a68e,False,0.18438526825437104,True,0.31,False,2.0501998117759093e-05,True,8.494918635825176,False,0.293009225899153,True,0.14414388425350613,False,0.5008129359642991,3
5f4862fddb23ab67,False,0.30120751481970154,True,0.31754874651810583,False,2.0501998117759093e-05,True,48.40311116653157,False,0.2952738498545847,True,0.5290666607491568,True,0.6216599625252344,4
5d9ac2aed18c8888,False,0.10783377117812387,False,0.0,False,3.895139878651031e-05,True,6.805470556235551,False,0.08335086146278727,True,0.14390489082194213,True,0.6638154963078862,3
6d7269c3021b1fd9,False,0.17267705253154722,True,0.31666666666666665,False,2.0501998117759093e-05,True,4.980048631460814,False,0.295009225899153,True,0.10401540031954554,False,0.24926185214338958,3
870d838329f0b33f,False,0.28966214949826263,True,1.0,False,0.1819721247169429,True,8.737231036731146,False,0.4374430116781799,True,0.206192082371738,True,0.6248182843659388,4
bb5a0375ea02f1d5,False,0.16639892405737083,True,0.2765957446808511,False,2.0501998117759093e-05,True,3.8644086289668933,False,0.2829879493034083,True,0.09048309071542696,True,0.5558654026550482,4
0e3c5b91c7654c4b,False,0.1870457754983073,True,1.0,False,0.0013062247143504715,True,2.578573513671305,False,0.34820684874050534,True,0.08591336765489083,True,0.6646753289902934,4
3dbce805a0b141a8,False,0.30107887287093293,True,1.0,False,0.0013062247143504715,True,25.30073221757322,False,0.34820684874050534,True,0.4617843511450382,True,0.6248182843659388,4
bec8a25c1e8964d8,False,0.28249435480626905,True,1.0,False,0.1819721247169429,True,7.418563899152358,False,0.4374430116781799,True,0.18256590626664299,False,0.5014645536635712,3
31746e0d66255986,False,0.2857524433026298,True,1.0,False,0.1819721247169429,True,8.007770049989134,False,0.4374430116781799,True,0.19330507722350437,False,0.383402100119019,3
f66221685d26ff9e,False,0.17004523177949746,True,0.2962962962962963,False,2.0501998117759093e-05,True,4.482043768314733,False,0.2888981147880419,True,0.09897723238061425,True,0.6216599625252344,4
c956020212186038,False,0.234613867545174,True,1.0,False,0.0013062247143504715,True,9.79280188771042,False,0.34820684874050534,True,0.24270526362506656,True,0.6216599625252344,4
4b5d05947b62026f,False,0.3528690663276608,True,1.0,False,0.1819721247169429,True,23.923128124320794,False,0.4374430116781799,True,0.4145319989348482,False,0.38405371781829123,3
6ebac04a743cc80e,False,0.2664368506918821,True,1.0,False,1.957464823193663e-05,True,40.16539849248026,False,0.3833421419250377,True,0.4854105272501331,False,0.29292023799462336,3
aec1d025a7c8cadc,False,0.11500156587011746,False,0.0,False,3.895139878651031e-05,True,8.287433700530396,False,0.08335086146278727,True,0.1675310669270371,True,0.6605574078115255,3
20ba60e44044f987,False,0.1772102400481679,True,0.3373493975903614,False,2.0501998117759093e-05,True,6.713006376594149,False,0.30121404517626144,True,0.11547954020947986,False,0.383402100119019,3
6f0b9874b0d45a86,False,0.20192669846393965,True,1.0,False,1.957464823193663e-05,True,16.956471260672313,False,0.3833421419250377,True,0.2727749423042784,False,0.2297133211652252,3
4873650212640f20,False,0.18574254009976304,True,1.0,False,0.0013062247143504715,True,2.4265349810255907,False,0.34820684874050534,True,0.0816176992721463,False,0.22841008576668087,3
5946d2fd389a788a,False,0.28835891409971837,True,1.0,False,0.1819721247169429,True,8.491360573788306,False,0.4374430116781799,True,0.20189641398899344,False,0.22775846806740874,3
5d1ca8b7c39d1c88,False,0.23526548524444618,True,1.0,False,0.0013062247143504715,True,9.9141286367617,False,0.34820684874050534,True,0.24485309781643885,False,0.5365520594098857,3
915e5ea2e7f67f0e,False,0.2274460728531804,True,1.0,False,0.0013062247143504715,True,8.498345820764815,False,0.34820684874050534,True,0.21907908751997163,True,0.6248182843659388,4
1887a25ae7a473dc,False,0.29161700259607903,True,1.0,False,0.1819721247169429,True,9.111130732449467,False,0.4374430116781799,True,0.21263558494585477,False,0.251216705241206,3
18238c7d4071f241,False,0.22382172164856592,False,0.0,False,3.895139878651031e-05,True,43.41977764177887,False,0.08335086146278727,True,0.5262193768862063,False,0.383402100119019,2
01c8968fd0f30e16,False,0.23005254365026898,True,1.0,False,0.0013062247143504715,True,8.960542960007784,False,0.34820684874050534,True,0.2276704242854607,False,0.16163268522669363,3
bc4e1a8460b81296,False,0.18900062859612374,True,1.0,False,0.0013062247143504715,True,2.8111924686192467,False,0.34820684874050534,True,0.09235687022900764,True,0.6248182843659388,4
34ad32a5b977f6a7,False,0.19421357019030094,True,1.0,False,0.0013062247143504715,True,3.4655185022670767,False,0.34820684874050534,True,0.10953954375998581,False,0.38405371781829123,3
d02eaeb87d9b35d8,False,0.2181769896580044,True,0.3958333333333333,False,2.0501998117759093e-05,True,14.75777791632895,False,0.318759225899153,True,0.2399567282087698,True,0.6216599625252344,4
343f4579493bdd5b,False,0.16937169052787834,True,0.3333333333333333,False,2.0501998117759093e-05,True,3.927925681152191,False,0.300009225899153,True,0.09001464583703178,True,0.6216599625252344,4
ec0d746a50f71661,False,0.21420236315730648,True,0.35294117647058826,False,2.0501998117759093e-05,True,13.990897188103997,False,0.30589157884032947,True,0.23454731049174507,False,0.383402100119019,3
3248f0ab5394b3f7,False,0.18693949138068028,True,1.0,False,1.957464823193663e-05,True,12.817490086807416,False,0.3833421419250377,True,0.22337475590271616,False,0.07264641541742796,3
a83354d3cedbe160,False,0.2961783264909841,True,1.0,False,0.1819721247169429,True,10.007335361877853,False,0.4374430116781799,True,0.2276704242854607,False,0.3853569532168355,3
dfcf64c41378966a,False,0.29292023799462336,True,1.0,False,0.1819721247169429,True,9.36379319713106,False,0.4374430116781799,True,0.21693125332859936,False,0.5008129359642991,3
9c379f16497a1fcc,False,0.3033461211829777,True,1.0,False,0.1819721247169429,True,11.48289773962182,False,0.4374430116781799,True,0.2512966003905556,False,0.16163268522669363,3
3cb21b3cf01fbff1,False,0.23070416134954116,True,1.0,False,0.0013062247143504715,True,9.077612630144984,False,0.34820684874050534,True,0.22981825847683296,True,0.6216599625252344,4
1f3da9ec1bbe4b9e,False,0.14588757632653507,True,1.0,False,1.957464823193663e-05,True,3.8996356231915126,False,0.3833421419250377,True,0.08806120184626309,True,0.6216599625252344,4
c863cb7e6210f94a,False,0.09349818179413664,False,0.0,False,3.895139878651031e-05,True,4.156168068371412,False,0.08335086146278727,True,0.09665253861175219,False,0.5008129359642991,2
54000b099d64ca49,False,0.17081517052202314,True,0.2894736842105263,False,2.0501998117759093e-05,True,5.998374593648413,False,0.2868513311623109,True,0.1030609799396414,False,0.38405371781829123,3
f06dc8aafaee6a0a,False,0.41040107448691787,True,0.3349206349206349,False,2.0501998117759093e-05,True,109.49092836211734,False,0.3004854163753435,True,0.8874378661459259,False,0.383402100119019,3
9510b49fe7c05b17,False,0.18639415779903518,True,1.0,False,0.0013062247143504715,True,2.5022501702831565,False,0.34820684874050534,True,0.08376553346351855,True,0.6601576985091998,4
8061f519a055e2f1,False,0.26969493918824283,True,1.0,False,1.957464823193663e-05,True,41.56976744186046,False,0.3833421419250377,True,0.4961496982069945,True,0.6605574078115255,4
21ddbb3a4e085e8a,False,0.17125428945059068,True,0.3389830508474576,False,2.0501998117759093e-05,True,4.759102811896003,False,0.3017041411533903,True,0.09532686845375465,True,0.6610612246054186,4
2bd93f4db6bf4ab6,False,0.29682994419025627,True,1.0,False,0.1819721247169429,True,10.138081395348836,False,0.4374430116781799,True,0.22981825847683296,True,0.6618606432100698,4
81f85c879126ecee,False,0.11500156587011746,False,0.0,False,3.895139878651031e-05,True,8.287433700530396,False,0.08335086146278727,True,0.1675310669270371,False,0.383402100119019,2
4a681fe4b0cd497d,False,0.19541052147121818,True,1.0,False,1.957464823193663e-05,True,15.098864001714713,False,0.3833421419250377,True,0.2512966003905556,True,0.6248182843659388,4
2b5b4112a5c472cd,False,0.1876973931975795,True,1.0,False,0.0013062247143504715,True,2.655505011190036,False,0.34820684874050534,True,0.08806120184626309,True,0.6216599625252344,4
061d51f8a43f53d2,False,0.2140474561594837,False,0.0,False,3.895139878651031e-05,True,39.295185638514894,False,0.08335086146278727,True,0.4940018640156222,False,0.08864628283059962,2
1ae4c786afa69918,False,0.22940092595099684,True,1.0,False,0.0013062247143504715,True,8.844081444001167,False,0.34820684874050534,True,0.2255225900940884,False,0.15721489025229143,3
95924e6eb5919609,False,0.23005254365026898,True,1.0,False,0.0013062247143504715,True,8.960542960007784,False,0.34820684874050534,True,0.2276704242854607,False,0.5008129359642991,3
c042fcbeb35388e1,False,0.2404784268386233,True,1.0,False,0.0013062247143504715,True,10.906636177872919,False,0.34820684874050534,True,0.262035771347417,False,0.229061703465953,3
435531c96a24d75b,False,0.08958847559850378,False,0.0,False,3.895139878651031e-05,True,3.5024175150669072,False,0.08335086146278727,True,0.08376553346351855,True,0.6261215197644832,3
51a18d02c7c6e587,False,0.18639415779903518,True,1.0,False,0.0013062247143504715,True,2.5022501702831565,False,0.34820684874050534,True,0.08376553346351855,False,0.5008129359642991,3
333d4ad2334fa474,False,0.09349818179413664,False,0.0,False,3.895139878651031e-05,True,4.156168068371412,False,0.08335086146278727,True,0.09665253861175219,True,0.6216599625252344,3
384b6be6540fdc55,False,0.1708437191982139,True,0.2833333333333333,False,2.0501998117759093e-05,True,4.980048631460814,False,0.285009225899153,True,0.10401540031954554,False,0.38405371781829123,3
c0a9debff24c409a,False,0.16732758168071796,True,0.30612244897959184,False,2.0501998117759093e-05,True,3.97156929983166,False,0.2918459605930306,True,0.0882380614237529,True,0.6216599625252344,4
d8730d74142d945a,False,0.18881193723872908,True,0.3611111111111111,False,2.0501998117759093e-05,True,9.120201737181283,False,0.3083425592324863,True,0.14955330197053082,True,0.6248182843659388,4
62a874d0b403449c,False,0.11565318356938963,False,0.0,False,3.895139878651031e-05,True,8.427257581939344,False,0.08335086146278727,True,0.1696789011184094,False,0.16619400912159865,2
89fe1994a342a713,False,0.11044024197521245,False,0.0,False,3.895139878651031e-05,True,7.332466340269278,False,0.08335086146278727,True,0.15249622758743123,True,0.6248182843659388,3
0bd443680d8bc298,False,0.16972770641639245,True,0.3333333333333333,False,2.0501998117759093e-05,True,4.1535476027183735,False,0.300009225899153,True,0.0912255902716137,False,0.5365520594098857,3
f45b62f7e22ed194,False,0.22707981014492662,False,0.0,False,3.895139878651031e-05,True,44.83714130286958,False,0.08335086146278727,True,0.5369585478430676,False,0.16749724452014292,2
5118d86abab1c84e,False,0.1504489002214401,True,1.0,False,1.957464823193663e-05,True,4.715464580430822,False,0.3833421419250377,True,0.103096041185869,False,0.5014645536635712,3
e98db7bb226cdbaa,False,0.16834275538378696,True,0.32,False,2.0501998117759093e-05,True,4.052621734522102,False,0.296009225899153,True,0.08907775608024145,False,0.16163268522669363,3
9625036aa1b90fb6,False,0.23070416134954116,True,1.0,False,0.0013062247143504715,True,9.077612630144984,False,0.34820684874050534,True,0.22981825847683296,False,0.5456747071996959,3
4857789f48d884fb,False,0.19736537456903464,True,1.0,False,1.957464823193663e-05,True,15.646768835065908,False,0.3833421419250377,True,0.2577401029646725,True,0.6248182843659388,4
17effc0a335b0f0c,False,0.1870457754983073,True,1.0,False,0.0013062247143504715,True,2.578573513671305,False,0.34820684874050534,True,0.08591336765489083,False,0.5368039678068324,3
4cfe54014cfc790e,False,0.161918040217712,False,0.0,False,3.895139878651031e-05,True,20.52733578131375,False,0.08335086146278727,True,0.32217512870584064,True,0.6216599625252344,3
fccec98bb59716d3,False,0.1478424294243515,True,1.0,False,1.957464823193663e-05,True,4.24391812238774,False,0.3833421419250377,True,0.09450470442037992,False,0.49895784952213906,3
d5004a458d5a5de6,False,0.21805121462585977,True,0.31788079470198677,False,2.0501998117759093e-05,True,15.828215599476279,False,0.29537346430974903,True,0.253683428013492,False,0.229061703465953,3
d5261fa8638ea9f5,False,0.31020152066074297,True,1.0,False,0.0013062247143504715,True,27.923092828646496,False,0.34820684874050534,True,0.49185402982424997,True,0.6216599625252344,4
c2cba1d29e94ddde,False,0.14653919402580723,True,1.0,False,1.957464823193663e-05,True,4.013503375843961,False,0.3833421419250377,True,0.09020903603763537,False,0.16163268522669363,3
6d9d79c6cf09ae01,False,0.18639415779903518,True,1.0,False,0.0013062247143504715,True,2.5022501702831565,False,0.34820684874050534,True,0.08376553346351855,False,0.5370558762037789,3
4f7e7704a0dbabd3,False,0.1445843409279908,True,1.0,False,1.957464823193663e-05,True,3.6745793591254956,False,0.3833421419250377,True,0.08376553346351855,False,0.49765461412359474,3
8d384d5d5c2dfb69,False,0.1702421739884382,True,0.34,False,2.0501998117759093e-05,True,4.091589251200199,False,0.302009225899153,True,0.09169403515000889,True,0.6216599625252344,4
b2e7b5049005c23e,False,0.29552670879171195,True,1.0,False,0.1819721247169429,True,9.877268528580743,False,0.4374430116781799,True,0.2255225900940884,False,0.1635875383245101,3
9bfdda2a952d2f16,False,0.16824538497725405,True,0.37209302325581395,False,2.0501998117759093e-05,True,3.434986595174262,False,0.31163713287589717,True,0.07927547488017044,False,0.49765461412359474,3
bd08b5afd4100cdf,False,0.2404784268386233,True,1.0,False,0.0013062247143504715,True,10.906636177872919,False,0.34820684874050534,True,0.262035771347417,False,0.17010371531723154,3
f94aaa0eb0938b1a,False,0.18900062859612374,True,1.0,False,0.0013062247143504715,True,2.8111924686192467,False,0.34820684874050534,True,0.09235687022900764,False,0.12531293813675118,3
49e60a26428108d0,False,0.18416753491303167,True,0.35294117647058826,False,2.0501998117759093e-05,True,7.320048007980548,False,0.30589157884032947,True,0.13547288301082905,False,0.22775846806740874,3
d38965440f88d744,False,0.28249435480626905,True,1.0,False,0.1819721247169429,True,7.418563899152358,False,0.4374430116781799,True,0.18256590626664299,False,0.383402100119019,3
749b3152bc4c62b7,False,0.1775568650002435,False,0.0,False,3.895139878651031e-05,True,25.586495308037534,False,0.08335086146278727,True,0.3737231492987751,False,0.0648270030261622,2
f130aa9acbd20355,False,0.45703490013677156,True,1.0,False,0.46628525687103,True,8.932994323038818,False,0.5514950322586302,True,0.24485309781643885,True,0.6216599625252344,4
970d2a69e69e0222,False,0.23396224984590186,True,1.0,False,0.0013062247143504715,True,9.672083292789726,False,0.34820684874050534,True,0.24055742943369432,False,0.22841008576668087,3
c657e99ca35a3b1c,False,0.22058635618078212,True,0.3157894736842105,False,2.0501998117759093e-05,True,16.288421971444603,False,0.29474606800441616,True,0.2623719598792828,True,0.6216599625252344,4
f289674768fa65af,False,0.23852357374080688,True,1.0,False,0.0013062247143504715,True,10.52988469397684,False,0.34820684874050534,True,0.2555922687733002,True,0.6248182843659388,4
2920154d4fff0c95,False,0.18639415779903518,True,1.0,False,0.0013062247143504715,True,2.5022501702831565,False,0.34820684874050534,True,0.08376553346351855,True,0.6223115802245066,4
3e42409a5a302ce8,False,0.18574254009976304,True,1.0,False,0.0013062247143504715,True,2.4265349810255907,False,0.34820684874050534,True,0.0816176992721463,True,0.6216599625252344,4
5e5220eb2a7fab00,False,0.30238210826947726,True,1.0,False,0.0013062247143504715,True,25.668057312445264,False,0.34820684874050534,True,0.4660800195277828,False,0.22775846806740874,3
3c0317bf2ed55193,False,0.16857227192322718,True,0.3333333333333333,False,2.0501998117759093e-05,True,3.890516865141218,False,0.300009225899153,True,0.08739836676726434,False,0.49765461412359474,3
80ab367f5e79b072,False,0.1870457754983073,True,1.0,False,0.0013062247143504715,True,2.578573513671305,False,0.34820684874050534,True,0.08591336765489083,True,0.6248182843659388,4
2c1342e255ddaa7c,False,0.23526548524444618,True,1.0,False,0.0013062247143504715,True,9.9141286367617,False,0.34820684874050534,True,0.24485309781643885,True,0.6605574078115255,4
1ad43b276f1b492d,False,0.2890105317989905,True,1.0,False,0.1819721247169429,True,8.613956205172789,False,0.4374430116781799,True,0.2040442481803657,False,0.5008129359642991,3
41fcef1e2c990c20,False,0.23526548524444618,True,1.0,False,0.0013062247143504715,True,9.9141286367617,False,0.34820684874050534,True,0.24485309781643885,True,0.6618606432100698,4
19749d53077fd0a7,False,0.19410728607267386,True,1.0,False,1.957464823193663e-05,True,14.73805951487872,False,0.3833421419250377,True,0.2470009320078111,True,0.6248182843659388,4
34aeb55c3d38743d,False,0.1876973931975795,True,1.0,False,0.0013062247143504715,True,2.655505011190036,False,0.34820684874050534,True,0.08806120184626309,False,0.38405371781829123,3
a11c2863198aa93b,False,0.35417230172620506,True,1.0,False,0.1819721247169429,True,24.303480221690933,False,0.4374430116781799,True,0.4188276673175928,False,0.0674334738232508,3
bd14af00f41da381,False,0.35938524332038235,True,1.0,False,0.1819721247169429,True,25.852056618126493,False,0.4374430116781799,True,0.43601034084857093,False,0.24795861674484526,3
7104f16691a5d5bd,False,0.2309895163405595,False,0.0,False,3.895139878651031e-05,True,46.566027471780224,False,0.08335086146278727,True,0.5498455529913013,True,0.6248182843659388,3
9ab412be63f4a9ee,False,0.17178678353809557,True,0.3559322033898305,False,2.0501998117759093e-05,True,4.736111977055925,False,0.3067888869161022,True,0.09401872891887095,False,0.537203677109158,3
0d7619ef3e57cb35,False,0.1729955411053385,False,0.0,False,3.895139878651031e-05,True,24.06033251733986,False,0.08335086146278727,True,0.3586883099591692,False,0.5008129359642991,2
1c190318372b2dbe,False,0.3889615215526241,True,0.3401709401709402,False,2.0501998117759093e-05,True,95.74318847808466,False,0.30206050795043504,True,0.8156399786969644,False,0.251216705241206,3
01056645f130ef71,False,0.1744467204913353,True,0.3442622950819672,False,2.0501998117759093e-05,True,5.063049441985162,False,0.30328791442374314,True,0.1048550949760341,True,0.6612090255107976,4
08ec7aa12f5a9d83,False,0.20322993386248397,True,1.0,False,1.957464823193663e-05,True,17.338709677419356,False,0.3833421419250377,True,0.27707061068702293,True,0.6248182843659388,4
9661609533bdfcb4,False,0.40014424305575214,True,0.3258426966292135,False,2.0501998117759093e-05,True,103.41900991333624,False,0.2977620348879171,True,0.8553972128528315,False,0.27295302768460356,3
32a33cca94733276,False,0.2935718556938955,True,1.0,False,0.1819721247169429,True,9.491143229732666,False,0.4374430116781799,True,0.21907908751997163,True,0.6216599625252344,4
740db4f85bc8066f,False,0.18238550474342788,True,0.42857142857142855,False,2.0501998117759093e-05,True,5.400897811584264,False,0.3285806544705816,True,0.11569146103319725,False,0.383402100119019,3
1398bbeb17e695a1,False,0.25251994063975025,True,1.0,False,0.1819721247169429,True,2.7945691154096934,False,0.4374430116781799,True,0.08376553346351855,False,0.5008129359642991,3
e33475a06a60c7f8,False,0.09545303489195309,False,0.0,False,3.895139878651031e-05,True,4.48796409628723,False,0.08335086146278727,True,0.103096041185869,False,0.22841008576668087,2
ec00257b27932151,False,0.19030386399466806,True,1.0,False,0.0013062247143504715,True,2.969312542570789,False,0.34820684874050534,True,0.09665253861175219,True,0.6216599625252344,4
efe94d049572c238,False,0.2981331795888005,True,1.0,False,0.1819721247169429,True,10.401611062812432,False,0.4374430116781799,True,0.2341139268595775,True,0.6248182843659388,4
47042025abe88cbf,False,0.2959837207466574,True,0.34293948126801155,False,2.0501998117759093e-05,True,45.56822432820001,False,0.3028910702795565,True,0.5072170690573408,False,0.383402100119019,3
6b923a0c168e488b,False,0.1999718453661232,True,1.0,False,1.957464823193663e-05,True,16.389811738648948,False,0.3833421419250377,True,0.26633143973016155,True,0.6248182843659388,4
9a2845d35028b968,False,0.2922686202953513,True,1.0,False,0.1819721247169429,True,9.237122364703326,False,0.4374430116781799,True,0.2147834191372271,True,0.6605574078115255,4
7787642c9b00671b,False,0.19475890377194605,True,1.0,False,1.957464823193663e-05,True,14.918015218090236,False,0.3833421419250377,True,0.2491487661991834,False,0.5378552948084301,3
cb7d67388749b3b5,False,0.35417230172620506,True,1.0,False,0.1819721247169429,True,24.303480221690933,False,0.4374430116781799,True,0.4188276673175928,True,0.6248182843659388,4
d201c023f52bc1c3,False,0.30238210826947726,True,1.0,False,0.0013062247143504715,True,25.668057312445264,False,0.34820684874050534,True,0.4660800195277828,False,0.49765461412359474,3
265c28c7520c434f,False,0.21992532688123026,True,0.3137254901960784,False,2.0501998117759093e-05,True,16.276342041274397,False,0.2941268729579765,True,0.260595375466004,False,0.49765461412359474,3
d9433ab1ef0a2903,False,0.25382317603829463,True,1.0,False,0.1819721247169429,True,2.9657275592262553,False,0.4374430116781799,True,0.08806120184626309,False,0.38405371781829123,3
0d94c52d6b7aa932,False,0.09284656409486451,False,0.0,False,3.895139878651031e-05,True,4.039167686658507,False,0.08335086146278727,True,0.09450470442037992,True,0.6216599625252344,3
ec5d9eb826b6271f,False,0.2909653848968069,True,1.0,False,0.1819721247169429,True,8.985818300369484,False,0.4374430116781799,True,0.21048775075448253,False,0.537203677109158,3
d673ea2307885c33,False,0.15110051792071227,True,1.0,False,1.957464823193663e-05,True,4.850485541262049,False,0.3833421419250377,True,0.10524387537724127,False,0.22841008576668087,3
99ac6b2ff8b860b0,False,0.2890105317989905,True,1.0,False,0.1819721247169429,True,8.613956205172789,False,0.4374430116781799,True,0.2040442481803657,False,0.5014645536635712,3
b49119c13665cce9,False,0.3587336256211101,True,1.0,False,0.1819721247169429,True,25.65610736796349,False,0.4374430116781799,True,0.4338625066571987,True,0.6248182843659388,4
444d4bc366976068,False,0.2851008256033576,True,1.0,False,0.1819721247169429,True,7.888570419474028,False,0.4374430116781799,True,0.1911572430321321,True,0.6216599625252344,4
757155a934f5b7dc,False,0.1909554816939402,True,1.0,False,0.0013062247143504715,True,3.0492848107424346,False,0.34820684874050534,True,0.09880037280312445,False,0.1250358099498264,3
cb760f4a09447a8f,False,0.25926905599988853,True,1.0,False,1.957464823193663e-05,True,37.154377880184335,False,0.3833421419250377,True,0.4617843511450382,True,0.6216599625252344,4
ffcf7b7269b035e3,False,0.17952338306624643,True,0.3411764705882353,False,2.0501998117759093e-05,True,6.9794682606394565,False,0.3023621670756236,True,0.12239148766199183,True,0.6248182843659388,4
4b5cddf390319edb,False,0.2274460728531804,True,1.0,False,0.0013062247143504715,True,8.498345820764815,False,0.34820684874050534,True,0.21907908751997163,False,0.5008129359642991,3
8671ca92de2cc639,False,0.2877072964004461,True,1.0,False,0.1819721247169429,True,8.3694441425777,False,0.4374430116781799,True,0.19974857979762117,False,0.5378552948084301,3
4b9cb97d6c92c396,False,0.18900062859612374,True,1.0,False,0.0013062247143504715,True,2.8111924686192467,False,0.34820684874050534,True,0.09235687022900764,True,0.6216599625252344,4
d622539aadbdefcc,False,0.26448199759406565,True,1.0,False,1.957464823193663e-05,True,39.33349408780767,False,0.3833421419250377,True,0.4789670246760164,True,0.6223115802245066,4
0b7727cded33f0f6,False,0.18834901089685163,True,1.0,False,0.0013062247143504715,True,2.7330446628393497,False,0.34820684874050534,True,0.09020903603763537,False,0.23231979196231375,3
d91455e75ff999b6,False,0.23135577904881327,True,1.0,False,0.0013062247143504715,True,9.195290454412767,False,0.34820684874050534,True,0.23196609266820523,False,0.16228430292596577,3
47deeed507786d18,False,0.22382172164856592,False,0.0,False,3.895139878651031e-05,True,43.41977764177887,False,0.08335086146278727,True,0.5262193768862063,False,0.5008129359642991,2
018a76962705dd37,False,0.19669827401180476,True,0.37606837606837606,False,2.0501998117759093e-05,True,10.440566743562567,False,0.3128297387196658,True,0.1728082282975324,False,0.06547862072543435,3
ead610af2d943b96,False,0.165005204345264,True,0.3090909090909091,False,2.0501998117759093e-05,True,4.254969992498125,False,0.2927364986264257,True,0.08019483401384697,False,0.383402100119019,3
ee1b864a704f7369,False,0.2984724020738444,True,1.0,False,0.0013062247143504715,True,24.573379877396125,False,0.34820684874050534,True,0.45319301437954906,False,0.49830623182286693,3
7b6740531b41e33e,False,0.21976093693299106,True,0.3333333333333333,False,2.0501998117759093e-05,True,16.291539372778853,False,0.300009225899153,True,0.25657376176105096,False,0.16163268522669363,3
f0040bd7d3375fef,False,0.1688497399626354,True,0.32653061224489793,False,2.0501998117759093e-05,True,3.9906633830039278,False,0.2979684095726224,True,0.08954620095863661,True,0.6216599625252344,4
fcad5c8d2d1b819a,False,0.28966214949826263,True,1.0,False,0.1819721247169429,True,8.737231036731146,False,0.4374430116781799,True,0.206192082371738,True,0.6605574078115255,4
a8faccc412d618f4,False,0.23396224984590186,True,1.0,False,0.0013062247143504715,True,9.672083292789726,False,0.34820684874050534,True,0.24055742943369432,True,0.6223115802245066,4
85f86af669d48f90,False,0.3069434321643823,True,1.0,False,0.0013062247143504715,True,26.972851999610782,False,0.34820684874050534,True,0.48111485886738864,False,0.22841008576668087,3
6ed62e6193bc3040,False,0.3095367464419149,True,0.34782608695652173,False,2.0501998117759093e-05,True,51.19396471101689,False,0.3043570519861095,True,0.5510134475412747,False,0.2499134698426617,3
8490cc87ffd7df90,False,0.14849404712362366,True,1.0,False,1.957464823193663e-05,True,4.36046511627907,False,0.3833421419250377,True,0.09665253861175219,True,0.6248182843659388,4
c27db25ce54c22b5,False,0.1952557318282172,True,0.319672131147541,False,2.0501998117759093e-05,True,10.934285179874056,False,0.2959108652434153,True,0.17831484111485887,True,0.6612090255107976,4
59a7eb8059280265,False,0.17048103925539723,True,0.4146341463414634,False,2.0501998117759093e-05,True,3.291196458632084,False,0.324399469801592,True,0.07890422510207705,False,0.5365520594098857,3
febbbb49a55775b1,False,0.15979926637063038,True,0.3111111111111111,False,2.0501998117759093e-05,True,3.3582614403600903,False,0.2933425592324863,True,0.06264091070477544,False,0.16880047991868724,3
b4e0b199b0141562,False,0.18965224629539593,True,1.0,False,0.0013062247143504715,True,2.8899484285297263,False,0.34820684874050534,True,0.09450470442037992,False,0.2342746450601302,3
409f6f665cc32738,False,0.18522222259766757,True,0.3263157894736842,False,2.0501998117759093e-05,True,8.181230126566494,False,0.2979039627412583,True,0.14386982957571454,False,0.537203677109158,3
71041ceeac8e055f,False,0.28966214949826263,True,1.0,False,0.1819721247169429,True,8.737231036731146,False,0.4374430116781799,True,0.206192082371738,True,0.6612090255107976,4
c25e25d519cf7fee,False,0.2877072964004461,True,1.0,False,0.1819721247169429,True,8.3694441425777,False,0.4374430116781799,True,0.19974857979762117,True,0.6618606432100698,4
63c9bcc3f1570df4,False,0.2326590144473576,True,1.0,False,0.0013062247143504715,True,9.432470565340079,False,0.34820684874050534,True,0.23626176105094976,True,0.6248182843659388,4
ea23e225b75b0313,False,0.18639415779903518,True,1.0,False,0.0013062247143504715,True,2.5022501702831565,False,0.34820684874050534,True,0.08376553346351855,True,0.6248182843659388,4
939f964afacaca90,False,0.4557316647382273,True,1.0,False,0.46628525687103,True,8.71490257107161,False,0.5514950322586302,True,0.24055742943369432,True,0.6248182843659388,4
dc1cf62e6e94708a,False,0.09480141719268094,False,0.0,False,3.895139878651031e-05,True,4.380894821069836,False,0.08335086146278727,True,0.10094820699449672,True,0.6216599625252344,3
af37d4d69fd7d015,False,0.2837975902048133,True,1.0,False,0.1819721247169429,True,7.6522087589654415,False,0.4374430116781799,True,0.18686157464938755,True,0.6216599625252344,4
b34302fee1684bb1,False,0.1770734720459264,True,0.3493975903614458,False,2.0501998117759093e-05,True,6.648146411602901,False,0.30482850300758674,True,0.11286326113971243,False,0.5008129359642991,3
7c0693e04c558e63,False,0.2890105317989905,True,1.0,False,0.1819721247169429,True,8.613956205172789,False,0.4374430116781799,True,0.2040442481803657,False,0.22775846806740874,3
8e5d1ff2953544fe,False,0.1787408976882901,True,0.35443037974683544,False,2.0501998117759093e-05,True,6.486799912829612,False,0.30633833982320363,True,0.11735331972306054,False,0.383402100119019,3
f4bde60e9c0a9ea8,False,0.14914566482289582,True,1.0,False,1.957464823193663e-05,True,4.4779051905833605,False,0.3833421419250377,True,0.09880037280312445,False,0.06547862072543435,3
254866c58ce013eb,False,0.17407639028252928,True,0.38461538461538464,False,2.0501998117759093e-05,True,5.16709271151568,False,0.3153938412837684,True,0.0964406177880348,False,0.0843755340043266,3
4c3bc72cf61eee06,False,0.11044024197521245,False,0.0,False,3.895139878651031e-05,True,7.332466340269278,False,0.08335086146278727,True,0.15249622758743123,False,0.383402100119019,2
d9bf7427d46b9040,False,0.28705567870117404,True,1.0,False,0.1819721247169429,True,8.248206911540969,False,0.4374430116781799,True,0.1976007456062489,False,0.49895784952213906,3
21b834da31a44d01,False,0.29161700259607903,True,1.0,False,0.1819721247169429,True,9.111130732449467,False,0.4374430116781799,True,0.21263558494585477,True,0.6216599625252344,4
3cb8e25f1e9211c6,False,0.2359171029437183,True,1.0,False,0.0013062247143504715,True,10.036063539943562,False,0.34820684874050534,True,0.2470009320078111,True,0.6216599625252344,4
de87665367a2b6c2,False,0.234613867545174,True,1.0,False,0.0013062247143504715,True,9.79280188771042,False,0.34820684874050534,True,0.24270526362506656,True,0.6216599625252344,4
55e25390138dc623,False,0.16356052543961688,True,0.24489795918367346,False,2.0501998117759093e-05,True,3.9524752166593924,False,0.273478613654255,True,0.08692992188886917,False,0.1635875383245101,3
4330d121c856340b,False,0.09219494639559236,False,0.0,False,3.895139878651031e-05,True,3.9348462664714496,False,0.08335086146278727,True,0.09235687022900764,False,0.22841008576668087,2
4e222580e0f7a6b8,False,0.23396224984590186,True,1.0,False,0.0013062247143504715,True,9.672083292789726,False,0.34820684874050534,True,0.24055742943369432,False,0.23622949815794664,3
750aca7124f3c40b,False,0.23656872064299042,True,1.0,False,0.0013062247143504715,True,10.158606597256007,False,0.34820684874050534,True,0.2491487661991834,False,0.17075533301650367,3
07f3f8fb0442bd12,False,0.18639415779903518,True,1.0,False,0.0013062247143504715,True,2.5022501702831565,False,0.34820684874050534,True,0.08376553346351855,True,0.6601576985091998,4
59aedb85463f5af4,False,0.37171707333556897,True,0.36007462686567165,False,2.0501998117759093e-05,True,84.59068520481328,False,0.3080316139588545,True,0.7548728475057696,False,0.49765461412359474,3
22f7ca722629e2c7,False,0.22223313125900324,True,1.0,False,0.0013062247143504715,True,7.603142940546852,False,0.34820684874050534,True,0.20189641398899344,True,0.6248182843659388,4
210dc2e782ce6534,False,0.09284656409486451,False,0.0,False,3.895139878651031e-05,True,4.039167686658507,False,0.08335086146278727,True,0.09450470442037992,False,0.383402100119019,2
1d0cdf54c289290f,False,0.2326590144473576,True,1.0,False,0.0013062247143504715,True,9.432470565340079,False,0.34820684874050534,True,0.23626176105094976,False,0.383402100119019,3
025d748256a6347e,False,0.18965224629539593,True,1.0,False,0.0013062247143504715,True,2.8899484285297263,False,0.34820684874050534,True,0.09450470442037992,True,0.6612090255107976,4
66e9fe0ad7ab9685,False,0.2935718556938955,True,1.0,False,0.1819721247169429,True,9.491143229732666,False,0.4374430116781799,True,0.21907908751997163,False,0.383402100119019,3
62675f7f509bc627,False,0.31077163283215664,True,0.3333333333333333,False,2.0501998117759093e-05,True,52.67161294345034,False,0.300009225899153,True,0.557907864370673,False,0.5448752885950446,3
1014ee8f64ca04ec,False,0.16713098181188915,False,0.0,False,3.895139878651031e-05,True,22.159322725418196,False,0.08335086146278727,True,0.3393578022368188,False,0.5377074939030511,2
07328633e416da56,False,0.17242096361790002,True,0.3793103448275862,False,2.0501998117759093e-05,True,4.627035272874443,False,0.31380232934742885,True,0.09187089472749868,False,0.1224293391527378,3
236beb0ae491c676,False,0.17912146492281297,True,0.2916666666666667,False,2.0501998117759093e-05,True,6.312737701851737,False,0.287509225899153,True,0.1297894106160128,False,0.5374555855061045,3
272709d97d70f87a,False,0.25317155833902244,True,1.0,False,0.1819721247169429,True,2.879808737231037,False,0.4374430116781799,True,0.08591336765489083,False,0.5014645536635712,3
77675054447de0e7,False,0.15110051792071227,True,1.0,False,1.957464823193663e-05,True,4.835583895973993,False,0.3833421419250377,True,0.10524387537724127,False,0.2297133211652252,3
2c3ab647caa1215c,False,0.22400645113948092,True,0.34591194968553457,False,2.0501998117759093e-05,True,17.03854666749797,False,0.3037828108048134,True,0.26824982247470264,False,0.22775846806740874,3
61de080f7a72632f,False,0.22447333934783803,False,0.0,False,3.895139878651031e-05,True,43.701550387596896,False,0.08335086146278727,True,0.5283672110775786,True,0.669931963998282,3
9a34b24908a2e282,False,0.19265086385174365,True,0.32727272727272727,False,2.0501998117759093e-05,True,9.858781719558575,False,0.2981910440809712,True,0.1682385052369963,False,0.5381072032053766,3
e8de81867fec6836,False,0.11434994817084533,False,0.0,False,3.895139878651031e-05,True,8.148459812321502,False,0.08335086146278727,True,0.16538323273566485,False,0.5368039678068324,2
e4cf54dbc3cdf299,False,0.2221320090488077,True,0.3271604938271605,False,2.0501998117759093e-05,True,17.107519172018208,False,0.29815737404730114,True,0.2655363483046334,True,0.625469902065211,4
0f84d4e97b6e5aa6,False,0.19370800498872043,True,0.32786885245901637,False,2.0501998117759093e-05,True,10.682263939478846,False,0.2983698816368579,True,0.17177414344044029,False,0.383402100119019,3
73e0a1077aae63f6,False,0.1182596543664782,False,0.0,False,3.895139878651031e-05,True,8.995053039575684,False,0.08335086146278727,True,0.17827023788389845,True,0.6248182843659388,3
5e258fa8c2710ec8,False,0.3433277392059954,True,1.0,False,1.957464823193663e-05,True,79.26267281105991,False,0.3833421419250377,True,0.7388549618320611,True,0.6605574078115255,4
3eda75dd3fd8193e,False,0.2664368506918821,True,1.0,False,1.957464823193663e-05,True,40.16539849248026,False,0.3833421419250377,True,0.4854105272501331,True,0.6216599625252344,4
4435072886c94aa8,False,0.23331063214662973,True,1.0,False,0.0013062247143504715,True,9.55197285199961,False,0.34820684874050534,True,0.23840959524232205,False,0.16684562682087078,3
6feb3744c86fcddb,False,0.18834901089685163,True,1.0,False,0.0013062247143504715,True,2.7330446628393497,False,0.34820684874050534,True,0.09020903603763537,False,0.49765461412359474,3
0ee90c9aa518812d,False,0.16236139753264014,True,0.24489795918367346,False,2.0501998117759093e-05,True,3.89519296714259,False,0.273478613654255,True,0.083005503284218,False,0.22775846806740874,3
14c797bb9f73e45f,False,0.18965224629539593,True,1.0,False,0.0013062247143504715,True,2.8899484285297263,False,0.34820684874050534,True,0.09450470442037992,True,0.6248182843659388,4
23ff66bccc190bf8,False,0.18635786601930562,True,0.345679012345679,False,2.0501998117759093e-05,True,7.259648357129497,False,0.3037129296028567,True,0.14388736019882833,False,0.49830623182286693,3
c5b5bde41579f813,False,0.1876973931975795,True,1.0,False,0.0013062247143504715,True,2.655505011190036,False,0.34820684874050534,True,0.08806120184626309,False,0.383402100119019,3
0a6d6208603728dd,False,0.1504489002214401,True,1.0,False,1.957464823193663e-05,True,4.715464580430822,False,0.3833421419250377,True,0.103096041185869,True,0.6601576985091998,4
94b6ac832ea1d42c,False,0.1876973931975795,True,1.0,False,0.0013062247143504715,True,2.655505011190036,False,0.34820684874050534,True,0.08806120184626309,True,0.6216599625252344,4
e869d9adcb5cdf37,False,0.22614283745463615,True,1.0,False,0.0013062247143504715,True,8.270896175926827,False,0.34820684874050534,True,0.2147834191372271,False,0.5390107293015953,3
78a056287cab4d7a,False,0.23331063214662973,True,1.0,False,0.0013062247143504715,True,9.55197285199961,False,0.34820684874050534,True,0.23840959524232205,False,0.383402100119019,3
f8c63ef0ad84e779,False,0.19291033479175665,True,1.0,False,0.0013062247143504715,True,3.292850540040868,False,0.34820684874050534,True,0.10524387537724127,True,0.6248182843659388,4
dea25b21d4a3f142,False,0.25447479373756676,True,1.0,False,0.1819721247169429,True,3.0523255813953485,False,0.4374430116781799,True,0.09020903603763537,True,0.6216599625252344,4
cfd3c60fdb66f005,False,0.18900062859612374,True,1.0,False,0.0013062247143504715,True,2.8111924686192467,False,0.34820684874050534,True,0.09235687022900764,False,0.383402100119019,3
a41037b2d482b57b,False,0.17974526386436296,True,0.3253012048192771,False,2.0501998117759093e-05,True,6.9537533512064345,False,0.29759958734493613,True,0.12594465648854963,True,0.6612090255107976,4
d58c3a0652610662,False,0.18107493208723094,True,1.0,False,1.957464823193663e-05,True,11.326492337370057,False,0.3833421419250377,True,0.2040442481803657,False,0.10737932167966069,3
60d47367517a5a62,False,0.22940092595099684,True,1.0,False,0.0013062247143504715,True,8.844081444001167,False,0.34820684874050534,True,0.2255225900940884,False,0.38470533551756336,3
f9d5283f6534f160,False,0.166727412233405,True,0.22033898305084745,False,2.0501998117759093e-05,True,4.87405698609639,False,0.26611092081440724,True,0.10186756612817327,True,0.6216599625252344,4
c30b3b741db499ae,False,0.16525484588072129,True,0.2692307692307692,False,2.0501998117759093e-05,True,4.174200386557765,False,0.28077845666838375,True,0.0881408663234511,True,0.6223115802245066,4
c7cd3b1fd1524f85,False,0.1766092040536153,True,0.37142857142857144,False,2.0501998117759093e-05,True,5.693315899255938,False,0.3114377973277244,True,0.10717978874489614,True,0.6248182843659388,4
c343797fefb52184,False,0.3071854270075677,True,0.35405405405405405,False,2.0501998117759093e-05,True,50.31875428642684,False,0.30622544211536923,True,0.542227720575182,False,0.383402100119019,3
b957122507d551c7,False,0.17275162425176735,True,0.4666666666666667,False,2.0501998117759093e-05,True,3.5374054356962734,False,0.340009225899153,True,0.07703044558849637,True,0.6248182843659388,4
0075bb92efd32195,False,0.29031376719753477,True,1.0,False,0.1819721247169429,True,8.861185068463378,False,0.4374430116781799,True,0.20833991656311024,False,0.383402100119019,3
6b0bff4f691511da,False,0.25317155833902244,True,1.0,False,0.1819721247169429,True,2.8865530199880185,False,0.4374430116781799,True,0.08591336765489083,False,0.5394104386039209,3
78c7835cabe2a424,False,0.21561733843292413,True,0.27631578947368424,False,2.0501998117759093e-05,True,15.873807593989651,False,0.2829039627412583,True,0.25321498313509677,True,0.6216599625252344,4
e7b53a0abee530b5,False,0.17163886610039744,True,0.3333333333333333,False,2.0501998117759093e-05,True,4.664411746368227,False,0.300009225899153,True,0.09757189774542874,False,0.49765461412359474,3
9d17e7b97f8c8dc6,False,0.16988602264986258,True,0.37254901960784315,False,2.0501998117759093e-05,True,4.054180435189226,False,0.3117739317815059,True,0.08468489259719511,True,0.6216599625252344,4
477ed62913779ccb,False,0.18291465534828194,True,0.38372093023255816,False,2.0501998117759093e-05,True,7.138069705093834,False,0.31512550496892044,True,0.12584746138824784,False,0.06678185612397866,3
fdb58ef9a852cbdf,False,0.26708846839115424,True,1.0,False,1.957464823193663e-05,True,40.44448612153039,False,0.3833421419250377,True,0.48755836144150544,False,0.5426685271002817,3
5c81ea6efb0368ff,False,0.19225871709248452,True,1.0,False,0.0013062247143504715,True,3.211053809477474,False,0.34820684874050534,True,0.103096041185869,True,0.6216599625252344,4
8959232792ca88b1,False,0.2677400860904264,True,1.0,False,1.957464823193663e-05,True,40.72446683099346,False,0.3833421419250377,True,0.4897061956328777,False,0.38470533551756336,3
bad75f8936100621,False,0.11174347737375673,False,0.0,False,3.895139878651031e-05,True,7.601064191486468,False,0.08335086146278727,True,0.15679189597017573,False,0.383402100119019,2
76fe4b465499b07c,False,0.2359171029437183,True,1.0,False,0.0013062247143504715,True,10.036063539943562,False,0.34820684874050534,True,0.2470009320078111,False,0.2297133211652252,3
87e639f5c9ed4c90,False,0.3509142132298443,True,1.0,False,0.1819721247169429,True,23.35769397956966,False,0.4374430116781799,True,0.4080884963607314,True,0.6601576985091998,4
edab001865ad7fc8,False,0.22483960205609183,True,1.0,False,0.0013062247143504715,True,8.04587914761117,False,0.34820684874050534,True,0.21048775075448253,False,0.0648270030261622,3
6f2921884359553c,False,0.1766700920605134,True,0.3181818181818182,False,2.0501998117759093e-05,True,5.632364860652161,False,0.29546377135369845,True,0.11690240546777916,True,0.6216599625252344,4
c9729f40e5f3069d,False,0.16647936411261705,False,0.0,False,3.895139878651031e-05,True,21.95234938120495,False,0.08335086146278727,True,0.33720996804544645,True,0.6216599625252344,3
d34ee4c2c0f1cec7,False,0.22809769055245252,True,1.0,False,0.0013062247143504715,True,8.612982874379682,False,0.34820684874050534,True,0.22122692171134387,True,0.6638154963078862,4
cb94e7d7e1f7d083,False,0.36134009641819864,True,1.0,False,0.1819721247169429,True,26.44397956965877,False,0.4374430116781799,True,0.44245384342268773,False,0.5008129359642991,3
13ce6a2916d974d1,False,0.18639415779903518,True,1.0,False,0.0013062247143504715,True,2.5022501702831565,False,0.34820684874050534,True,0.08376553346351855,False,0.0648270030261622,3
59a8881b96fb5ada,False,0.3457012716356672,True,1.0,False,0.1819721247169429,True,21.879754401217127,False,0.4374430116781799,True,0.3909058228297533,True,0.6248182843659388,4
1006c10b490212e1,False,0.18900062859612374,True,1.0,False,0.0013062247143504715,True,2.8111924686192467,False,0.34820684874050534,True,0.09235687022900764,False,0.5378552948084301,3
a79778948941b933,False,0.28835891409971837,True,1.0,False,0.1819721247169429,True,8.491360573788306,False,0.4374430116781799,True,0.20189641398899344,True,0.6248182843659388,4
3e20939de73aa357,False,0.2919562250811229,True,1.0,False,0.0013062247143504715,True,22.79756981609419,False,0.34820684874050534,True,0.4317146724658264,False,0.5008129359642991,3
c7991651448fa26d,False,0.23396224984590186,True,1.0,False,0.0013062247143504715,True,9.672083292789726,False,0.34820684874050534,True,0.24055742943369432,True,0.6216599625252344,4
00936b6b636bc015,False,0.1719829115356021,True,0.25396825396825395,False,2.0501998117759093e-05,True,5.351798740569861,False,0.2761997020896292,True,0.11307518196342978,False,0.38470533551756336,3
93b596c3aa0ea50a,False,0.2890105317989905,True,1.0,False,0.1819721247169429,True,8.613956205172789,False,0.4374430116781799,True,0.2040442481803657,True,0.6216599625252344,4
2e3f468c9e105a2b,False,0.22614283745463615,True,1.0,False,0.0013062247143504715,True,8.270896175926827,False,0.34820684874050534,True,0.2147834191372271,True,0.6618606432100698,4
7ae83086e8564f38,False,0.22614283745463615,True,1.0,False,0.0013062247143504715,True,8.270896175926827,False,0.34820684874050534,True,0.2147834191372271,True,0.625469902065211,4
53b16c30a7f9d314,False,0.09545303489195309,False,0.0,False,3.895139878651031e-05,True,4.4945350539684705,False,0.08335086146278727,True,0.103096041185869,True,0.6216599625252344,3
3565b8aaa8bf8450,False,0.4020105076229737,True,0.34206219312602293,False,2.0501998117759093e-05,True,103.80790572978366,False,0.3026278838369599,True,0.8584022723238063,False,0.5430682364026073,3
8e660c45b5627730,False,0.09414979949340879,False,0.0,False,3.895139878651031e-05,True,4.268105825870816,False,0.08335086146278727,True,0.09880037280312445,False,0.5422688177979561,2
007ab83162e57b3e,False,0.18639415779903518,True,1.0,False,0.0013062247143504715,True,2.5022501702831565,False,0.34820684874050534,True,0.08376553346351855,True,0.6223115802245066,4
f17ab7314f600b11,False,0.18889434447849673,True,1.0,False,1.957464823193663e-05,True,13.330564784053156,False,0.3833421419250377,True,0.22981825847683296,False,0.5008129359642991,3
9d8a4262ca9cfd4f,False,0.29552670879171195,True,1.0,False,0.1819721247169429,True,9.877268528580743,False,0.4374430116781799,True,0.2255225900940884,True,0.6248182843659388,4
069dc362cc83fb7a,False,0.16843421721043345,False,0.0,False,3.895139878651031e-05,True,22.575819393444853,False,0.08335086146278727,True,0.3436534706195633,False,0.5008129359642991,2
1f9c5109c2d9af59,False,0.28705567870117404,True,1.0,False,0.1819721247169429,True,8.248206911540969,False,0.4374430116781799,True,0.1976007456062489,True,0.6248182843659388,4
eba78261a974dc47,False,0.28835891409971837,True,1.0,False,0.1819721247169429,True,8.491360573788306,False,0.4374430116781799,True,0.20189641398899344,False,0.2297133211652252,3
a9a0cc1d70da7a20,False,0.27164979228605923,True,1.0,False,1.957464823193663e-05,True,42.4231057764441,False,0.3833421419250377,True,0.5025932007811112,True,0.6216599625252344,4
aa95f6825f45d357,False,0.2890105317989905,True,1.0,False,0.1819721247169429,True,8.613956205172789,False,0.4374430116781799,True,0.2040442481803657,True,0.6612090255107976,4
2e24d3ebbfd39352,False,0.14523595862726293,True,1.0,False,1.957464823193663e-05,True,3.786660950952024,False,0.3833421419250377,True,0.08591336765489083,True,0.6223115802245066,4
749dcca641c13156,False,0.2211964388001212,True,0.34868421052631576,False,2.0501998117759093e-05,True,16.110730095392483,False,0.30461448905704774,True,0.25844754127463165,False,0.38405371781829123,3
d2acdf0d788ab530,False,0.23787195604153474,True,1.0,False,0.0013062247143504715,True,10.405517174272646,False,0.34820684874050534,True,0.25344443458192795,False,0.383402100119019,3
bf6cbe15411a3e81,False,0.0915433286963202,False,0.0,False,3.895139878651031e-05,True,3.825462222070891,False,0.08335086146278727,True,0.09020903603763537,False,0.38470533551756336,2
bc9c853b1e75c157,False,0.3368115622132739,True,1.0,False,1.957464823193663e-05,True,75.46708105597828,False,0.3833421419250377,True,0.7173766199183385,False,0.537203677109158,3
53fa109b722d8860,False,0.20039364818809494,True,0.3333333333333333,False,2.0501998117759093e-05,True,12.565377790230688,False,0.300009225899153,True,0.1929609000532576,True,0.6248182843659388,4
08ae699d954c689d,False,0.08958847559850378,False,0.0,False,3.895139878651031e-05,True,3.5024175150669072,False,0.08335086146278727,True,0.08376553346351855,True,0.6216599625252344,3
36408538cc55159e,False,0.1714005531824733,True,0.3090909090909091,False,2.0501998117759093e-05,True,4.586476713012034,False,0.2927364986264257,True,0.10112506657198651,True,0.6248182843659388,4
8f3d72235e3221bc,False,0.18965224629539593,True,1.0,False,0.0013062247143504715,True,2.8899484285297263,False,0.34820684874050534,True,0.09450470442037992,False,0.14919603294458939,3
4888e4fe0cd53d6a,False,0.4668091656258538,True,1.0,False,0.46628525687103,True,10.638548539114044,False,0.5514950322586302,True,0.27707061068702293,True,0.6625122609093419,4
75b39afa4648a41d,False,0.22679445515390825,True,1.0,False,0.0013062247143504715,True,8.38431692128053,False,0.34820684874050534,True,0.21693125332859936,False,0.2297133211652252,3
c1187f49d8677fa0,False,0.2274460728531804,True,1.0,False,0.0013062247143504715,True,8.498345820764815,False,0.34820684874050534,True,0.21907908751997163,False,0.23622949815794664,3
12e01b638aad530d,False,0.29292023799462336,True,1.0,False,0.1819721247169429,True,9.36379319713106,False,0.4374430116781799,True,0.21693125332859936,False,0.23101655656376943,3
eabf6e7934b192f9,False,0.18639415779903518,True,1.0,False,0.0013062247143504715,True,2.5022501702831565,False,0.34820684874050534,True,0.08376553346351855,False,0.5365520594098857,3
8b9af0670cc3f27c,False,0.18965224629539593,True,1.0,False,0.0013062247143504715,True,2.8899484285297263,False,0.34820684874050534,True,0.09450470442037992,False,0.5381072032053766,3
4d776f2e423c4353,False,0.1677825995111613,False,0.0,False,3.895139878651031e-05,True,22.367146062831498,False,0.08335086146278727,True,0.34150563642819104,True,0.6223115802245066,3
e4f4f85261586267,False,0.23396224984590186,True,1.0,False,0.0013062247143504715,True,9.672083292789726,False,0.34820684874050534,True,0.24055742943369432,False,0.5014645536635712,3
76f1e10c1ce66b59,False,0.16973745260897777,False,0.0,False,3.895139878651031e-05,True,22.995716034271727,False,0.08335086146278727,True,0.34794913900230784,True,0.6625122609093419,3
1a685eb760c42f2d,False,0.19801699226830677,True,1.0,False,1.957464823193663e-05,True,15.83118994034223,False,0.3833421419250377,True,0.25988793715604475,False,0.5014645536635712,3
069d32ca4c99fa88,False,0.25447479373756676,True,1.0,False,0.1819721247169429,True,3.0523255813953485,False,0.4374430116781799,True,0.09020903603763537,False,0.06678185612397866,3
e4734377bddbb032,False,0.45377681164041084,True,1.0,False,0.46628525687103,True,8.391874712316158,False,0.5514950322586302,True,0.2341139268595775,False,0.22841008576668087,3
01835177404ee03d,False,0.3054057805409777,True,0.3297587131367292,False,2.0501998117759093e-05,True,50.29069767441861,False,0.2989368398401718,True,0.5408223859399965,True,0.6248182843659388,4
39f1cf0cb64a3125,False,0.30377729735625975,True,0.3287292817679558,False,2.0501998117759093e-05,True,49.23078122077436,False,0.29862801042953974,True,0.5355101633232736,False,0.11549465377081236,3
3e93480b32b4357d,False,0.2518683229404781,True,1.0,False,0.1819721247169429,True,2.710008693762225,False,0.4374430116781799,True,0.0816176992721463,False,0.38405371781829123,3
3fbe1f86d8fcf3bd,False,0.19587567780809534,True,0.31451612903225806,False,2.0501998117759093e-05,True,11.146913234332677,False,0.2943640646088304,True,0.1813023699627197,True,0.6248182843659388,4
57a8c160fd4fd10b,False,0.37664444029362587,True,0.3435251798561151,False,2.0501998117759093e-05,True,88.18037284119958,False,0.3030667798559875,True,0.7742830197053081,True,0.6248182843659388,4
d0778f255b2af544,False,0.1677825995111613,False,0.0,False,3.895139878651031e-05,True,22.367146062831498,False,0.08335086146278727,True,0.34150563642819104,True,0.6605574078115255,3
2b45772c418f98d0,False,0.17104024709927307,True,0.30303030303030304,False,2.0501998117759093e-05,True,5.316615298402913,False,0.2909183168082439,True,0.10120473104917452,True,0.6248182843659388,4
7dfa1dffc285acf1,False,0.23331063214662973,True,1.0,False,0.0013062247143504715,True,9.55197285199961,False,0.34820684874050534,True,0.23840959524232205,False,0.16228430292596577,3
9b800db4670e2be1,False,0.348959360132028,True,1.0,False,0.1819721247169429,True,22.79837263638339,False,0.4374430116781799,True,0.40164499378661456,True,0.6605574078115255,4
6bcf0d9e3c753d05,False,0.22483960205609183,True,1.0,False,0.0013062247143504715,True,8.04587914761117,False,0.34820684874050534,True,0.21048775075448253,True,0.6612090255107976,4
267e1d05ab9d988c,False,0.22809769055245252,True,1.0,False,0.0013062247143504715,True,8.612982874379682,False,0.34820684874050534,True,0.22122692171134387,False,0.383402100119019,3
cc78428b84f9c77d,False,0.1793123674910123,True,0.2727272727272727,False,2.0501998117759093e-05,True,7.475528399526156,False,0.28182740771733483,True,0.13406754837564355,False,0.18378768700194661,3
eca020354a8f48cb,False,0.25317155833902244,True,1.0,False,0.1819721247169429,True,2.879808737231037,False,0.4374430116781799,True,0.08591336765489083,False,0.5378552948084301,3
c35e11d293d91169,False,0.2212270201727694,True,0.3732394366197183,False,2.0501998117759093e-05,True,15.216815262796931,False,0.3119810568850685,True,0.2539750133143973,True,0.6216599625252344,4
3a09fe2b6793a89f,False,0.2948750910924398,True,1.0,False,0.1819721247169429,True,9.74788089545751,False,0.4374430116781799,True,0.22337475590271616,False,0.2486102344441174,3
637629121efabc70,False,0.1714911935025651,True,0.3230769230769231,False,2.0501998117759093e-05,True,5.21076554279132,False,0.29693230282222993,True,0.09905689685780224,True,0.663163878608614,4
3f7e891e8ef49e9d,False,0.2961783264909841,True,1.0,False,0.1819721247169429,True,10.007335361877853,False,0.4374430116781799,True,0.2276704242854607,True,0.6248182843659388,4
65c22d615940cf57,False,0.10587891808030743,False,0.0,False,3.895139878651031e-05,True,6.419148646810825,False,0.08335086146278727,True,0.13746138824782533,False,0.22841008576668087,2
ce655dbe4d6c414b,False,0.18177817215275102,True,0.3191489361702128,False,2.0501998117759093e-05,True,7.828212073098595,False,0.29575390675021684,True,0.13387315817503995,False,0.49765461412359474,3
148030aba632c060,False,0.14653919402580723,True,1.0,False,1.957464823193663e-05,True,4.013503375843961,False,0.3833421419250377,True,0.09020903603763537,True,0.6618606432100698,4
885e0775dbe82fcc,False,0.3509142132298443,True,1.0,False,0.1819721247169429,True,23.35769397956966,False,0.4374430116781799,True,0.4080884963607314,True,0.6216599625252344,4
c27f06f97add8be0,False,0.15996318711989557,False,0.0,False,3.895139878651031e-05,True,19.92936556507548,False,0.08335086146278727,True,0.3157316261317238,True,0.6248182843659388,3
c55df85c454ce966,False,0.17107366312202127,True,0.3157894736842105,False,2.0501998117759093e-05,True,4.686623230874743,False,0.29474606800441616,True,0.09888003728031244,False,0.23231979196231375,3
e948b12c967f621b,False,0.1169564189679339,False,0.0,False,3.895139878651031e-05,True,8.709455324357405,False,0.08335086146278727,True,0.17397456950115392,False,0.18183283390413016,2
9255006dc40fdc78,False,0.3069434321643823,True,1.0,False,0.0013062247143504715,True,26.972851999610782,False,0.34820684874050534,True,0.48111485886738864,False,0.11982286835564922,3
06dfbbfb6d453364,False,0.2204981299485505,True,0.26380368098159507,False,2.0501998117759093e-05,True,17.46718935095704,False,0.2791503301936315,True,0.2716086011006569,False,0.5021161713628434,3
820712b00e76526f,False,0.28966214949826263,True,1.0,False,0.1819721247169429,True,8.737231036731146,False,0.4374430116781799,True,0.206192082371738,True,0.6248182843659388,4
5aea6c574094cdfc,False,0.16486829905501013,True,0.375,False,2.0501998117759093e-05,True,3.6196549137284326,False,0.312509225899153,True,0.06777627374400853,True,0.660809316208472,4
c79f14a8b0a19379,False,0.17310662306826538,True,0.3333333333333333,False,2.0501998117759093e-05,True,5.342299430279256,False,0.300009225899153,True,0.10251287058405824,False,0.3853569532168355,3
74518dbc6b5920fb,False,0.16673360913252952,True,0.2708333333333333,False,2.0501998117759093e-05,True,3.9653344971631648,False,0.281259225899153,True,0.09263092490679922,True,0.6248182843659388,4
faf5a5055675342a,False,0.19866860996757896,True,1.0,False,1.957464823193663e-05,True,16.016504126031506,False,0.3833421419250377,True,0.262035771347417,True,0.6248182843659388,4
e663c53c2caf0bd8,False,0.1707101863602607,True,0.23809523809523808,False,2.0501998117759093e-05,True,5.32724920506266,False,0.27143779732772444,True,0.11176704242854607,True,0.6216599625252344,4
b70200eecba73fae,False,0.2326590144473576,True,1.0,False,0.0013062247143504715,True,9.432470565340079,False,0.34820684874050534,True,0.23626176105094976,False,0.383402100119019,3
f5abbb8868a4e852,False,0.23526548524444618,True,1.0,False,0.0013062247143504715,True,9.9141286367617,False,0.34820684874050534,True,0.24485309781643885,True,0.6614609339077442,4
54ef6082de2ef264,False,0.35026259553057226,True,1.0,False,0.1819721247169429,True,23.170574331667027,False,0.4374430116781799,True,0.40594066216935915,True,0.6216599625252344,4
75dd5e62ad098e57,False,0.22483960205609183,True,1.0,False,0.0013062247143504715,True,8.04587914761117,False,0.34820684874050534,True,0.21048775075448253,False,0.383402100119019,3
6b6dd43bb4c3d2bc,False,0.1593115694206234,False,0.0,False,3.895139878651031e-05,True,19.73174214606283,False,0.08335086146278727,True,0.31358379194035146,True,0.6248182843659388,3
cf066abb741ab2cf,False,0.18639415779903518,True,1.0,False,0.0013062247143504715,True,2.5022501702831565,False,0.34820684874050534,True,0.08376553346351855,True,0.6618606432100698,4
ca5a0d4466da3a0f,False,0.22547405167560916,True,0.31952662721893493,False,2.0501998117759093e-05,True,18.17600847933163,False,0.29586721406483346,True,0.27795490857447186,False,0.38600857091610763,3
4db0c90fdf0acb73,False,0.16139810357993267,True,0.3111111111111111,False,2.0501998117759093e-05,True,3.4285915228807204,False,0.2933425592324863,True,0.06787346884431031,False,0.383402100119019,3
16c537f56d998e2f,False,0.23070416134954116,True,1.0,False,0.0013062247143504715,True,9.077612630144984,False,0.34820684874050534,True,0.22981825847683296,True,0.6248182843659388,4
3d44c118bbff65e9,False,0.2932594604796672,True,1.0,False,0.0013062247143504715,True,23.147866595309914,False,0.34820684874050534,True,0.43601034084857093,False,0.16684562682087078,3
2944e7104a653621,False,0.20861915372919781,True,0.3233082706766917,False,2.0501998117759093e-05,True,13.267660078558514,False,0.2970017071021605,True,0.22156311024320968,False,0.1544413174288784,3
c7daf17b48a916d5,False,0.190258231923433,True,0.2608695652173913,False,2.0501998117759093e-05,True,10.306908161356693,False,0.27827009546437037,True,0.172436978519439,True,0.6248182843659388,4
96587f530be77631,False,0.17393869646511328,True,0.3888888888888889,False,2.0501998117759093e-05,True,4.418916391296215,False,0.3166758925658197,True,0.09505281377596309,True,0.6248182843659388,4
e103fd0d469698fb,False,0.2202782781611868,True,1.0,False,0.0013062247143504715,True,7.277476403619732,False,0.34820684874050534,True,0.19545291141487664,False,0.49765461412359474,3
f9bba2c615ac1262,False,0.31837301314824273,True,0.32051282051282054,False,2.0501998117759093e-05,True,56.07815325144959,False,0.2961630720529992,True,0.5851844044026274,False,0.0648270030261622,3
d62062c30d38c995,False,0.21962666046191467,True,1.0,False,0.0013062247143504715,True,7.17013719957186,False,0.34820684874050534,True,0.19330507722350437,True,0.6216599625252344,4
6a7c768bb733662b,False,0.28966214949826263,True,1.0,False,0.1819721247169429,True,8.737231036731146,False,0.4374430116781799,True,0.206192082371738,True,0.6216599625252344,4
0c57eb6d78c86555,False,0.2235363666575475,True,1.0,False,0.0013062247143504715,True,7.8232947358178455,False,0.34820684874050534,True,0.206192082371738,True,0.6248182843659388,4
c53822f9dcb1c4e7,False,0.15761669491343372,True,1.0,False,1.957464823193663e-05,True,6.08589647411853,False,0.3833421419250377,True,0.12672221729096397,False,0.383402100119019,3
d53de0fdf9ed6571,False,0.30889828526219865,True,1.0,False,0.0013062247143504715,True,27.54117203464046,False,0.34820684874050534,True,0.48755836144150544,False,0.38666018861537976,3
dd24ab168765de64,False,0.2857524433026298,True,1.0,False,0.1819721247169429,True,8.007770049989134,False,0.4374430116781799,True,0.19330507722350437,False,0.5008129359642991,3
8a9616136ed4af33,False,0.14849404712362366,True,1.0,False,1.957464823193663e-05,True,4.373902605081162,False,0.3833421419250377,True,0.09665253861175219,False,0.16163268522669363,3
ba97020b93362854,False,0.16126642251843987,False,0.0,False,3.895139878651031e-05,True,20.327162382700937,False,0.08335086146278727,True,0.3200272945144683,False,0.5008129359642991,2
718129c8bed453b1,False,0.18900062859612374,True,1.0,False,0.0013062247143504715,True,2.8111924686192467,False,0.34820684874050534,True,0.09235687022900764,True,0.6248182843659388,4
1e565464cbc3b2f5,False,0.18834901089685163,True,1.0,False,0.0013062247143504715,True,2.7330446628393497,False,0.34820684874050534,True,0.09020903603763537,False,0.16228430292596577,3
89575e35be739026,False,0.14849404712362366,True,1.0,False,1.957464823193663e-05,True,4.36046511627907,False,0.3833421419250377,True,0.09665253861175219,False,0.5404617656055186,3
20275260b367c959,False,0.08893685789923161,False,0.0,False,3.895139878651031e-05,True,3.391472868217054,False,0.08335086146278727,True,0.0816176992721463,False,0.38470533551756336,2
a47e03a95d815b23,False,0.2864040610019019,True,1.0,False,0.1819721247169429,True,8.127648880678112,False,0.4374430116781799,True,0.19545291141487664,False,0.383402100119019,3
163cbdb6514059dd,False,0.22614283745463615,True,1.0,False,0.0013062247143504715,True,8.270896175926827,False,0.34820684874050534,True,0.2147834191372271,True,0.6216599625252344,4
91e598a8ba5ae552,False,0.2326590144473576,True,1.0,False,0.0013062247143504715,True,9.432470565340079,False,0.34820684874050534,True,0.23626176105094976,False,0.23036493886449733,3
e8c8be80f133ca5f,False,0.17404954467329461,True,0.4406779661016949,False,2.0501998117759093e-05,True,4.592011456679431,False,0.3322126157296615,True,0.08616989170956862,False,0.11982286835564922,3
bd1b3c44f26b54cb,False,0.2922686202953513,True,1.0,False,0.1819721247169429,True,9.237122364703326,False,0.4374430116781799,True,0.2147834191372271,False,0.1467565653725437,3
fd17b16a28c62025,False,0.18900062859612374,True,1.0,False,0.0013062247143504715,True,2.8111924686192467,False,0.34820684874050534,True,0.09235687022900764,False,0.22841008576668087,3
14b5464d618b7780,False,0.18087487075434494,True,0.32941176470588235,False,2.0501998117759093e-05,True,7.154436062098635,False,0.2988327553109177,True,0.12893218533641043,False,0.14781676124212179,3
cc8c966d1f92cbfd,False,0.10587891808030743,False,0.0,False,3.895139878651031e-05,True,6.419148646810825,False,0.08335086146278727,True,0.13746138824782533,False,0.5008129359642991,2
9a78a83728d8b9b9,False,0.16518806649687062,True,0.25,False,2.0501998117759093e-05,True,3.946630089157678,False,0.275009225899153,True,0.0913227853719155,True,0.6216599625252344,4
7c048f91578b0c81,False,0.17959712916330056,True,0.5348837209302325,False,2.0501998117759093e-05,True,3.535522788203753,False,0.3604743421782228,True,0.08712431208947274,False,0.5472298509951867,3
83a0053c8bdacc22,False,0.1706436899749886,True,0.29850746268656714,False,2.0501998117759093e-05,True,5.371096790261821,False,0.2895614647051231,True,0.10073628617077934,False,0.383402100119019,3
cf0c22b503907e5e,False,0.25251994063975025,True,1.0,False,0.1819721247169429,True,2.7945691154096934,False,0.4374430116781799,True,0.08376553346351855,False,0.5008129359642991,3
2f10f682ed11029b,False,0.15110051792071227,True,1.0,False,1.957464823193663e-05,True,4.850485541262049,False,0.3833421419250377,True,0.10524387537724127,True,0.6248182843659388,4
fd901ac787df1f2d,False,0.2551264114368389,True,1.0,False,0.1819721247169429,True,3.1396028037383177,False,0.4374430116781799,True,0.09235687022900764,False,0.3853569532168355,3
f21bcd69efbaa656,False,0.32899214982200814,True,1.0,False,1.957464823193663e-05,True,71.03025756439109,False,0.3833421419250377,True,0.6916026096218711,False,0.49765461412359474,3
82fad9e9200b3eb3,False,0.09805950568904166,False,0.0,False,3.895139878651031e-05,True,4.950360397116824,False,0.08335086146278727,True,0.11168737795135808,True,0.6248182843659388,3
6aee6138df63cb31,False,0.1671051478001693,True,0.35185185185185186,False,2.0501998117759093e-05,True,4.177606901725432,False,0.30556478145470856,True,0.07935513935735844,False,0.49765461412359474,3
dc4f8558c415cdbb,False,0.22614283745463615,True,1.0,False,0.0013062247143504715,True,8.270896175926827,False,0.34820684874050534,True,0.2147834191372271,False,0.18118121620485803,3
1e286a6ec3257e77,False,0.16794902896847794,True,0.4358974358974359,False,2.0501998117759093e-05,True,3.0050434295320816,False,0.3307784566683838,True,0.06675971951003018,False,0.383402100119019,3
a1abef07e56658dd,False,0.11239509507302889,False,0.0,False,3.895139878651031e-05,True,7.736638106895144,False,0.08335086146278727,True,0.15893973016154803,False,0.49765461412359474,2
23d692927ea19a6c,False,0.29912401977311653,True,1.0,False,0.0013062247143504715,True,24.754305731244525,False,0.34820684874050534,True,0.4553408485709214,True,0.6216599625252344,4
298a004c1ba730c3,False,0.22549121975536396,True,1.0,False,0.0013062247143504715,True,8.158083584703707,False,0.34820684874050534,True,0.21263558494585477,False,0.2381843512557631,3
d70b2d638b366fe2,False,0.16234391817448465,True,0.24,False,2.0501998117759093e-05,True,3.9746867011659077,False,0.272009225899153,True,0.08384519794070655,True,0.6618606432100698,4
184bc5bc2d701bf8,False,0.2864040610019019,True,1.0,False,0.1819721247169429,True,8.127648880678112,False,0.4374430116781799,True,0.19545291141487664,True,0.5688373425627351,4
38b8e8007fa9161a,False,0.1504489002214401,True,1.0,False,1.957464823193663e-05,True,4.729996058336618,False,0.3833421419250377,True,0.103096041185869,True,0.6248182843659388,4
51596134e31be259,False,0.2909653848968069,True,1.0,False,0.1819721247169429,True,8.985818300369484,False,0.4374430116781799,True,0.21048775075448253,True,0.6248182843659388,4
39a1498ac731e5d3,False,0.09675627029049738,False,0.0,False,3.895139878651031e-05,True,4.724369232864586,False,0.08335086146278727,True,0.10739170956861355,True,0.6248182843659388,3
35c37b63941c7713,False,0.23070416134954116,True,1.0,False,0.0013062247143504715,True,9.077612630144984,False,0.34820684874050534,True,0.22981825847683296,True,0.6223115802245066,4
11d905138b1b186a,False,0.19625211156575326,True,0.3412698412698413,False,2.0501998117759093e-05,True,11.175450112528134,False,0.3023901782801054,True,0.1777492011361619,True,0.6216599625252344,4
67ce0638aba19a22,False,0.22158151355973105,True,1.0,False,0.0013062247143504715,True,7.493979274107231,False,0.34820684874050534,True,0.19974857979762117,False,0.5008129359642991,3
fba61d948ac424a2,False,0.1182596543664782,False,0.0,False,3.895139878651031e-05,True,8.995053039575684,False,0.08335086146278727,True,0.17827023788389845,False,0.5377074939030511,2
07d6ec22de700779,False,0.1982138594431988,True,0.3333333333333333,False,2.0501998117759093e-05,True,11.440083546355757,False,0.300009225899153,True,0.18559803834546423,False,0.23557788045867445,3
0b88c10fc68d94f6,False,0.27099817458678715,True,1.0,False,1.957464823193663e-05,True,42.137766584503275,False,0.3833421419250377,True,0.500445366589739,False,0.49765461412359474,3
e31496b2ad042438,False,0.2909653848968069,True,1.0,False,0.1819721247169429,True,8.985818300369484,False,0.4374430116781799,True,0.21048775075448253,True,0.6248182843659388,4
32e5584e11de19a6,False,0.09349818179413664,False,0.0,False,3.895139878651031e-05,True,4.156168068371412,False,0.08335086146278727,True,0.09665253861175219,False,0.383402100119019,2
86460e85d7e6a763,False,0.14653919402580723,True,1.0,False,1.957464823193663e-05,True,4.013503375843961,False,0.3833421419250377,True,0.09020903603763537,False,0.383402100119019,3
857b3c27b5df4d12,False,0.2061742818895902,True,0.33986928104575165,False,2.0501998117759093e-05,True,13.992014569907536,False,0.3019700102128785,True,0.21088607314042251,False,0.49765461412359474,3
a66a5ad80a504934,False,0.29161700259607903,True,1.0,False,0.1819721247169429,True,9.111130732449467,False,0.4374430116781799,True,0.21263558494585477,False,0.17075533301650367,3
1d67abcf23151a94,False,0.29912401977311653,True,1.0,False,0.0013062247143504715,True,24.754305731244525,False,0.34820684874050534,True,0.4553408485709214,False,0.23166817426304162,3
7585f89f592aab2b,False,0.2274460728531804,True,1.0,False,0.0013062247143504715,True,8.498345820764815,False,0.34820684874050534,True,0.21907908751997163,True,0.6605574078115255,4
76e2f188461d1ded,False,0.16877217903389397,True,0.3684210526315789,False,2.0501998117759093e-05,True,4.409696174043511,False,0.3105355416886267,True,0.08187422332682408,False,0.23036493886449733,3
c009d1ee390ee134,False,0.1870457754983073,True,1.0,False,0.0013062247143504715,True,2.578573513671305,False,0.34820684874050534,True,0.08591336765489083,False,0.38666018861537976,3
e43eb3a316b33037,False,0.23526548524444618,True,1.0,False,0.0013062247143504715,True,9.9141286367617,False,0.34820684874050534,True,0.24485309781643885,True,0.6248182843659388,4
ab7bfb2581864a12,False,0.22483960205609183,True,1.0,False,0.0013062247143504715,True,8.04587914761117,False,0.34820684874050534,True,0.21048775075448253,True,0.6248182843659388,4
3cd92f8b54bb0724,False,0.11565318356938963,False,0.0,False,3.895139878651031e-05,True,8.427257581939344,False,0.08335086146278727,True,0.1696789011184094,True,0.6248182843659388,3
b1a57eb203f45eda,False,0.14849404712362366,True,1.0,False,1.957464823193663e-05,True,4.36046511627907,False,0.3833421419250377,True,0.09665253861175219,False,0.383402100119019,3
7c16d1aadca429cf,False,0.25447479373756676,True,1.0,False,0.1819721247169429,True,3.059473884864659,False,0.4374430116781799,True,0.09020903603763537,False,0.22775846806740874,3
ba713f992760a275,False,0.1876973931975795,True,1.0,False,0.0013062247143504715,True,2.655505011190036,False,0.34820684874050534,True,0.08806120184626309,False,0.49765461412359474,3
82627b49adb24fc2,False,0.458989753234588,True,1.0,False,0.46628525687103,True,9.264241720184994,False,0.5514950322586302,True,0.2512966003905556,True,0.6248182843659388,4
62a1047c5866c2f9,False,0.2651336152933378,True,1.0,False,1.957464823193663e-05,True,39.60990247561891,False,0.3833421419250377,True,0.48111485886738864,True,0.6216599625252344,4
4955c64e148a70f2,False,0.09675627029049738,False,0.0,False,3.895139878651031e-05,True,4.724369232864586,False,0.08335086146278727,True,0.10739170956861355,False,0.49895784952213906,2
5791b0acad463990,False,0.19736537456903464,True,1.0,False,1.957464823193663e-05,True,15.646768835065908,False,0.3833421419250377,True,0.2577401029646725,True,0.6248182843659388,4
2ad7a97f175dbd83,False,0.2518683229404781,True,1.0,False,0.1819721247169429,True,2.710008693762225,False,0.4374430116781799,True,0.0816176992721463,False,0.38405371781829123,3
dd0f36ef259210c8,False,0.18232497310538162,True,0.297029702970297,False,2.0501998117759093e-05,True,8.445080020005003,False,0.2891181367902421,True,0.13975102077045978,False,0.38405371781829123,3
f84de65bbeb3ccab,False,0.2935718556938955,True,1.0,False,0.1819721247169429,True,9.491143229732666,False,0.4374430116781799,True,0.21907908751997163,False,0.383402100119019,3
5c765713553f954a,False,0.22741124686257272,True,0.32,False,2.0501998117759093e-05,True,18.889503709707586,False,0.296009225899153,True,0.2843012160482869,False,0.0648270030261622,3
68680cb73b80a0bb,False,0.1876973931975795,True,1.0,False,0.0013062247143504715,True,2.655505011190036,False,0.34820684874050534,True,0.08806120184626309,False,0.11549465377081236,3
22aaf5c1c5000f4a,False,0.17483654051900208,True,0.3333333333333333,False,2.0501998117759093e-05,True,4.842103622420351,False,0.300009225899153,True,0.10803701402449849,False,0.5394104386039209,3
777bb1fe4c10213d,False,0.1960621391704903,True,1.0,False,1.957464823193663e-05,True,15.280605865752152,False,0.3833421419250377,True,0.25344443458192795,False,0.22841008576668087,3
46434ed840c2c19b,False,0.1684500306603098,True,0.32653061224489793,False,2.0501998117759093e-05,True,3.97156929983166,False,0.2979684095726224,True,0.0882380614237529,True,0.6248182843659388,4
c31b1000b059ef5c,False,0.29161700259607903,True,1.0,False,0.1819721247169429,True,9.111130732449467,False,0.4374430116781799,True,0.21263558494585477,True,0.6216599625252344,4
a59afeaf3d0749cb,False,0.3381147976118182,True,1.0,False,1.957464823193663e-05,True,76.21905476369092,False,0.3833421419250377,True,0.721672288301083,False,0.1629359206252379,3
801deb2b9ea182d1,False,0.3145934929751566,True,0.32904884318766064,False,2.0501998117759093e-05,True,54.41852671612943,False,0.2987238788554512,True,0.5712633143973016,False,0.22775846806740874,3
93716563584676cd,False,0.29292023799462336,True,1.0,False,0.1819721247169429,True,9.36379319713106,False,0.4374430116781799,True,0.21693125332859936,True,0.6248182843659388,4
3b0fd7ab34ba241e,False,0.29682994419025627,True,1.0,False,0.1819721247169429,True,10.138081395348836,False,0.4374430116781799,True,0.22981825847683296,False,0.5008129359642991,3
020fc7970debc94f,False,0.22614283745463615,True,1.0,False,0.0013062247143504715,True,8.270896175926827,False,0.34820684874050534,True,0.2147834191372271,True,0.6216599625252344,4
6d15cb5ce5ffde8b,False,0.17491658276579605,True,0.33766233766233766,False,2.0501998117759093e-05,True,6.167557514378594,False,0.30130792719785426,True,0.10782509320078112,False,0.5008129359642991,3
293ec371db4f1faa,False,0.158044977019449,True,0.2894736842105263,False,2.0501998117759093e-05,True,2.8688396998848105,False,0.2868513311623109,True,0.06068746671400675,False,0.22841008576668087,3
70f9ebddf09ebf04,False,0.2909653848968069,True,1.0,False,0.1819721247169429,True,8.985818300369484,False,0.4374430116781799,True,0.21048775075448253,False,0.22775846806740874,3
f6a4cf3ed77b36bc,False,0.22679445515390825,True,1.0,False,0.0013062247143504715,True,8.38431692128053,False,0.34820684874050534,True,0.21693125332859936,True,0.6612090255107976,4
086fd017905204a2,False,0.18145624223423462,True,0.37662337662337664,False,2.0501998117759093e-05,True,6.481077373901116,False,0.312996238886166,True,0.12221462808450204,True,0.6248182843659388,4
39b2afd93581c5bb,False,0.20257831616321179,True,1.0,False,1.957464823193663e-05,True,17.147143928839352,False,0.3833421419250377,True,0.27492277649565067,False,0.49765461412359474,3
50435e826defda84,False,0.2971691666753001,True,1.0,False,0.0013062247143504715,True,24.213352632091077,False,0.34820684874050534,True,0.44889734599680453,False,0.11982286835564922,3
695a9df52153f354,False,0.19040142707188348,True,0.3238095238095238,False,2.0501998117759093e-05,True,9.328823492736456,False,0.29715208304201013,True,0.16142375288478608,False,0.383402100119019,3
74c273b4ad25789f,False,0.1755436276587009,True,0.32786885245901637,False,2.0501998117759093e-05,True,5.181900367853357,False,0.2983698816368579,True,0.11139579265045269,False,0.383402100119019,3
e9fa4024f8762230,False,0.28804651888549004,True,1.0,False,0.0013062247143504715,True,21.761275177581005,False,0.34820684874050534,True,0.4188276673175928,True,0.6216599625252344,4
5d141836aa670fb8,False,0.17026978217865363,True,0.24193548387096775,False,2.0501998117759093e-05,True,5.218529833530769,False,0.2725898710604433,True,0.1096192082371738,False,0.1876973931975795,3
a75cb0b1f9c7f780,False,0.22702102151218498,True,0.35443037974683544,False,2.0501998117759093e-05,True,17.362366731092962,False,0.30633833982320363,True,0.2765671045624002,False,0.38666018861537976,3
5b1e40303130495f,False,0.14588757632653507,True,1.0,False,1.957464823193663e-05,True,3.8996356231915126,False,0.3833421419250377,True,0.08806120184626309,True,0.6248182843659388,4
39a917e19d927110,False,0.19356195249102875,True,1.0,False,0.0013062247143504715,True,3.3752554247348447,False,0.34820684874050534,True,0.10739170956861355,False,0.38405371781829123,3
e24f0ad4dec57387,False,0.2864040610019019,True,1.0,False,0.1819721247169429,True,8.127648880678112,False,0.4374430116781799,True,0.19545291141487664,False,0.383402100119019,3
b9cec39a02f08a31,False,0.18965224629539593,True,1.0,False,0.0013062247143504715,True,2.8899484285297263,False,0.34820684874050534,True,0.09450470442037992,False,0.16228430292596577,3
318970c387b9e81a,False,0.19225871709248452,True,1.0,False,0.0013062247143504715,True,3.211053809477474,False,0.34820684874050534,True,0.103096041185869,False,0.1681488622194151,3
df9dfb656b51ec72,False,0.47267372491930304,True,1.0,False,0.46628525687103,True,11.721061745172392,False,0.5514950322586302,True,0.29640111840937333,False,0.22775846806740874,3
3813d280edd1aea9,False,0.1870457754983073,True,1.0,False,0.0013062247143504715,True,2.578573513671305,False,0.34820684874050534,True,0.08591336765489083,False,0.229061703465953,3
e0b81fb890105b24,False,0.2664368506918821,True,1.0,False,1.957464823193663e-05,True,40.16539849248026,False,0.3833421419250377,True,0.4854105272501331,True,0.6248182843659388,4
53210ae1cecdcf64,False,0.3296437675212803,True,1.0,False,1.957464823193663e-05,True,71.39508091308542,False,0.3833421419250377,True,0.6937504438132434,False,0.383402100119019,3
43218941d64aa8e0,False,0.46550593022730946,True,1.0,False,0.46628525687103,True,10.404017710365386,False,0.5514950322586302,True,0.2727749423042784,False,0.5368039678068324,3
727966235a4ec90a,False,0.28444920790408545,True,1.0,False,0.1819721247169429,True,7.770049989132796,False,0.4374430116781799,True,0.18900940884075984,True,0.6605574078115255,4
0002b39161df4061,False,0.18103658383013846,True,0.2765957446808511,False,2.0501998117759093e-05,True,7.9745337940910925,False,0.2829879493034083,True,0.13910571631457483,True,0.6612090255107976,4
5efbd02805d9d21b,False,0.3068616352946043,True,0.3172043010752688,False,2.0501998117759093e-05,True,51.02562503896752,False,0.2951705162217336,True,0.5478315284928102,True,0.625469902065211,4
141984ff137158d6,False,0.19356195249102875,True,1.0,False,0.0013062247143504715,True,3.3752554247348447,False,0.34820684874050534,True,0.10739170956861355,False,0.0648270030261622,3
15db7edd02fe8580,False,0.17660055286546383,True,0.3246753246753247,False,2.0501998117759093e-05,True,6.322577130226331,False,0.2974118233017504,True,0.11567393041008343,True,0.6248182843659388,4
33c20b0013778993,False,0.17429877650388279,False,0.0,False,3.895139878651031e-05,True,24.492129062967496,False,0.08335086146278727,True,0.3629839783419137,False,0.38405371781829123,2
6d6102308ec6a212,False,0.3126976021497128,True,0.3193717277486911,False,2.0501998117759093e-05,True,53.58812893571919,False,0.2958207442237603,True,0.5666935913367656,True,0.6229631979237787,4
ff85de9c7d763b5b,False,0.22483960205609183,True,1.0,False,0.0013062247143504715,True,8.04587914761117,False,0.34820684874050534,True,0.21048775075448253,True,0.6248182843659388,4
c9c8228db1cea8e3,False,0.17917009206051343,True,0.36363636363636365,False,2.0501998117759093e-05,True,5.632364860652161,False,0.30910013499006206,True,0.11690240546777916,False,0.5391585302069744,3
02a6d1331db9e5b5,False,0.23656872064299042,True,1.0,False,0.0013062247143504715,True,10.158606597256007,False,0.34820684874050534,True,0.2491487661991834,True,0.6248182843659388,4
13bd445287a0c106,False,0.1870457754983073,True,1.0,False,0.0013062247143504715,True,2.578573513671305,False,0.34820684874050534,True,0.08591336765489083,True,0.6605574078115255,4
fb929282347e51f7,False,0.09284656409486451,False,0.0,False,3.895139878651031e-05,True,4.056961376908103,False,0.08335086146278727,True,0.09450470442037992,False,0.5404617656055186,2
f0fe9658e96aaa33,False,0.22073690972935264,True,0.33116883116883117,False,2.0501998117759093e-05,True,16.32271338612133,False,0.29935987524980234,True,0.2601269305876087,True,0.6625122609093419,4
119799a7fdaed7ba,False,0.1870457754983073,True,1.0,False,0.0013062247143504715,True,2.578573513671305,False,0.34820684874050534,True,0.08591336765489083,True,0.6248182843659388,4
a36666a1fdfbd6fe,False,0.4563832824374994,True,1.0,False,0.46628525687103,True,8.823674462442188,False,0.5514950322586302,True,0.24270526362506656,True,0.6625122609093419,4
218c9377835c7fdd,False,0.23117995385184809,True,0.38235294117647056,False,2.0501998117759093e-05,True,18.614782717127003,False,0.31471510825209414,True,0.28533530090537906,True,0.6248182843659388,4
b6fb5ff3f4269208,False,0.2326590144473576,True,1.0,False,0.0013062247143504715,True,9.432470565340079,False,0.34820684874050534,True,0.23626176105094976,False,0.3853569532168355,3
9428d6484a633ced,False,0.23787195604153474,True,1.0,False,0.0013062247143504715,True,10.405517174272646,False,0.34820684874050534,True,0.25344443458192795,True,0.6216599625252344,4
e1b5b30ad9c78faf,False,0.18965224629539593,True,1.0,False,0.0013062247143504715,True,2.8899484285297263,False,0.34820684874050534,True,0.09450470442037992,True,0.6605574078115255,4
72c40d7028571a6d,False,0.28249435480626905,True,1.0,False,0.1819721247169429,True,7.418563899152358,False,0.4374430116781799,True,0.18256590626664299,False,0.540062056303193,3
f8dc1b8fb8226cee,False,0.1960621391704903,True,1.0,False,1.957464823193663e-05,True,15.280605865752152,False,0.3833421419250377,True,0.25344443458192795,False,0.1824844516034023,3
9bc6ba0c3dc6afe7,False,0.40195542549530355,True,0.32463295269168024,False,2.0501998117759093e-05,True,104.3865733524534,False,0.29739911170665706,True,0.861389801171667,True,0.5664390867487815,4
448bcef6de9db23e,False,0.25382317603829463,True,1.0,False,0.1819721247169429,True,2.9657275592262553,False,0.4374430116781799,True,0.08806120184626309,False,0.38470533551756336,3
a71ddb782f6d2be0,False,0.15615390397246087,True,0.275,False,2.0501998117759093e-05,True,2.9694923730932734,False,0.282509225899153,True,0.05713429788744896,True,0.6605574078115255,4
f6499917f76b9cad,False,0.11434994817084533,False,0.0,False,3.895139878651031e-05,True,8.148459812321502,False,0.08335086146278727,True,0.16538323273566485,False,0.5014645536635712,2
9ef5790eada8a129,False,0.35352068402693293,True,1.0,False,0.1819721247169429,True,24.112964572918933,False,0.4374430116781799,True,0.4166798331262205,False,0.22447333934783803,3
f233f66a9c4585a5,False,0.2935718556938955,True,1.0,False,0.1819721247169429,True,9.491143229732666,False,0.4374430116781799,True,0.21907908751997163,False,0.5368039678068324,3
c53d5600115f602d,False,0.18834901089685163,True,1.0,False,0.0013062247143504715,True,2.7330446628393497,False,0.34820684874050534,True,0.09020903603763537,True,0.6248182843659388,4
c901173368173056,False,0.23396224984590186,True,1.0,False,0.0013062247143504715,True,9.672083292789726,False,0.34820684874050534,True,0.24055742943369432,True,0.6216599625252344,4
cf63e254acd519cb,False,0.19319460528316443,True,0.36134453781512604,False,2.0501998117759093e-05,True,10.23434824569596,False,0.3084125872436908,True,0.16402250133143975,True,0.6248182843659388,4
50abdfca27d73898,False,0.2320073967480854,True,1.0,False,0.0013062247143504715,True,9.313576432811132,False,0.34820684874050534,True,0.2341139268595775,True,0.6216599625252344,4
de1ec6ec4fd282ed,False,0.1967137568697625,True,1.0,False,1.957464823193663e-05,True,15.46324081020255,False,0.3833421419250377,True,0.2555922687733002,False,0.537203677109158,3
bd692552ba39df25,False,0.16692014014028145,True,0.3541666666666667,False,2.0501998117759093e-05,True,3.7595860091028124,False,0.306259225899153,True,0.0782413900230783,False,0.5391585302069744,3
79edc1dfe73c6f19,False,0.2287493082517247,True,1.0,False,0.0013062247143504715,True,8.728228082125133,False,0.34820684874050534,True,0.22337475590271616,False,0.07329803311670012,3
30457c48f4bf11da,False,0.09675627029049738,False,0.0,False,3.895139878651031e-05,True,4.738244032373732,False,0.08335086146278727,True,0.10739170956861355,True,0.6216599625252344,3
6663bc4876a75531,False,0.29292023799462336,True,1.0,False,0.1819721247169429,True,9.36379319713106,False,0.4374430116781799,True,0.21693125332859936,False,0.23492626275940234,3
f0ae0032f48e9ad9,False,0.17887290191043625,True,0.38461538461538464,False,2.0501998117759093e-05,True,5.471039341604838,False,0.3153938412837684,True,0.11213829220663946,True,0.6722865263984241,4
20ce0fa312bc7124,False,0.2320073967480854,True,1.0,False,0.0013062247143504715,True,9.313576432811132,False,0.34820684874050534,True,0.2341139268595775,False,0.11982286835564922,3
6ec1dde5bf01adde,False,0.16647936411261705,False,0.0,False,3.895139878651031e-05,True,21.95234938120495,False,0.08335086146278727,True,0.33720996804544645,False,0.39773768950300625,2
3baccd794ae907ef,False,0.2909653848968069,True,1.0,False,0.1819721247169429,True,8.985818300369484,False,0.4374430116781799,True,0.21048775075448253,False,0.5014645536635712,3
f2c7243bb22318fe,False,0.2551264114368389,True,1.0,False,0.1819721247169429,True,3.1396028037383177,False,0.4374430116781799,True,0.09235687022900764,False,0.16163268522669363,3
38d3f11000f82f76,False,0.15829321753352488,True,0.3157894736842105,False,2.0501998117759093e-05,True,2.835865216304076,False,0.29474606800441616,True,0.05676304810935559,True,0.6248182843659388,4
9ed9d0204d1e2de6,False,0.11239509507302889,False,0.0,False,3.895139878651031e-05,True,7.736638106895144,False,0.08335086146278727,True,0.15893973016154803,False,0.5014645536635712,2
77411db99e1918a5,False,0.16270771262977787,True,0.3333333333333333,False,2.0501998117759093e-05,True,3.0242689693871188,False,0.300009225899153,True,0.0680678590449139,True,0.6612090255107976,4
050088987e60dfbf,False,0.19697542842581836,True,0.3474576271186441,False,2.0501998117759093e-05,True,10.713729035476028,False,0.30424651403474623,True,0.17888048109355584,False,0.2329714096615859,3
36277d6b1f4cecba,False,0.18639415779903518,True,1.0,False,0.0013062247143504715,True,2.5022501702831565,False,0.34820684874050534,True,0.08376553346351855,False,0.3853569532168355,3
4a1870c1c07b3acf,False,0.3104793086798958,True,0.3584905660377358,False,2.0501998117759093e-05,True,51.46673732776358,False,0.3075563957104738,True,0.5522243919758565,False,0.5014645536635712,3
ec0211f2e790fff5,False,0.27164979228605923,True,1.0,False,1.957464823193663e-05,True,42.4231057764441,False,0.3833421419250377,True,0.5025932007811112,True,0.6248182843659388,4
cd253129c9a24d43,False,0.17104068800752206,False,0.0,False,3.895139878651031e-05,True,23.419012647898814,False,0.08335086146278727,True,0.35224480738505237,False,0.2818427371069969,2
92ce8c7bcb269148,False,0.09089171099704806,False,0.0,False,3.895139878651031e-05,True,3.716929415369948,False,0.08335086146278727,True,0.08806120184626309,True,0.6216599625252344,3
395f5e12314263ad,False,0.2404784268386233,True,1.0,False,0.0013062247143504715,True,10.906636177872919,False,0.34820684874050534,True,0.262035771347417,False,0.5361523501075602,3
75dab016769e0f43,False,0.28705567870117404,True,1.0,False,0.1819721247169429,True,8.248206911540969,False,0.4374430116781799,True,0.1976007456062489,False,0.2297133211652252,3
5065ce10f5436114,False,0.20257831616321179,True,1.0,False,1.957464823193663e-05,True,17.147143928839352,False,0.3833421419250377,True,0.27492277649565067,False,0.22775846806740874,3
0c5ca47a06964983,False,0.2225184862500216,False,0.0,False,3.895139878651031e-05,True,42.85878212974297,False,0.08335086146278727,True,0.5219237085034618,False,0.5411133833047909,2
e3a09325796ac254,False,0.1680012876933911,True,0.425,False,2.0501998117759093e-05,True,3.097661965692226,False,0.327509225899153,True,0.06890755370140245,True,0.6248182843659388,4
418268609c663190,False,0.18834901089685163,True,1.0,False,0.0013062247143504715,True,2.7330446628393497,False,0.34820684874050534,True,0.09020903603763537,True,0.6216599625252344,4
06596913c7cf0e07,False,0.1504489002214401,True,1.0,False,1.957464823193663e-05,True,4.715464580430822,False,0.3833421419250377,True,0.103096041185869,False,0.49765461412359474,3
543eed61464807ec,False,0.20021143384809972,True,0.3157894736842105,False,2.0501998117759093e-05,True,12.23112413492113,False,0.29474606800441616,True,0.19540031954553527,False,0.16228430292596577,3
e9045f0f6ec24613,False,0.2948750910924398,True,1.0,False,0.1819721247169429,True,9.74788089545751,False,0.4374430116781799,True,0.22337475590271616,False,0.1439270488331035,3
1a4f3eaebcc68d73,False,0.2857524433026298,True,1.0,False,0.1819721247169429,True,8.007770049989134,False,0.4374430116781799,True,0.19330507722350437,True,0.6248182843659388,4
aca0c0f8f9952ee3,False,0.23070416134954116,True,1.0,False,0.0013062247143504715,True,9.077612630144984,False,0.34820684874050534,True,0.22981825847683296,False,0.5404617656055186,3
68f90e93dae9b5fb,False,0.2890105317989905,True,1.0,False,0.1819721247169429,True,8.613956205172789,False,0.4374430116781799,True,0.2040442481803657,False,0.5008129359642991,3
1db13d3c15f32024,False,0.18161763707814832,True,0.30120481927710846,False,2.0501998117759093e-05,True,7.2124976619489995,False,0.29037067168228553,True,0.1364097727676194,True,0.6605574078115255,4
66821197d414cec1,False,0.2837975902048133,True,1.0,False,0.1819721247169429,True,7.6522087589654415,False,0.4374430116781799,True,0.18686157464938755,True,0.6248182843659388,4
1459edfd8986a239,False,0.20427319067040153,False,0.0,False,3.895139878651031e-05,True,35.36184210526316,False,0.08335086146278727,True,0.4617843511450382,False,0.5034194067613877,2
1d7a1ac1513eb48c,False,0.22602742125736297,True,0.3597560975609756,False,2.0501998117759093e-05,True,17.57435002182181,False,0.3079360551674457,True,0.2724482957571454,False,0.22775846806740874,3
04218f1a6e23777f,False,0.16994159259308927,True,0.32,False,2.0501998117759093e-05,True,4.130556767878296,False,0.296009225899153,True,0.09431031421977633,True,0.6601576985091998,4
906225a3a7872467,False,0.25251994063975025,True,1.0,False,0.1819721247169429,True,2.7945691154096934,False,0.4374430116781799,True,0.08376553346351855,False,0.5361523501075602,3
7833f4a2541cfefe,False,0.11500156587011746,False,0.0,False,3.895139878651031e-05,True,8.287433700530396,False,0.08335086146278727,True,0.1675310669270371,False,0.23036493886449733,2
e6801aded2cc12e5,False,0.17521892873417907,True,0.3793103448275862,False,2.0501998117759093e-05,True,4.791445850738825,False,0.31380232934742885,True,0.10102787147168472,True,0.6248182843659388,4
03b5f399baaf191a,False,0.23135577904881327,True,1.0,False,0.0013062247143504715,True,9.195290454412767,False,0.34820684874050534,True,0.23196609266820523,True,0.6216599625252344,4
7461cd33e630797b,False,0.23005254365026898,True,1.0,False,0.0013062247143504715,True,8.960542960007784,False,0.34820684874050534,True,0.2276704242854607,False,0.5385069125077022,3
491ca18b0b67a4d0,False,0.10196921188467455,False,0.0,False,3.895139878651031e-05,True,5.677755456433655,False,0.08335086146278727,True,0.1245743830995917,False,0.08929790052987177,2
5aaf14bb81bc04dc,False,0.19225871709248452,True,1.0,False,0.0013062247143504715,True,3.211053809477474,False,0.34820684874050534,True,0.103096041185869,False,0.49765461412359474,3
6b4b9a5e058e86d9,False,0.23917519144007907,True,1.0,False,0.0013062247143504715,True,10.654860367811617,False,0.34820684874050534,True,0.2577401029646725,False,0.1629359206252379,3
16f6f3c2fee174e0,False,0.1870457754983073,True,1.0,False,0.0013062247143504715,True,2.578573513671305,False,0.34820684874050534,True,0.08591336765489083,True,0.6248182843659388,4
6f278f0d08806579,False,0.4609446063324044,True,1.0,False,0.46628525687103,True,9.600420840365604,False,0.5514950322586302,True,0.2577401029646725,False,0.0648270030261622,3
0e143e6744034d6e,False,0.17189116776519023,True,0.3055555555555556,False,2.0501998117759093e-05,True,5.743905855982066,False,0.29167589256581966,True,0.10362661991833838,True,0.6248182843659388,4
37a2778aa2c10a05,False,0.10327244728321884,False,0.0,False,3.895139878651031e-05,True,5.915952672378621,False,0.08335086146278727,True,0.12887005148233624,True,0.6248182843659388,3
fa309145a213efb6,False,0.17316898135947537,True,0.3684210526315789,False,2.0501998117759093e-05,True,4.642200261861712,False,0.3105355416886267,True,0.096263758210545,False,0.5385069125077022,3
77b6a1021cf1a462,False,0.1934154386001055,True,0.3274336283185841,False,2.0501998117759093e-05,True,10.127657584637447,False,0.2982393143947282,True,0.17075758920646192,True,0.6216599625252344,4
952059cd0404cb5f,False,0.30107887287093293,True,1.0,False,0.0013062247143504715,True,25.30073221757322,False,0.34820684874050534,True,0.4617843511450382,False,0.5008129359642991,3
b31d9ae6ec21ffb7,False,0.20192669846393965,True,1.0,False,1.957464823193663e-05,True,16.956471260672313,False,0.3833421419250377,True,0.2727749423042784,False,0.537203677109158,3
39c9bb80f1ad0fab,False,0.18639415779903518,True,1.0,False,0.0013062247143504715,True,2.5022501702831565,False,0.34820684874050534,True,0.08376553346351855,False,0.537203677109158,3
2484caa5d255d994,False,0.19084279695987666,True,0.3490566037735849,False,2.0501998117759093e-05,True,9.293752727726169,False,0.30472620703122844,True,0.1583390289366235,False,0.383402100119019,3
19a350797da49c63,False,0.19160709939321235,True,1.0,False,0.0013062247143504715,True,3.129865233044663,False,0.34820684874050534,True,0.10094820699449672,False,0.383402100119019,3
ef6d17f31b02b012,False,0.3016819361070471,True,0.3418079096045198,False,2.0501998117759093e-05,True,47.86691813704096,False,0.30255159878050897,True,0.5261763270015978,False,0.38405371781829123,3
a442dd32e1e1c430,False,0.16631217863431297,True,0.3404255319148936,False,2.0501998117759093e-05,True,3.6995760334185426,False,0.30213688547362105,True,0.07870983490147346,False,0.5365520594098857,3
5ea08d3f215b4b00,False,0.25992067369916066,True,1.0,False,1.957464823193663e-05,True,37.42364162469189,False,0.3833421419250377,True,0.46393218533641045,True,0.6248182843659388,4
0effd4a1f26a3c0d,False,0.3121563737585594,True,1.0,False,0.0013062247143504715,True,28.500535175634905,False,0.34820684874050534,True,0.4982975323983668,False,0.16163268522669363,3
3cdaebde575c5b37,False,0.36524980261383155,True,1.0,False,0.1819721247169429,True,27.64616387741795,False,0.4374430116781799,True,0.4553408485709214,False,0.3853569532168355,3
9d3930526e566071,False,0.2890105317989905,True,1.0,False,0.1819721247169429,True,8.613956205172789,False,0.4374430116781799,True,0.2040442481803657,True,0.6248182843659388,4
6820c5d670a6d1b8,False,0.29912401977311653,True,1.0,False,0.0013062247143504715,True,24.754305731244525,False,0.34820684874050534,True,0.4553408485709214,False,0.2342746450601302,3
0f7eb6b38a07e024,False,0.16057604776362183,True,0.2926829268292683,False,2.0501998117759093e-05,True,3.163383003927926,False,0.2878141039479335,True,0.06843910882300729,False,0.49765461412359474,3
db84e9aeb0a907b8,False,0.29031376719753477,True,1.0,False,0.1819721247169429,True,8.861185068463378,False,0.4374430116781799,True,0.20833991656311024,False,0.49895784952213906,3
0a60f33026596983,False,0.3121563737585594,True,1.0,False,0.0013062247143504715,True,28.500535175634905,False,0.34820684874050534,True,0.4982975323983668,True,0.6248182843659388,4
5a066ebdbd318c69,False,0.1478424294243515,True,1.0,False,1.957464823193663e-05,True,4.24391812238774,False,0.3833421419250377,True,0.09450470442037992,True,0.6248182843659388,4
1305089c20abcf01,False,0.3368115622132739,True,1.0,False,1.957464823193663e-05,True,75.46708105597828,False,0.3833421419250377,True,0.7173766199183385,False,0.16228430292596577,3
1a548869f66c2e7c,False,0.2677400860904264,True,1.0,False,1.957464823193663e-05,True,40.72446683099346,False,0.3833421419250377,True,0.4897061956328777,False,0.16163268522669363,3
deb58f5ea5753fb1,False,0.3659014203131037,True,1.0,False,0.1819721247169429,True,27.84890512931971,False,0.4374430116781799,True,0.4574886827622937,False,0.22841008576668087,3
e52a73ec60adcfae,False,0.27295302768460356,True,1.0,False,1.957464823193663e-05,True,42.996463401564675,False,0.3833421419250377,True,0.5068888691638559,False,0.1629359206252379,3
e0fb9578095c1a71,False,0.2398268091393512,True,1.0,False,0.0013062247143504715,True,10.780444195776978,False,0.34820684874050534,True,0.25988793715604475,False,0.383402100119019,3
5a405e514d4554ea,False,0.15826831261270585,True,1.0,False,1.957464823193663e-05,True,6.234994804170997,False,0.3833421419250377,True,0.12887005148233624,False,0.5008129359642991,3
4453fc0896b211ea,False,0.3587336256211101,True,1.0,False,0.1819721247169429,True,25.65610736796349,False,0.4374430116781799,True,0.4338625066571987,True,0.625469902065211,4
dbf040b90f97cfdd,False,0.18639415779903518,True,1.0,False,0.0013062247143504715,True,2.5022501702831565,False,0.34820684874050534,True,0.08376553346351855,False,0.22775846806740874,3
cb6f9f05f1dba6c8,False,0.2981331795888005,True,1.0,False,0.1819721247169429,True,10.401611062812432,False,0.4374430116781799,True,0.2341139268595775,False,0.383402100119019,3
a1cc7d298dcdac37,False,0.1000143587868581,False,0.0,False,3.895139878651031e-05,True,5.3138513398481395,False,0.08335086146278727,True,0.11813088052547488,False,0.38470533551756336,2
a8b94d55144b9a8e,False,0.1688573885834247,True,0.288135593220339,False,2.0501998117759093e-05,True,4.78209364673608,False,0.2864499038652547,True,0.09663500798863839,False,0.19736537456903464,3
30208bff9d7b4777,False,0.2818427371069969,True,1.0,False,0.1819721247169429,True,7.302760269506628,False,0.4374430116781799,True,0.18041807207527075,True,0.6216599625252344,4
9ba73e6751977abb,False,0.23331063214662973,True,1.0,False,0.0013062247143504715,True,9.55197285199961,False,0.34820684874050534,True,0.23840959524232205,True,0.6605574078115255,4
b31e7688d6334e5f,False,0.16920468730283544,True,0.4186046511627907,False,2.0501998117759093e-05,True,3.3679624664879357,False,0.3255906212479902,True,0.07404291674063554,True,0.6248182843659388,4
ce568b41e555c521,False,0.29748156188952835,True,1.0,False,0.1819721247169429,True,10.269506628993698,False,0.4374430116781799,True,0.23196609266820523,False,0.5008129359642991,3
6a26f58bc555a074,False,0.1761948334160177,True,0.4444444444444444,False,2.0501998117759093e-05,True,4.370972261137573,False,0.33334255923248635,True,0.09243653470619564,False,0.38405371781829123,3
78d6e19286583d34,False,0.1722809233227183,True,0.3,False,2.0501998117759093e-05,True,5.666075153326483,False,0.290009225899153,True,0.10587164921001244,False,0.23036493886449733,3
5961ca3dd5952899,False,0.3897574495526102,True,0.32367972742759793,False,2.0501998117759093e-05,True,96.75673358688198,False,0.2971131441274324,True,0.8212437866145925,False,0.537203677109158,3
4499febacc3f222f,False,0.35026259553057226,True,1.0,False,0.1819721247169429,True,23.170574331667027,False,0.4374430116781799,True,0.40594066216935915,True,0.6216599625252344,4
9f61429b5a9a09da,False,0.2818427371069969,True,1.0,False,0.1819721247169429,True,7.302760269506628,False,0.4374430116781799,True,0.18041807207527075,True,0.5728511562499354,4
091bf0ad75d65bb4,False,0.23852357374080688,True,1.0,False,0.0013062247143504715,True,10.52988469397684,False,0.34820684874050534,True,0.2555922687733002,True,0.6216599625252344,4
b68c5f1fb75de82f,False,0.2274460728531804,True,1.0,False,0.0013062247143504715,True,8.498345820764815,False,0.34820684874050534,True,0.21907908751997163,False,0.38405371781829123,3
18832a1741342697,False,0.28966214949826263,True,1.0,False,0.1819721247169429,True,8.737231036731146,False,0.4374430116781799,True,0.206192082371738,True,0.6216599625252344,4
93c142b2a4c52935,False,0.28705567870117404,True,1.0,False,0.1819721247169429,True,8.248206911540969,False,0.4374430116781799,True,0.1976007456062489,False,0.22775846806740874,3
cacb310f2e09a0dd,False,0.17513623845347964,True,0.3026315789473684,False,2.0501998117759093e-05,True,6.240465738924691,False,0.2907986995833635,True,0.11483423575359489,True,0.6248182843659388,4
4c45fbf6573a0190,False,0.18900062859612374,True,1.0,False,0.0013062247143504715,True,2.8111924686192467,False,0.34820684874050534,True,0.09235687022900764,True,0.6248182843659388,4
5eef51a25b003d4e,False,0.19030386399466806,True,1.0,False,0.0013062247143504715,True,2.969312542570789,False,0.34820684874050534,True,0.09665253861175219,False,0.0648270030261622,3
ac3d178dae40cba0,False,0.3043369613672937,True,1.0,False,0.0013062247143504715,True,26.223606110732703,False,0.34820684874050534,True,0.4725235221018995,False,0.2297133211652252,3
665f357a9ee1a4d4,False,0.17603057778240735,True,0.35064935064935066,False,2.0501998117759093e-05,True,6.197643160790197,False,0.3052040310939582,True,0.10913323273566483,True,0.6605574078115255,4
771831d01716c10e,False,0.22382172164856592,False,0.0,False,3.895139878651031e-05,True,43.41977764177887,False,0.08335086146278727,True,0.5262193768862063,True,0.6248182843659388,3
2560fba0bc93a1cf,False,0.19901079639213068,True,0.375,False,2.0501998117759093e-05,True,11.357056131502755,False,0.312509225899153,True,0.18073672998402274,False,0.06547862072543435,3
cfe3b453c2d85ccb,False,0.16392852451213777,True,0.27906976744186046,False,2.0501998117759093e-05,True,3.4684986595174263,False,0.28373015613171115,True,0.08189175394993786,True,0.6216599625252344,4
d94caddbb75215b3,False,0.29031376719753477,True,1.0,False,0.1819721247169429,True,8.861185068463378,False,0.4374430116781799,True,0.20833991656311024,True,0.6216599625252344,4
8e2c0fa415ccba4f,False,0.19134586578736612,True,0.3277310924369748,False,2.0501998117759093e-05,True,10.275615778944736,False,0.29832855363024546,True,0.16402250133143975,False,0.17075533301650367,3
20441710b6474ee5,False,0.22337285792302902,True,0.2958579881656805,False,2.0501998117759093e-05,True,18.04429827295966,False,0.28876662234885714,True,0.27533862950470445,True,0.6223115802245066,4
6c13c877eb131a7f,False,0.28444920790408545,True,1.0,False,0.1819721247169429,True,7.770049989132796,False,0.4374430116781799,True,0.18900940884075984,False,0.49765461412359474,3
0c9a89c3163a0960,False,0.1876973931975795,True,1.0,False,0.0013062247143504715,True,2.655505011190036,False,0.34820684874050534,True,0.08806120184626309,False,0.1511965877111436,3
275e896bf4cb93df,False,0.2851008256033576,True,1.0,False,0.1819721247169429,True,7.888570419474028,False,0.4374430116781799,True,0.1911572430321321,True,0.6248182843659388,4
a2598a2a908de074,False,0.09219494639559236,False,0.0,False,3.895139878651031e-05,True,3.929093567251462,False,0.08335086146278727,True,0.09235687022900764,False,0.5008129359642991,2
3942568ebd5eb8db,False,0.1715952698005591,True,0.3387096774193548,False,2.0501998117759093e-05,True,4.976931230126566,False,0.30162212912495945,True,0.0965378128883366,False,0.38470533551756336,3
6f1556a192bb96d8,False,0.1504489002214401,True,1.0,False,1.957464823193663e-05,True,4.715464580430822,False,0.3833421419250377,True,0.103096041185869,False,0.17310662306826538,3
1e1e6318b15c67a1,False,0.18574254009976304,True,1.0,False,0.0013062247143504715,True,2.4265349810255907,False,0.34820684874050534,True,0.0816176992721463,True,0.6216599625252344,4
1ae396282c7ef300,False,0.11630480126866174,False,0.0,False,3.895139878651031e-05,True,8.567931456548347,False,0.08335086146278727,True,0.17182673530978165,False,0.16228430292596577,2
077567325cccd3b1,False,0.11304671277230102,False,0.0,False,3.895139878651031e-05,True,7.8730620155038755,False,0.08335086146278727,True,0.16108756435292032,True,0.6216599625252344,3
7a209e4be61a0a4a,False,0.19475890377194605,True,1.0,False,1.957464823193663e-05,True,14.918015218090236,False,0.3833421419250377,True,0.2491487661991834,False,0.18443930470121872,3
d607429e8a09d1b8,False,0.09740788798976953,False,0.0,False,3.895139878651031e-05,True,4.833486332109343,False,0.08335086146278727,True,0.10953954375998581,False,0.49765461412359474,2
491ca705673fd562,False,0.2677400860904264,True,1.0,False,1.957464823193663e-05,True,40.72446683099346,False,0.3833421419250377,True,0.4897061956328777,False,0.22775846806740874,3
a0b2c1117b29c0f8,False,0.3361599445140018,True,1.0,False,1.957464823193663e-05,True,75.09243382274141,False,0.3833421419250377,True,0.7152287857269661,False,0.2342746450601302,3
41546aa101ee86db,False,0.40663101573324373,True,0.32909379968203495,False,2.0501998117759093e-05,True,107.35628779849118,False,0.2987373658037635,True,0.8761330552103676,False,0.49830623182286693,3
0ea947357d7ed7f7,False,0.1478424294243515,True,1.0,False,1.957464823193663e-05,True,4.24391812238774,False,0.3833421419250377,True,0.09450470442037992,True,0.6216599625252344,4
3e1359b0723bcff4,False,0.2579658206013442,True,1.0,False,1.957464823193663e-05,True,36.618529632408105,False,0.3833421419250377,True,0.4574886827622937,False,0.5378552948084301,3
8d702122b4da0ead,False,0.2994842124176501,True,0.3163841807909605,False,2.0501998117759093e-05,True,47.59102811896003,False,0.2949244801364411,True,0.5235600479318303,False,0.10697960480341787,3
887571efd2a5c81a,False,0.20705115750817304,True,0.3333333333333333,False,2.0501998117759093e-05,True,12.318021697113286,False,0.300009225899153,True,0.2144743032132079,False,0.383402100119019,3
a5e142921d3aaba4,False,0.1870457754983073,True,1.0,False,0.0013062247143504715,True,2.578573513671305,False,0.34820684874050534,True,0.08591336765489083,False,0.06873670922179509,3
f2400457c55ff4a2,False,0.1674168374300619,True,0.3333333333333333,False,2.0501998117759093e-05,True,3.629824178564748,False,0.300009225899153,True,0.08357114326291497,False,0.40034416030009484,3
3f6ce7e58e9f0eff,False,0.163481254206883,True,1.0,False,1.957464823193663e-05,True,7.309993908338409,False,0.3833421419250377,True,0.1460527250133144,False,0.5378552948084301,3
61f651ba26bb7ae3,False,0.23656872064299042,True,1.0,False,0.0013062247143504715,True,10.158606597256007,False,0.34820684874050534,True,0.2491487661991834,False,0.11589436307313795,3
8ec86fb0b3d4817f,False,0.18965224629539593,True,1.0,False,0.0013062247143504715,True,2.8899484285297263,False,0.34820684874050534,True,0.09450470442037992,True,0.6216599625252344,4
3a91a2ed615ac19c,False,0.1735937191982139,True,0.3333333333333333,False,2.0501998117759093e-05,True,4.980048631460814,False,0.300009225899153,True,0.10401540031954554,False,0.22775846806740874,3
443276ff8b465f66,False,0.18639415779903518,True,1.0,False,0.0013062247143504715,True,2.5022501702831565,False,0.34820684874050534,True,0.08376553346351855,False,0.14715336115472474,3
18e6d6ef5f48d5f1,False,0.23033789864128737,False,0.0,False,3.895139878651031e-05,True,46.27575479396165,False,0.08335086146278727,True,0.547697718799929,True,0.6248182843659388,3
775d6f86f21aa07e,False,0.2326590144473576,True,1.0,False,0.0013062247143504715,True,9.432470565340079,False,0.34820684874050534,True,0.23626176105094976,False,0.537203677109158,3
bcd16b88418b30b5,False,0.30793580867299025,True,0.33972602739726027,False,2.0501998117759093e-05,True,50.634391171519425,False,0.3019270341183311,True,0.5471862240369253,True,0.6605574078115255,4
f91c1bf89522a3a0,False,0.29552670879171195,True,1.0,False,0.1819721247169429,True,9.877268528580743,False,0.4374430116781799,True,0.2255225900940884,False,0.5469779425982401,3
b9d4e7d447578b52,False,0.2359171029437183,True,1.0,False,0.0013062247143504715,True,10.036063539943562,False,0.34820684874050534,True,0.2470009320078111,True,0.625469902065211,4
d9311a7efdc3d2d1,False,0.18432128431945602,True,0.3118279569892473,False,2.0501998117759093e-05,True,8.045233493359936,False,0.2935576129959272,True,0.14349857979762115,True,0.6612090255107976,4
a5139a445e104744,False,0.11109185967448461,False,0.0,False,3.895139878651031e-05,True,7.466340269277847,False,0.08335086146278727,True,0.1546440617788035,True,0.6612090255107976,3
05aebe6e164eaf90,False,0.10522730038103527,False,0.0,False,3.895139878651031e-05,True,6.292074663402692,False,0.08335086146278727,True,0.13531355405645304,False,0.23883596895503523,2
7d9b057d74de858b,False,0.18965224629539593,True,1.0,False,0.0013062247143504715,True,2.8899484285297263,False,0.34820684874050534,True,0.09450470442037992,False,0.383402100119019,3
90cefc9b766e431f,False,0.3678562734109202,True,1.0,False,0.1819721247169429,True,28.461204086068243,False,0.4374430116781799,True,0.46393218533641045,False,0.14799690503761265,3
908f8edb3f79affa,False,0.16671188793663855,True,0.3404255319148936,False,2.0501998117759093e-05,True,3.7178907662572476,False,0.30213688547362105,True,0.08001797443635719,False,0.22841008576668087,3
45e54137ad749d4a,False,0.14719081172507936,True,1.0,False,1.957464823193663e-05,True,4.12826420890937,False,0.3833421419250377,True,0.09235687022900764,True,0.6216599625252344,4
56fb872112996a6a,False,0.17803097529558493,True,0.35526315789473684,False,2.0501998117759093e-05,True,6.240465738924691,False,0.30658817326757404,True,0.11483423575359489,True,0.6248182843659388,4
1a066aff2833ad6d,False,0.1628838199759805,True,0.2608695652173913,False,2.0501998117759093e-05,True,3.67463682274456,False,0.27827009546437037,True,0.08179455884963609,False,0.5008129359642991,3
d259543a3b27a289,False,0.29031376719753477,True,1.0,False,0.1819721247169429,True,8.861185068463378,False,0.4374430116781799,True,0.20833991656311024,True,0.6248182843659388,4
3100693433eb8c2d,False,0.3394180330103625,True,1.0,False,1.957464823193663e-05,True,76.9746007930554,False,0.3833421419250377,True,0.7259679566838274,True,0.6216599625252344,4
7de572334dd160fc,False,0.2857524433026298,True,1.0,False,0.1819721247169429,True,8.007770049989134,False,0.4374430116781799,True,0.19330507722350437,False,0.383402100119019,3
5c55067dffc9ede0,False,0.28053950170845254,True,1.0,False,0.1819721247169429,True,7.073190610736796,False,0.4374430116781799,True,0.17612240369252619,False,0.38405371781829123,3
a1d78b2c6c71c63e,False,0.21730554465584445,False,0.0,False,3.895139878651031e-05,True,40.64879980960153,False,0.08335086146278727,True,0.5047410349724836,False,0.383402100119019,2
857d7973568d6d75,False,0.1999718453661232,True,1.0,False,1.957464823193663e-05,True,16.389811738648948,False,0.3833421419250377,True,0.26633143973016155,False,0.49765461412359474,3
b3993b8e57f8a169,False,0.3004272551716608,True,1.0,False,0.0013062247143504715,True,25.11798190133307,False,0.34820684874050534,True,0.4596365169536659,True,0.6248182843659388,4
b34cfb3dca3fcd92,False,0.1876973931975795,True,1.0,False,0.0013062247143504715,True,2.655505011190036,False,0.34820684874050534,True,0.08806120184626309,False,0.38405371781829123,3
3fe0a0b8cc845199,False,0.1478424294243515,True,1.0,False,1.957464823193663e-05,True,4.256996452502956,False,0.3833421419250377,True,0.09450470442037992,False,0.5385069125077022,3
bba6391b04c1fff7,False,0.23135577904881327,True,1.0,False,0.0013062247143504715,True,9.195290454412767,False,0.34820684874050534,True,0.23196609266820523,False,0.49765461412359474,3
9d6e50cb6190afd5,False,0.25251994063975025,True,1.0,False,0.1819721247169429,True,2.7945691154096934,False,0.4374430116781799,True,0.08376553346351855,False,0.5014645536635712,3
54905406f96b37ba,False,0.30107887287093293,True,1.0,False,0.0013062247143504715,True,25.30073221757322,False,0.34820684874050534,True,0.4617843511450382,False,0.49765461412359474,3
64d06954828e13e9,False,0.18477023223850766,True,0.3113207547169811,False,2.0501998117759093e-05,True,8.868808567603747,False,0.2934054523142473,True,0.14525763358778626,False,0.5383591116023232,3
78fc0fa6fe1b7e3d,False,0.2287493082517247,True,1.0,False,0.0013062247143504715,True,8.728228082125133,False,0.34820684874050534,True,0.22337475590271616,False,0.5368039678068324,3
8def91ef5847af5a,False,0.19030386399466806,True,1.0,False,0.0013062247143504715,True,2.975537516454586,False,0.34820684874050534,True,0.09665253861175219,False,0.08046582780869373,3
6b74b81c77ab30a8,False,0.3069434321643823,True,1.0,False,0.0013062247143504715,True,26.972851999610782,False,0.34820684874050534,True,0.48111485886738864,False,0.38405371781829123,3
5f4e421072de1e9f,False,0.1439327232287186,True,1.0,False,1.957464823193663e-05,True,3.563390847711928,False,0.3833421419250377,True,0.0816176992721463,True,0.6248182843659388,4
790deb8b1a58a82f,False,0.23135577904881327,True,1.0,False,0.0013062247143504715,True,9.195290454412767,False,0.34820684874050534,True,0.23196609266820523,True,0.6248182843659388,4
d92e8806b74ccd4a,False,0.4668091656258538,True,1.0,False,0.46628525687103,True,10.638548539114044,False,0.5514950322586302,True,0.27707061068702293,False,0.5361523501075602,3
07bc49e1c055f3b2,False,0.34048833004149004,True,1.0,False,0.1819721247169429,True,20.44528363399261,False,0.4374430116781799,True,0.3737231492987751,False,0.08046582780869373,3
a2db31cf44c5d0bb,False,0.1876973931975795,True,1.0,False,0.0013062247143504715,True,2.655505011190036,False,0.34820684874050534,True,0.08806120184626309,True,0.6605574078115255,4
96b2b6066caa702b,False,0.23526548524444618,True,1.0,False,0.0013062247143504715,True,9.9141286367617,False,0.34820684874050534,True,0.24485309781643885,False,0.11982286835564922,3
00a13ad5e53b8c27,False,0.08893685789923161,False,0.0,False,3.895139878651031e-05,True,3.3964384214648096,False,0.08335086146278727,True,0.0816176992721463,True,0.6216599625252344,3
ab7b4b08ede83c0d,False,0.20816289858752687,True,0.3333333333333333,False,2.0501998117759093e-05,True,12.868632707774799,False,0.300009225899153,True,0.2182043316172555,True,0.6248182843659388,4
d09f8b496df512b4,False,0.3361599445140018,True,1.0,False,1.957464823193663e-05,True,75.09243382274141,False,0.3833421419250377,True,0.7152287857269661,False,0.17336180381359226,3
303591b6605addb1,False,0.2877072964004461,True,1.0,False,0.1819721247169429,True,8.3694441425777,False,0.4374430116781799,True,0.19974857979762117,False,0.11982286835564922,3
d2e603c10f1a2256,False,0.14588757632653507,True,1.0,False,1.957464823193663e-05,True,3.8996356231915126,False,0.3833421419250377,True,0.08806120184626309,True,0.6248182843659388,4
d1c86ceed85c0c86,False,0.2922686202953513,True,1.0,False,0.1819721247169429,True,9.237122364703326,False,0.4374430116781799,True,0.2147834191372271,True,0.6248182843659388,4
245636c7170a1f93,False,0.25251994063975025,True,1.0,False,0.1819721247169429,True,2.7945691154096934,False,0.4374430116781799,True,0.08376553346351855,False,0.22775846806740874,3
ea9ccc8c09fa75d7,False,0.19906024907622435,False,0.0,False,3.895139878651031e-05,True,33.34225826193391,False,0.08335086146278727,True,0.44460167761406,False,0.49765461412359474,2
e207c9cbf8393e9b,False,0.22422578692411482,True,0.3151515151515151,False,2.0501998117759093e-05,True,17.745807095205436,False,0.29455468044460753,True,0.2745961299485177,False,0.38991827711174054,3
fc4a4cd5ce73d21e,False,0.1876973931975795,True,1.0,False,0.0013062247143504715,True,2.655505011190036,False,0.34820684874050534,True,0.08806120184626309,False,0.1635875383245101,3
0f2f893b845d1cf6,False,0.19774372067759136,True,0.3409090909090909,False,2.0501998117759093e-05,True,11.660595871859531,False,0.3022819531718803,True,0.18278736907509321,False,0.39187313020955694,3
85bd88404fb80da0,False,0.28966214949826263,True,1.0,False,0.1819721247169429,True,8.737231036731146,False,0.4374430116781799,True,0.206192082371738,False,0.06547862072543435,3
40af71eeca99721f,False,0.1870457754983073,True,1.0,False,0.0013062247143504715,True,2.578573513671305,False,0.34820684874050534,True,0.08591336765489083,True,0.6216599625252344,4
8999fde84148adb5,False,0.14653919402580723,True,1.0,False,1.957464823193663e-05,True,4.013503375843961,False,0.3833421419250377,True,0.09020903603763537,False,0.49830623182286693,3
17e289b3c332294d,False,0.19403552418667472,True,0.3333333333333333,False,2.0501998117759093e-05,True,10.034914894943576,False,0.300009225899153,True,0.17169447896325227,True,0.6216599625252344,4
16590d791998de04,False,0.21203537994737062,True,0.3333333333333333,False,2.0501998117759093e-05,True,15.603110114878117,False,0.300009225899153,True,0.23142752529735489,False,0.49765461412359474,3
35731fd683c2b40d,False,0.17759728079949208,True,0.3333333333333333,False,2.0501998117759093e-05,True,7.002531882970743,False,0.300009225899153,True,0.11753017930055033,True,0.6216599625252344,4
d221d9b5e05b2607,False,0.09740788798976953,False,0.0,False,3.895139878651031e-05,True,4.833486332109343,False,0.08335086146278727,True,0.10953954375998581,False,0.49765461412359474,2
819b92e001336f42,False,0.22288474895827537,True,1.0,False,0.0013062247143504715,True,7.712914761117058,False,0.34820684874050534,True,0.2040442481803657,False,0.16228430292596577,3
fc0ef0d63ac6a111,False,0.23331063214662973,True,1.0,False,0.0013062247143504715,True,9.55197285199961,False,0.34820684874050534,True,0.23840959524232205,False,0.19475890377194605,3
45f7e0b6dcef908d,False,0.2851008256033576,True,1.0,False,0.1819721247169429,True,7.888570419474028,False,0.4374430116781799,True,0.1911572430321321,False,0.1635875383245101,3
706cf08a5049d81a,False,0.2851008256033576,True,1.0,False,0.1819721247169429,True,7.888570419474028,False,0.4374430116781799,True,0.1911572430321321,False,0.5387588209046488,3
c07918bfa1fe894e,False,0.20826666618018835,True,0.31451612903225806,False,2.0501998117759093e-05,True,12.659766818380199,False,0.2943640646088304,True,0.22185469554411508,False,0.537203677109158,3
0a57e15f8278a066,False,0.09545303489195309,False,0.0,False,3.895139878651031e-05,True,4.4945350539684705,False,0.08335086146278727,True,0.103096041185869,True,0.6248182843659388,3
8b3ea0be2f3b6a3d,False,0.2235363666575475,True,1.0,False,0.0013062247143504715,True,7.8232947358178455,False,0.34820684874050534,True,0.206192082371738,False,0.11549465377081236,3
dca5063f6d713be8,False,0.22223313125900324,True,1.0,False,0.0013062247143504715,True,7.603142940546852,False,0.34820684874050534,True,0.20189641398899344,True,0.6216599625252344,4
9032bee791188bf6,False,0.11500156587011746,False,0.0,False,3.895139878651031e-05,True,8.287433700530396,False,0.08335086146278727,True,0.1675310669270371,True,0.6612090255107976,3
8c47e46e0807a79b,False,0.18965224629539593,True,1.0,False,0.0013062247143504715,True,2.8899484285297263,False,0.34820684874050534,True,0.09450470442037992,False,0.2297133211652252,3
25218f5687d29274,False,0.2320073967480854,True,1.0,False,0.0013062247143504715,True,9.313576432811132,False,0.34820684874050534,True,0.2341139268595775,False,0.22775846806740874,3
5fd2125dc7ee12cf,False,0.1870457754983073,True,1.0,False,0.0013062247143504715,True,2.578573513671305,False,0.34820684874050534,True,0.08591336765489083,True,0.6216599625252344,4
26194cd4808aa51b,False,0.10978862427594029,False,0.0,False,3.895139878651031e-05,True,7.199442404460765,False,0.08335086146278727,True,0.15034839339605893,False,0.051076082493797,2
f053f95ac28e0b8b,False,0.14979728252216795,True,1.0,False,1.957464823193663e-05,True,4.596238345300611,False,0.3833421419250377,True,0.10094820699449672,False,0.1250358099498264,3
917644520a340b49,False,0.14849404712362366,True,1.0,False,1.957464823193663e-05,True,4.36046511627907,False,0.3833421419250377,True,0.09665253861175219,True,0.6248182843659388,4
39fca43a4e009d13,False,0.18824246063390468,True,0.3804347826086957,False,2.0501998117759093e-05,True,7.99457572167841,False,0.3141396606817617,True,0.14396702467601635,True,0.6223115802245066,4
dcb88b59b4e1e470,False,0.1684279228037982,True,0.3269230769230769,False,2.0501998117759093e-05,True,4.174200386557765,False,0.2980861489760761,True,0.0881408663234511,False,0.0648270030261622,3
36eaf3ea3917a058,False,0.24699460383134478,True,1.0,False,0.0013062247143504715,True,12.202004476014402,False,0.34820684874050534,True,0.28351411326113973,True,0.625469902065211,4
72583b260a68e20a,False,0.09610465259122523,False,0.0,False,3.895139878651031e-05,True,4.602288181694547,False,0.08335086146278727,True,0.10524387537724127,False,0.1154946613447296,2
5af5480f52cf5615,False,0.3600368610196545,True,1.0,False,0.1819721247169429,True,26.04868506846338,False,0.4374430116781799,True,0.43815817503994325,False,0.05107609764163149,3
bb1b7bc9d74e5bd4,False,0.3092435589005058,True,0.3387096774193548,False,2.0501998117759093e-05,True,51.460502525095066,False,0.30162212912495945,True,0.5517559470974613,False,0.14480171227472727,3
a92a0bbb08ede8ca,False,0.29031376719753477,True,1.0,False,0.1819721247169429,True,8.861185068463378,False,0.4374430116781799,True,0.20833991656311024,True,0.6229631979237787,4
01963a539f82eb4d,False,0.29031376719753477,True,1.0,False,0.1819721247169429,True,8.861185068463378,False,0.4374430116781799,True,0.20833991656311024,False,0.5461785239935889,3
a1e49f1c94433d63,False,0.34006965070963463,True,1.0,False,1.957464823193663e-05,True,77.3537134283571,False,0.3833421419250377,True,0.7281157908751997,False,0.5365520594098857,3
f30de8f6ccdf2d3a,False,0.19801699226830677,True,1.0,False,1.957464823193663e-05,True,15.83118994034223,False,0.3833421419250377,True,0.25988793715604475,True,0.5500882301892218,4
a6dc1f7f22c31699,False,0.16659432451016526,True,0.3111111111111111,False,2.0501998117759093e-05,True,3.647359561069892,False,0.2933425592324863,True,0.08487928279779869,True,0.6248182843659388,4
a69b6cf50c8186da,False,0.29031376719753477,True,1.0,False,0.1819721247169429,True,8.861185068463378,False,0.4374430116781799,True,0.20833991656311024,True,0.6216599625252344,4
453caed3274ea14f,False,0.18152192957787436,True,0.3411764705882353,False,2.0501998117759093e-05,True,7.154436062098635,False,0.3023621670756236,True,0.12893218533641043,False,0.3925247479088291,3
db74624f15e9e298,False,0.08958847559850378,False,0.0,False,3.895139878651031e-05,True,3.4972970216238273,False,0.08335086146278727,True,0.08376553346351855,True,0.553007023461013,3
48aee7c8bbd92059,False,0.3182817400967863,True,0.3223350253807107,False,2.0501998117759093e-05,True,56.192717750483204,False,0.2967097335133662,True,0.5846187644239305,True,0.6216599625252344,4
e7999c0055fa2dd5,False,0.2948750910924398,True,1.0,False,0.1819721247169429,True,9.74788089545751,False,0.4374430116781799,True,0.22337475590271616,False,0.29682994419025627,3
362b6de213df9f67,False,0.17605653293190904,True,0.2857142857142857,False,2.0501998117759093e-05,True,6.451072386058981,False,0.2857235116134387,True,0.12090648854961833,False,0.0648270030261622,3
875c52be041846c8,False,0.11500156587011746,False,0.0,False,3.895139878651031e-05,True,8.287433700530396,False,0.08335086146278727,True,0.1675310669270371,True,0.6248182843659388,3
767775f7fe716e0b,False,0.1706575543363877,True,0.3125,False,2.0501998117759093e-05,True,5.130599919056069,False,0.293759225899153,True,0.09821720220131369,True,0.6216599625252344,4
02045ee32d053013,False,0.35547553712474944,True,1.0,False,0.1819721247169429,True,24.68654911975657,False,0.4374430116781799,True,0.42312333570033733,False,0.5008129359642991,3
ab9c0e0c3c7a7e6f,False,0.2326590144473576,True,1.0,False,0.0013062247143504715,True,9.432470565340079,False,0.34820684874050534,True,0.23626176105094976,False,0.16228430292596577,3
c1f5b16955c5bae8,False,0.18834901089685163,True,1.0,False,0.0013062247143504715,True,2.7330446628393497,False,0.34820684874050534,True,0.09020903603763537,True,0.6216599625252344,4
8de1740364c27558,False,0.18900062859612374,True,1.0,False,0.0013062247143504715,True,2.8111924686192467,False,0.34820684874050534,True,0.09235687022900764,False,0.383402100119019,3
b8112efe346c2103,False,0.18395389953432845,True,0.3372093023255814,False,2.0501998117759093e-05,True,7.439678284182306,False,0.3011720165968274,True,0.13762071720220131,False,0.383402100119019,3
7ce9bcb9120bf9d7,False,0.15857750125199394,True,0.2926829268292683,False,2.0501998117759093e-05,True,3.091788572143036,False,0.2878141039479335,True,0.06189841114858868,False,0.14324656847923642,3
3eec7cd8557c22ad,False,0.14849404712362366,True,1.0,False,1.957464823193663e-05,True,4.36046511627907,False,0.3833421419250377,True,0.09665253861175219,True,0.6216599625252344,4
e69efc5f799ffa48,False,0.09740788798976953,False,0.0,False,3.895139878651031e-05,True,4.840563178862065,False,0.08335086146278727,True,0.10953954375998581,False,0.2818427371069969,2
022ea0865d780b69,False,0.23396224984590186,True,1.0,False,0.0013062247143504715,True,9.672083292789726,False,0.34820684874050534,True,0.24055742943369432,False,0.15981740438872707,3
293d1b42c638d321,False,0.25317155833902244,True,1.0,False,0.1819721247169429,True,2.879808737231037,False,0.4374430116781799,True,0.08591336765489083,False,0.16163268522669363,3
d8a032e00c3e50f6,False,0.2837975902048133,True,1.0,False,0.1819721247169429,True,7.6522087589654415,False,0.4374430116781799,True,0.18686157464938755,True,0.6216599625252344,4
55596538d4de2784,False,0.29552670879171195,True,1.0,False,0.1819721247169429,True,9.877268528580743,False,0.4374430116781799,True,0.2255225900940884,False,0.5378552948084301,3
44cb71513a7afb4d,False,0.4070720725965775,True,0.3317384370015949,False,2.0501998117759093e-05,True,107.50358501153438,False,0.2995307569996315,True,0.8770699449671578,True,0.6248182843659388,4
79840e0cfceb2634,False,0.28966214949826263,True,1.0,False,0.1819721247169429,True,8.737231036731146,False,0.4374430116781799,True,0.206192082371738,False,0.5365520594098857,3
c0310f827190f8ca,False,0.18860476644953053,True,0.3541666666666667,False,2.0501998117759093e-05,True,8.416983602468983,False,0.306259225899153,True,0.149942082371738,False,0.5021161713628434,3
4438cc90f769802e,False,0.25447479373756676,True,1.0,False,0.1819721247169429,True,3.0523255813953485,False,0.4374430116781799,True,0.09020903603763537,True,0.6216599625252344,4
3593af66f00142f2,False,0.20257831616321179,True,1.0,False,1.957464823193663e-05,True,17.147143928839352,False,0.3833421419250377,True,0.27492277649565067,True,0.6605574078115255,4
c3cb20392b0b99fb,False,0.16097067567492845,True,0.3488372093023256,False,2.0501998117759093e-05,True,3.192204301075269,False,0.3046603886898507,True,0.059653381856914614,True,0.6216599625252344,4
5a84018b7ada0f76,False,0.3606884787189266,True,1.0,False,0.1819721247169429,True,26.245992718974133,False,0.4374430116781799,True,0.44030600923131546,False,0.06808509152252294,3
42a8a4caf78a1c0a,False,0.18834901089685163,True,1.0,False,0.0013062247143504715,True,2.7330446628393497,False,0.34820684874050534,True,0.09020903603763537,False,0.2342746450601302,3
141c19060cd9bcd7,False,0.1677825995111613,False,0.0,False,3.895139878651031e-05,True,22.367146062831498,False,0.08335086146278727,True,0.34150563642819104,False,0.28249435480626905,2
adda5a44eeb78f05,False,0.11956288976502248,False,0.0,False,3.895139878651031e-05,True,9.28405072759418,False,0.08335086146278727,True,0.18256590626664299,True,0.6216599625252344,3
a74053cd9fbcdf58,False,0.3678562734109202,True,1.0,False,0.1819721247169429,True,28.461204086068243,False,0.4374430116781799,True,0.46393218533641045,False,0.3853569532168355,3
57fe66fb24a13b91,False,0.15501022411634513,True,1.0,False,1.957464823193663e-05,True,5.575054477905192,False,0.3833421419250377,True,0.11813088052547488,False,0.22775846806740874,3
74d0103e838aa36d,False,0.4563832824374994,True,1.0,False,0.46628525687103,True,8.823674462442188,False,0.5514950322586302,True,0.24270526362506656,False,0.16880047991868724,3
60f7a80a7ffe3d1a,False,0.19421357019030094,True,1.0,False,0.0013062247143504715,True,3.4582684635594045,False,0.34820684874050534,True,0.10953954375998581,False,0.383402100119019,3
df2643b3b6ff4c31,False,0.2287493082517247,True,1.0,False,0.0013062247143504715,True,8.728228082125133,False,0.34820684874050534,True,0.22337475590271616,False,0.38666018861537976,3
54a68425ad800fb7,False,0.4609446063324044,True,1.0,False,0.46628525687103,True,9.600420840365604,False,0.5514950322586302,True,0.2577401029646725,False,0.22775846806740874,3
2f1b250bcc58da2c,False,0.25251994063975025,True,1.0,False,0.1819721247169429,True,2.7945691154096934,False,0.4374430116781799,True,0.08376553346351855,True,0.6248182843659388,4
a0cb2eee4d4e8739,False,0.1870457754983073,True,1.0,False,0.0013062247143504715,True,2.578573513671305,False,0.34820684874050534,True,0.08591336765489083,False,0.1629359206252379,3
