class_id,selected_by,class_size,freq,dag_diversity,dag_div_score,operator_diversity,op_div_score,depth_min,depth_max,depth_score,intervention_score,conditional_score,role_score,complexity,signature_len,operators,representative
4aaede4bd50562a9,4,3,0.004580152671755725,3,0.00872093023255814,1,0.3333333333333333,6,6,1.0,0.0,1.0,1.0,8.0,267,Blocked,"Blocked(N1, N4 | N0, N2)"
f4d3f9c7a691e23e,4,6,0.00916030534351145,6,0.01744186046511628,2,0.6666666666666666,6,6,1.0,0.0,1.0,1.0,9.0,262,Blocked;Independent,"Blocked(N3, N2 | N4, N6) || Independent(N3, N2 | N4, N6)"
18141b0940d1ecfa,4,3,0.004580152671755725,2,0.005813953488372093,2,0.6666666666666666,6,6,1.0,0.0,1.0,1.0,9.0,263,Blocked;Independent,"Blocked(N2, N1 | N3, N4) || Independent(N2, N1 | N3, N4)"
a693231b64096e89,4,5,0.007633587786259542,3,0.00872093023255814,2,0.6666666666666666,6,6,1.0,0.0,1.0,1.0,9.0,273,Blocked;Independent,"Blocked(N2, N0 | N1, N3) || Independent(N2, N0 | N1, N3)"
f051694856ef28f8,4,5,0.007633587786259542,5,0.014534883720930232,2,0.6666666666666666,6,6,1.0,0.0,1.0,1.0,9.0,268,Blocked;Independent,"Blocked(N4, N1 | N0, N5) || Independent(N4, N1 | N0, N5)"
67a5045fce7949ee,4,7,0.010687022900763359,5,0.014534883720930232,2,0.6666666666666666,6,6,1.0,0.0,1.0,1.0,9.0,263,Blocked;Independent,"Blocked(N1, N3 | N0, N4) || Independent(N1, N3 | N0, N4)"
664ae56badce58f2,4,3,0.004580152671755725,3,0.00872093023255814,2,0.6666666666666666,6,6,1.0,0.0,1.0,1.0,9.0,263,Blocked;Independent,"Blocked(N2, N0 | N3, N4) || Independent(N2, N0 | N3, N4)"
6e128b5b76b1d16e,4,3,0.004580152671755725,3,0.00872093023255814,1,0.3333333333333333,6,6,1.0,0.0,1.0,1.0,8.0,264,Blocked,"Blocked(N7, N5 | N0, N2)"
92cb3185dc358f11,4,4,0.0061068702290076335,3,0.00872093023255814,2,0.6666666666666666,6,6,1.0,0.0,1.0,1.0,9.0,263,Blocked;Independent,"Blocked(N0, N3 | N4, N5) || Independent(N0, N3 | N4, N5)"
dfdf0af849406189,4,3,0.004580152671755725,3,0.00872093023255814,1,0.3333333333333333,6,6,1.0,0.0,1.0,1.0,8.0,263,Independent,"Independent(N4, N2 | N3, N5)"
c248403ef0bfa3df,4,4,0.0061068702290076335,2,0.005813953488372093,2,0.6666666666666666,6,6,1.0,0.0,1.0,1.0,9.0,272,Blocked;Independent,"Blocked(N1, N2 | N0, N3) || Independent(N1, N2 | N0, N3)"
2d7e661dade745f1,4,11,0.016793893129770993,6,0.01744186046511628,2,0.6666666666666666,6,6,1.0,0.0,1.0,1.0,9.0,268,Blocked;Independent,"Blocked(N2, N3 | N0, N1) || Independent(N2, N3 | N0, N1)"
7f15d2e65ff9b858,4,3,0.004580152671755725,3,0.00872093023255814,2,0.6666666666666666,6,6,1.0,0.0,1.0,1.0,9.0,267,Blocked;Independent,"Blocked(N0, N2 | N3, N4) || Independent(N0, N2 | N3, N4)"
a3c63bde97e53ad8,4,3,0.004580152671755725,3,0.00872093023255814,2,0.6666666666666666,6,6,1.0,0.0,1.0,1.0,9.0,262,Blocked;Independent,"Blocked(N4, N2 | N1, N6) || Independent(N4, N2 | N1, N6)"
eaafcd76fe40af98,4,3,0.004580152671755725,2,0.005813953488372093,2,0.6666666666666666,6,6,1.0,0.0,1.0,1.0,9.0,273,Blocked;Independent,"Blocked(N3, N2 | N0, N1) || Independent(N3, N2 | N0, N1)"
f27ebe44c553c85c,4,5,0.007633587786259542,5,0.014534883720930232,2,0.6666666666666666,6,6,1.0,0.0,1.0,1.0,9.0,262,Blocked;Independent,"Blocked(N1, N2 | N0, N7) || Independent(N1, N2 | N0, N7)"
d076238d80443163,4,3,0.004580152671755725,3,0.00872093023255814,1,0.3333333333333333,6,6,1.0,0.0,1.0,1.0,8.0,262,Blocked,"Blocked(N5, N7 | N0, N3)"
f5f0181c4676b958,4,4,0.0061068702290076335,3,0.00872093023255814,2,0.6666666666666666,6,6,1.0,0.0,1.0,1.0,9.0,272,Blocked;Independent,"Blocked(N3, N1 | N2, N4) || Independent(N3, N1 | N2, N4)"
445dd84897d301df,4,1,0.0015267175572519084,1,0.0029069767441860465,1,0.3333333333333333,6,6,1.0,0.0,1.0,1.0,8.0,262,Independent,"Independent(N4, N0 | N6, N9)"
890cfd1e054501aa,4,18,0.02748091603053435,16,0.046511627906976744,2,0.6666666666666666,6,6,1.0,0.0,1.0,1.0,9.0,262,Blocked;Independent,"Blocked(N0, N4 | N3, N5) || Independent(N0, N4 | N3, N5)"
bb88b1fc8fea2d38,4,4,0.0061068702290076335,4,0.011627906976744186,2,0.6666666666666666,6,6,1.0,0.0,1.0,1.0,9.0,262,Blocked;Independent,"Blocked(N0, N6 | N2, N4) || Independent(N0, N6 | N2, N4)"
ba0dbdea892f2773,4,3,0.004580152671755725,3,0.00872093023255814,2,0.6666666666666666,6,6,1.0,0.0,1.0,1.0,9.0,264,Blocked;Independent,"Blocked(N4, N3 | N0, N5) || Independent(N4, N3 | N0, N5)"
7ee2caa113eac0d6,4,23,0.035114503816793895,22,0.06395348837209303,2,0.6666666666666666,6,6,1.0,0.0,1.0,1.0,9.0,262,Blocked;Independent,"Blocked(N5, N0 | N2, N3) || Independent(N5, N0 | N2, N3)"
a71c84ea5f0abf9c,4,5,0.007633587786259542,5,0.014534883720930232,1,0.3333333333333333,6,6,1.0,0.0,1.0,1.0,8.0,262,Independent,"Independent(N7, N0 | N5, N6)"
0505e048e153410c,4,3,0.004580152671755725,3,0.00872093023255814,2,0.6666666666666666,6,6,1.0,0.0,1.0,1.0,9.0,263,Blocked;Independent,"Blocked(N1, N5 | N3, N6) || Independent(N1, N5 | N3, N6)"
f80cbb1d1d1f22d7,4,3,0.004580152671755725,3,0.00872093023255814,2,0.6666666666666666,6,6,1.0,0.0,1.0,1.0,9.0,262,Blocked;Independent,"Blocked(N0, N7 | N4, N6) || Independent(N0, N7 | N4, N6)"
549518bd453d2368,4,3,0.004580152671755725,3,0.00872093023255814,1,0.3333333333333333,6,6,1.0,0.0,1.0,1.0,8.0,262,Blocked,"Blocked(N3, N7 | N0, N2)"
46bbf2506594fe1a,4,1,0.0015267175572519084,1,0.0029069767441860465,1,0.3333333333333333,6,6,1.0,0.0,1.0,1.0,8.0,267,Blocked,"Blocked(N0, N1 | N5, N8)"
1cc6c76dbccbe3d9,4,12,0.0183206106870229,11,0.03197674418604651,2,0.6666666666666666,6,6,1.0,0.0,1.0,1.0,9.0,262,Blocked;Independent,"Blocked(N3, N5 | N0, N2) || Independent(N3, N5 | N0, N2)"
f81cf576700f8bc6,4,3,0.004580152671755725,3,0.00872093023255814,2,0.6666666666666666,6,6,1.0,0.0,1.0,1.0,9.0,263,Blocked;Independent,"Blocked(N1, N4 | N0, N2) || Independent(N1, N4 | N0, N2)"
9876decf1b6e383b,4,22,0.03358778625954199,22,0.06395348837209303,2,0.6666666666666666,3,3,0.5,0.0,1.0,1.0,6.0,257,Blocked;Independent,"Blocked(N6, N4 | N7) || Independent(N6, N4 | N7)"
b21d86a3d261d59a,4,5,0.007633587786259542,5,0.014534883720930232,2,0.6666666666666666,6,6,1.0,0.0,1.0,1.0,9.0,264,Blocked;Independent,"Blocked(N2, N4 | N1, N5) || Independent(N2, N4 | N1, N5)"
30d982a6685403a3,4,1,0.0015267175572519084,1,0.0029069767441860465,1,0.3333333333333333,6,6,1.0,0.0,1.0,1.0,8.0,267,Independent,"Independent(N3, N7 | N5, N9)"
3e396e787e807a24,4,3,0.004580152671755725,3,0.00872093023255814,2,0.6666666666666666,6,6,1.0,0.0,1.0,1.0,9.0,264,Blocked;Independent,"Blocked(N6, N1 | N5, N7) || Independent(N6, N1 | N5, N7)"
3bb9866b56fa4f61,4,4,0.0061068702290076335,4,0.011627906976744186,2,0.6666666666666666,6,6,1.0,0.0,1.0,1.0,9.0,272,Blocked;Independent,"Blocked(N0, N3 | N4, N5) || Independent(N0, N3 | N4, N5)"
ff71e980b9e3c7eb,4,3,0.004580152671755725,3,0.00872093023255814,2,0.6666666666666666,6,6,1.0,0.0,1.0,1.0,9.0,262,Blocked;Independent,"Blocked(N6, N5 | N2, N7) || Independent(N6, N5 | N2, N7)"
8f997405e4a47566,4,4,0.0061068702290076335,2,0.005813953488372093,2,0.6666666666666666,6,6,1.0,0.0,1.0,1.0,9.0,273,Blocked;Independent,"Blocked(N2, N1 | N0, N3) || Independent(N2, N1 | N0, N3)"
c31ce6f6929b42ac,4,1,0.0015267175572519084,1,0.0029069767441860465,1,0.3333333333333333,6,6,1.0,0.0,1.0,1.0,8.0,262,Independent,"Independent(N6, N3 | N8, N9)"
316fbae4bc859579,4,2,0.0030534351145038168,2,0.005813953488372093,1,0.3333333333333333,6,6,1.0,0.0,1.0,1.0,8.0,267,Independent,"Independent(N5, N0 | N6, N7)"
eceeec3fe300af22,4,10,0.015267175572519083,9,0.02616279069767442,2,0.6666666666666666,6,6,1.0,0.0,1.0,1.0,9.0,262,Blocked;Independent,"Blocked(N2, N3 | N0, N5) || Independent(N2, N3 | N0, N5)"
7871dcef53f508f7,4,4,0.0061068702290076335,4,0.011627906976744186,2,0.6666666666666666,6,6,1.0,0.0,1.0,1.0,9.0,262,Blocked;Independent,"Blocked(N7, N1 | N4, N5) || Independent(N7, N1 | N4, N5)"
ddf78b8fbe3351ae,4,17,0.025954198473282442,16,0.046511627906976744,2,0.6666666666666666,6,6,1.0,0.0,1.0,1.0,9.0,262,Blocked;Independent,"Blocked(N0, N5 | N1, N2) || Independent(N0, N5 | N1, N2)"
771284c3fccd7731,4,15,0.022900763358778626,15,0.0436046511627907,2,0.6666666666666666,6,6,1.0,0.0,1.0,1.0,9.0,262,Blocked;Independent,"Blocked(N3, N2 | N0, N4) || Independent(N3, N2 | N0, N4)"
ce9ead812a8ce79d,4,4,0.0061068702290076335,4,0.011627906976744186,1,0.3333333333333333,6,6,1.0,0.0,1.0,1.0,8.0,264,Independent,"Independent(N7, N3 | N2, N4)"
dfe949f054757e50,4,2,0.0030534351145038168,2,0.005813953488372093,2,0.6666666666666666,6,6,1.0,0.0,1.0,1.0,9.0,262,Blocked;Independent,"Blocked(N6, N3 | N7, N8) || Independent(N6, N3 | N7, N8)"
b1d033fae8b439d1,4,1,0.0015267175572519084,1,0.0029069767441860465,1,0.3333333333333333,6,6,1.0,0.0,1.0,1.0,8.0,262,Independent,"Independent(N4, N2 | N7, N9)"
d07b771a9aa77c4c,4,3,0.004580152671755725,3,0.00872093023255814,1,0.3333333333333333,6,6,1.0,0.0,1.0,1.0,8.0,267,Independent,"Independent(N1, N3 | N2, N5)"
f8411b27faed8212,4,14,0.021374045801526718,13,0.0377906976744186,2,0.6666666666666666,6,6,1.0,0.0,1.0,1.0,9.0,262,Blocked;Independent,"Blocked(N0, N2 | N4, N5) || Independent(N0, N2 | N4, N5)"
fd3f368b3eb912f3,4,8,0.012213740458015267,8,0.023255813953488372,2,0.6666666666666666,6,6,1.0,0.0,1.0,1.0,9.0,264,Blocked;Independent,"Blocked(N2, N0 | N4, N5) || Independent(N2, N0 | N4, N5)"
c8efb71505ac9bc1,4,1,0.0015267175572519084,1,0.0029069767441860465,1,0.3333333333333333,6,6,1.0,0.0,1.0,1.0,8.0,267,Independent,"Independent(N2, N3 | N6, N7)"
14866e019d33a733,4,3,0.004580152671755725,3,0.00872093023255814,2,0.6666666666666666,6,6,1.0,0.0,1.0,1.0,9.0,264,Blocked;Independent,"Blocked(N2, N3 | N5, N7) || Independent(N2, N3 | N5, N7)"
6848ceb98dd47e3c,4,2,0.0030534351145038168,2,0.005813953488372093,2,0.6666666666666666,6,6,1.0,0.0,1.0,1.0,9.0,262,Blocked;Independent,"Blocked(N2, N7 | N6, N8) || Independent(N2, N7 | N6, N8)"
8dbcdc550a71e10e,4,4,0.0061068702290076335,4,0.011627906976744186,2,0.6666666666666666,6,6,1.0,0.0,1.0,1.0,9.0,262,Blocked;Independent,"Blocked(N5, N2 | N4, N6) || Independent(N5, N2 | N4, N6)"
aa95af0b5dd54a87,4,3,0.004580152671755725,3,0.00872093023255814,2,0.6666666666666666,6,6,1.0,0.0,1.0,1.0,9.0,268,Blocked;Independent,"Blocked(N2, N5 | N1, N3) || Independent(N2, N5 | N1, N3)"
d3d67c9f95a3f589,4,3,0.004580152671755725,3,0.00872093023255814,2,0.6666666666666666,6,6,1.0,0.0,1.0,1.0,9.0,262,Blocked;Independent,"Blocked(N5, N7 | N1, N3) || Independent(N5, N7 | N1, N3)"
4c1ca81f2e7003b8,4,8,0.012213740458015267,8,0.023255813953488372,2,0.6666666666666666,6,6,1.0,0.0,1.0,1.0,9.0,262,Blocked;Independent,"Blocked(N6, N1 | N2, N4) || Independent(N6, N1 | N2, N4)"
6d5fec644af180c2,4,3,0.004580152671755725,3,0.00872093023255814,2,0.6666666666666666,6,6,1.0,0.0,1.0,1.0,9.0,267,Blocked;Independent,"Blocked(N1, N4 | N0, N5) || Independent(N1, N4 | N0, N5)"
1712e922cba71e91,4,34,0.051908396946564885,20,0.05813953488372093,2,0.6666666666666666,6,6,1.0,0.0,1.0,1.0,9.0,263,Blocked;Independent,"Blocked(N2, N1 | N0, N3) || Independent(N2, N1 | N0, N3)"
c08c7b887427557e,4,3,0.004580152671755725,2,0.005813953488372093,2,0.6666666666666666,6,6,1.0,0.0,1.0,1.0,9.0,268,Blocked;Independent,"Blocked(N3, N5 | N2, N4) || Independent(N3, N5 | N2, N4)"
f09a8aed7dab03a1,4,4,0.0061068702290076335,4,0.011627906976744186,2,0.6666666666666666,6,6,1.0,0.0,1.0,1.0,9.0,263,Blocked;Independent,"Blocked(N2, N5 | N1, N4) || Independent(N2, N5 | N1, N4)"
26f6b9be245b3bda,4,3,0.004580152671755725,3,0.00872093023255814,2,0.6666666666666666,6,6,1.0,0.0,1.0,1.0,9.0,262,Blocked;Independent,"Blocked(N7, N0 | N2, N5) || Independent(N7, N0 | N2, N5)"
2bfba9a46a65cb27,4,3,0.004580152671755725,3,0.00872093023255814,2,0.6666666666666666,6,6,1.0,0.0,1.0,1.0,9.0,267,Blocked;Independent,"Blocked(N0, N5 | N4, N6) || Independent(N0, N5 | N4, N6)"
fb075ceedf6de2f2,4,4,0.0061068702290076335,2,0.005813953488372093,2,0.6666666666666666,6,6,1.0,0.0,1.0,1.0,9.0,269,Blocked;Independent,"Blocked(N3, N2 | N0, N1) || Independent(N3, N2 | N0, N1)"
5e9d609f29fb58c9,4,1,0.0015267175572519084,1,0.0029069767441860465,1,0.3333333333333333,6,6,1.0,0.0,1.0,1.0,8.0,262,Blocked,"Blocked(N4, N8 | N6, N9)"
84f8394b679c6d13,4,6,0.00916030534351145,6,0.01744186046511628,2,0.6666666666666666,6,6,1.0,0.0,1.0,1.0,9.0,263,Blocked;Independent,"Blocked(N3, N5 | N0, N1) || Independent(N3, N5 | N0, N1)"
4055fc63273a3628,4,5,0.007633587786259542,4,0.011627906976744186,2,0.6666666666666666,6,6,1.0,0.0,1.0,1.0,9.0,263,Blocked;Independent,"Blocked(N4, N5 | N1, N2) || Independent(N4, N5 | N1, N2)"
5aec1e1e3b770931,4,4,0.0061068702290076335,4,0.011627906976744186,2,0.6666666666666666,6,6,1.0,0.0,1.0,1.0,9.0,267,Blocked;Independent,"Blocked(N0, N3 | N1, N5) || Independent(N0, N3 | N1, N5)"
dc821d76bec44538,4,3,0.004580152671755725,3,0.00872093023255814,2,0.6666666666666666,6,6,1.0,0.0,1.0,1.0,9.0,263,Blocked;Independent,"Blocked(N4, N3 | N0, N1) || Independent(N4, N3 | N0, N1)"
f4bf44a852b14175,4,28,0.042748091603053436,26,0.0755813953488372,2,0.6666666666666666,6,6,1.0,0.0,1.0,1.0,9.0,262,Blocked;Independent,"Blocked(N5, N2 | N3, N4) || Independent(N5, N2 | N3, N4)"
61973c82f3ee613c,4,4,0.0061068702290076335,2,0.005813953488372093,2,0.6666666666666666,6,6,1.0,0.0,1.0,1.0,9.0,272,Blocked;Independent,"Blocked(N2, N0 | N1, N3) || Independent(N2, N0 | N1, N3)"
3520a4f7f853afbe,4,6,0.00916030534351145,6,0.01744186046511628,2,0.6666666666666666,6,6,1.0,0.0,1.0,1.0,9.0,263,Blocked;Independent,"Blocked(N3, N4 | N2, N5) || Independent(N3, N4 | N2, N5)"
7f3e58370afa0916,4,3,0.004580152671755725,3,0.00872093023255814,2,0.6666666666666666,6,6,1.0,0.0,1.0,1.0,9.0,262,Blocked;Independent,"Blocked(N4, N6 | N2, N7) || Independent(N4, N6 | N2, N7)"
9a46171cfc0cb959,4,4,0.0061068702290076335,2,0.005813953488372093,2,0.6666666666666666,6,6,1.0,0.0,1.0,1.0,9.0,273,Blocked;Independent,"Blocked(N0, N1 | N2, N3) || Independent(N0, N1 | N2, N3)"
cf121ebc029ca0b2,4,3,0.004580152671755725,3,0.00872093023255814,2,0.6666666666666666,6,6,1.0,0.0,1.0,1.0,9.0,263,Blocked;Independent,"Blocked(N1, N0 | N4, N6) || Independent(N1, N0 | N4, N6)"
e98fb910a2408a20,4,21,0.03206106870229008,20,0.05813953488372093,2,0.6666666666666666,6,6,1.0,0.0,1.0,1.0,9.0,262,Blocked;Independent,"Blocked(N2, N0 | N1, N5) || Independent(N2, N0 | N1, N5)"
e0a566c350478d96,4,4,0.0061068702290076335,4,0.011627906976744186,2,0.6666666666666666,6,6,1.0,0.0,1.0,1.0,9.0,264,Blocked;Independent,"Blocked(N1, N4 | N0, N6) || Independent(N1, N4 | N0, N6)"
494c1f519e9676e6,4,1,0.0015267175572519084,1,0.0029069767441860465,1,0.3333333333333333,6,6,1.0,0.0,1.0,1.0,8.0,262,Independent,"Independent(N7, N3 | N8, N9)"
62feecf293043823,4,3,0.004580152671755725,2,0.005813953488372093,2,0.6666666666666666,6,6,1.0,0.0,1.0,1.0,9.0,273,Blocked;Independent,"Blocked(N4, N3 | N2, N5) || Independent(N4, N3 | N2, N5)"
460d8e9d091d7808,4,3,0.004580152671755725,3,0.00872093023255814,1,0.3333333333333333,6,6,1.0,0.0,1.0,1.0,8.0,268,Blocked,"Blocked(N3, N2 | N4, N5)"
12f76e978d1cf5a3,4,3,0.004580152671755725,3,0.00872093023255814,1,0.3333333333333333,6,6,1.0,0.0,1.0,1.0,8.0,268,Blocked,"Blocked(N5, N1 | N3, N4)"
2f3a05d61dec0048,4,4,0.0061068702290076335,4,0.011627906976744186,2,0.6666666666666666,6,6,1.0,0.0,1.0,1.0,9.0,262,Blocked;Independent,"Blocked(N7, N5 | N1, N2) || Independent(N7, N5 | N1, N2)"
ebae4a775b9bb948,4,3,0.004580152671755725,3,0.00872093023255814,1,0.3333333333333333,6,6,1.0,0.0,1.0,1.0,8.0,264,Blocked,"Blocked(N0, N7 | N2, N5)"
1f75e77bc7ad5778,4,5,0.007633587786259542,5,0.014534883720930232,2,0.6666666666666666,6,6,1.0,0.0,1.0,1.0,9.0,263,Blocked;Independent,"Blocked(N3, N0 | N2, N4) || Independent(N3, N0 | N2, N4)"
6653a69560dcf078,4,5,0.007633587786259542,5,0.014534883720930232,2,0.6666666666666666,6,6,1.0,0.0,1.0,1.0,9.0,263,Blocked;Independent,"Blocked(N3, N1 | N4, N5) || Independent(N3, N1 | N4, N5)"
f270ba56cc904088,4,5,0.007633587786259542,5,0.014534883720930232,2,0.6666666666666666,6,6,1.0,0.0,1.0,1.0,9.0,262,Blocked;Independent,"Blocked(N1, N6 | N2, N5) || Independent(N1, N6 | N2, N5)"
29a8c852658aee3d,4,3,0.004580152671755725,3,0.00872093023255814,2,0.6666666666666666,6,6,1.0,0.0,1.0,1.0,9.0,267,Blocked;Independent,"Blocked(N2, N1 | N3, N5) || Independent(N2, N1 | N3, N5)"
bcfe1cd52be8a328,4,3,0.004580152671755725,3,0.00872093023255814,2,0.6666666666666666,6,6,1.0,0.0,1.0,1.0,9.0,267,Blocked;Independent,"Blocked(N5, N0 | N1, N3) || Independent(N5, N0 | N1, N3)"
94d5237085bfda18,4,4,0.0061068702290076335,3,0.00872093023255814,2,0.6666666666666666,6,6,1.0,0.0,1.0,1.0,9.0,263,Blocked;Independent,"Blocked(N4, N0 | N2, N3) || Independent(N4, N0 | N2, N3)"
0d7670e7af0eeae1,4,1,0.0015267175572519084,1,0.0029069767441860465,1,0.3333333333333333,6,6,1.0,0.0,1.0,1.0,8.0,262,Blocked,"Blocked(N1, N6 | N5, N9)"
f5e02243fe17432c,4,112,0.17099236641221374,63,0.18313953488372092,2,0.6666666666666666,6,6,1.0,0.0,1.0,1.0,9.0,262,Blocked;Independent,"Blocked(N3, N0 | N1, N2) || Independent(N3, N0 | N1, N2)"
1912a04bfab6d926,4,4,0.0061068702290076335,4,0.011627906976744186,2,0.6666666666666666,6,6,1.0,0.0,1.0,1.0,9.0,262,Blocked;Independent,"Blocked(N2, N7 | N0, N3) || Independent(N2, N7 | N0, N3)"
4cfd162da333a861,4,19,0.02900763358778626,18,0.05232558139534884,2,0.6666666666666666,6,6,1.0,0.0,1.0,1.0,9.0,262,Blocked;Independent,"Blocked(N2, N5 | N0, N3) || Independent(N2, N5 | N0, N3)"
8dab25053c0efc15,4,3,0.004580152671755725,3,0.00872093023255814,1,0.3333333333333333,6,6,1.0,0.0,1.0,1.0,8.0,263,Independent,"Independent(N3, N6 | N0, N5)"
e921762dbb3b1cff,4,3,0.004580152671755725,3,0.00872093023255814,2,0.6666666666666666,6,6,1.0,0.0,1.0,1.0,9.0,262,Blocked;Independent,"Blocked(N6, N5 | N0, N4) || Independent(N6, N5 | N0, N4)"
25a23fb920eac8ce,4,4,0.0061068702290076335,4,0.011627906976744186,1,0.3333333333333333,6,6,1.0,0.0,1.0,1.0,8.0,262,Blocked,"Blocked(N7, N1 | N2, N4)"
581918fbdf78b5d0,5,4,0.0061068702290076335,4,0.011627906976744186,1,0.3333333333333333,6,6,1.0,0.0,1.0,1.0,8.0,262,Blocked,"Blocked(N1, N4 | N6, N7)"
64b274771a6c6646,4,4,0.0061068702290076335,4,0.011627906976744186,2,0.6666666666666666,6,6,1.0,0.0,1.0,1.0,9.0,267,Blocked;Independent,"Blocked(N2, N5 | N1, N3) || Independent(N2, N5 | N1, N3)"
82d75ba63a8ceeed,4,7,0.010687022900763359,6,0.01744186046511628,2,0.6666666666666666,6,6,1.0,0.0,1.0,1.0,9.0,263,Blocked;Independent,"Blocked(N3, N1 | N2, N5) || Independent(N3, N1 | N2, N5)"
b7e3f54589e88bc7,4,5,0.007633587786259542,5,0.014534883720930232,2,0.6666666666666666,6,6,1.0,0.0,1.0,1.0,9.0,262,Blocked;Independent,"Blocked(N1, N4 | N5, N6) || Independent(N1, N4 | N5, N6)"
acdf1f9618dbed0c,4,1,0.0015267175572519084,1,0.0029069767441860465,1,0.3333333333333333,6,6,1.0,0.0,1.0,1.0,8.0,267,Blocked,"Blocked(N4, N8 | N6, N7)"
fe2d70143d2fe3c6,4,1,0.0015267175572519084,1,0.0029069767441860465,1,0.3333333333333333,6,6,1.0,0.0,1.0,1.0,8.0,267,Independent,"Independent(N5, N9 | N7, N8)"
1a122a6d37fd1e65,4,24,0.0366412213740458,23,0.06686046511627906,2,0.6666666666666666,3,3,0.5,0.0,1.0,1.0,6.0,257,Blocked;Independent,"Blocked(N4, N2 | N7) || Independent(N4, N2 | N7)"
93afebe4e70b1c32,4,7,0.010687022900763359,7,0.020348837209302327,2,0.6666666666666666,6,6,1.0,0.0,1.0,1.0,9.0,267,Blocked;Independent,"Blocked(N5, N1 | N3, N4) || Independent(N5, N1 | N3, N4)"
d1e07b1cefad3f38,4,1,0.0015267175572519084,1,0.0029069767441860465,1,0.3333333333333333,6,6,1.0,0.0,1.0,1.0,8.0,267,Independent,"Independent(N2, N4 | N6, N7)"
0b6af683e7ada656,4,3,0.004580152671755725,3,0.00872093023255814,2,0.6666666666666666,6,6,1.0,0.0,1.0,1.0,9.0,262,Blocked;Independent,"Blocked(N5, N4 | N2, N7) || Independent(N5, N4 | N2, N7)"
1bd42374623c6b96,4,3,0.004580152671755725,3,0.00872093023255814,1,0.3333333333333333,6,6,1.0,0.0,1.0,1.0,8.0,262,Independent,"Independent(N6, N0 | N1, N7)"
75975524a3f2aa14,4,1,0.0015267175572519084,1,0.0029069767441860465,1,0.3333333333333333,6,6,1.0,0.0,1.0,1.0,8.0,267,Blocked,"Blocked(N9, N2 | N5, N8)"
6590f23dfdf6673c,4,3,0.004580152671755725,3,0.00872093023255814,2,0.6666666666666666,6,6,1.0,0.0,1.0,1.0,9.0,264,Blocked;Independent,"Blocked(N4, N6 | N2, N3) || Independent(N4, N6 | N2, N3)"
2cbd8e2df8a70a9c,4,4,0.0061068702290076335,4,0.011627906976744186,2,0.6666666666666666,6,6,1.0,0.0,1.0,1.0,9.0,264,Blocked;Independent,"Blocked(N7, N3 | N4, N6) || Independent(N7, N3 | N4, N6)"
869253209e020c1f,4,4,0.0061068702290076335,3,0.00872093023255814,2,0.6666666666666666,6,6,1.0,0.0,1.0,1.0,9.0,267,Blocked;Independent,"Blocked(N4, N3 | N1, N5) || Independent(N4, N3 | N1, N5)"
ec367b04b236f701,4,4,0.0061068702290076335,4,0.011627906976744186,2,0.6666666666666666,6,6,1.0,0.0,1.0,1.0,9.0,267,Blocked;Independent,"Blocked(N2, N1 | N3, N5) || Independent(N2, N1 | N3, N5)"
37458bb0e64ff982,4,18,0.02748091603053435,11,0.03197674418604651,2,0.6666666666666666,6,6,1.0,0.0,1.0,1.0,9.0,263,Blocked;Independent,"Blocked(N2, N0 | N1, N3) || Independent(N2, N0 | N1, N3)"
2dd344be45f7a560,4,1,0.0015267175572519084,1,0.0029069767441860465,1,0.3333333333333333,6,6,1.0,0.0,1.0,1.0,8.0,262,Blocked,"Blocked(N8, N6 | N5, N9)"
124f3bb1d7c2b243,4,3,0.004580152671755725,3,0.00872093023255814,2,0.6666666666666666,6,6,1.0,0.0,1.0,1.0,9.0,262,Blocked;Independent,"Blocked(N1, N0 | N3, N6) || Independent(N1, N0 | N3, N6)"
ed70edd655a9296b,4,4,0.0061068702290076335,4,0.011627906976744186,2,0.6666666666666666,6,6,1.0,0.0,1.0,1.0,9.0,262,Blocked;Independent,"Blocked(N7, N5 | N0, N3) || Independent(N7, N5 | N0, N3)"
53a838e19eea4ee8,4,3,0.004580152671755725,2,0.005813953488372093,2,0.6666666666666666,6,6,1.0,0.0,1.0,1.0,9.0,273,Blocked;Independent,"Blocked(N1, N3 | N0, N2) || Independent(N1, N3 | N0, N2)"
4a954016b2148a1b,4,1,0.0015267175572519084,1,0.0029069767441860465,1,0.3333333333333333,6,6,1.0,0.0,1.0,1.0,8.0,267,Blocked,"Blocked(N1, N0 | N5, N8)"
e1057957067e72aa,4,29,0.044274809160305344,17,0.04941860465116279,2,0.6666666666666666,6,6,1.0,0.0,1.0,1.0,9.0,263,Blocked;Independent,"Blocked(N1, N0 | N2, N3) || Independent(N1, N0 | N2, N3)"
1d1da96b4d3eeddc,4,7,0.010687022900763359,7,0.020348837209302327,2,0.6666666666666666,6,6,1.0,0.0,1.0,1.0,9.0,263,Blocked;Independent,"Blocked(N4, N5 | N1, N2) || Independent(N4, N5 | N1, N2)"
35e62ecd1b5809ce,4,3,0.004580152671755725,3,0.00872093023255814,1,0.3333333333333333,6,6,1.0,0.0,1.0,1.0,8.0,262,Independent,"Independent(N6, N7 | N0, N5)"
5dfe7fef297080f8,4,8,0.012213740458015267,4,0.011627906976744186,2,0.6666666666666666,6,6,1.0,0.0,1.0,1.0,9.0,272,Blocked;Independent,"Blocked(N2, N1 | N0, N3) || Independent(N2, N1 | N0, N3)"
f597c591be336e8d,4,1,0.0015267175572519084,1,0.0029069767441860465,1,0.3333333333333333,6,6,1.0,0.0,1.0,1.0,8.0,272,Blocked,"Blocked(N3, N5 | N7, N9)"
002701b6682127cc,4,3,0.004580152671755725,2,0.005813953488372093,2,0.6666666666666666,6,6,1.0,0.0,1.0,1.0,9.0,264,Blocked;Independent,"Blocked(N2, N4 | N0, N3) || Independent(N2, N4 | N0, N3)"
2d8d766ed5dd387a,4,4,0.0061068702290076335,4,0.011627906976744186,2,0.6666666666666666,6,6,1.0,0.0,1.0,1.0,9.0,262,Blocked;Independent,"Blocked(N5, N7 | N0, N4) || Independent(N5, N7 | N0, N4)"
c2f2a9af037c2820,4,1,0.0015267175572519084,1,0.0029069767441860465,1,0.3333333333333333,6,6,1.0,0.0,1.0,1.0,8.0,267,Independent,"Independent(N9, N2 | N7, N8)"
bf77644ee09b1b9d,4,7,0.010687022900763359,6,0.01744186046511628,2,0.6666666666666666,6,6,1.0,0.0,1.0,1.0,9.0,263,Blocked;Independent,"Blocked(N3, N4 | N1, N5) || Independent(N3, N4 | N1, N5)"
da10813b6e7d3c47,4,3,0.004580152671755725,3,0.00872093023255814,2,0.6666666666666666,6,6,1.0,0.0,1.0,1.0,9.0,264,Blocked;Independent,"Blocked(N3, N6 | N0, N4) || Independent(N3, N6 | N0, N4)"
e2fe91ee54dffb39,4,5,0.007633587786259542,5,0.014534883720930232,2,0.6666666666666666,6,6,1.0,0.0,1.0,1.0,9.0,263,Blocked;Independent,"Blocked(N2, N5 | N0, N1) || Independent(N2, N5 | N0, N1)"
6193ab4c218d8345,4,6,0.00916030534351145,6,0.01744186046511628,2,0.6666666666666666,6,6,1.0,0.0,1.0,1.0,9.0,262,Blocked;Independent,"Blocked(N2, N7 | N0, N6) || Independent(N2, N7 | N0, N6)"
288743f33cd1ad6a,4,5,0.007633587786259542,5,0.014534883720930232,1,0.3333333333333333,6,6,1.0,0.0,1.0,1.0,8.0,262,Independent,"Independent(N2, N5 | N0, N6)"
cb284b96b2903d27,4,3,0.004580152671755725,3,0.00872093023255814,2,0.6666666666666666,6,6,1.0,0.0,1.0,1.0,9.0,262,Blocked;Independent,"Blocked(N6, N7 | N2, N5) || Independent(N6, N7 | N2, N5)"
6e7a436d4862f7fc,4,1,0.0015267175572519084,1,0.0029069767441860465,1,0.3333333333333333,6,6,1.0,0.0,1.0,1.0,8.0,282,Blocked,"Blocked(N5, N2 | N6, N8)"
def73b2eb5aacf3e,4,3,0.004580152671755725,3,0.00872093023255814,2,0.6666666666666666,6,6,1.0,0.0,1.0,1.0,9.0,267,Blocked;Independent,"Blocked(N2, N0 | N3, N4) || Independent(N2, N0 | N3, N4)"
ab400b3411e7b816,4,2,0.0030534351145038168,2,0.005813953488372093,2,0.6666666666666666,6,6,1.0,0.0,1.0,1.0,9.0,262,Blocked;Independent,"Blocked(N6, N0 | N7, N8) || Independent(N6, N0 | N7, N8)"
eeb026dd99437dc9,4,1,0.0015267175572519084,1,0.0029069767441860465,1,0.3333333333333333,6,6,1.0,0.0,1.0,1.0,8.0,272,Blocked,"Blocked(N5, N1 | N8, N9)"
4535713a5dba6caa,4,3,0.004580152671755725,3,0.00872093023255814,2,0.6666666666666666,6,6,1.0,0.0,1.0,1.0,9.0,267,Blocked;Independent,"Blocked(N1, N0 | N2, N5) || Independent(N1, N0 | N2, N5)"
bf06c3d46d9bfb2f,4,3,0.004580152671755725,3,0.00872093023255814,2,0.6666666666666666,6,6,1.0,0.0,1.0,1.0,9.0,264,Blocked;Independent,"Blocked(N3, N0 | N6, N7) || Independent(N3, N0 | N6, N7)"
3fd4696f281e0f83,4,3,0.004580152671755725,3,0.00872093023255814,2,0.6666666666666666,6,6,1.0,0.0,1.0,1.0,9.0,267,Blocked;Independent,"Blocked(N4, N5 | N1, N3) || Independent(N4, N5 | N1, N3)"
18d58f2724c70dfc,4,3,0.004580152671755725,2,0.005813953488372093,2,0.6666666666666666,6,6,1.0,0.0,1.0,1.0,9.0,268,Blocked;Independent,"Blocked(N4, N2 | N1, N3) || Independent(N4, N2 | N1, N3)"
11fd23cb609d046f,4,5,0.007633587786259542,5,0.014534883720930232,2,0.6666666666666666,6,6,1.0,0.0,1.0,1.0,9.0,263,Blocked;Independent,"Blocked(N4, N2 | N3, N5) || Independent(N4, N2 | N3, N5)"
bb5dc2acb88e6860,4,1,0.0015267175572519084,1,0.0029069767441860465,1,0.3333333333333333,6,6,1.0,0.0,1.0,1.0,8.0,267,Independent,"Independent(N2, N1 | N6, N7)"
335ace96216607d7,4,5,0.007633587786259542,4,0.011627906976744186,2,0.6666666666666666,6,6,1.0,0.0,1.0,1.0,9.0,262,Blocked;Independent,"Blocked(N7, N4 | N1, N2) || Independent(N7, N4 | N1, N2)"
52a11f2e4ffdcb4d,4,6,0.00916030534351145,5,0.014534883720930232,2,0.6666666666666666,6,6,1.0,0.0,1.0,1.0,9.0,263,Blocked;Independent,"Blocked(N4, N2 | N0, N5) || Independent(N4, N2 | N0, N5)"
31e53de4e32989e4,4,4,0.0061068702290076335,4,0.011627906976744186,2,0.6666666666666666,6,6,1.0,0.0,1.0,1.0,9.0,263,Blocked;Independent,"Blocked(N3, N5 | N0, N1) || Independent(N3, N5 | N0, N1)"
22698ffd4551e660,4,3,0.004580152671755725,3,0.00872093023255814,2,0.6666666666666666,6,6,1.0,0.0,1.0,1.0,9.0,263,Blocked;Independent,"Blocked(N5, N3 | N1, N4) || Independent(N5, N3 | N1, N4)"
ef8678dc051c7d6e,4,4,0.0061068702290076335,4,0.011627906976744186,2,0.6666666666666666,6,6,1.0,0.0,1.0,1.0,9.0,263,Blocked;Independent,"Blocked(N4, N3 | N0, N1) || Independent(N4, N3 | N0, N1)"
7f1434121cf40b06,4,1,0.0015267175572519084,1,0.0029069767441860465,1,0.3333333333333333,6,6,1.0,0.0,1.0,1.0,8.0,262,Independent,"Independent(N5, N0 | N8, N9)"
4a2f39a8d58c3505,4,3,0.004580152671755725,2,0.005813953488372093,2,0.6666666666666666,6,6,1.0,0.0,1.0,1.0,9.0,272,Blocked;Independent,"Blocked(N0, N5 | N1, N2) || Independent(N0, N5 | N1, N2)"
a4a1737cd90b0ad4,4,4,0.0061068702290076335,2,0.005813953488372093,2,0.6666666666666666,6,6,1.0,0.0,1.0,1.0,9.0,273,Blocked;Independent,"Blocked(N0, N2 | N1, N3) || Independent(N0, N2 | N1, N3)"
86031c95724054a3,4,6,0.00916030534351145,6,0.01744186046511628,2,0.6666666666666666,6,6,1.0,0.0,1.0,1.0,9.0,263,Blocked;Independent,"Blocked(N5, N2 | N0, N4) || Independent(N5, N2 | N0, N4)"
a6d0804d8cb450b1,4,3,0.004580152671755725,2,0.005813953488372093,2,0.6666666666666666,6,6,1.0,0.0,1.0,1.0,9.0,263,Blocked;Independent,"Blocked(N0, N2 | N3, N4) || Independent(N0, N2 | N3, N4)"
295873491c205ad8,4,7,0.010687022900763359,4,0.011627906976744186,2,0.6666666666666666,6,6,1.0,0.0,1.0,1.0,9.0,268,Blocked;Independent,"Blocked(N0, N2 | N1, N3) || Independent(N0, N2 | N1, N3)"
79d87048003d5c60,4,6,0.00916030534351145,5,0.014534883720930232,2,0.6666666666666666,6,6,1.0,0.0,1.0,1.0,9.0,264,Blocked;Independent,"Blocked(N5, N4 | N2, N3) || Independent(N5, N4 | N2, N3)"
1401cd4dfa225765,4,14,0.021374045801526718,8,0.023255813953488372,2,0.6666666666666666,6,6,1.0,0.0,1.0,1.0,9.0,264,Blocked;Independent,"Blocked(N2, N1 | N0, N3) || Independent(N2, N1 | N0, N3)"
326a4726132fa686,4,4,0.0061068702290076335,4,0.011627906976744186,2,0.6666666666666666,6,6,1.0,0.0,1.0,1.0,9.0,262,Blocked;Independent,"Blocked(N0, N3 | N1, N7) || Independent(N0, N3 | N1, N7)"
eae257d58f52920e,4,8,0.012213740458015267,8,0.023255813953488372,2,0.6666666666666666,6,6,1.0,0.0,1.0,1.0,9.0,262,Blocked;Independent,"Blocked(N4, N2 | N3, N7) || Independent(N4, N2 | N3, N7)"
b981b999b7b2047d,4,4,0.0061068702290076335,4,0.011627906976744186,1,0.3333333333333333,6,6,1.0,0.0,1.0,1.0,8.0,263,Blocked,"Blocked(N0, N5 | N1, N2)"
e054802074fca445,4,3,0.004580152671755725,2,0.005813953488372093,2,0.6666666666666666,6,6,1.0,0.0,1.0,1.0,9.0,273,Blocked;Independent,"Blocked(N3, N1 | N0, N2) || Independent(N3, N1 | N0, N2)"
b7242d60298ac440,4,4,0.0061068702290076335,4,0.011627906976744186,2,0.6666666666666666,6,6,1.0,0.0,1.0,1.0,9.0,262,Blocked;Independent,"Blocked(N6, N2 | N0, N1) || Independent(N6, N2 | N0, N1)"
1c0e4278fc0e2793,4,4,0.0061068702290076335,4,0.011627906976744186,2,0.6666666666666666,6,6,1.0,0.0,1.0,1.0,9.0,262,Blocked;Independent,"Blocked(N6, N2 | N5, N7) || Independent(N6, N2 | N5, N7)"
ba8231e4f3b4efba,4,24,0.0366412213740458,24,0.06976744186046512,2,0.6666666666666666,3,3,0.5,0.0,1.0,1.0,6.0,257,Blocked;Independent,"Blocked(N2, N1 | N7) || Independent(N2, N1 | N7)"
bfcd6dd3f04a349a,4,3,0.004580152671755725,3,0.00872093023255814,2,0.6666666666666666,6,6,1.0,0.0,1.0,1.0,9.0,262,Blocked;Independent,"Blocked(N7, N0 | N2, N9) || Independent(N7, N0 | N2, N9)"
50b7d8133e30baf0,4,7,0.010687022900763359,7,0.020348837209302327,2,0.6666666666666666,6,6,1.0,0.0,1.0,1.0,9.0,262,Blocked;Independent,"Blocked(N0, N7 | N1, N3) || Independent(N0, N7 | N1, N3)"
422abdfe0e723cc6,4,17,0.025954198473282442,16,0.046511627906976744,2,0.6666666666666666,6,6,1.0,0.0,1.0,1.0,9.0,262,Blocked;Independent,"Blocked(N0, N5 | N1, N3) || Independent(N0, N5 | N1, N3)"
e1da85c3ab52c8bb,4,1,0.0015267175572519084,1,0.0029069767441860465,1,0.3333333333333333,6,6,1.0,0.0,1.0,1.0,8.0,262,Independent,"Independent(N0, N3 | N8, N9)"
2ca524fb0274b69e,4,6,0.00916030534351145,6,0.01744186046511628,2,0.6666666666666666,6,6,1.0,0.0,1.0,1.0,9.0,262,Blocked;Independent,"Blocked(N3, N7 | N1, N6) || Independent(N3, N7 | N1, N6)"
670a4d22964051b8,4,3,0.004580152671755725,3,0.00872093023255814,2,0.6666666666666666,6,6,1.0,0.0,1.0,1.0,9.0,264,Blocked;Independent,"Blocked(N3, N6 | N1, N7) || Independent(N3, N6 | N1, N7)"
bcffdb265f2cec9c,4,7,0.010687022900763359,7,0.020348837209302327,2,0.6666666666666666,6,6,1.0,0.0,1.0,1.0,9.0,262,Blocked;Independent,"Blocked(N3, N5 | N1, N6) || Independent(N3, N5 | N1, N6)"
4bbcef93475e4d34,4,3,0.004580152671755725,3,0.00872093023255814,2,0.6666666666666666,6,6,1.0,0.0,1.0,1.0,9.0,264,Blocked;Independent,"Blocked(N4, N7 | N1, N6) || Independent(N4, N7 | N1, N6)"
ff18f3c5ac263790,4,3,0.004580152671755725,3,0.00872093023255814,2,0.6666666666666666,6,6,1.0,0.0,1.0,1.0,9.0,263,Blocked;Independent,"Blocked(N7, N3 | N1, N6) || Independent(N7, N3 | N1, N6)"
6070220626a1fb49,4,3,0.004580152671755725,3,0.00872093023255814,2,0.6666666666666666,6,6,1.0,0.0,1.0,1.0,9.0,262,Blocked;Independent,"Blocked(N3, N9 | N0, N5) || Independent(N3, N9 | N0, N5)"
d15368b7435c3a10,4,21,0.03206106870229008,12,0.03488372093023256,2,0.6666666666666666,6,6,1.0,0.0,1.0,1.0,9.0,267,Blocked;Independent,"Blocked(N0, N1 | N2, N3) || Independent(N0, N1 | N2, N3)"
032d8fb369bcb90b,4,3,0.004580152671755725,3,0.00872093023255814,2,0.6666666666666666,6,6,1.0,0.0,1.0,1.0,9.0,262,Blocked;Independent,"Blocked(N0, N3 | N1, N6) || Independent(N0, N3 | N1, N6)"
9941e1cb86481485,4,4,0.0061068702290076335,4,0.011627906976744186,2,0.6666666666666666,6,6,1.0,0.0,1.0,1.0,9.0,263,Blocked;Independent,"Blocked(N2, N1 | N0, N5) || Independent(N2, N1 | N0, N5)"
7a3af56a6472d46b,4,5,0.007633587786259542,5,0.014534883720930232,2,0.6666666666666666,6,6,1.0,0.0,1.0,1.0,9.0,262,Blocked;Independent,"Blocked(N6, N2 | N1, N4) || Independent(N6, N2 | N1, N4)"
fb076212e6a2bd61,4,4,0.0061068702290076335,4,0.011627906976744186,2,0.6666666666666666,6,6,1.0,0.0,1.0,1.0,9.0,262,Blocked;Independent,"Blocked(N2, N6 | N0, N1) || Independent(N2, N6 | N0, N1)"
4dec5e037ab6b359,4,4,0.0061068702290076335,4,0.011627906976744186,2,0.6666666666666666,6,6,1.0,0.0,1.0,1.0,9.0,263,Blocked;Independent,"Blocked(N3, N6 | N0, N2) || Independent(N3, N6 | N0, N2)"
d8f7e7542511582c,4,1,0.0015267175572519084,1,0.0029069767441860465,1,0.3333333333333333,6,6,1.0,0.0,1.0,1.0,8.0,262,Blocked,"Blocked(N4, N6 | N5, N9)"
7e9883e1bf57cca9,4,4,0.0061068702290076335,4,0.011627906976744186,2,0.6666666666666666,6,6,1.0,0.0,1.0,1.0,9.0,263,Blocked;Independent,"Blocked(N1, N3 | N2, N5) || Independent(N1, N3 | N2, N5)"
bc59107e05f6794f,4,4,0.0061068702290076335,4,0.011627906976744186,2,0.6666666666666666,6,6,1.0,0.0,1.0,1.0,9.0,262,Blocked;Independent,"Blocked(N5, N6 | N4, N7) || Independent(N5, N6 | N4, N7)"
de860094fd3b1532,4,1,0.0015267175572519084,1,0.0029069767441860465,1,0.3333333333333333,6,6,1.0,0.0,1.0,1.0,8.0,262,Independent,"Independent(N4, N6 | N5, N8)"
fb7a61d366fbe1cd,4,3,0.004580152671755725,3,0.00872093023255814,1,0.3333333333333333,6,6,1.0,0.0,1.0,1.0,8.0,263,Independent,"Independent(N6, N4 | N1, N2)"
3c7a8a908e8805f9,4,4,0.0061068702290076335,4,0.011627906976744186,2,0.6666666666666666,6,6,1.0,0.0,1.0,1.0,9.0,264,Blocked;Independent,"Blocked(N2, N3 | N4, N6) || Independent(N2, N3 | N4, N6)"
aa45e382a0549477,4,3,0.004580152671755725,3,0.00872093023255814,2,0.6666666666666666,6,6,1.0,0.0,1.0,1.0,9.0,264,Blocked;Independent,"Blocked(N7, N0 | N5, N6) || Independent(N7, N0 | N5, N6)"
1450a7195f3f48ca,4,6,0.00916030534351145,6,0.01744186046511628,2,0.6666666666666666,6,6,1.0,0.0,1.0,1.0,9.0,262,Blocked;Independent,"Blocked(N4, N5 | N1, N7) || Independent(N4, N5 | N1, N7)"
75ed181df678d254,4,3,0.004580152671755725,3,0.00872093023255814,2,0.6666666666666666,6,6,1.0,0.0,1.0,1.0,9.0,267,Blocked;Independent,"Blocked(N0, N4 | N2, N3) || Independent(N0, N4 | N2, N3)"
bc6bba1e146622f6,4,3,0.004580152671755725,2,0.005813953488372093,2,0.6666666666666666,6,6,1.0,0.0,1.0,1.0,9.0,272,Blocked;Independent,"Blocked(N1, N2 | N0, N3) || Independent(N1, N2 | N0, N3)"
6c969ae01d35bc9c,4,16,0.024427480916030534,9,0.02616279069767442,2,0.6666666666666666,6,6,1.0,0.0,1.0,1.0,9.0,263,Blocked;Independent,"Blocked(N1, N0 | N2, N3) || Independent(N1, N0 | N2, N3)"
7362f2d130f894aa,4,5,0.007633587786259542,5,0.014534883720930232,2,0.6666666666666666,6,6,1.0,0.0,1.0,1.0,9.0,267,Blocked;Independent,"Blocked(N1, N5 | N2, N4) || Independent(N1, N5 | N2, N4)"
88bb477bd9140c53,4,4,0.0061068702290076335,4,0.011627906976744186,2,0.6666666666666666,6,6,1.0,0.0,1.0,1.0,9.0,262,Blocked;Independent,"Blocked(N3, N6 | N0, N1) || Independent(N3, N6 | N0, N1)"
2424bc340f10f022,4,1,0.0015267175572519084,1,0.0029069767441860465,1,0.3333333333333333,6,6,1.0,0.0,1.0,1.0,8.0,262,Independent,"Independent(N3, N1 | N5, N8)"
e8b02f1f93a27e04,4,1,0.0015267175572519084,1,0.0029069767441860465,1,0.3333333333333333,6,6,1.0,0.0,1.0,1.0,8.0,272,Independent,"Independent(N3, N5 | N6, N9)"
cadd84c32588c7b2,4,3,0.004580152671755725,3,0.00872093023255814,1,0.3333333333333333,6,6,1.0,0.0,1.0,1.0,8.0,264,Blocked,"Blocked(N3, N8 | N6, N7)"
0cbbada277045eb4,4,1,0.0015267175572519084,1,0.0029069767441860465,1,0.3333333333333333,6,6,1.0,0.0,1.0,1.0,8.0,267,Blocked,"Blocked(N1, N5 | N6, N7)"
6e3fa22d40eea6ad,4,3,0.004580152671755725,2,0.005813953488372093,2,0.6666666666666666,6,6,1.0,0.0,1.0,1.0,9.0,269,Blocked;Independent,"Blocked(N1, N3 | N0, N5) || Independent(N1, N3 | N0, N5)"
6b672403e5e104f5,4,4,0.0061068702290076335,4,0.011627906976744186,2,0.6666666666666666,6,6,1.0,0.0,1.0,1.0,9.0,262,Blocked;Independent,"Blocked(N4, N0 | N3, N6) || Independent(N4, N0 | N3, N6)"
41cecaa543f5fced,4,3,0.004580152671755725,3,0.00872093023255814,2,0.6666666666666666,6,6,1.0,0.0,1.0,1.0,9.0,267,Blocked;Independent,"Blocked(N5, N4 | N1, N2) || Independent(N5, N4 | N1, N2)"
21e668a730ea5a64,4,3,0.004580152671755725,3,0.00872093023255814,1,0.3333333333333333,6,6,1.0,0.0,1.0,1.0,8.0,263,Blocked,"Blocked(N2, N3 | N4, N5)"
ebd826e25c2330e0,4,3,0.004580152671755725,3,0.00872093023255814,2,0.6666666666666666,6,6,1.0,0.0,1.0,1.0,9.0,262,Blocked;Independent,"Blocked(N4, N2 | N3, N9) || Independent(N4, N2 | N3, N9)"
7853cdf623d4e6d8,4,3,0.004580152671755725,3,0.00872093023255814,1,0.3333333333333333,6,6,1.0,0.0,1.0,1.0,8.0,263,Independent,"Independent(N3, N1 | N2, N6)"
6f8ff1290c22c809,4,3,0.004580152671755725,3,0.00872093023255814,2,0.6666666666666666,6,6,1.0,0.0,1.0,1.0,9.0,263,Blocked;Independent,"Blocked(N3, N0 | N2, N6) || Independent(N3, N0 | N2, N6)"
2ebfc3d17baa48cb,4,5,0.007633587786259542,5,0.014534883720930232,2,0.6666666666666666,6,6,1.0,0.0,1.0,1.0,9.0,262,Blocked;Independent,"Blocked(N3, N6 | N1, N4) || Independent(N3, N6 | N1, N4)"
2d8666d0a43973c7,4,5,0.007633587786259542,5,0.014534883720930232,2,0.6666666666666666,6,6,1.0,0.0,1.0,1.0,9.0,263,Blocked;Independent,"Blocked(N2, N1 | N3, N4) || Independent(N2, N1 | N3, N4)"
72602a590d109496,4,5,0.007633587786259542,3,0.00872093023255814,2,0.6666666666666666,6,6,1.0,0.0,1.0,1.0,9.0,273,Blocked;Independent,"Blocked(N2, N0 | N1, N3) || Independent(N2, N0 | N1, N3)"
643a159d02c9ce83,4,1,0.0015267175572519084,1,0.0029069767441860465,1,0.3333333333333333,6,6,1.0,0.0,1.0,1.0,8.0,267,Blocked,"Blocked(N7, N0 | N8, N9)"
cef1a0d60c8a8861,4,4,0.0061068702290076335,4,0.011627906976744186,2,0.6666666666666666,6,6,1.0,0.0,1.0,1.0,9.0,264,Blocked;Independent,"Blocked(N0, N2 | N1, N4) || Independent(N0, N2 | N1, N4)"
596076acea17e246,4,5,0.007633587786259542,4,0.011627906976744186,2,0.6666666666666666,6,6,1.0,0.0,1.0,1.0,9.0,263,Blocked;Independent,"Blocked(N5, N4 | N1, N2) || Independent(N5, N4 | N1, N2)"
bb26c7bfb9dfa7a2,4,3,0.004580152671755725,3,0.00872093023255814,2,0.6666666666666666,6,6,1.0,0.0,1.0,1.0,9.0,264,Blocked;Independent,"Blocked(N7, N0 | N4, N6) || Independent(N7, N0 | N4, N6)"
9c3e738a395e9a4b,4,1,0.0015267175572519084,1,0.0029069767441860465,1,0.3333333333333333,6,6,1.0,0.0,1.0,1.0,8.0,262,Independent,"Independent(N3, N6 | N7, N9)"
29d3448a48bf42e9,4,4,0.0061068702290076335,4,0.011627906976744186,2,0.6666666666666666,6,6,1.0,0.0,1.0,1.0,9.0,263,Blocked;Independent,"Blocked(N2, N4 | N3, N5) || Independent(N2, N4 | N3, N5)"
da8939bc74e39ecb,4,6,0.00916030534351145,6,0.01744186046511628,2,0.6666666666666666,6,6,1.0,0.0,1.0,1.0,9.0,264,Blocked;Independent,"Blocked(N5, N0 | N1, N2) || Independent(N5, N0 | N1, N2)"
e42b430ef8de843a,4,4,0.0061068702290076335,4,0.011627906976744186,1,0.3333333333333333,6,6,1.0,0.0,1.0,1.0,8.0,262,Independent,"Independent(N7, N2 | N0, N1)"
0b04a3a8cb67c53d,4,10,0.015267175572519083,5,0.014534883720930232,2,0.6666666666666666,6,6,1.0,0.0,1.0,1.0,9.0,267,Blocked;Independent,"Blocked(N2, N3 | N0, N1) || Independent(N2, N3 | N0, N1)"
a22030c5c252db26,4,5,0.007633587786259542,4,0.011627906976744186,2,0.6666666666666666,6,6,1.0,0.0,1.0,1.0,9.0,262,Blocked;Independent,"Blocked(N4, N6 | N1, N5) || Independent(N4, N6 | N1, N5)"
b6ecbb3067b1f980,4,4,0.0061068702290076335,4,0.011627906976744186,2,0.6666666666666666,6,6,1.0,0.0,1.0,1.0,9.0,263,Blocked;Independent,"Blocked(N4, N2 | N1, N3) || Independent(N4, N2 | N1, N3)"
86fce942b192ba0d,4,1,0.0015267175572519084,1,0.0029069767441860465,1,0.3333333333333333,6,6,1.0,0.0,1.0,1.0,8.0,262,Blocked,"Blocked(N8, N4 | N6, N9)"
adb6b0bcabeab64f,4,138,0.21068702290076335,77,0.2238372093023256,2,0.6666666666666666,6,6,1.0,0.0,1.0,1.0,9.0,262,Blocked;Independent,"Blocked(N2, N0 | N1, N3) || Independent(N2, N0 | N1, N3)"
cb8f9a0de2212af0,4,1,0.0015267175572519084,1,0.0029069767441860465,1,0.3333333333333333,6,6,1.0,0.0,1.0,1.0,8.0,277,Blocked,"Blocked(N3, N6 | N7, N8)"
a63ff7f61175de3a,4,9,0.013740458015267175,9,0.02616279069767442,2,0.6666666666666666,6,6,1.0,0.0,1.0,1.0,9.0,262,Blocked;Independent,"Blocked(N3, N4 | N1, N7) || Independent(N3, N4 | N1, N7)"
63429f3f4a1ed764,4,27,0.04122137404580153,15,0.0436046511627907,2,0.6666666666666666,6,6,1.0,0.0,1.0,1.0,9.0,267,Blocked;Independent,"Blocked(N0, N1 | N2, N3) || Independent(N0, N1 | N2, N3)"
fb387c874779dff6,4,4,0.0061068702290076335,4,0.011627906976744186,2,0.6666666666666666,6,6,1.0,0.0,1.0,1.0,9.0,262,Blocked;Independent,"Blocked(N4, N3 | N5, N6) || Independent(N4, N3 | N5, N6)"
cb16d56be7ca12ac,4,4,0.0061068702290076335,4,0.011627906976744186,1,0.3333333333333333,6,6,1.0,0.0,1.0,1.0,8.0,262,Blocked,"Blocked(N6, N3 | N1, N2)"
9e35eadfe62fa0e5,4,6,0.00916030534351145,6,0.01744186046511628,2,0.6666666666666666,6,6,1.0,0.0,1.0,1.0,9.0,262,Blocked;Independent,"Blocked(N2, N7 | N0, N4) || Independent(N2, N7 | N0, N4)"
b52c2f2d92441c83,4,1,0.0015267175572519084,1,0.0029069767441860465,1,0.3333333333333333,6,6,1.0,0.0,1.0,1.0,8.0,272,Independent,"Independent(N3, N2 | N5, N8)"
62f50e65ef8e4475,4,28,0.042748091603053436,26,0.0755813953488372,2,0.6666666666666666,6,6,1.0,0.0,1.0,1.0,9.0,262,Blocked;Independent,"Blocked(N2, N5 | N0, N4) || Independent(N2, N5 | N0, N4)"
5af5e46693b1dfbe,4,14,0.021374045801526718,14,0.040697674418604654,2,0.6666666666666666,6,6,1.0,0.0,1.0,1.0,9.0,262,Blocked;Independent,"Blocked(N1, N4 | N2, N3) || Independent(N1, N4 | N2, N3)"
f3782df52a6a1f98,4,16,0.024427480916030534,16,0.046511627906976744,2,0.6666666666666666,6,6,1.0,0.0,1.0,1.0,9.0,262,Blocked;Independent,"Blocked(N4, N2 | N0, N3) || Independent(N4, N2 | N0, N3)"
5e797fba7c5dafdb,4,1,0.0015267175572519084,1,0.0029069767441860465,1,0.3333333333333333,6,6,1.0,0.0,1.0,1.0,8.0,262,Independent,"Independent(N9, N3 | N7, N8)"
09035956f30ebe66,4,3,0.004580152671755725,2,0.005813953488372093,2,0.6666666666666666,6,6,1.0,0.0,1.0,1.0,9.0,262,Blocked;Independent,"Blocked(N9, N3 | N1, N5) || Independent(N9, N3 | N1, N5)"
89423478d2c1cc37,4,5,0.007633587786259542,5,0.014534883720930232,2,0.6666666666666666,6,6,1.0,0.0,1.0,1.0,9.0,264,Blocked;Independent,"Blocked(N3, N4 | N1, N5) || Independent(N3, N4 | N1, N5)"
09996a662d70221d,4,3,0.004580152671755725,2,0.005813953488372093,2,0.6666666666666666,6,6,1.0,0.0,1.0,1.0,9.0,267,Blocked;Independent,"Blocked(N0, N1 | N3, N4) || Independent(N0, N1 | N3, N4)"
77c1d14c04b4443a,4,3,0.004580152671755725,3,0.00872093023255814,2,0.6666666666666666,6,6,1.0,0.0,1.0,1.0,9.0,262,Blocked;Independent,"Blocked(N3, N2 | N4, N7) || Independent(N3, N2 | N4, N7)"
34c9bf73d8b71c32,4,4,0.0061068702290076335,3,0.00872093023255814,2,0.6666666666666666,6,6,1.0,0.0,1.0,1.0,9.0,263,Blocked;Independent,"Blocked(N4, N5 | N2, N3) || Independent(N4, N5 | N2, N3)"
96038517918d3d5f,4,3,0.004580152671755725,3,0.00872093023255814,2,0.6666666666666666,6,6,1.0,0.0,1.0,1.0,9.0,264,Blocked;Independent,"Blocked(N3, N2 | N0, N4) || Independent(N3, N2 | N0, N4)"
aaf819a9e3ac1158,4,5,0.007633587786259542,5,0.014534883720930232,2,0.6666666666666666,6,6,1.0,0.0,1.0,1.0,9.0,262,Blocked;Independent,"Blocked(N2, N0 | N1, N7) || Independent(N2, N0 | N1, N7)"
5b76ddc495545988,4,12,0.0183206106870229,8,0.023255813953488372,2,0.6666666666666666,6,6,1.0,0.0,1.0,1.0,9.0,264,Blocked;Independent,"Blocked(N0, N3 | N1, N2) || Independent(N0, N3 | N1, N2)"
d35fa4e2b4ae42d0,4,2,0.0030534351145038168,2,0.005813953488372093,2,0.6666666666666666,6,6,1.0,0.0,1.0,1.0,9.0,262,Blocked;Independent,"Blocked(N5, N1 | N6, N8) || Independent(N5, N1 | N6, N8)"
da388f32f250bd17,4,6,0.00916030534351145,4,0.011627906976744186,2,0.6666666666666666,6,6,1.0,0.0,1.0,1.0,9.0,272,Blocked;Independent,"Blocked(N1, N3 | N0, N2) || Independent(N1, N3 | N0, N2)"
19db1d0a78278604,4,3,0.004580152671755725,3,0.00872093023255814,1,0.3333333333333333,6,6,1.0,0.0,1.0,1.0,8.0,263,Independent,"Independent(N7, N5 | N4, N6)"
95248e5f9975e67d,4,3,0.004580152671755725,2,0.005813953488372093,2,0.6666666666666666,6,6,1.0,0.0,1.0,1.0,9.0,263,Blocked;Independent,"Blocked(N1, N0 | N3, N6) || Independent(N1, N0 | N3, N6)"
b738487d0622cdad,4,1,0.0015267175572519084,1,0.0029069767441860465,1,0.3333333333333333,6,6,1.0,0.0,1.0,1.0,8.0,272,Blocked,"Blocked(N5, N0 | N7, N9)"
0247b0d938a76747,4,1,0.0015267175572519084,1,0.0029069767441860465,1,0.3333333333333333,6,6,1.0,0.0,1.0,1.0,8.0,262,Independent,"Independent(N5, N3 | N6, N9)"
e404f1708410e1cd,4,1,0.0015267175572519084,1,0.0029069767441860465,1,0.3333333333333333,6,6,1.0,0.0,1.0,1.0,8.0,272,Independent,"Independent(N1, N4 | N6, N7)"
d37345f98588111f,4,4,0.0061068702290076335,4,0.011627906976744186,2,0.6666666666666666,6,6,1.0,0.0,1.0,1.0,9.0,263,Blocked;Independent,"Blocked(N2, N1 | N3, N5) || Independent(N2, N1 | N3, N5)"
1434875aeee3a330,4,4,0.0061068702290076335,4,0.011627906976744186,1,0.3333333333333333,6,6,1.0,0.0,1.0,1.0,8.0,267,Blocked,"Blocked(N2, N5 | N1, N4)"
066f9646d5be8a0e,4,18,0.02748091603053435,16,0.046511627906976744,2,0.6666666666666666,6,6,1.0,0.0,1.0,1.0,9.0,262,Blocked;Independent,"Blocked(N5, N3 | N1, N2) || Independent(N5, N3 | N1, N2)"
5ab514afa6fc22f9,4,23,0.035114503816793895,13,0.0377906976744186,2,0.6666666666666666,6,6,1.0,0.0,1.0,1.0,9.0,263,Blocked;Independent,"Blocked(N1, N3 | N0, N2) || Independent(N1, N3 | N0, N2)"
5ab1aa64910518fe,4,2,0.0030534351145038168,2,0.005813953488372093,2,0.6666666666666666,6,6,1.0,0.0,1.0,1.0,9.0,262,Blocked;Independent,"Blocked(N8, N1 | N6, N9) || Independent(N8, N1 | N6, N9)"
324fb6fb7531b5cc,4,3,0.004580152671755725,3,0.00872093023255814,2,0.6666666666666666,6,6,1.0,0.0,1.0,1.0,9.0,263,Blocked;Independent,"Blocked(N2, N0 | N1, N5) || Independent(N2, N0 | N1, N5)"
d5fc1b7307e7d020,4,3,0.004580152671755725,2,0.005813953488372093,2,0.6666666666666666,6,6,1.0,0.0,1.0,1.0,9.0,262,Blocked;Independent,"Blocked(N4, N1 | N5, N7) || Independent(N4, N1 | N5, N7)"
e8587a83f1d2f126,4,7,0.010687022900763359,4,0.011627906976744186,2,0.6666666666666666,6,6,1.0,0.0,1.0,1.0,9.0,272,Blocked;Independent,"Blocked(N3, N0 | N1, N2) || Independent(N3, N0 | N1, N2)"
1ed0cdb849882958,4,5,0.007633587786259542,5,0.014534883720930232,2,0.6666666666666666,6,6,1.0,0.0,1.0,1.0,9.0,267,Blocked;Independent,"Blocked(N2, N4 | N0, N5) || Independent(N2, N4 | N0, N5)"
63ae46e44099b3f2,4,5,0.007633587786259542,5,0.014534883720930232,2,0.6666666666666666,6,6,1.0,0.0,1.0,1.0,9.0,267,Blocked;Independent,"Blocked(N4, N1 | N0, N5) || Independent(N4, N1 | N0, N5)"
b84a680aed955b87,4,4,0.0061068702290076335,4,0.011627906976744186,2,0.6666666666666666,6,6,1.0,0.0,1.0,1.0,9.0,262,Blocked;Independent,"Blocked(N1, N3 | N0, N6) || Independent(N1, N3 | N0, N6)"
148929dab9dd190a,4,3,0.004580152671755725,3,0.00872093023255814,2,0.6666666666666666,6,6,1.0,0.0,1.0,1.0,9.0,268,Blocked;Independent,"Blocked(N4, N3 | N5, N6) || Independent(N4, N3 | N5, N6)"
981eadda358d005d,4,1,0.0015267175572519084,1,0.0029069767441860465,1,0.3333333333333333,6,6,1.0,0.0,1.0,1.0,8.0,267,Blocked,"Blocked(N3, N0 | N7, N9)"
b4922c8da0f722bf,4,5,0.007633587786259542,4,0.011627906976744186,2,0.6666666666666666,6,6,1.0,0.0,1.0,1.0,9.0,264,Blocked;Independent,"Blocked(N3, N0 | N4, N5) || Independent(N3, N0 | N4, N5)"
630962caef37407e,4,3,0.004580152671755725,3,0.00872093023255814,2,0.6666666666666666,6,6,1.0,0.0,1.0,1.0,9.0,263,Blocked;Independent,"Blocked(N6, N5 | N3, N7) || Independent(N6, N5 | N3, N7)"
80b1bb4f62d10bd4,4,4,0.0061068702290076335,4,0.011627906976744186,1,0.3333333333333333,6,6,1.0,0.0,1.0,1.0,8.0,262,Independent,"Independent(N1, N0 | N3, N7)"
140a9dc744350645,4,4,0.0061068702290076335,4,0.011627906976744186,2,0.6666666666666666,6,6,1.0,0.0,1.0,1.0,9.0,263,Blocked;Independent,"Blocked(N6, N0 | N1, N7) || Independent(N6, N0 | N1, N7)"
233cbc99dd8163ac,4,1,0.0015267175572519084,1,0.0029069767441860465,1,0.3333333333333333,6,6,1.0,0.0,1.0,1.0,8.0,262,Independent,"Independent(N7, N3 | N6, N8)"
fa248489b02b9460,4,3,0.004580152671755725,3,0.00872093023255814,2,0.6666666666666666,6,6,1.0,0.0,1.0,1.0,9.0,267,Blocked;Independent,"Blocked(N1, N3 | N0, N4) || Independent(N1, N3 | N0, N4)"
add0f578430eb30f,4,3,0.004580152671755725,3,0.00872093023255814,2,0.6666666666666666,6,6,1.0,0.0,1.0,1.0,9.0,267,Blocked;Independent,"Blocked(N0, N1 | N4, N5) || Independent(N0, N1 | N4, N5)"
5f2bc732f1a82fbc,4,3,0.004580152671755725,3,0.00872093023255814,2,0.6666666666666666,6,6,1.0,0.0,1.0,1.0,9.0,267,Blocked;Independent,"Blocked(N4, N1 | N0, N3) || Independent(N4, N1 | N0, N3)"
ba0ff4709e0a5394,4,1,0.0015267175572519084,1,0.0029069767441860465,1,0.3333333333333333,6,6,1.0,0.0,1.0,1.0,8.0,267,Independent,"Independent(N1, N4 | N6, N7)"
75959eaf9cbf0921,4,3,0.004580152671755725,3,0.00872093023255814,2,0.6666666666666666,6,6,1.0,0.0,1.0,1.0,9.0,262,Blocked;Independent,"Blocked(N6, N2 | N4, N7) || Independent(N6, N2 | N4, N7)"
45630c33e24d66db,4,3,0.004580152671755725,3,0.00872093023255814,1,0.3333333333333333,6,6,1.0,0.0,1.0,1.0,8.0,264,Blocked,"Blocked(N0, N9 | N7, N8)"
72ce7b9ae2035c9c,4,3,0.004580152671755725,3,0.00872093023255814,1,0.3333333333333333,6,6,1.0,0.0,1.0,1.0,8.0,264,Independent,"Independent(N4, N0 | N1, N5)"
ca15cd59094d9817,4,28,0.042748091603053436,24,0.06976744186046512,2,0.6666666666666666,6,6,1.0,0.0,1.0,1.0,9.0,262,Blocked;Independent,"Blocked(N5, N0 | N2, N4) || Independent(N5, N0 | N2, N4)"
e29f84a405583ee8,4,4,0.0061068702290076335,2,0.005813953488372093,2,0.6666666666666666,6,6,1.0,0.0,1.0,1.0,9.0,268,Blocked;Independent,"Blocked(N0, N4 | N2, N5) || Independent(N0, N4 | N2, N5)"
554f51f037b74adf,4,3,0.004580152671755725,2,0.005813953488372093,2,0.6666666666666666,6,6,1.0,0.0,1.0,1.0,9.0,266,Blocked;Independent,"Blocked(N1, N3 | N0, N2) || Independent(N1, N3 | N0, N2)"
1555ce641dc34ee9,4,3,0.004580152671755725,3,0.00872093023255814,2,0.6666666666666666,6,6,1.0,0.0,1.0,1.0,9.0,263,Blocked;Independent,"Blocked(N0, N1 | N3, N5) || Independent(N0, N1 | N3, N5)"
273dd68d0e3498df,4,1,0.0015267175572519084,1,0.0029069767441860465,1,0.3333333333333333,6,6,1.0,0.0,1.0,1.0,8.0,266,Blocked,"Blocked(N1, N0 | N6, N7)"
bfd5bb8fb3afc543,4,11,0.016793893129770993,11,0.03197674418604651,2,0.6666666666666666,6,6,1.0,0.0,1.0,1.0,9.0,262,Blocked;Independent,"Blocked(N4, N3 | N2, N5) || Independent(N4, N3 | N2, N5)"
12b6dcb18dbcc277,4,4,0.0061068702290076335,4,0.011627906976744186,2,0.6666666666666666,6,6,1.0,0.0,1.0,1.0,9.0,262,Blocked;Independent,"Blocked(N4, N0 | N1, N6) || Independent(N4, N0 | N1, N6)"
5c00014e5a013949,4,3,0.004580152671755725,3,0.00872093023255814,1,0.3333333333333333,6,6,1.0,0.0,1.0,1.0,8.0,262,Blocked,"Blocked(N5, N6 | N2, N3)"
0442f73312f5c796,4,4,0.0061068702290076335,4,0.011627906976744186,2,0.6666666666666666,6,6,1.0,0.0,1.0,1.0,9.0,262,Blocked;Independent,"Blocked(N2, N3 | N5, N7) || Independent(N2, N3 | N5, N7)"
457ad542df8bbfbd,4,2,0.0030534351145038168,2,0.005813953488372093,1,0.3333333333333333,6,6,1.0,0.0,1.0,1.0,8.0,262,Independent,"Independent(N8, N3 | N5, N7)"
344341508bf18fa3,4,5,0.007633587786259542,5,0.014534883720930232,2,0.6666666666666666,6,6,1.0,0.0,1.0,1.0,9.0,262,Blocked;Independent,"Blocked(N7, N4 | N1, N5) || Independent(N7, N4 | N1, N5)"
20a68b2ab4845ded,4,1,0.0015267175572519084,1,0.0029069767441860465,1,0.3333333333333333,6,6,1.0,0.0,1.0,1.0,8.0,267,Independent,"Independent(N5, N0 | N6, N9)"
e7124f343db53dd9,4,1,0.0015267175572519084,1,0.0029069767441860465,1,0.3333333333333333,6,6,1.0,0.0,1.0,1.0,8.0,267,Independent,"Independent(N2, N4 | N6, N9)"
acc14c165cd22082,4,7,0.010687022900763359,6,0.01744186046511628,2,0.6666666666666666,6,6,1.0,0.0,1.0,1.0,9.0,262,Blocked;Independent,"Blocked(N7, N0 | N3, N5) || Independent(N7, N0 | N3, N5)"
d58d3c954cc73fb5,4,6,0.00916030534351145,6,0.01744186046511628,2,0.6666666666666666,6,6,1.0,0.0,1.0,1.0,9.0,262,Blocked;Independent,"Blocked(N2, N6 | N4, N7) || Independent(N2, N6 | N4, N7)"
b2dc65ff34a14222,4,1,0.0015267175572519084,1,0.0029069767441860465,1,0.3333333333333333,6,6,1.0,0.0,1.0,1.0,8.0,267,Independent,"Independent(N4, N1 | N7, N9)"
e6b0e534e365d918,4,4,0.0061068702290076335,4,0.011627906976744186,2,0.6666666666666666,6,6,1.0,0.0,1.0,1.0,9.0,263,Blocked;Independent,"Blocked(N2, N4 | N1, N5) || Independent(N2, N4 | N1, N5)"
1f83e4809eb53db4,4,1,0.0015267175572519084,1,0.0029069767441860465,1,0.3333333333333333,6,6,1.0,0.0,1.0,1.0,8.0,267,Independent,"Independent(N2, N0 | N8, N9)"
3645ad510f3f094a,4,3,0.004580152671755725,3,0.00872093023255814,1,0.3333333333333333,6,6,1.0,0.0,1.0,1.0,8.0,269,Independent,"Independent(N2, N5 | N0, N3)"
ab5adcde0ecc1893,4,17,0.025954198473282442,17,0.04941860465116279,2,0.6666666666666666,6,6,1.0,0.0,1.0,1.0,9.0,262,Blocked;Independent,"Blocked(N2, N3 | N1, N4) || Independent(N2, N3 | N1, N4)"
c46014ad572dc214,4,3,0.004580152671755725,3,0.00872093023255814,2,0.6666666666666666,6,6,1.0,0.0,1.0,1.0,9.0,262,Blocked;Independent,"Blocked(N3, N9 | N0, N2) || Independent(N3, N9 | N0, N2)"
5c31113a58b2a6dc,4,3,0.004580152671755725,3,0.00872093023255814,2,0.6666666666666666,6,6,1.0,0.0,1.0,1.0,9.0,264,Blocked;Independent,"Blocked(N1, N3 | N4, N5) || Independent(N1, N3 | N4, N5)"
82cd3331b8760bba,4,4,0.0061068702290076335,4,0.011627906976744186,2,0.6666666666666666,6,6,1.0,0.0,1.0,1.0,9.0,262,Blocked;Independent,"Blocked(N0, N4 | N5, N6) || Independent(N0, N4 | N5, N6)"
d7030537e40891f6,4,1,0.0015267175572519084,1,0.0029069767441860465,1,0.3333333333333333,6,6,1.0,0.0,1.0,1.0,8.0,262,Blocked,"Blocked(N4, N2 | N5, N9)"
2dc743e94db93cc6,4,1,0.0015267175572519084,1,0.0029069767441860465,1,0.3333333333333333,6,6,1.0,0.0,1.0,1.0,8.0,262,Blocked,"Blocked(N9, N4 | N7, N8)"
b1571a678431515e,4,4,0.0061068702290076335,4,0.011627906976744186,2,0.6666666666666666,6,6,1.0,0.0,1.0,1.0,9.0,262,Blocked;Independent,"Blocked(N5, N2 | N4, N7) || Independent(N5, N2 | N4, N7)"
e0641c023b7eecab,4,1,0.0015267175572519084,1,0.0029069767441860465,1,0.3333333333333333,6,6,1.0,0.0,1.0,1.0,8.0,262,Blocked,"Blocked(N7, N2 | N5, N8)"
cf919f930fca46bb,4,1,0.0015267175572519084,1,0.0029069767441860465,1,0.3333333333333333,6,6,1.0,0.0,1.0,1.0,8.0,267,Blocked,"Blocked(N2, N8 | N6, N9)"
362e3eeae630b6c4,4,3,0.004580152671755725,3,0.00872093023255814,2,0.6666666666666666,6,6,1.0,0.0,1.0,1.0,9.0,263,Blocked;Independent,"Blocked(N1, N4 | N0, N5) || Independent(N1, N4 | N0, N5)"
880bd5e476f45d20,4,3,0.004580152671755725,2,0.005813953488372093,2,0.6666666666666666,6,6,1.0,0.0,1.0,1.0,9.0,267,Blocked;Independent,"Blocked(N3, N5 | N0, N1) || Independent(N3, N5 | N0, N1)"
258c7fae23d6bae2,4,3,0.004580152671755725,3,0.00872093023255814,1,0.3333333333333333,6,6,1.0,0.0,1.0,1.0,8.0,262,Blocked,"Blocked(N7, N6 | N2, N3)"
1dc7599b4590016e,4,6,0.00916030534351145,5,0.014534883720930232,2,0.6666666666666666,6,6,1.0,0.0,1.0,1.0,9.0,263,Blocked;Independent,"Blocked(N2, N3 | N0, N5) || Independent(N2, N3 | N0, N5)"
679857170cfa818e,4,7,0.010687022900763359,6,0.01744186046511628,2,0.6666666666666666,6,6,1.0,0.0,1.0,1.0,9.0,267,Blocked;Independent,"Blocked(N1, N4 | N2, N5) || Independent(N1, N4 | N2, N5)"
5f3186dffab7e91d,4,1,0.0015267175572519084,1,0.0029069767441860465,1,0.3333333333333333,6,6,1.0,0.0,1.0,1.0,8.0,262,Independent,"Independent(N9, N7 | N6, N8)"
9780509e4705a28e,4,3,0.004580152671755725,3,0.00872093023255814,1,0.3333333333333333,6,6,1.0,0.0,1.0,1.0,8.0,262,Blocked,"Blocked(N0, N8 | N1, N3)"
b75ae2b05af96542,4,3,0.004580152671755725,3,0.00872093023255814,2,0.6666666666666666,6,6,1.0,0.0,1.0,1.0,9.0,268,Blocked;Independent,"Blocked(N5, N3 | N2, N4) || Independent(N5, N3 | N2, N4)"
317d0f945e23d02b,4,3,0.004580152671755725,3,0.00872093023255814,2,0.6666666666666666,6,6,1.0,0.0,1.0,1.0,9.0,264,Blocked;Independent,"Blocked(N6, N5 | N0, N4) || Independent(N6, N5 | N0, N4)"
698543bf1bebe33b,4,1,0.0015267175572519084,1,0.0029069767441860465,1,0.3333333333333333,6,6,1.0,0.0,1.0,1.0,8.0,262,Independent,"Independent(N9, N5 | N6, N8)"
590195a2faf9ae0a,4,1,0.0015267175572519084,1,0.0029069767441860465,1,0.3333333333333333,6,6,1.0,0.0,1.0,1.0,8.0,267,Blocked,"Blocked(N6, N4 | N7, N8)"
f0694045b90c4732,4,3,0.004580152671755725,3,0.00872093023255814,2,0.6666666666666666,6,6,1.0,0.0,1.0,1.0,9.0,264,Blocked;Independent,"Blocked(N4, N5 | N3, N7) || Independent(N4, N5 | N3, N7)"
ad41e02cbafaaaaf,4,115,0.17557251908396945,64,0.18604651162790697,2,0.6666666666666666,6,6,1.0,0.0,1.0,1.0,9.0,262,Blocked;Independent,"Blocked(N3, N2 | N0, N1) || Independent(N3, N2 | N0, N1)"
a9f1882f49dcff9f,4,5,0.007633587786259542,5,0.014534883720930232,2,0.6666666666666666,6,6,1.0,0.0,1.0,1.0,9.0,263,Blocked;Independent,"Blocked(N2, N0 | N4, N5) || Independent(N2, N0 | N4, N5)"
32d769e1b5630a1f,4,3,0.004580152671755725,3,0.00872093023255814,1,0.3333333333333333,6,6,1.0,0.0,1.0,1.0,8.0,262,Independent,"Independent(N0, N9 | N1, N2)"
0be532830630a2fe,4,3,0.004580152671755725,2,0.005813953488372093,2,0.6666666666666666,6,6,1.0,0.0,1.0,1.0,9.0,271,Blocked;Independent,"Blocked(N3, N2 | N0, N1) || Independent(N3, N2 | N0, N1)"
f7fd68b68229ed6c,4,3,0.004580152671755725,2,0.005813953488372093,2,0.6666666666666666,6,6,1.0,0.0,1.0,1.0,9.0,267,Blocked;Independent,"Blocked(N1, N4 | N2, N3) || Independent(N1, N4 | N2, N3)"
8547a0bb976c0896,4,5,0.007633587786259542,5,0.014534883720930232,2,0.6666666666666666,6,6,1.0,0.0,1.0,1.0,9.0,267,Blocked;Independent,"Blocked(N5, N2 | N1, N4) || Independent(N5, N2 | N1, N4)"
165fae37c2f2ce20,4,9,0.013740458015267175,9,0.02616279069767442,2,0.6666666666666666,6,6,1.0,0.0,1.0,1.0,9.0,262,Blocked;Independent,"Blocked(N3, N1 | N4, N5) || Independent(N3, N1 | N4, N5)"
c78597e855c2618d,4,4,0.0061068702290076335,4,0.011627906976744186,2,0.6666666666666666,6,6,1.0,0.0,1.0,1.0,9.0,264,Blocked;Independent,"Blocked(N2, N5 | N3, N4) || Independent(N2, N5 | N3, N4)"
7fcbc80f662b6257,4,3,0.004580152671755725,3,0.00872093023255814,2,0.6666666666666666,6,6,1.0,0.0,1.0,1.0,9.0,267,Blocked;Independent,"Blocked(N2, N4 | N3, N6) || Independent(N2, N4 | N3, N6)"
dc02e1866f000a04,4,20,0.030534351145038167,19,0.055232558139534885,2,0.6666666666666666,6,6,1.0,0.0,1.0,1.0,9.0,262,Blocked;Independent,"Blocked(N3, N0 | N4, N5) || Independent(N3, N0 | N4, N5)"
1c41ede532f6a9d2,4,3,0.004580152671755725,2,0.005813953488372093,2,0.6666666666666666,6,6,1.0,0.0,1.0,1.0,9.0,263,Blocked;Independent,"Blocked(N1, N4 | N0, N2) || Independent(N1, N4 | N0, N2)"
5ac544a2fdffe5c5,4,1,0.0015267175572519084,1,0.0029069767441860465,1,0.3333333333333333,6,6,1.0,0.0,1.0,1.0,8.0,262,Independent,"Independent(N9, N5 | N6, N7)"
93eb273dd42b0222,4,3,0.004580152671755725,3,0.00872093023255814,2,0.6666666666666666,6,6,1.0,0.0,1.0,1.0,9.0,272,Blocked;Independent,"Blocked(N4, N2 | N1, N5) || Independent(N4, N2 | N1, N5)"
b973e055c0a07122,4,24,0.0366412213740458,20,0.05813953488372093,2,0.6666666666666666,6,6,1.0,0.0,1.0,1.0,9.0,262,Blocked;Independent,"Blocked(N3, N2 | N1, N4) || Independent(N3, N2 | N1, N4)"
815c6df1f5ea0d80,4,5,0.007633587786259542,4,0.011627906976744186,2,0.6666666666666666,6,6,1.0,0.0,1.0,1.0,9.0,262,Blocked;Independent,"Blocked(N4, N1 | N5, N6) || Independent(N4, N1 | N5, N6)"
cf3ac8a772b654dd,4,3,0.004580152671755725,3,0.00872093023255814,2,0.6666666666666666,6,6,1.0,0.0,1.0,1.0,9.0,267,Blocked;Independent,"Blocked(N2, N7 | N0, N4) || Independent(N2, N7 | N0, N4)"
b6388dec893f2336,4,3,0.004580152671755725,3,0.00872093023255814,2,0.6666666666666666,6,6,1.0,0.0,1.0,1.0,9.0,263,Blocked;Independent,"Blocked(N3, N6 | N2, N7) || Independent(N3, N6 | N2, N7)"
251129614f63c3d5,4,3,0.004580152671755725,3,0.00872093023255814,2,0.6666666666666666,6,6,1.0,0.0,1.0,1.0,9.0,262,Blocked;Independent,"Blocked(N4, N0 | N5, N6) || Independent(N4, N0 | N5, N6)"
055b1b269ddd6e0d,4,4,0.0061068702290076335,4,0.011627906976744186,2,0.6666666666666666,6,6,1.0,0.0,1.0,1.0,9.0,262,Blocked;Independent,"Blocked(N6, N0 | N1, N2) || Independent(N6, N0 | N1, N2)"
376da70f77e86a0d,4,1,0.0015267175572519084,1,0.0029069767441860465,1,0.3333333333333333,6,6,1.0,0.0,1.0,1.0,8.0,272,Blocked,"Blocked(N1, N4 | N6, N7)"
16276e7df57efe17,4,4,0.0061068702290076335,4,0.011627906976744186,2,0.6666666666666666,6,6,1.0,0.0,1.0,1.0,9.0,262,Blocked;Independent,"Blocked(N6, N0 | N3, N4) || Independent(N6, N0 | N3, N4)"
b80bbbf805c725f6,4,21,0.03206106870229008,17,0.04941860465116279,2,0.6666666666666666,6,6,1.0,0.0,1.0,1.0,9.0,262,Blocked;Independent,"Blocked(N4, N2 | N1, N5) || Independent(N4, N2 | N1, N5)"
9cfa66dce68a0a53,4,4,0.0061068702290076335,2,0.005813953488372093,2,0.6666666666666666,6,6,1.0,0.0,1.0,1.0,9.0,277,Blocked;Independent,"Blocked(N2, N0 | N1, N3) || Independent(N2, N0 | N1, N3)"
9fa5c7d43c1afc1e,4,3,0.004580152671755725,3,0.00872093023255814,2,0.6666666666666666,6,6,1.0,0.0,1.0,1.0,9.0,264,Blocked;Independent,"Blocked(N4, N8 | N1, N5) || Independent(N4, N8 | N1, N5)"
0261c1badb2bf1bb,4,4,0.0061068702290076335,4,0.011627906976744186,2,0.6666666666666666,6,6,1.0,0.0,1.0,1.0,9.0,262,Blocked;Independent,"Blocked(N7, N4 | N0, N5) || Independent(N7, N4 | N0, N5)"
b721666e14e72702,4,2,0.0030534351145038168,2,0.005813953488372093,1,0.3333333333333333,6,6,1.0,0.0,1.0,1.0,8.0,262,Blocked,"Blocked(N7, N4 | N6, N9)"
98a66a4491b4d341,4,3,0.004580152671755725,2,0.005813953488372093,2,0.6666666666666666,6,6,1.0,0.0,1.0,1.0,9.0,268,Blocked;Independent,"Blocked(N1, N3 | N2, N4) || Independent(N1, N3 | N2, N4)"
2170213459d7184d,4,3,0.004580152671755725,3,0.00872093023255814,2,0.6666666666666666,6,6,1.0,0.0,1.0,1.0,9.0,262,Blocked;Independent,"Blocked(N4, N8 | N1, N6) || Independent(N4, N8 | N1, N6)"
b805c581d8b02e0b,4,5,0.007633587786259542,5,0.014534883720930232,2,0.6666666666666666,6,6,1.0,0.0,1.0,1.0,9.0,263,Blocked;Independent,"Blocked(N4, N3 | N0, N2) || Independent(N4, N3 | N0, N2)"
897f5e7745019440,4,1,0.0015267175572519084,1,0.0029069767441860465,1,0.3333333333333333,6,6,1.0,0.0,1.0,1.0,8.0,267,Independent,"Independent(N6, N1 | N7, N8)"
6f93c4b67f37a5e5,4,3,0.004580152671755725,3,0.00872093023255814,2,0.6666666666666666,6,6,1.0,0.0,1.0,1.0,9.0,264,Blocked;Independent,"Blocked(N3, N4 | N0, N2) || Independent(N3, N4 | N0, N2)"
585596e0ee8e68de,4,3,0.004580152671755725,2,0.005813953488372093,2,0.6666666666666666,6,6,1.0,0.0,1.0,1.0,9.0,283,Blocked;Independent,"Blocked(N1, N3 | N0, N2) || Independent(N1, N3 | N0, N2)"
fae9c20f81160830,4,19,0.02900763358778626,18,0.05232558139534884,2,0.6666666666666666,6,6,1.0,0.0,1.0,1.0,9.0,262,Blocked;Independent,"Blocked(N0, N4 | N2, N5) || Independent(N0, N4 | N2, N5)"
821d489541025581,5,3,0.004580152671755725,3,0.00872093023255814,2,0.6666666666666666,6,6,1.0,0.0,1.0,1.0,9.0,262,Blocked;Independent,"Blocked(N2, N3 | N6, N7) || Independent(N2, N3 | N6, N7)"
26777e3e94199a8b,4,5,0.007633587786259542,5,0.014534883720930232,2,0.6666666666666666,6,6,1.0,0.0,1.0,1.0,9.0,262,Blocked;Independent,"Blocked(N2, N4 | N5, N7) || Independent(N2, N4 | N5, N7)"
a4864df2e3e5db7b,4,1,0.0015267175572519084,1,0.0029069767441860465,1,0.3333333333333333,6,6,1.0,0.0,1.0,1.0,8.0,262,Independent,"Independent(N5, N0 | N6, N9)"
2e49fc6ae2ccf45a,4,2,0.0030534351145038168,2,0.005813953488372093,2,0.6666666666666666,6,6,1.0,0.0,1.0,1.0,9.0,262,Blocked;Independent,"Blocked(N0, N4 | N5, N9) || Independent(N0, N4 | N5, N9)"
db72c6f22f43d5ff,4,3,0.004580152671755725,2,0.005813953488372093,2,0.6666666666666666,6,6,1.0,0.0,1.0,1.0,9.0,267,Blocked;Independent,"Blocked(N2, N5 | N0, N4) || Independent(N2, N5 | N0, N4)"
c39901f7387ba927,4,18,0.02748091603053435,18,0.05232558139534884,2,0.6666666666666666,6,6,1.0,0.0,1.0,1.0,9.0,262,Blocked;Independent,"Blocked(N1, N3 | N0, N4) || Independent(N1, N3 | N0, N4)"
3f2f9fa1972f8134,4,20,0.030534351145038167,20,0.05813953488372093,2,0.6666666666666666,6,6,1.0,0.0,1.0,1.0,9.0,262,Blocked;Independent,"Blocked(N5, N0 | N1, N2) || Independent(N5, N0 | N1, N2)"
4dc1406a41951f65,4,3,0.004580152671755725,2,0.005813953488372093,2,0.6666666666666666,6,6,1.0,0.0,1.0,1.0,9.0,267,Blocked;Independent,"Blocked(N3, N0 | N2, N5) || Independent(N3, N0 | N2, N5)"
9e6732e3d06bab07,4,20,0.030534351145038167,18,0.05232558139534884,2,0.6666666666666666,6,6,1.0,0.0,1.0,1.0,9.0,262,Blocked;Independent,"Blocked(N5, N0 | N3, N4) || Independent(N5, N0 | N3, N4)"
a9a5a19146993d67,4,1,0.0015267175572519084,1,0.0029069767441860465,1,0.3333333333333333,6,6,1.0,0.0,1.0,1.0,8.0,266,Independent,"Independent(N0, N9 | N6, N7)"
e1e85cc4ef1ea5e7,4,3,0.004580152671755725,3,0.00872093023255814,2,0.6666666666666666,6,6,1.0,0.0,1.0,1.0,9.0,268,Blocked;Independent,"Blocked(N4, N2 | N3, N5) || Independent(N4, N2 | N3, N5)"
05e7bb686813cf1d,4,3,0.004580152671755725,2,0.005813953488372093,2,0.6666666666666666,6,6,1.0,0.0,1.0,1.0,9.0,273,Blocked;Independent,"Blocked(N8, N1 | N4, N5) || Independent(N8, N1 | N4, N5)"
9473815c898a7b66,4,1,0.0015267175572519084,1,0.0029069767441860465,1,0.3333333333333333,6,6,1.0,0.0,1.0,1.0,8.0,272,Independent,"Independent(N0, N6 | N8, N9)"
1432b4b17ffb2de2,4,16,0.024427480916030534,14,0.040697674418604654,2,0.6666666666666666,6,6,1.0,0.0,1.0,1.0,9.0,262,Blocked;Independent,"Blocked(N2, N0 | N3, N5) || Independent(N2, N0 | N3, N5)"
911673876288c3b6,4,1,0.0015267175572519084,1,0.0029069767441860465,1,0.3333333333333333,6,6,1.0,0.0,1.0,1.0,8.0,262,Blocked,"Blocked(N2, N1 | N5, N8)"
b0199fb92adbab24,4,1,0.0015267175572519084,1,0.0029069767441860465,1,0.3333333333333333,6,6,1.0,0.0,1.0,1.0,8.0,272,Blocked,"Blocked(N3, N2 | N6, N7)"
ae7a823ec5924958,5,3,0.004580152671755725,3,0.00872093023255814,2,0.6666666666666666,6,6,1.0,0.0,1.0,1.0,9.0,262,Blocked;Independent,"Blocked(N7, N1 | N6, N8) || Independent(N7, N1 | N6, N8)"
0697b9b25b1808ec,4,4,0.0061068702290076335,4,0.011627906976744186,2,0.6666666666666666,6,6,1.0,0.0,1.0,1.0,9.0,264,Blocked;Independent,"Blocked(N0, N5 | N2, N4) || Independent(N0, N5 | N2, N4)"
50e228b1c438b83e,4,4,0.0061068702290076335,4,0.011627906976744186,2,0.6666666666666666,6,6,1.0,0.0,1.0,1.0,9.0,262,Blocked;Independent,"Blocked(N3, N5 | N2, N7) || Independent(N3, N5 | N2, N7)"
d7ba33da55d9ccd0,4,1,0.0015267175572519084,1,0.0029069767441860465,1,0.3333333333333333,6,6,1.0,0.0,1.0,1.0,8.0,267,Independent,"Independent(N1, N7 | N6, N8)"
f663186cbb382b9b,4,2,0.0030534351145038168,2,0.005813953488372093,2,0.6666666666666666,6,6,1.0,0.0,1.0,1.0,9.0,262,Blocked;Independent,"Blocked(N7, N0 | N6, N8) || Independent(N7, N0 | N6, N8)"
6d9bbfde71c518d8,4,1,0.0015267175572519084,1,0.0029069767441860465,1,0.3333333333333333,6,6,1.0,0.0,1.0,1.0,8.0,272,Independent,"Independent(N6, N3 | N7, N9)"
4448490c1e203ac8,4,3,0.004580152671755725,3,0.00872093023255814,2,0.6666666666666666,6,6,1.0,0.0,1.0,1.0,9.0,268,Blocked;Independent,"Blocked(N5, N3 | N1, N2) || Independent(N5, N3 | N1, N2)"
085ffd01fe6e3d5a,4,3,0.004580152671755725,2,0.005813953488372093,2,0.6666666666666666,6,6,1.0,0.0,1.0,1.0,9.0,264,Blocked;Independent,"Blocked(N2, N6 | N0, N7) || Independent(N2, N6 | N0, N7)"
be322f4950e100c4,4,2,0.0030534351145038168,2,0.005813953488372093,2,0.6666666666666666,6,6,1.0,0.0,1.0,1.0,9.0,262,Blocked;Independent,"Blocked(N3, N2 | N6, N8) || Independent(N3, N2 | N6, N8)"
ec2cf32d7880ec70,4,3,0.004580152671755725,2,0.005813953488372093,2,0.6666666666666666,6,6,1.0,0.0,1.0,1.0,9.0,264,Blocked;Independent,"Blocked(N2, N3 | N1, N4) || Independent(N2, N3 | N1, N4)"
dac25e29e2bddacc,4,1,0.0015267175572519084,1,0.0029069767441860465,1,0.3333333333333333,6,6,1.0,0.0,1.0,1.0,8.0,262,Blocked,"Blocked(N7, N1 | N6, N9)"
c9fa6fa414abe07f,4,4,0.0061068702290076335,3,0.00872093023255814,2,0.6666666666666666,6,6,1.0,0.0,1.0,1.0,9.0,263,Blocked;Independent,"Blocked(N1, N4 | N3, N5) || Independent(N1, N4 | N3, N5)"
e2b36a9e407dded1,4,7,0.010687022900763359,7,0.020348837209302327,2,0.6666666666666666,6,6,1.0,0.0,1.0,1.0,9.0,263,Blocked;Independent,"Blocked(N0, N3 | N2, N5) || Independent(N0, N3 | N2, N5)"
3db90eea4f815af3,4,7,0.010687022900763359,4,0.011627906976744186,2,0.6666666666666666,6,6,1.0,0.0,1.0,1.0,9.0,264,Blocked;Independent,"Blocked(N3, N1 | N0, N2) || Independent(N3, N1 | N0, N2)"
b8d88735ac85768f,4,4,0.0061068702290076335,4,0.011627906976744186,2,0.6666666666666666,6,6,1.0,0.0,1.0,1.0,9.0,262,Blocked;Independent,"Blocked(N4, N5 | N3, N7) || Independent(N4, N5 | N3, N7)"
17e77a01c0a72009,4,17,0.025954198473282442,16,0.046511627906976744,2,0.6666666666666666,6,6,1.0,0.0,1.0,1.0,9.0,262,Blocked;Independent,"Blocked(N1, N3 | N0, N5) || Independent(N1, N3 | N0, N5)"
08831730bce72622,4,4,0.0061068702290076335,2,0.005813953488372093,2,0.6666666666666666,6,6,1.0,0.0,1.0,1.0,9.0,268,Blocked;Independent,"Blocked(N0, N2 | N1, N3) || Independent(N0, N2 | N1, N3)"
5c0685b9f3ce8186,4,11,0.016793893129770993,11,0.03197674418604651,2,0.6666666666666666,6,6,1.0,0.0,1.0,1.0,9.0,262,Blocked;Independent,"Blocked(N4, N1 | N2, N5) || Independent(N4, N1 | N2, N5)"
09051c67da05a398,4,4,0.0061068702290076335,2,0.005813953488372093,2,0.6666666666666666,6,6,1.0,0.0,1.0,1.0,9.0,273,Blocked;Independent,"Blocked(N1, N2 | N0, N3) || Independent(N1, N2 | N0, N3)"
aa67d80b7725c8e8,4,3,0.004580152671755725,3,0.00872093023255814,1,0.3333333333333333,6,6,1.0,0.0,1.0,1.0,8.0,262,Independent,"Independent(N6, N7 | N0, N1)"
a6ec2b581c63f488,4,18,0.02748091603053435,17,0.04941860465116279,2,0.6666666666666666,6,6,1.0,0.0,1.0,1.0,9.0,262,Blocked;Independent,"Blocked(N4, N0 | N2, N5) || Independent(N4, N0 | N2, N5)"
3bb218e9051e8f08,4,3,0.004580152671755725,3,0.00872093023255814,2,0.6666666666666666,6,6,1.0,0.0,1.0,1.0,9.0,262,Blocked;Independent,"Blocked(N6, N5 | N0, N1) || Independent(N6, N5 | N0, N1)"
7d59296059a97673,4,24,0.0366412213740458,21,0.061046511627906974,2,0.6666666666666666,6,6,1.0,0.0,1.0,1.0,9.0,262,Blocked;Independent,"Blocked(N4, N2 | N0, N5) || Independent(N4, N2 | N0, N5)"
6f06c7be6af347e8,4,3,0.004580152671755725,3,0.00872093023255814,2,0.6666666666666666,6,6,1.0,0.0,1.0,1.0,9.0,262,Blocked;Independent,"Blocked(N2, N1 | N5, N7) || Independent(N2, N1 | N5, N7)"
e2f3fd783a37e3e8,4,3,0.004580152671755725,3,0.00872093023255814,2,0.6666666666666666,6,6,1.0,0.0,1.0,1.0,9.0,267,Blocked;Independent,"Blocked(N4, N1 | N2, N5) || Independent(N4, N1 | N2, N5)"
8e817cc0ec00b875,5,3,0.004580152671755725,3,0.00872093023255814,2,0.6666666666666666,6,6,1.0,0.0,1.0,1.0,9.0,262,Blocked;Independent,"Blocked(N3, N2 | N6, N7) || Independent(N3, N2 | N6, N7)"
a69a9c315979f233,4,1,0.0015267175572519084,1,0.0029069767441860465,1,0.3333333333333333,6,6,1.0,0.0,1.0,1.0,8.0,267,Blocked,"Blocked(N4, N3 | N6, N9)"
8d40c35fa0d4b833,4,3,0.004580152671755725,2,0.005813953488372093,2,0.6666666666666666,6,6,1.0,0.0,1.0,1.0,9.0,267,Blocked;Independent,"Blocked(N3, N0 | N1, N4) || Independent(N3, N0 | N1, N4)"
1edb8606f19dd598,4,19,0.02900763358778626,18,0.05232558139534884,2,0.6666666666666666,6,6,1.0,0.0,1.0,1.0,9.0,262,Blocked;Independent,"Blocked(N0, N4 | N1, N5) || Independent(N0, N4 | N1, N5)"
3ca13b0ed8e89d01,4,3,0.004580152671755725,2,0.005813953488372093,2,0.6666666666666666,6,6,1.0,0.0,1.0,1.0,9.0,273,Blocked;Independent,"Blocked(N0, N4 | N1, N2) || Independent(N0, N4 | N1, N2)"
ed258012e242b7d2,4,19,0.02900763358778626,17,0.04941860465116279,2,0.6666666666666666,6,6,1.0,0.0,1.0,1.0,9.0,262,Blocked;Independent,"Blocked(N4, N3 | N0, N2) || Independent(N4, N3 | N0, N2)"
b8dfbd8bacf2f69f,4,5,0.007633587786259542,4,0.011627906976744186,2,0.6666666666666666,6,6,1.0,0.0,1.0,1.0,9.0,267,Blocked;Independent,"Blocked(N0, N5 | N1, N4) || Independent(N0, N5 | N1, N4)"
a54701d151be0b5e,4,3,0.004580152671755725,2,0.005813953488372093,2,0.6666666666666666,6,6,1.0,0.0,1.0,1.0,9.0,263,Blocked;Independent,"Blocked(N5, N3 | N1, N2) || Independent(N5, N3 | N1, N2)"
952fc2d9c3604bf2,4,3,0.004580152671755725,3,0.00872093023255814,2,0.6666666666666666,6,6,1.0,0.0,1.0,1.0,9.0,264,Blocked;Independent,"Blocked(N2, N7 | N5, N6) || Independent(N2, N7 | N5, N6)"
a1158706dc963557,4,10,0.015267175572519083,10,0.029069767441860465,2,0.6666666666666666,6,6,1.0,0.0,1.0,1.0,9.0,262,Blocked;Independent,"Blocked(N3, N1 | N2, N4) || Independent(N3, N1 | N2, N4)"
bca0d2beb4498f9c,4,3,0.004580152671755725,3,0.00872093023255814,2,0.6666666666666666,6,6,1.0,0.0,1.0,1.0,9.0,263,Blocked;Independent,"Blocked(N5, N6 | N3, N4) || Independent(N5, N6 | N3, N4)"
737ecf563bfbbe49,4,3,0.004580152671755725,3,0.00872093023255814,2,0.6666666666666666,6,6,1.0,0.0,1.0,1.0,9.0,264,Blocked;Independent,"Blocked(N0, N2 | N3, N5) || Independent(N0, N2 | N3, N5)"
96ce7f36c25dc699,4,3,0.004580152671755725,2,0.005813953488372093,2,0.6666666666666666,6,6,1.0,0.0,1.0,1.0,9.0,272,Blocked;Independent,"Blocked(N3, N2 | N4, N5) || Independent(N3, N2 | N4, N5)"
703c52a8880a8fd6,4,4,0.0061068702290076335,4,0.011627906976744186,2,0.6666666666666666,6,6,1.0,0.0,1.0,1.0,9.0,262,Blocked;Independent,"Blocked(N6, N7 | N1, N4) || Independent(N6, N7 | N1, N4)"
bf9dbb1304620056,4,6,0.00916030534351145,6,0.01744186046511628,2,0.6666666666666666,6,6,1.0,0.0,1.0,1.0,9.0,262,Blocked;Independent,"Blocked(N6, N5 | N1, N4) || Independent(N6, N5 | N1, N4)"
70505a9dd9c0d2e8,4,19,0.02900763358778626,18,0.05232558139534884,2,0.6666666666666666,6,6,1.0,0.0,1.0,1.0,9.0,262,Blocked;Independent,"Blocked(N2, N0 | N1, N4) || Independent(N2, N0 | N1, N4)"
9245384cef1199c7,4,1,0.0015267175572519084,1,0.0029069767441860465,1,0.3333333333333333,6,6,1.0,0.0,1.0,1.0,8.0,271,Blocked,"Blocked(N2, N5 | N7, N9)"
a63be2cba349b431,4,3,0.004580152671755725,3,0.00872093023255814,2,0.6666666666666666,6,6,1.0,0.0,1.0,1.0,9.0,262,Blocked;Independent,"Blocked(N0, N7 | N2, N9) || Independent(N0, N7 | N2, N9)"
1b31c9b2e19a7bfe,4,29,0.044274809160305344,17,0.04941860465116279,2,0.6666666666666666,6,6,1.0,0.0,1.0,1.0,9.0,267,Blocked;Independent,"Blocked(N2, N1 | N0, N3) || Independent(N2, N1 | N0, N3)"
499506dc9b6510cd,4,5,0.007633587786259542,5,0.014534883720930232,2,0.6666666666666666,6,6,1.0,0.0,1.0,1.0,9.0,263,Blocked;Independent,"Blocked(N0, N4 | N3, N5) || Independent(N0, N4 | N3, N5)"
aa95e29acc181048,4,3,0.004580152671755725,3,0.00872093023255814,2,0.6666666666666666,6,6,1.0,0.0,1.0,1.0,9.0,262,Blocked;Independent,"Blocked(N4, N5 | N0, N7) || Independent(N4, N5 | N0, N7)"
2a631536cb19a01f,4,5,0.007633587786259542,5,0.014534883720930232,1,0.3333333333333333,6,6,1.0,0.0,1.0,1.0,8.0,263,Independent,"Independent(N4, N3 | N1, N5)"
87c64ece54fbc1f8,4,1,0.0015267175572519084,1,0.0029069767441860465,1,0.3333333333333333,6,6,1.0,0.0,1.0,1.0,8.0,267,Blocked,"Blocked(N8, N1 | N6, N7)"
fded7c5bb4fab6b8,4,3,0.004580152671755725,3,0.00872093023255814,2,0.6666666666666666,6,6,1.0,0.0,1.0,1.0,9.0,267,Blocked;Independent,"Blocked(N2, N3 | N1, N4) || Independent(N2, N3 | N1, N4)"
cafb108cad858269,4,5,0.007633587786259542,3,0.00872093023255814,2,0.6666666666666666,6,6,1.0,0.0,1.0,1.0,9.0,268,Blocked;Independent,"Blocked(N2, N1 | N0, N3) || Independent(N2, N1 | N0, N3)"
84f823a50a5d0d9f,4,3,0.004580152671755725,3,0.00872093023255814,1,0.3333333333333333,6,6,1.0,0.0,1.0,1.0,8.0,267,Independent,"Independent(N5, N4 | N0, N2)"
1f4f143ad06738b7,4,3,0.004580152671755725,3,0.00872093023255814,2,0.6666666666666666,6,6,1.0,0.0,1.0,1.0,9.0,262,Blocked;Independent,"Blocked(N7, N9 | N0, N3) || Independent(N7, N9 | N0, N3)"
dd5ffd73f442683c,4,6,0.00916030534351145,4,0.011627906976744186,2,0.6666666666666666,6,6,1.0,0.0,1.0,1.0,9.0,268,Blocked;Independent,"Blocked(N1, N2 | N0, N3) || Independent(N1, N2 | N0, N3)"
24a6fc46d9a356b5,4,4,0.0061068702290076335,4,0.011627906976744186,1,0.3333333333333333,6,6,1.0,0.0,1.0,1.0,8.0,262,Blocked,"Blocked(N4, N7 | N1, N2)"
31a1cd8014998f0c,4,3,0.004580152671755725,3,0.00872093023255814,2,0.6666666666666666,6,6,1.0,0.0,1.0,1.0,9.0,262,Blocked;Independent,"Blocked(N0, N6 | N2, N3) || Independent(N0, N6 | N2, N3)"
4b6b7d51742c7e5b,4,6,0.00916030534351145,5,0.014534883720930232,2,0.6666666666666666,6,6,1.0,0.0,1.0,1.0,9.0,262,Blocked;Independent,"Blocked(N4, N5 | N1, N2) || Independent(N4, N5 | N1, N2)"
f18ad3002bf53c31,4,4,0.0061068702290076335,4,0.011627906976744186,2,0.6666666666666666,6,6,1.0,0.0,1.0,1.0,9.0,264,Blocked;Independent,"Blocked(N4, N0 | N1, N3) || Independent(N4, N0 | N1, N3)"
49af53a689f7cbb7,4,3,0.004580152671755725,3,0.00872093023255814,1,0.3333333333333333,6,6,1.0,0.0,1.0,1.0,8.0,263,Blocked,"Blocked(N5, N4 | N2, N3)"
568e7a1bcb1e6107,4,6,0.00916030534351145,5,0.014534883720930232,2,0.6666666666666666,6,6,1.0,0.0,1.0,1.0,9.0,263,Blocked;Independent,"Blocked(N2, N1 | N0, N5) || Independent(N2, N1 | N0, N5)"
a84c445976696609,4,3,0.004580152671755725,3,0.00872093023255814,2,0.6666666666666666,6,6,1.0,0.0,1.0,1.0,9.0,267,Blocked;Independent,"Blocked(N5, N2 | N1, N3) || Independent(N5, N2 | N1, N3)"
e3442d81b7c99936,4,3,0.004580152671755725,3,0.00872093023255814,2,0.6666666666666666,6,6,1.0,0.0,1.0,1.0,9.0,262,Blocked;Independent,"Blocked(N7, N2 | N4, N5) || Independent(N7, N2 | N4, N5)"
b991338476b777d5,4,6,0.00916030534351145,3,0.00872093023255814,2,0.6666666666666666,6,6,1.0,0.0,1.0,1.0,9.0,268,Blocked;Independent,"Blocked(N2, N0 | N1, N3) || Independent(N2, N0 | N1, N3)"
0ef18f00fbe186cf,4,4,0.0061068702290076335,4,0.011627906976744186,2,0.6666666666666666,6,6,1.0,0.0,1.0,1.0,9.0,262,Blocked;Independent,"Blocked(N7, N4 | N0, N6) || Independent(N7, N4 | N0, N6)"
bcd7c725e1979d98,4,17,0.025954198473282442,9,0.02616279069767442,2,0.6666666666666666,6,6,1.0,0.0,1.0,1.0,9.0,267,Blocked;Independent,"Blocked(N0, N1 | N2, N3) || Independent(N0, N1 | N2, N3)"
82bc1f5f7f77c1a9,4,3,0.004580152671755725,3,0.00872093023255814,1,0.3333333333333333,6,6,1.0,0.0,1.0,1.0,8.0,262,Independent,"Independent(N5, N7 | N1, N4)"
e9bc1036e7754d83,4,3,0.004580152671755725,3,0.00872093023255814,1,0.3333333333333333,6,6,1.0,0.0,1.0,1.0,8.0,267,Blocked,"Blocked(N2, N4 | N0, N1)"
4b4021a32d434293,4,4,0.0061068702290076335,4,0.011627906976744186,2,0.6666666666666666,6,6,1.0,0.0,1.0,1.0,9.0,267,Blocked;Independent,"Blocked(N0, N1 | N2, N4) || Independent(N0, N1 | N2, N4)"
3f7f39929f5c3b16,4,3,0.004580152671755725,3,0.00872093023255814,2,0.6666666666666666,6,6,1.0,0.0,1.0,1.0,9.0,268,Blocked;Independent,"Blocked(N1, N5 | N0, N2) || Independent(N1, N5 | N0, N2)"
5811fbf4b6443c86,4,19,0.02900763358778626,10,0.029069767441860465,2,0.6666666666666666,6,6,1.0,0.0,1.0,1.0,9.0,263,Blocked;Independent,"Blocked(N3, N0 | N1, N2) || Independent(N3, N0 | N1, N2)"
05e8c7c1b00a2315,4,3,0.004580152671755725,3,0.00872093023255814,2,0.6666666666666666,6,6,1.0,0.0,1.0,1.0,9.0,264,Blocked;Independent,"Blocked(N3, N0 | N2, N4) || Independent(N3, N0 | N2, N4)"
e8ae3ff0c8afec7b,4,5,0.007633587786259542,5,0.014534883720930232,2,0.6666666666666666,6,6,1.0,0.0,1.0,1.0,9.0,263,Blocked;Independent,"Blocked(N5, N3 | N0, N4) || Independent(N5, N3 | N0, N4)"
eb9d64c31077274c,4,32,0.04885496183206107,17,0.04941860465116279,2,0.6666666666666666,6,6,1.0,0.0,1.0,1.0,9.0,263,Blocked;Independent,"Blocked(N1, N2 | N0, N3) || Independent(N1, N2 | N0, N3)"
7327858b66c80280,4,3,0.004580152671755725,3,0.00872093023255814,2,0.6666666666666666,6,6,1.0,0.0,1.0,1.0,9.0,262,Blocked;Independent,"Blocked(N3, N4 | N0, N7) || Independent(N3, N4 | N0, N7)"
3ae1cf2f13b53fcb,4,3,0.004580152671755725,3,0.00872093023255814,1,0.3333333333333333,6,6,1.0,0.0,1.0,1.0,8.0,262,Blocked,"Blocked(N2, N0 | N4, N6)"
75db3941d31947b2,4,3,0.004580152671755725,3,0.00872093023255814,2,0.6666666666666666,6,6,1.0,0.0,1.0,1.0,9.0,262,Blocked;Independent,"Blocked(N7, N5 | N0, N1) || Independent(N7, N5 | N0, N1)"
0dd5b31ef5d70c06,4,1,0.0015267175572519084,1,0.0029069767441860465,1,0.3333333333333333,6,6,1.0,0.0,1.0,1.0,8.0,267,Independent,"Independent(N5, N2 | N6, N7)"
70aa4225163d7cd7,4,1,0.0015267175572519084,1,0.0029069767441860465,1,0.3333333333333333,6,6,1.0,0.0,1.0,1.0,8.0,262,Independent,"Independent(N6, N1 | N5, N8)"
4097882935ecdb1f,4,3,0.004580152671755725,3,0.00872093023255814,1,0.3333333333333333,6,6,1.0,0.0,1.0,1.0,8.0,263,Blocked,"Blocked(N5, N1 | N2, N4)"
0b8c20b8d5609e8c,4,3,0.004580152671755725,3,0.00872093023255814,1,0.3333333333333333,6,6,1.0,0.0,1.0,1.0,8.0,267,Independent,"Independent(N2, N0 | N1, N4)"
75a1da86c3ee2d94,4,4,0.0061068702290076335,2,0.005813953488372093,2,0.6666666666666666,6,6,1.0,0.0,1.0,1.0,9.0,273,Blocked;Independent,"Blocked(N2, N1 | N0, N3) || Independent(N2, N1 | N0, N3)"
374d930ff9468297,4,5,0.007633587786259542,3,0.00872093023255814,2,0.6666666666666666,6,6,1.0,0.0,1.0,1.0,9.0,273,Blocked;Independent,"Blocked(N1, N2 | N0, N3) || Independent(N1, N2 | N0, N3)"
dcb9efae8063e238,4,4,0.0061068702290076335,2,0.005813953488372093,2,0.6666666666666666,6,6,1.0,0.0,1.0,1.0,9.0,267,Blocked;Independent,"Blocked(N3, N5 | N0, N2) || Independent(N3, N5 | N0, N2)"
c6137a2309b7ddb6,4,3,0.004580152671755725,3,0.00872093023255814,2,0.6666666666666666,6,6,1.0,0.0,1.0,1.0,9.0,262,Blocked;Independent,"Blocked(N0, N4 | N2, N7) || Independent(N0, N4 | N2, N7)"
802845e5a2a5006d,4,1,0.0015267175572519084,1,0.0029069767441860465,1,0.3333333333333333,6,6,1.0,0.0,1.0,1.0,8.0,267,Independent,"Independent(N2, N1 | N6, N7)"
cf998131ebbe173c,4,4,0.0061068702290076335,4,0.011627906976744186,2,0.6666666666666666,6,6,1.0,0.0,1.0,1.0,9.0,263,Blocked;Independent,"Blocked(N2, N3 | N0, N4) || Independent(N2, N3 | N0, N4)"
b25e531cdfb8d98b,4,3,0.004580152671755725,2,0.005813953488372093,2,0.6666666666666666,6,6,1.0,0.0,1.0,1.0,9.0,283,Blocked;Independent,"Blocked(N0, N1 | N2, N3) || Independent(N0, N1 | N2, N3)"
23a9486d4e91ee0f,4,4,0.0061068702290076335,4,0.011627906976744186,2,0.6666666666666666,6,6,1.0,0.0,1.0,1.0,9.0,263,Blocked;Independent,"Blocked(N3, N4 | N2, N5) || Independent(N3, N4 | N2, N5)"
fd5621760d6b504c,4,3,0.004580152671755725,3,0.00872093023255814,2,0.6666666666666666,6,6,1.0,0.0,1.0,1.0,9.0,267,Blocked;Independent,"Blocked(N0, N1 | N4, N7) || Independent(N0, N1 | N4, N7)"
dad119673f2e42ed,4,6,0.00916030534351145,6,0.01744186046511628,2,0.6666666666666666,6,6,1.0,0.0,1.0,1.0,9.0,262,Blocked;Independent,"Blocked(N4, N7 | N0, N3) || Independent(N4, N7 | N0, N3)"
28513b18c0e2d828,4,21,0.03206106870229008,18,0.05232558139534884,2,0.6666666666666666,6,6,1.0,0.0,1.0,1.0,9.0,262,Blocked;Independent,"Blocked(N4, N5 | N0, N3) || Independent(N4, N5 | N0, N3)"
52d9afd0ccc122a4,4,3,0.004580152671755725,3,0.00872093023255814,2,0.6666666666666666,6,6,1.0,0.0,1.0,1.0,9.0,267,Blocked;Independent,"Blocked(N5, N4 | N2, N3) || Independent(N5, N4 | N2, N3)"
e1f79de5d5123faf,4,5,0.007633587786259542,5,0.014534883720930232,2,0.6666666666666666,6,6,1.0,0.0,1.0,1.0,9.0,262,Blocked;Independent,"Blocked(N7, N1 | N0, N6) || Independent(N7, N1 | N0, N6)"
0738709b99f767fa,4,4,0.0061068702290076335,4,0.011627906976744186,2,0.6666666666666666,6,6,1.0,0.0,1.0,1.0,9.0,263,Blocked;Independent,"Blocked(N5, N4 | N0, N3) || Independent(N5, N4 | N0, N3)"
ed9a6639a47940bc,4,6,0.00916030534351145,5,0.014534883720930232,2,0.6666666666666666,6,6,1.0,0.0,1.0,1.0,9.0,262,Blocked;Independent,"Blocked(N3, N5 | N4, N7) || Independent(N3, N5 | N4, N7)"
3b7499f2e7194c4f,4,2,0.0030534351145038168,2,0.005813953488372093,2,0.6666666666666666,6,6,1.0,0.0,1.0,1.0,9.0,262,Blocked;Independent,"Blocked(N7, N6 | N8, N9) || Independent(N7, N6 | N8, N9)"
678b1d896f2bb6d8,4,4,0.0061068702290076335,4,0.011627906976744186,2,0.6666666666666666,6,6,1.0,0.0,1.0,1.0,9.0,263,Blocked;Independent,"Blocked(N5, N4 | N0, N2) || Independent(N5, N4 | N0, N2)"
337bc05c70dcd85c,5,5,0.007633587786259542,5,0.014534883720930232,2,0.6666666666666666,6,6,1.0,0.0,1.0,1.0,9.0,262,Blocked;Independent,"Blocked(N2, N0 | N6, N7) || Independent(N2, N0 | N6, N7)"
c59eceaea6529600,4,1,0.0015267175572519084,1,0.0029069767441860465,1,0.3333333333333333,6,6,1.0,0.0,1.0,1.0,8.0,267,Blocked,"Blocked(N0, N5 | N6, N8)"
937b71c267a65bc9,4,3,0.004580152671755725,2,0.005813953488372093,2,0.6666666666666666,6,6,1.0,0.0,1.0,1.0,9.0,272,Blocked;Independent,"Blocked(N2, N1 | N0, N3) || Independent(N2, N1 | N0, N3)"
9e57ac73ed845564,4,3,0.004580152671755725,3,0.00872093023255814,2,0.6666666666666666,6,6,1.0,0.0,1.0,1.0,9.0,263,Blocked;Independent,"Blocked(N3, N5 | N2, N4) || Independent(N3, N5 | N2, N4)"
3cd2818abf67bc2e,4,16,0.024427480916030534,16,0.046511627906976744,2,0.6666666666666666,6,6,1.0,0.0,1.0,1.0,9.0,262,Blocked;Independent,"Blocked(N2, N0 | N3, N4) || Independent(N2, N0 | N3, N4)"
934227a5f759f1d0,4,5,0.007633587786259542,5,0.014534883720930232,2,0.6666666666666666,6,6,1.0,0.0,1.0,1.0,9.0,262,Blocked;Independent,"Blocked(N6, N0 | N5, N7) || Independent(N6, N0 | N5, N7)"
9538e21991b377bb,4,3,0.004580152671755725,2,0.005813953488372093,2,0.6666666666666666,6,6,1.0,0.0,1.0,1.0,9.0,272,Blocked;Independent,"Blocked(N0, N2 | N1, N3) || Independent(N0, N2 | N1, N3)"
35922a96e3f7d4cc,4,4,0.0061068702290076335,4,0.011627906976744186,2,0.6666666666666666,6,6,1.0,0.0,1.0,1.0,9.0,262,Blocked;Independent,"Blocked(N2, N0 | N5, N6) || Independent(N2, N0 | N5, N6)"
0158087ac820a287,4,1,0.0015267175572519084,1,0.0029069767441860465,1,0.3333333333333333,6,6,1.0,0.0,1.0,1.0,8.0,262,Independent,"Independent(N9, N8 | N6, N7)"
2081737afa72978a,4,3,0.004580152671755725,3,0.00872093023255814,2,0.6666666666666666,6,6,1.0,0.0,1.0,1.0,9.0,264,Blocked;Independent,"Blocked(N1, N2 | N3, N4) || Independent(N1, N2 | N3, N4)"
5aac5eb1cab33b23,4,3,0.004580152671755725,3,0.00872093023255814,2,0.6666666666666666,6,6,1.0,0.0,1.0,1.0,9.0,263,Blocked;Independent,"Blocked(N0, N3 | N2, N4) || Independent(N0, N3 | N2, N4)"
079c950f02aa342c,4,3,0.004580152671755725,3,0.00872093023255814,2,0.6666666666666666,6,6,1.0,0.0,1.0,1.0,9.0,263,Blocked;Independent,"Blocked(N1, N2 | N4, N6) || Independent(N1, N2 | N4, N6)"
86d3264e564b8669,4,4,0.0061068702290076335,4,0.011627906976744186,2,0.6666666666666666,6,6,1.0,0.0,1.0,1.0,9.0,263,Blocked;Independent,"Blocked(N6, N0 | N1, N2) || Independent(N6, N0 | N1, N2)"
601356547396d961,4,3,0.004580152671755725,3,0.00872093023255814,2,0.6666666666666666,6,6,1.0,0.0,1.0,1.0,9.0,262,Blocked;Independent,"Blocked(N3, N1 | N0, N7) || Independent(N3, N1 | N0, N7)"
99c47b339a02df14,4,4,0.0061068702290076335,2,0.005813953488372093,2,0.6666666666666666,6,6,1.0,0.0,1.0,1.0,9.0,268,Blocked;Independent,"Blocked(N2, N5 | N1, N3) || Independent(N2, N5 | N1, N3)"
1538955e8360b690,4,3,0.004580152671755725,3,0.00872093023255814,2,0.6666666666666666,6,6,1.0,0.0,1.0,1.0,9.0,268,Blocked;Independent,"Blocked(N3, N4 | N0, N5) || Independent(N3, N4 | N0, N5)"
40c81c19eb797847,4,5,0.007633587786259542,5,0.014534883720930232,2,0.6666666666666666,6,6,1.0,0.0,1.0,1.0,9.0,262,Blocked;Independent,"Blocked(N6, N4 | N0, N7) || Independent(N6, N4 | N0, N7)"
811f7bc2d62d8534,4,3,0.004580152671755725,3,0.00872093023255814,2,0.6666666666666666,6,6,1.0,0.0,1.0,1.0,9.0,268,Blocked;Independent,"Blocked(N1, N4 | N0, N7) || Independent(N1, N4 | N0, N7)"
1fdaf40af1f23271,4,5,0.007633587786259542,5,0.014534883720930232,2,0.6666666666666666,6,6,1.0,0.0,1.0,1.0,9.0,263,Blocked;Independent,"Blocked(N3, N6 | N1, N2) || Independent(N3, N6 | N1, N2)"
659b8d2fd37992ed,4,1,0.0015267175572519084,1,0.0029069767441860465,1,0.3333333333333333,6,6,1.0,0.0,1.0,1.0,8.0,266,Blocked,"Blocked(N8, N0 | N6, N9)"
8450be31ce28cdd4,4,3,0.004580152671755725,3,0.00872093023255814,1,0.3333333333333333,6,6,1.0,0.0,1.0,1.0,8.0,263,Independent,"Independent(N1, N7 | N0, N5)"
bab5ba7ffc890c1a,4,1,0.0015267175572519084,1,0.0029069767441860465,1,0.3333333333333333,6,6,1.0,0.0,1.0,1.0,8.0,262,Independent,"Independent(N3, N0 | N8, N9)"
911b2279389b4918,4,4,0.0061068702290076335,4,0.011627906976744186,2,0.6666666666666666,6,6,1.0,0.0,1.0,1.0,9.0,263,Blocked;Independent,"Blocked(N7, N3 | N1, N2) || Independent(N7, N3 | N1, N2)"
fe35404deef70f9d,4,4,0.0061068702290076335,2,0.005813953488372093,2,0.6666666666666666,6,6,1.0,0.0,1.0,1.0,9.0,272,Blocked;Independent,"Blocked(N0, N1 | N2, N3) || Independent(N0, N1 | N2, N3)"
52a61585fdf0ec0e,4,6,0.00916030534351145,6,0.01744186046511628,2,0.6666666666666666,6,6,1.0,0.0,1.0,1.0,9.0,263,Blocked;Independent,"Blocked(N3, N1 | N2, N5) || Independent(N3, N1 | N2, N5)"
7d8fbc69391629d1,4,1,0.0015267175572519084,1,0.0029069767441860465,1,0.3333333333333333,6,6,1.0,0.0,1.0,1.0,8.0,267,Blocked,"Blocked(N6, N8 | N7, N9)"
f74a165beed8d038,4,8,0.012213740458015267,5,0.014534883720930232,2,0.6666666666666666,6,6,1.0,0.0,1.0,1.0,9.0,268,Blocked;Independent,"Blocked(N0, N3 | N1, N2) || Independent(N0, N3 | N1, N2)"
85c5703259e46be0,4,3,0.004580152671755725,3,0.00872093023255814,2,0.6666666666666666,6,6,1.0,0.0,1.0,1.0,9.0,267,Blocked;Independent,"Blocked(N3, N4 | N1, N5) || Independent(N3, N4 | N1, N5)"
8f9982865c6916dc,4,3,0.004580152671755725,2,0.005813953488372093,2,0.6666666666666666,6,6,1.0,0.0,1.0,1.0,9.0,264,Blocked;Independent,"Blocked(N2, N0 | N1, N4) || Independent(N2, N0 | N1, N4)"
2d1b2e60a4feeac4,4,3,0.004580152671755725,3,0.00872093023255814,2,0.6666666666666666,6,6,1.0,0.0,1.0,1.0,9.0,267,Blocked;Independent,"Blocked(N0, N3 | N1, N5) || Independent(N0, N3 | N1, N5)"
978556125f9a6eb7,4,8,0.012213740458015267,4,0.011627906976744186,2,0.6666666666666666,6,6,1.0,0.0,1.0,1.0,9.0,272,Blocked;Independent,"Blocked(N0, N1 | N2, N3) || Independent(N0, N1 | N2, N3)"
ece31782870db65d,4,1,0.0015267175572519084,1,0.0029069767441860465,1,0.3333333333333333,6,6,1.0,0.0,1.0,1.0,8.0,262,Independent,"Independent(N3, N7 | N5, N9)"
35d58f82a2ba9078,4,22,0.03358778625954199,19,0.055232558139534885,2,0.6666666666666666,6,6,1.0,0.0,1.0,1.0,9.0,262,Blocked;Independent,"Blocked(N2, N1 | N4, N5) || Independent(N2, N1 | N4, N5)"
c6b9afaef280ec7b,4,3,0.004580152671755725,3,0.00872093023255814,2,0.6666666666666666,6,6,1.0,0.0,1.0,1.0,9.0,263,Blocked;Independent,"Blocked(N0, N2 | N4, N5) || Independent(N0, N2 | N4, N5)"
0ab5b5305dbd3dbc,4,6,0.00916030534351145,6,0.01744186046511628,2,0.6666666666666666,6,6,1.0,0.0,1.0,1.0,9.0,263,Blocked;Independent,"Blocked(N7, N4 | N5, N6) || Independent(N7, N4 | N5, N6)"
ac67fc0442b6cde7,4,5,0.007633587786259542,5,0.014534883720930232,2,0.6666666666666666,6,6,1.0,0.0,1.0,1.0,9.0,262,Blocked;Independent,"Blocked(N0, N7 | N2, N6) || Independent(N0, N7 | N2, N6)"
83f1e1a025593b8d,4,7,0.010687022900763359,7,0.020348837209302327,2,0.6666666666666666,6,6,1.0,0.0,1.0,1.0,9.0,264,Blocked;Independent,"Blocked(N1, N4 | N0, N3) || Independent(N1, N4 | N0, N3)"
59f68b33d531eb09,4,4,0.0061068702290076335,4,0.011627906976744186,2,0.6666666666666666,6,6,1.0,0.0,1.0,1.0,9.0,262,Blocked;Independent,"Blocked(N0, N5 | N2, N6) || Independent(N0, N5 | N2, N6)"
32d5100bfe70bf2d,4,29,0.044274809160305344,16,0.046511627906976744,2,0.6666666666666666,6,6,1.0,0.0,1.0,1.0,9.0,263,Blocked;Independent,"Blocked(N2, N0 | N1, N3) || Independent(N2, N0 | N1, N3)"
a73d73c2193bf29b,4,2,0.0030534351145038168,2,0.005813953488372093,1,0.3333333333333333,6,6,1.0,0.0,1.0,1.0,8.0,262,Blocked,"Blocked(N7, N3 | N5, N8)"
90543a9b94b38e85,4,6,0.00916030534351145,4,0.011627906976744186,2,0.6666666666666666,6,6,1.0,0.0,1.0,1.0,9.0,267,Blocked;Independent,"Blocked(N2, N1 | N0, N3) || Independent(N2, N1 | N0, N3)"
63b4593334cc3bdd,4,3,0.004580152671755725,3,0.00872093023255814,2,0.6666666666666666,6,6,1.0,0.0,1.0,1.0,9.0,267,Blocked;Independent,"Blocked(N0, N1 | N3, N4) || Independent(N0, N1 | N3, N4)"
8ac9d94e944aa18a,4,3,0.004580152671755725,3,0.00872093023255814,2,0.6666666666666666,6,6,1.0,0.0,1.0,1.0,9.0,263,Blocked;Independent,"Blocked(N5, N4 | N0, N1) || Independent(N5, N4 | N0, N1)"
64dbbcfff5cc73e7,4,3,0.004580152671755725,3,0.00872093023255814,2,0.6666666666666666,6,6,1.0,0.0,1.0,1.0,9.0,262,Blocked;Independent,"Blocked(N7, N1 | N0, N2) || Independent(N7, N1 | N0, N2)"
cda3330cce3416e9,4,18,0.02748091603053435,18,0.05232558139534884,2,0.6666666666666666,6,6,1.0,0.0,1.0,1.0,9.0,262,Blocked;Independent,"Blocked(N1, N0 | N2, N5) || Independent(N1, N0 | N2, N5)"
89ce75fecfcbf813,4,4,0.0061068702290076335,4,0.011627906976744186,2,0.6666666666666666,6,6,1.0,0.0,1.0,1.0,9.0,263,Blocked;Independent,"Blocked(N2, N5 | N0, N3) || Independent(N2, N5 | N0, N3)"
eebe206be12e7e78,4,14,0.021374045801526718,13,0.0377906976744186,2,0.6666666666666666,6,6,1.0,0.0,1.0,1.0,9.0,262,Blocked;Independent,"Blocked(N4, N1 | N0, N2) || Independent(N4, N1 | N0, N2)"
83d5b6d1b8d47921,4,4,0.0061068702290076335,4,0.011627906976744186,2,0.6666666666666666,6,6,1.0,0.0,1.0,1.0,9.0,263,Blocked;Independent,"Blocked(N5, N0 | N1, N2) || Independent(N5, N0 | N1, N2)"
3e0c0310e9cc4e14,4,3,0.004580152671755725,3,0.00872093023255814,2,0.6666666666666666,6,6,1.0,0.0,1.0,1.0,9.0,264,Blocked;Independent,"Blocked(N5, N0 | N2, N4) || Independent(N5, N0 | N2, N4)"
c71d61000454f30e,4,3,0.004580152671755725,3,0.00872093023255814,2,0.6666666666666666,6,6,1.0,0.0,1.0,1.0,9.0,268,Blocked;Independent,"Blocked(N1, N5 | N2, N3) || Independent(N1, N5 | N2, N3)"
8cd2f00862815d1d,4,3,0.004580152671755725,3,0.00872093023255814,1,0.3333333333333333,6,6,1.0,0.0,1.0,1.0,8.0,263,Blocked,"Blocked(N8, N0 | N2, N4)"
68223709af1a69c0,4,15,0.022900763358778626,9,0.02616279069767442,2,0.6666666666666666,6,6,1.0,0.0,1.0,1.0,9.0,267,Blocked;Independent,"Blocked(N0, N2 | N1, N3) || Independent(N0, N2 | N1, N3)"
abe9c30a9d4a2d3f,4,4,0.0061068702290076335,3,0.00872093023255814,2,0.6666666666666666,6,6,1.0,0.0,1.0,1.0,9.0,264,Blocked;Independent,"Blocked(N4, N2 | N0, N5) || Independent(N4, N2 | N0, N5)"
78fb76f202f76457,4,3,0.004580152671755725,3,0.00872093023255814,1,0.3333333333333333,6,6,1.0,0.0,1.0,1.0,8.0,263,Blocked,"Blocked(N4, N3 | N0, N7)"
efa738fc4a4ac5cc,4,108,0.1648854961832061,63,0.18313953488372092,2,0.6666666666666666,6,6,1.0,0.0,1.0,1.0,9.0,262,Blocked;Independent,"Blocked(N1, N3 | N0, N2) || Independent(N1, N3 | N0, N2)"
aba375a3b5c08586,4,1,0.0015267175572519084,1,0.0029069767441860465,1,0.3333333333333333,6,6,1.0,0.0,1.0,1.0,8.0,262,Blocked,"Blocked(N1, N8 | N7, N9)"
9f5ac7979a6f6d2e,4,4,0.0061068702290076335,3,0.00872093023255814,2,0.6666666666666666,6,6,1.0,0.0,1.0,1.0,9.0,267,Blocked;Independent,"Blocked(N1, N0 | N3, N4) || Independent(N1, N0 | N3, N4)"
7cf7abc9157ad5cd,4,4,0.0061068702290076335,3,0.00872093023255814,2,0.6666666666666666,6,6,1.0,0.0,1.0,1.0,9.0,267,Blocked;Independent,"Blocked(N1, N5 | N3, N4) || Independent(N1, N5 | N3, N4)"
7f3b6f914504dd15,4,6,0.00916030534351145,6,0.01744186046511628,2,0.6666666666666666,6,6,1.0,0.0,1.0,1.0,9.0,263,Blocked;Independent,"Blocked(N1, N3 | N2, N4) || Independent(N1, N3 | N2, N4)"
346b8be5968ba048,4,3,0.004580152671755725,2,0.005813953488372093,2,0.6666666666666666,6,6,1.0,0.0,1.0,1.0,9.0,268,Blocked;Independent,"Blocked(N3, N1 | N0, N5) || Independent(N3, N1 | N0, N5)"
32186bdf0e657fd5,4,1,0.0015267175572519084,1,0.0029069767441860465,1,0.3333333333333333,6,6,1.0,0.0,1.0,1.0,8.0,262,Independent,"Independent(N4, N1 | N8, N9)"
bbcfeb9a0684a95a,4,3,0.004580152671755725,3,0.00872093023255814,2,0.6666666666666666,6,6,1.0,0.0,1.0,1.0,9.0,264,Blocked;Independent,"Blocked(N4, N3 | N1, N7) || Independent(N4, N3 | N1, N7)"
0f3082786e7a087c,4,13,0.01984732824427481,8,0.023255813953488372,2,0.6666666666666666,6,6,1.0,0.0,1.0,1.0,9.0,267,Blocked;Independent,"Blocked(N3, N0 | N1, N2) || Independent(N3, N0 | N1, N2)"
53d237f154991664,4,3,0.004580152671755725,3,0.00872093023255814,2,0.6666666666666666,6,6,1.0,0.0,1.0,1.0,9.0,263,Blocked;Independent,"Blocked(N5, N2 | N3, N4) || Independent(N5, N2 | N3, N4)"
5fc49ba13001f9ce,4,4,0.0061068702290076335,4,0.011627906976744186,2,0.6666666666666666,6,6,1.0,0.0,1.0,1.0,9.0,262,Blocked;Independent,"Blocked(N1, N2 | N3, N6) || Independent(N1, N2 | N3, N6)"
91fb7ed0d65e8e3f,4,4,0.0061068702290076335,4,0.011627906976744186,2,0.6666666666666666,6,6,1.0,0.0,1.0,1.0,9.0,262,Blocked;Independent,"Blocked(N2, N5 | N3, N7) || Independent(N2, N5 | N3, N7)"
533cf93fcc64635f,4,3,0.004580152671755725,3,0.00872093023255814,2,0.6666666666666666,6,6,1.0,0.0,1.0,1.0,9.0,262,Blocked;Independent,"Blocked(N2, N7 | N0, N1) || Independent(N2, N7 | N0, N1)"
cb3fbf05d7802960,4,12,0.0183206106870229,12,0.03488372093023256,2,0.6666666666666666,6,6,1.0,0.0,1.0,1.0,9.0,262,Blocked;Independent,"Blocked(N2, N5 | N0, N1) || Independent(N2, N5 | N0, N1)"
6bd8331466ec81a6,4,2,0.0030534351145038168,2,0.005813953488372093,1,0.3333333333333333,6,6,1.0,0.0,1.0,1.0,8.0,262,Independent,"Independent(N3, N5 | N7, N8)"
04efb1ab0421007b,4,5,0.007633587786259542,4,0.011627906976744186,2,0.6666666666666666,6,6,1.0,0.0,1.0,1.0,9.0,263,Blocked;Independent,"Blocked(N4, N3 | N0, N2) || Independent(N4, N3 | N0, N2)"
63decc66df2d4f9f,4,1,0.0015267175572519084,1,0.0029069767441860465,1,0.3333333333333333,6,6,1.0,0.0,1.0,1.0,8.0,267,Independent,"Independent(N7, N2 | N8, N9)"
4c3fa2a1a13710b0,4,3,0.004580152671755725,3,0.00872093023255814,1,0.3333333333333333,6,6,1.0,0.0,1.0,1.0,8.0,264,Blocked,"Blocked(N5, N0 | N2, N7)"
ed51b39597cc0335,4,2,0.0030534351145038168,2,0.005813953488372093,2,0.6666666666666666,6,6,1.0,0.0,1.0,1.0,9.0,262,Blocked;Independent,"Blocked(N8, N0 | N5, N9) || Independent(N8, N0 | N5, N9)"
c54b00f558bd699b,4,3,0.004580152671755725,3,0.00872093023255814,2,0.6666666666666666,6,6,1.0,0.0,1.0,1.0,9.0,262,Blocked;Independent,"Blocked(N5, N0 | N1, N7) || Independent(N5, N0 | N1, N7)"
ea024f70f78942e4,4,1,0.0015267175572519084,1,0.0029069767441860465,1,0.3333333333333333,6,6,1.0,0.0,1.0,1.0,8.0,267,Independent,"Independent(N3, N8 | N6, N9)"
74fe9b8fdbb9b7f9,4,13,0.01984732824427481,12,0.03488372093023256,2,0.6666666666666666,6,6,1.0,0.0,1.0,1.0,9.0,262,Blocked;Independent,"Blocked(N1, N0 | N3, N5) || Independent(N1, N0 | N3, N5)"
2d6a5212e5f371be,4,3,0.004580152671755725,2,0.005813953488372093,2,0.6666666666666666,6,6,1.0,0.0,1.0,1.0,9.0,269,Blocked;Independent,"Blocked(N1, N5 | N2, N3) || Independent(N1, N5 | N2, N3)"
0cbddf9b9ffc2795,4,4,0.0061068702290076335,4,0.011627906976744186,2,0.6666666666666666,6,6,1.0,0.0,1.0,1.0,9.0,264,Blocked;Independent,"Blocked(N2, N4 | N0, N5) || Independent(N2, N4 | N0, N5)"
cf551215c16f6870,4,3,0.004580152671755725,3,0.00872093023255814,1,0.3333333333333333,6,6,1.0,0.0,1.0,1.0,8.0,263,Independent,"Independent(N5, N6 | N1, N2)"
9502cc83bd35005c,4,3,0.004580152671755725,2,0.005813953488372093,2,0.6666666666666666,6,6,1.0,0.0,1.0,1.0,9.0,268,Blocked;Independent,"Blocked(N1, N4 | N0, N3) || Independent(N1, N4 | N0, N3)"
a209fbd5e4409c7b,4,4,0.0061068702290076335,4,0.011627906976744186,2,0.6666666666666666,6,6,1.0,0.0,1.0,1.0,9.0,262,Blocked;Independent,"Blocked(N2, N5 | N0, N7) || Independent(N2, N5 | N0, N7)"
6e1d686b5ac39ca2,4,3,0.004580152671755725,3,0.00872093023255814,2,0.6666666666666666,6,6,1.0,0.0,1.0,1.0,9.0,262,Blocked;Independent,"Blocked(N9, N8 | N0, N6) || Independent(N9, N8 | N0, N6)"
c42aa29543609002,4,3,0.004580152671755725,3,0.00872093023255814,1,0.3333333333333333,6,6,1.0,0.0,1.0,1.0,8.0,267,Blocked,"Blocked(N5, N1 | N3, N4)"
26c597e8f6cc8d24,4,5,0.007633587786259542,5,0.014534883720930232,2,0.6666666666666666,6,6,1.0,0.0,1.0,1.0,9.0,268,Blocked;Independent,"Blocked(N4, N1 | N0, N5) || Independent(N4, N1 | N0, N5)"
dec2e5a348dd5e16,4,3,0.004580152671755725,3,0.00872093023255814,2,0.6666666666666666,6,6,1.0,0.0,1.0,1.0,9.0,263,Blocked;Independent,"Blocked(N5, N1 | N0, N4) || Independent(N5, N1 | N0, N4)"
e4343d7fefa0e110,4,3,0.004580152671755725,3,0.00872093023255814,2,0.6666666666666666,6,6,1.0,0.0,1.0,1.0,9.0,263,Blocked;Independent,"Blocked(N0, N1 | N3, N4) || Independent(N0, N1 | N3, N4)"
0a41b33a2f2632be,4,9,0.013740458015267175,8,0.023255813953488372,2,0.6666666666666666,6,6,1.0,0.0,1.0,1.0,9.0,262,Blocked;Independent,"Blocked(N4, N6 | N5, N7) || Independent(N4, N6 | N5, N7)"
08a6a44b4f396da0,4,4,0.0061068702290076335,3,0.00872093023255814,2,0.6666666666666666,6,6,1.0,0.0,1.0,1.0,9.0,263,Blocked;Independent,"Blocked(N1, N4 | N0, N5) || Independent(N1, N4 | N0, N5)"
201f51ff0ef1230f,4,6,0.00916030534351145,6,0.01744186046511628,2,0.6666666666666666,6,6,1.0,0.0,1.0,1.0,9.0,262,Blocked;Independent,"Blocked(N3, N6 | N1, N7) || Independent(N3, N6 | N1, N7)"
fb4cea8bc0d2a413,4,9,0.013740458015267175,5,0.014534883720930232,2,0.6666666666666666,6,6,1.0,0.0,1.0,1.0,9.0,264,Blocked;Independent,"Blocked(N3, N0 | N1, N2) || Independent(N3, N0 | N1, N2)"
6fa1d4e01b2d82e5,4,3,0.004580152671755725,3,0.00872093023255814,2,0.6666666666666666,6,6,1.0,0.0,1.0,1.0,9.0,263,Blocked;Independent,"Blocked(N5, N2 | N4, N6) || Independent(N5, N2 | N4, N6)"
0f51ca2fd32a6e65,4,11,0.016793893129770993,6,0.01744186046511628,2,0.6666666666666666,6,6,1.0,0.0,1.0,1.0,9.0,267,Blocked;Independent,"Blocked(N0, N2 | N1, N3) || Independent(N0, N2 | N1, N3)"
38b53cfd188f2558,4,5,0.007633587786259542,4,0.011627906976744186,2,0.6666666666666666,6,6,1.0,0.0,1.0,1.0,9.0,264,Blocked;Independent,"Blocked(N2, N0 | N1, N3) || Independent(N2, N0 | N1, N3)"
a0de923b2d7566cb,4,1,0.0015267175572519084,1,0.0029069767441860465,1,0.3333333333333333,6,6,1.0,0.0,1.0,1.0,8.0,267,Blocked,"Blocked(N4, N1 | N8, N9)"
ba92a6bdcf9d83b9,4,4,0.0061068702290076335,4,0.011627906976744186,2,0.6666666666666666,6,6,1.0,0.0,1.0,1.0,9.0,267,Blocked;Independent,"Blocked(N4, N1 | N0, N2) || Independent(N4, N1 | N0, N2)"
be1df7c0a7287f97,4,3,0.004580152671755725,3,0.00872093023255814,2,0.6666666666666666,6,6,1.0,0.0,1.0,1.0,9.0,264,Blocked;Independent,"Blocked(N0, N7 | N3, N4) || Independent(N0, N7 | N3, N4)"
8c89fbf752a4950e,4,5,0.007633587786259542,5,0.014534883720930232,2,0.6666666666666666,6,6,1.0,0.0,1.0,1.0,9.0,262,Blocked;Independent,"Blocked(N5, N2 | N1, N6) || Independent(N5, N2 | N1, N6)"
cb743dcb8b8a34e5,4,4,0.0061068702290076335,2,0.005813953488372093,2,0.6666666666666666,6,6,1.0,0.0,1.0,1.0,9.0,278,Blocked;Independent,"Blocked(N3, N1 | N0, N2) || Independent(N3, N1 | N0, N2)"
4d0e0e30ad1324c6,4,1,0.0015267175572519084,1,0.0029069767441860465,1,0.3333333333333333,6,6,1.0,0.0,1.0,1.0,8.0,262,Blocked,"Blocked(N8, N4 | N7, N9)"
e27a0b310c6c7091,4,2,0.0030534351145038168,2,0.005813953488372093,1,0.3333333333333333,6,6,1.0,0.0,1.0,1.0,8.0,262,Independent,"Independent(N9, N3 | N5, N7)"
880bb65207b4732f,4,4,0.0061068702290076335,4,0.011627906976744186,2,0.6666666666666666,6,6,1.0,0.0,1.0,1.0,9.0,264,Blocked;Independent,"Blocked(N1, N5 | N2, N3) || Independent(N1, N5 | N2, N3)"
35ae83a08d529242,4,4,0.0061068702290076335,4,0.011627906976744186,2,0.6666666666666666,6,6,1.0,0.0,1.0,1.0,9.0,267,Blocked;Independent,"Blocked(N3, N4 | N2, N5) || Independent(N3, N4 | N2, N5)"
2aa9c1dcd6713e6a,4,24,0.0366412213740458,22,0.06395348837209303,2,0.6666666666666666,6,6,1.0,0.0,1.0,1.0,9.0,262,Blocked;Independent,"Blocked(N0, N5 | N1, N4) || Independent(N0, N5 | N1, N4)"
8599fa1b2d92c057,4,1,0.0015267175572519084,1,0.0029069767441860465,1,0.3333333333333333,6,6,1.0,0.0,1.0,1.0,8.0,262,Blocked,"Blocked(N6, N3 | N7, N9)"
90bc22ff26f72373,4,7,0.010687022900763359,6,0.01744186046511628,2,0.6666666666666666,6,6,1.0,0.0,1.0,1.0,9.0,262,Blocked;Independent,"Blocked(N3, N0 | N2, N6) || Independent(N3, N0 | N2, N6)"
b41d0e27949bab5b,4,3,0.004580152671755725,3,0.00872093023255814,2,0.6666666666666666,6,6,1.0,0.0,1.0,1.0,9.0,262,Blocked;Independent,"Blocked(N1, N7 | N0, N3) || Independent(N1, N7 | N0, N3)"
f3c8ae13055381b8,4,3,0.004580152671755725,3,0.00872093023255814,1,0.3333333333333333,6,6,1.0,0.0,1.0,1.0,8.0,263,Blocked,"Blocked(N3, N2 | N1, N5)"
0196183a7442573b,4,1,0.0015267175572519084,1,0.0029069767441860465,1,0.3333333333333333,6,6,1.0,0.0,1.0,1.0,8.0,262,Independent,"Independent(N0, N5 | N7, N9)"
0a848707bcc2414f,4,3,0.004580152671755725,3,0.00872093023255814,2,0.6666666666666666,6,6,1.0,0.0,1.0,1.0,9.0,262,Blocked;Independent,"Blocked(N6, N1 | N4, N5) || Independent(N6, N1 | N4, N5)"
ee5c2a994b44d344,4,1,0.0015267175572519084,1,0.0029069767441860465,1,0.3333333333333333,6,6,1.0,0.0,1.0,1.0,8.0,267,Independent,"Independent(N5, N4 | N6, N8)"
d08c7324ea55e667,4,3,0.004580152671755725,3,0.00872093023255814,2,0.6666666666666666,6,6,1.0,0.0,1.0,1.0,9.0,262,Blocked;Independent,"Blocked(N6, N0 | N4, N5) || Independent(N6, N0 | N4, N5)"
c03e228c8435dd18,4,3,0.004580152671755725,2,0.005813953488372093,2,0.6666666666666666,6,6,1.0,0.0,1.0,1.0,9.0,268,Blocked;Independent,"Blocked(N3, N4 | N0, N2) || Independent(N3, N4 | N0, N2)"
2714f43916578377,4,1,0.0015267175572519084,1,0.0029069767441860465,1,0.3333333333333333,6,6,1.0,0.0,1.0,1.0,8.0,267,Blocked,"Blocked(N5, N1 | N8, N9)"
63eee45094d66141,4,1,0.0015267175572519084,1,0.0029069767441860465,1,0.3333333333333333,6,6,1.0,0.0,1.0,1.0,8.0,262,Blocked,"Blocked(N1, N8 | N5, N9)"
a23f4629f2aafcf3,4,7,0.010687022900763359,6,0.01744186046511628,2,0.6666666666666666,6,6,1.0,0.0,1.0,1.0,9.0,264,Blocked;Independent,"Blocked(N2, N1 | N0, N5) || Independent(N2, N1 | N0, N5)"
6e367552795ac288,4,3,0.004580152671755725,3,0.00872093023255814,2,0.6666666666666666,6,6,1.0,0.0,1.0,1.0,9.0,262,Blocked;Independent,"Blocked(N6, N0 | N4, N7) || Independent(N6, N0 | N4, N7)"
4ca72de3569ecdd0,4,3,0.004580152671755725,3,0.00872093023255814,2,0.6666666666666666,6,6,1.0,0.0,1.0,1.0,9.0,262,Blocked;Independent,"Blocked(N5, N1 | N3, N6) || Independent(N5, N1 | N3, N6)"
c997f5db165ec9a2,4,3,0.004580152671755725,3,0.00872093023255814,2,0.6666666666666666,6,6,1.0,0.0,1.0,1.0,9.0,264,Blocked;Independent,"Blocked(N1, N3 | N2, N5) || Independent(N1, N3 | N2, N5)"
5212f191cceb7baf,4,14,0.021374045801526718,8,0.023255813953488372,2,0.6666666666666666,6,6,1.0,0.0,1.0,1.0,9.0,267,Blocked;Independent,"Blocked(N0, N3 | N1, N2) || Independent(N0, N3 | N1, N2)"
672cc96cff214abe,4,4,0.0061068702290076335,4,0.011627906976744186,2,0.6666666666666666,6,6,1.0,0.0,1.0,1.0,9.0,263,Blocked;Independent,"Blocked(N5, N1 | N2, N3) || Independent(N5, N1 | N2, N3)"
5273e081991a9916,5,4,0.0061068702290076335,4,0.011627906976744186,2,0.6666666666666666,6,6,1.0,0.0,1.0,1.0,9.0,262,Blocked;Independent,"Blocked(N7, N2 | N8, N9) || Independent(N7, N2 | N8, N9)"
5192fe1df944e8ea,4,6,0.00916030534351145,6,0.01744186046511628,2,0.6666666666666666,6,6,1.0,0.0,1.0,1.0,9.0,263,Blocked;Independent,"Blocked(N5, N0 | N2, N3) || Independent(N5, N0 | N2, N3)"
73658a1529a9b636,4,3,0.004580152671755725,2,0.005813953488372093,2,0.6666666666666666,6,6,1.0,0.0,1.0,1.0,9.0,277,Blocked;Independent,"Blocked(N2, N1 | N3, N4) || Independent(N2, N1 | N3, N4)"
c2ffcd3a85e71203,4,5,0.007633587786259542,4,0.011627906976744186,2,0.6666666666666666,6,6,1.0,0.0,1.0,1.0,9.0,264,Blocked;Independent,"Blocked(N1, N0 | N2, N4) || Independent(N1, N0 | N2, N4)"
198a08d9927afa2e,4,3,0.004580152671755725,3,0.00872093023255814,2,0.6666666666666666,6,6,1.0,0.0,1.0,1.0,9.0,267,Blocked;Independent,"Blocked(N3, N5 | N0, N4) || Independent(N3, N5 | N0, N4)"
2c3e454ec5ea8fa8,4,1,0.0015267175572519084,1,0.0029069767441860465,1,0.3333333333333333,6,6,1.0,0.0,1.0,1.0,8.0,262,Independent,"Independent(N5, N3 | N7, N9)"
3dee413bd2f9f047,4,1,0.0015267175572519084,1,0.0029069767441860465,1,0.3333333333333333,6,6,1.0,0.0,1.0,1.0,8.0,267,Blocked,"Blocked(N3, N5 | N8, N9)"
72215d6c2b444f4d,4,1,0.0015267175572519084,1,0.0029069767441860465,1,0.3333333333333333,6,6,1.0,0.0,1.0,1.0,8.0,262,Independent,"Independent(N1, N4 | N6, N9)"
5fe6a34148b196b3,4,4,0.0061068702290076335,2,0.005813953488372093,2,0.6666666666666666,6,6,1.0,0.0,1.0,1.0,9.0,271,Blocked;Independent,"Blocked(N0, N1 | N2, N3) || Independent(N0, N1 | N2, N3)"
dd0037359331605a,4,1,0.0015267175572519084,1,0.0029069767441860465,1,0.3333333333333333,6,6,1.0,0.0,1.0,1.0,8.0,266,Independent,"Independent(N3, N0 | N6, N9)"
c2340e70ed480f5e,4,23,0.035114503816793895,22,0.06395348837209303,2,0.6666666666666666,6,6,1.0,0.0,1.0,1.0,9.0,262,Blocked;Independent,"Blocked(N3, N4 | N1, N5) || Independent(N3, N4 | N1, N5)"
b18e89c7b67847cc,4,1,0.0015267175572519084,1,0.0029069767441860465,1,0.3333333333333333,6,6,1.0,0.0,1.0,1.0,8.0,262,Blocked,"Blocked(N0, N4 | N7, N8)"
500196f1adad44b6,4,3,0.004580152671755725,3,0.00872093023255814,2,0.6666666666666666,6,6,1.0,0.0,1.0,1.0,9.0,262,Blocked;Independent,"Blocked(N1, N3 | N2, N6) || Independent(N1, N3 | N2, N6)"
75777c45a276d1c5,4,7,0.010687022900763359,6,0.01744186046511628,2,0.6666666666666666,6,6,1.0,0.0,1.0,1.0,9.0,264,Blocked;Independent,"Blocked(N4, N2 | N0, N1) || Independent(N4, N2 | N0, N1)"
20bc4c3fe8eefe46,4,12,0.0183206106870229,7,0.020348837209302327,2,0.6666666666666666,6,6,1.0,0.0,1.0,1.0,9.0,268,Blocked;Independent,"Blocked(N3, N1 | N0, N2) || Independent(N3, N1 | N0, N2)"
8fab965f3fefdbd3,4,12,0.0183206106870229,6,0.01744186046511628,2,0.6666666666666666,6,6,1.0,0.0,1.0,1.0,9.0,267,Blocked;Independent,"Blocked(N3, N0 | N1, N2) || Independent(N3, N0 | N1, N2)"
25edf708b5a4e4b1,4,3,0.004580152671755725,3,0.00872093023255814,1,0.3333333333333333,6,6,1.0,0.0,1.0,1.0,8.0,263,Blocked,"Blocked(N2, N1 | N5, N6)"
13b5931fcac24c6e,4,3,0.004580152671755725,3,0.00872093023255814,2,0.6666666666666666,6,6,1.0,0.0,1.0,1.0,9.0,263,Blocked;Independent,"Blocked(N2, N4 | N0, N1) || Independent(N2, N4 | N0, N1)"
4a2a13cd5f713cc6,4,4,0.0061068702290076335,3,0.00872093023255814,2,0.6666666666666666,6,6,1.0,0.0,1.0,1.0,9.0,263,Blocked;Independent,"Blocked(N2, N5 | N3, N4) || Independent(N2, N5 | N3, N4)"
6385d800b77915ef,4,1,0.0015267175572519084,1,0.0029069767441860465,1,0.3333333333333333,6,6,1.0,0.0,1.0,1.0,8.0,262,Independent,"Independent(N3, N2 | N5, N8)"
ad24319d1e58f02b,4,7,0.010687022900763359,7,0.020348837209302327,2,0.6666666666666666,6,6,1.0,0.0,1.0,1.0,9.0,262,Blocked;Independent,"Blocked(N2, N4 | N0, N7) || Independent(N2, N4 | N0, N7)"
1019f53f24afe34d,4,6,0.00916030534351145,6,0.01744186046511628,2,0.6666666666666666,6,6,1.0,0.0,1.0,1.0,9.0,263,Blocked;Independent,"Blocked(N1, N3 | N0, N4) || Independent(N1, N3 | N0, N4)"
24be1aaa5621fd29,4,4,0.0061068702290076335,4,0.011627906976744186,2,0.6666666666666666,6,6,1.0,0.0,1.0,1.0,9.0,263,Blocked;Independent,"Blocked(N1, N5 | N2, N4) || Independent(N1, N5 | N2, N4)"
6d33d8808a385cc9,4,5,0.007633587786259542,5,0.014534883720930232,2,0.6666666666666666,6,6,1.0,0.0,1.0,1.0,9.0,262,Blocked;Independent,"Blocked(N3, N6 | N4, N5) || Independent(N3, N6 | N4, N5)"
5f11dbcc7432b5c4,4,3,0.004580152671755725,3,0.00872093023255814,2,0.6666666666666666,6,6,1.0,0.0,1.0,1.0,9.0,262,Blocked;Independent,"Blocked(N7, N6 | N1, N4) || Independent(N7, N6 | N1, N4)"
070c72a8ff83f434,4,3,0.004580152671755725,3,0.00872093023255814,2,0.6666666666666666,6,6,1.0,0.0,1.0,1.0,9.0,262,Blocked;Independent,"Blocked(N4, N7 | N0, N5) || Independent(N4, N7 | N0, N5)"
d1e13e10914d2ddf,4,3,0.004580152671755725,2,0.005813953488372093,2,0.6666666666666666,6,6,1.0,0.0,1.0,1.0,9.0,273,Blocked;Independent,"Blocked(N2, N5 | N0, N3) || Independent(N2, N5 | N0, N3)"
91eb97cd84ecdb54,4,6,0.00916030534351145,3,0.00872093023255814,2,0.6666666666666666,6,6,1.0,0.0,1.0,1.0,9.0,272,Blocked;Independent,"Blocked(N1, N3 | N0, N2) || Independent(N1, N3 | N0, N2)"
4d8fc80cd76fd079,4,2,0.0030534351145038168,2,0.005813953488372093,2,0.6666666666666666,6,6,1.0,0.0,1.0,1.0,9.0,262,Blocked;Independent,"Blocked(N8, N4 | N6, N7) || Independent(N8, N4 | N6, N7)"
13cd53c96e29a5f0,4,1,0.0015267175572519084,1,0.0029069767441860465,1,0.3333333333333333,6,6,1.0,0.0,1.0,1.0,8.0,262,Independent,"Independent(N4, N7 | N6, N9)"
325591169401d451,4,3,0.004580152671755725,3,0.00872093023255814,1,0.3333333333333333,6,6,1.0,0.0,1.0,1.0,8.0,268,Blocked,"Blocked(N0, N4 | N1, N7)"
e663cff219f605e0,4,3,0.004580152671755725,3,0.00872093023255814,2,0.6666666666666666,6,6,1.0,0.0,1.0,1.0,9.0,262,Blocked;Independent,"Blocked(N1, N0 | N2, N9) || Independent(N1, N0 | N2, N9)"
6902d309152e4304,4,4,0.0061068702290076335,4,0.011627906976744186,2,0.6666666666666666,6,6,1.0,0.0,1.0,1.0,9.0,264,Blocked;Independent,"Blocked(N4, N0 | N1, N7) || Independent(N4, N0 | N1, N7)"
8392c1541d261048,4,2,0.0030534351145038168,2,0.005813953488372093,1,0.3333333333333333,6,6,1.0,0.0,1.0,1.0,8.0,262,Independent,"Independent(N0, N5 | N6, N7)"
54fd0cbcec1b2d72,4,3,0.004580152671755725,3,0.00872093023255814,2,0.6666666666666666,6,6,1.0,0.0,1.0,1.0,9.0,262,Blocked;Independent,"Blocked(N5, N7 | N2, N3) || Independent(N5, N7 | N2, N3)"
d0843be1b813d927,4,4,0.0061068702290076335,4,0.011627906976744186,2,0.6666666666666666,6,6,1.0,0.0,1.0,1.0,9.0,262,Blocked;Independent,"Blocked(N7, N5 | N3, N4) || Independent(N7, N5 | N3, N4)"
6d94c60e058ae070,4,18,0.02748091603053435,17,0.04941860465116279,2,0.6666666666666666,6,6,1.0,0.0,1.0,1.0,9.0,262,Blocked;Independent,"Blocked(N4, N1 | N3, N5) || Independent(N4, N1 | N3, N5)"
954d6be8b05ae6df,4,4,0.0061068702290076335,3,0.00872093023255814,2,0.6666666666666666,6,6,1.0,0.0,1.0,1.0,9.0,268,Blocked;Independent,"Blocked(N0, N3 | N2, N5) || Independent(N0, N3 | N2, N5)"
b8e063a83001a424,4,1,0.0015267175572519084,1,0.0029069767441860465,1,0.3333333333333333,6,6,1.0,0.0,1.0,1.0,8.0,272,Independent,"Independent(N8, N3 | N5, N9)"
aaf5345a6f11c6eb,4,18,0.02748091603053435,18,0.05232558139534884,2,0.6666666666666666,6,6,1.0,0.0,1.0,1.0,9.0,262,Blocked;Independent,"Blocked(N3, N0 | N1, N4) || Independent(N3, N0 | N1, N4)"
15e09da9b7f49087,4,1,0.0015267175572519084,1,0.0029069767441860465,1,0.3333333333333333,6,6,1.0,0.0,1.0,1.0,8.0,267,Independent,"Independent(N5, N3 | N6, N8)"
c556973759a0a53f,4,1,0.0015267175572519084,1,0.0029069767441860465,1,0.3333333333333333,6,6,1.0,0.0,1.0,1.0,8.0,262,Blocked,"Blocked(N4, N0 | N7, N8)"
ca172ea3b90343c8,4,16,0.024427480916030534,15,0.0436046511627907,2,0.6666666666666666,6,6,1.0,0.0,1.0,1.0,9.0,262,Blocked;Independent,"Blocked(N1, N4 | N0, N3) || Independent(N1, N4 | N0, N3)"
07dc31fd64d51903,4,6,0.00916030534351145,6,0.01744186046511628,2,0.6666666666666666,6,6,1.0,0.0,1.0,1.0,9.0,264,Blocked;Independent,"Blocked(N2, N4 | N0, N1) || Independent(N2, N4 | N0, N1)"
db9f7be141f66c86,4,1,0.0015267175572519084,1,0.0029069767441860465,1,0.3333333333333333,6,6,1.0,0.0,1.0,1.0,8.0,262,Independent,"Independent(N3, N0 | N7, N9)"
72df15bc04e5a7ff,4,3,0.004580152671755725,3,0.00872093023255814,1,0.3333333333333333,6,6,1.0,0.0,1.0,1.0,8.0,267,Blocked,"Blocked(N1, N3 | N4, N5)"
5abdff638c403525,4,1,0.0015267175572519084,1,0.0029069767441860465,1,0.3333333333333333,6,6,1.0,0.0,1.0,1.0,8.0,266,Independent,"Independent(N0, N4 | N6, N8)"
e406d5dcf5c3f194,4,20,0.030534351145038167,19,0.055232558139534885,2,0.6666666666666666,3,3,0.5,0.0,1.0,1.0,6.0,257,Blocked;Independent,"Blocked(N6, N3 | N7) || Independent(N6, N3 | N7)"
f60be659f6d423e4,4,4,0.0061068702290076335,4,0.011627906976744186,2,0.6666666666666666,6,6,1.0,0.0,1.0,1.0,9.0,267,Blocked;Independent,"Blocked(N5, N3 | N0, N1) || Independent(N5, N3 | N0, N1)"
6c840b01c2a7974e,4,3,0.004580152671755725,3,0.00872093023255814,2,0.6666666666666666,6,6,1.0,0.0,1.0,1.0,9.0,262,Blocked;Independent,"Blocked(N7, N0 | N1, N3) || Independent(N7, N0 | N1, N3)"
376b4ea904d13c7f,4,3,0.004580152671755725,3,0.00872093023255814,2,0.6666666666666666,6,6,1.0,0.0,1.0,1.0,9.0,264,Blocked;Independent,"Blocked(N2, N3 | N1, N5) || Independent(N2, N3 | N1, N5)"
068d5d1b056dfc7e,4,3,0.004580152671755725,3,0.00872093023255814,2,0.6666666666666666,6,6,1.0,0.0,1.0,1.0,9.0,267,Blocked;Independent,"Blocked(N3, N4 | N1, N2) || Independent(N3, N4 | N1, N2)"
a005cd838ef17df0,4,3,0.004580152671755725,3,0.00872093023255814,1,0.3333333333333333,6,6,1.0,0.0,1.0,1.0,8.0,262,Blocked,"Blocked(N2, N4 | N3, N6)"
400b23f33307c630,4,3,0.004580152671755725,3,0.00872093023255814,2,0.6666666666666666,6,6,1.0,0.0,1.0,1.0,9.0,263,Blocked;Independent,"Blocked(N0, N4 | N1, N3) || Independent(N0, N4 | N1, N3)"
5ca318b50ecd4075,4,4,0.0061068702290076335,4,0.011627906976744186,2,0.6666666666666666,6,6,1.0,0.0,1.0,1.0,9.0,263,Blocked;Independent,"Blocked(N1, N2 | N3, N5) || Independent(N1, N2 | N3, N5)"
43260483e4829f03,4,3,0.004580152671755725,2,0.005813953488372093,2,0.6666666666666666,6,6,1.0,0.0,1.0,1.0,9.0,267,Blocked;Independent,"Blocked(N2, N1 | N3, N4) || Independent(N2, N1 | N3, N4)"
1c016543b8ab7c7f,4,13,0.01984732824427481,13,0.0377906976744186,2,0.6666666666666666,6,6,1.0,0.0,1.0,1.0,9.0,262,Blocked;Independent,"Blocked(N3, N4 | N0, N5) || Independent(N3, N4 | N0, N5)"
aa994cd3f8372731,4,3,0.004580152671755725,3,0.00872093023255814,1,0.3333333333333333,6,6,1.0,0.0,1.0,1.0,8.0,262,Independent,"Independent(N5, N6 | N1, N2)"
d4c143cb99084b54,4,3,0.004580152671755725,3,0.00872093023255814,2,0.6666666666666666,6,6,1.0,0.0,1.0,1.0,9.0,264,Blocked;Independent,"Blocked(N1, N4 | N2, N5) || Independent(N1, N4 | N2, N5)"
aae37de465d28eaf,4,12,0.0183206106870229,7,0.020348837209302327,2,0.6666666666666666,6,6,1.0,0.0,1.0,1.0,9.0,267,Blocked;Independent,"Blocked(N0, N3 | N1, N2) || Independent(N0, N3 | N1, N2)"
719b2e1e605241b8,4,3,0.004580152671755725,2,0.005813953488372093,2,0.6666666666666666,6,6,1.0,0.0,1.0,1.0,9.0,263,Blocked;Independent,"Blocked(N2, N1 | N0, N4) || Independent(N2, N1 | N0, N4)"
3e5e837a736f0118,4,4,0.0061068702290076335,4,0.011627906976744186,2,0.6666666666666666,6,6,1.0,0.0,1.0,1.0,9.0,264,Blocked;Independent,"Blocked(N2, N3 | N1, N7) || Independent(N2, N3 | N1, N7)"
37bd9322323113ea,4,6,0.00916030534351145,3,0.00872093023255814,2,0.6666666666666666,6,6,1.0,0.0,1.0,1.0,9.0,268,Blocked;Independent,"Blocked(N3, N1 | N0, N2) || Independent(N3, N1 | N0, N2)"
03e8a9e9469474f2,4,4,0.0061068702290076335,4,0.011627906976744186,2,0.6666666666666666,6,6,1.0,0.0,1.0,1.0,9.0,267,Blocked;Independent,"Blocked(N4, N0 | N3, N5) || Independent(N4, N0 | N3, N5)"
1758aa2270c072eb,4,1,0.0015267175572519084,1,0.0029069767441860465,1,0.3333333333333333,6,6,1.0,0.0,1.0,1.0,8.0,272,Independent,"Independent(N1, N2 | N6, N7)"
9a61e7eb162d40ef,4,3,0.004580152671755725,3,0.00872093023255814,2,0.6666666666666666,6,6,1.0,0.0,1.0,1.0,9.0,262,Blocked;Independent,"Blocked(N1, N3 | N5, N7) || Independent(N1, N3 | N5, N7)"
21a16de0324a24a7,4,6,0.00916030534351145,6,0.01744186046511628,2,0.6666666666666666,6,6,1.0,0.0,1.0,1.0,9.0,263,Blocked;Independent,"Blocked(N4, N2 | N0, N1) || Independent(N4, N2 | N0, N1)"
2e20e66799837e09,4,1,0.0015267175572519084,1,0.0029069767441860465,1,0.3333333333333333,6,6,1.0,0.0,1.0,1.0,8.0,267,Blocked,"Blocked(N8, N7 | N6, N9)"
13529cc3c05aaa19,4,3,0.004580152671755725,3,0.00872093023255814,2,0.6666666666666666,6,6,1.0,0.0,1.0,1.0,9.0,262,Blocked;Independent,"Blocked(N6, N4 | N3, N7) || Independent(N6, N4 | N3, N7)"
29e2beadf2128b1b,4,4,0.0061068702290076335,4,0.011627906976744186,2,0.6666666666666666,6,6,1.0,0.0,1.0,1.0,9.0,262,Blocked;Independent,"Blocked(N4, N2 | N5, N7) || Independent(N4, N2 | N5, N7)"
2c4cf10fb916bf14,4,3,0.004580152671755725,3,0.00872093023255814,2,0.6666666666666666,6,6,1.0,0.0,1.0,1.0,9.0,263,Blocked;Independent,"Blocked(N5, N3 | N6, N7) || Independent(N5, N3 | N6, N7)"
b10539964cd22219,4,1,0.0015267175572519084,1,0.0029069767441860465,1,0.3333333333333333,6,6,1.0,0.0,1.0,1.0,8.0,262,Blocked,"Blocked(N4, N8 | N5, N9)"
6930e9d3dc5d53a9,4,3,0.004580152671755725,3,0.00872093023255814,1,0.3333333333333333,6,6,1.0,0.0,1.0,1.0,8.0,263,Independent,"Independent(N1, N7 | N5, N6)"
a1e398603a8a7443,4,3,0.004580152671755725,3,0.00872093023255814,1,0.3333333333333333,6,6,1.0,0.0,1.0,1.0,8.0,263,Blocked,"Blocked(N2, N1 | N6, N7)"
4a6d024af64b9c00,4,1,0.0015267175572519084,1,0.0029069767441860465,1,0.3333333333333333,6,6,1.0,0.0,1.0,1.0,8.0,262,Independent,"Independent(N1, N5 | N7, N8)"
8657fe3d2c4ba055,4,3,0.004580152671755725,3,0.00872093023255814,2,0.6666666666666666,6,6,1.0,0.0,1.0,1.0,9.0,264,Blocked;Independent,"Blocked(N6, N7 | N2, N9) || Independent(N6, N7 | N2, N9)"
8807aaef18aaa26e,4,6,0.00916030534351145,6,0.01744186046511628,2,0.6666666666666666,6,6,1.0,0.0,1.0,1.0,9.0,262,Blocked;Independent,"Blocked(N1, N2 | N3, N7) || Independent(N1, N2 | N3, N7)"
b10159c23e936427,4,1,0.0015267175572519084,1,0.0029069767441860465,1,0.3333333333333333,6,6,1.0,0.0,1.0,1.0,8.0,262,Independent,"Independent(N9, N1 | N5, N7)"
1a8e191bc7ce3128,4,4,0.0061068702290076335,3,0.00872093023255814,2,0.6666666666666666,6,6,1.0,0.0,1.0,1.0,9.0,267,Blocked;Independent,"Blocked(N3, N0 | N1, N4) || Independent(N3, N0 | N1, N4)"
def9c67b95e21f5e,4,4,0.0061068702290076335,4,0.011627906976744186,2,0.6666666666666666,6,6,1.0,0.0,1.0,1.0,9.0,262,Blocked;Independent,"Blocked(N6, N0 | N2, N3) || Independent(N6, N0 | N2, N3)"
ad6e0f26527c7b15,4,3,0.004580152671755725,3,0.00872093023255814,2,0.6666666666666666,6,6,1.0,0.0,1.0,1.0,9.0,264,Blocked;Independent,"Blocked(N5, N3 | N1, N4) || Independent(N5, N3 | N1, N4)"
06f2857092b40367,4,3,0.004580152671755725,3,0.00872093023255814,2,0.6666666666666666,6,6,1.0,0.0,1.0,1.0,9.0,267,Blocked;Independent,"Blocked(N4, N3 | N0, N5) || Independent(N4, N3 | N0, N5)"
ebea15bc83b3229d,4,6,0.00916030534351145,3,0.00872093023255814,2,0.6666666666666666,6,6,1.0,0.0,1.0,1.0,9.0,273,Blocked;Independent,"Blocked(N3, N0 | N1, N2) || Independent(N3, N0 | N1, N2)"
c89e2cfe9bf08496,4,1,0.0015267175572519084,1,0.0029069767441860465,1,0.3333333333333333,6,6,1.0,0.0,1.0,1.0,8.0,272,Independent,"Independent(N6, N9 | N5, N8)"
44dc516ce56bcd30,4,3,0.004580152671755725,3,0.00872093023255814,1,0.3333333333333333,6,6,1.0,0.0,1.0,1.0,8.0,264,Independent,"Independent(N7, N1 | N0, N9)"
c7d178d42c7c5389,4,3,0.004580152671755725,3,0.00872093023255814,2,0.6666666666666666,6,6,1.0,0.0,1.0,1.0,9.0,267,Blocked;Independent,"Blocked(N0, N2 | N4, N5) || Independent(N0, N2 | N4, N5)"
b0b49345a41cdb62,4,4,0.0061068702290076335,3,0.00872093023255814,2,0.6666666666666666,6,6,1.0,0.0,1.0,1.0,9.0,268,Blocked;Independent,"Blocked(N2, N1 | N3, N4) || Independent(N2, N1 | N3, N4)"
ebb0a90ea19dadf3,4,4,0.0061068702290076335,3,0.00872093023255814,2,0.6666666666666666,6,6,1.0,0.0,1.0,1.0,9.0,268,Blocked;Independent,"Blocked(N1, N0 | N2, N3) || Independent(N1, N0 | N2, N3)"
d385edfebc21a215,4,3,0.004580152671755725,2,0.005813953488372093,2,0.6666666666666666,6,6,1.0,0.0,1.0,1.0,9.0,263,Blocked;Independent,"Blocked(N2, N5 | N0, N3) || Independent(N2, N5 | N0, N3)"
f0129f1617bbdcb8,4,4,0.0061068702290076335,4,0.011627906976744186,2,0.6666666666666666,6,6,1.0,0.0,1.0,1.0,9.0,267,Blocked;Independent,"Blocked(N1, N3 | N0, N5) || Independent(N1, N3 | N0, N5)"
b99ca659bbb7a610,4,3,0.004580152671755725,3,0.00872093023255814,2,0.6666666666666666,6,6,1.0,0.0,1.0,1.0,9.0,264,Blocked;Independent,"Blocked(N5, N2 | N3, N6) || Independent(N5, N2 | N3, N6)"
15c1473156af72ce,4,1,0.0015267175572519084,1,0.0029069767441860465,1,0.3333333333333333,6,6,1.0,0.0,1.0,1.0,8.0,262,Independent,"Independent(N3, N0 | N6, N8)"
fd90350d81a6a474,4,5,0.007633587786259542,5,0.014534883720930232,2,0.6666666666666666,6,6,1.0,0.0,1.0,1.0,9.0,262,Blocked;Independent,"Blocked(N4, N6 | N2, N5) || Independent(N4, N6 | N2, N5)"
1e22411ead31e5b7,4,4,0.0061068702290076335,4,0.011627906976744186,2,0.6666666666666666,6,6,1.0,0.0,1.0,1.0,9.0,264,Blocked;Independent,"Blocked(N7, N3 | N0, N2) || Independent(N7, N3 | N0, N2)"
745b499dab62c474,4,1,0.0015267175572519084,1,0.0029069767441860465,1,0.3333333333333333,6,6,1.0,0.0,1.0,1.0,8.0,267,Blocked,"Blocked(N3, N9 | N7, N8)"
c82b49e19f91f9a4,4,7,0.010687022900763359,7,0.020348837209302327,2,0.6666666666666666,6,6,1.0,0.0,1.0,1.0,9.0,262,Blocked;Independent,"Blocked(N2, N1 | N3, N6) || Independent(N2, N1 | N3, N6)"
56369f0180623b7d,4,27,0.04122137404580153,15,0.0436046511627907,2,0.6666666666666666,6,6,1.0,0.0,1.0,1.0,9.0,267,Blocked;Independent,"Blocked(N1, N2 | N0, N3) || Independent(N1, N2 | N0, N3)"
d8429b60e594988c,4,4,0.0061068702290076335,4,0.011627906976744186,2,0.6666666666666666,6,6,1.0,0.0,1.0,1.0,9.0,262,Blocked;Independent,"Blocked(N2, N6 | N5, N7) || Independent(N2, N6 | N5, N7)"
1227815e365bb1ff,4,2,0.0030534351145038168,2,0.005813953488372093,2,0.6666666666666666,6,6,1.0,0.0,1.0,1.0,9.0,262,Blocked;Independent,"Blocked(N8, N6 | N5, N7) || Independent(N8, N6 | N5, N7)"
a54ae6c0f05a6d24,4,13,0.01984732824427481,11,0.03197674418604651,2,0.6666666666666666,6,6,1.0,0.0,1.0,1.0,9.0,262,Blocked;Independent,"Blocked(N3, N1 | N0, N5) || Independent(N3, N1 | N0, N5)"
0359cceee47750ab,4,1,0.0015267175572519084,1,0.0029069767441860465,1,0.3333333333333333,6,6,1.0,0.0,1.0,1.0,8.0,262,Blocked,"Blocked(N0, N2 | N8, N9)"
d5c2d90a8ff53828,4,20,0.030534351145038167,20,0.05813953488372093,2,0.6666666666666666,3,3,0.5,0.0,1.0,1.0,6.0,257,Blocked;Independent,"Blocked(N3, N6 | N7) || Independent(N3, N6 | N7)"
3297a424abe2e283,4,13,0.01984732824427481,7,0.020348837209302327,2,0.6666666666666666,6,6,1.0,0.0,1.0,1.0,9.0,267,Blocked;Independent,"Blocked(N2, N0 | N1, N3) || Independent(N2, N0 | N1, N3)"
9b02f35cd0eda6c2,4,1,0.0015267175572519084,1,0.0029069767441860465,1,0.3333333333333333,6,6,1.0,0.0,1.0,1.0,8.0,267,Blocked,"Blocked(N1, N2 | N6, N7)"
e7292962e7587628,4,1,0.0015267175572519084,1,0.0029069767441860465,1,0.3333333333333333,6,6,1.0,0.0,1.0,1.0,8.0,272,Independent,"Independent(N0, N4 | N6, N9)"
6b45ecb51cafaeee,4,1,0.0015267175572519084,1,0.0029069767441860465,1,0.3333333333333333,6,6,1.0,0.0,1.0,1.0,8.0,272,Independent,"Independent(N5, N2 | N7, N8)"
60d542e512bb96ce,4,6,0.00916030534351145,4,0.011627906976744186,2,0.6666666666666666,6,6,1.0,0.0,1.0,1.0,9.0,271,Blocked;Independent,"Blocked(N1, N0 | N2, N3) || Independent(N1, N0 | N2, N3)"
40208d4570a0debd,4,5,0.007633587786259542,5,0.014534883720930232,2,0.6666666666666666,6,6,1.0,0.0,1.0,1.0,9.0,262,Blocked;Independent,"Blocked(N0, N2 | N1, N6) || Independent(N0, N2 | N1, N6)"
a9264c1f29749d5c,4,4,0.0061068702290076335,4,0.011627906976744186,1,0.3333333333333333,6,6,1.0,0.0,1.0,1.0,8.0,263,Independent,"Independent(N1, N0 | N4, N5)"
f311c8741d8eb2f1,4,5,0.007633587786259542,5,0.014534883720930232,2,0.6666666666666666,6,6,1.0,0.0,1.0,1.0,9.0,262,Blocked;Independent,"Blocked(N5, N4 | N3, N7) || Independent(N5, N4 | N3, N7)"
fdb19ae5b2d4502f,4,3,0.004580152671755725,3,0.00872093023255814,1,0.3333333333333333,6,6,1.0,0.0,1.0,1.0,8.0,262,Independent,"Independent(N3, N6 | N2, N4)"
b98c74c25a0c5362,4,2,0.0030534351145038168,2,0.005813953488372093,1,0.3333333333333333,6,6,1.0,0.0,1.0,1.0,8.0,262,Blocked,"Blocked(N3, N0 | N6, N7)"
1253ea49a4b6fadc,4,4,0.0061068702290076335,4,0.011627906976744186,2,0.6666666666666666,6,6,1.0,0.0,1.0,1.0,9.0,267,Blocked;Independent,"Blocked(N5, N2 | N0, N1) || Independent(N5, N2 | N0, N1)"
b4e78fc329f5bd9c,4,5,0.007633587786259542,5,0.014534883720930232,2,0.6666666666666666,6,6,1.0,0.0,1.0,1.0,9.0,262,Blocked;Independent,"Blocked(N2, N7 | N1, N5) || Independent(N2, N7 | N1, N5)"
0a8ecb540325a598,4,3,0.004580152671755725,3,0.00872093023255814,2,0.6666666666666666,6,6,1.0,0.0,1.0,1.0,9.0,262,Blocked;Independent,"Blocked(N4, N7 | N0, N6) || Independent(N4, N7 | N0, N6)"
08ca0d9dbe6f6e50,4,5,0.007633587786259542,5,0.014534883720930232,2,0.6666666666666666,6,6,1.0,0.0,1.0,1.0,9.0,262,Blocked;Independent,"Blocked(N4, N5 | N0, N6) || Independent(N4, N5 | N0, N6)"
e1f84b50bcefc24c,4,5,0.007633587786259542,5,0.014534883720930232,2,0.6666666666666666,6,6,1.0,0.0,1.0,1.0,9.0,262,Blocked;Independent,"Blocked(N6, N1 | N3, N7) || Independent(N6, N1 | N3, N7)"
a2271af5608ff041,5,4,0.0061068702290076335,4,0.011627906976744186,2,0.6666666666666666,6,6,1.0,0.0,1.0,1.0,9.0,262,Blocked;Independent,"Blocked(N5, N0 | N7, N9) || Independent(N5, N0 | N7, N9)"
3507e010d954fde6,4,4,0.0061068702290076335,4,0.011627906976744186,2,0.6666666666666666,6,6,1.0,0.0,1.0,1.0,9.0,264,Blocked;Independent,"Blocked(N5, N0 | N2, N6) || Independent(N5, N0 | N2, N6)"
97d66b9a7f1db4fb,4,3,0.004580152671755725,3,0.00872093023255814,1,0.3333333333333333,6,6,1.0,0.0,1.0,1.0,8.0,263,Blocked,"Blocked(N4, N3 | N1, N7)"
63fc4d1ab3cd697e,4,3,0.004580152671755725,3,0.00872093023255814,2,0.6666666666666666,6,6,1.0,0.0,1.0,1.0,9.0,267,Blocked;Independent,"Blocked(N3, N5 | N0, N2) || Independent(N3, N5 | N0, N2)"
1b3584f638577b8d,4,1,0.0015267175572519084,1,0.0029069767441860465,1,0.3333333333333333,6,6,1.0,0.0,1.0,1.0,8.0,267,Blocked,"Blocked(N1, N3 | N5, N8)"
483e31d8eef7cefa,4,1,0.0015267175572519084,1,0.0029069767441860465,1,0.3333333333333333,6,6,1.0,0.0,1.0,1.0,8.0,262,Blocked,"Blocked(N0, N8 | N7, N9)"
0ff390f631b17e71,4,3,0.004580152671755725,3,0.00872093023255814,2,0.6666666666666666,6,6,1.0,0.0,1.0,1.0,9.0,262,Blocked;Independent,"Blocked(N0, N1 | N3, N6) || Independent(N0, N1 | N3, N6)"
bdf30fda1b57326f,4,2,0.0030534351145038168,2,0.005813953488372093,1,0.3333333333333333,6,6,1.0,0.0,1.0,1.0,8.0,262,Independent,"Independent(N1, N4 | N5, N8)"
0655f3d1bae71dda,4,4,0.0061068702290076335,4,0.011627906976744186,2,0.6666666666666666,6,6,1.0,0.0,1.0,1.0,9.0,267,Blocked;Independent,"Blocked(N2, N1 | N3, N4) || Independent(N2, N1 | N3, N4)"
70b432dbd1247015,4,3,0.004580152671755725,3,0.00872093023255814,2,0.6666666666666666,6,6,1.0,0.0,1.0,1.0,9.0,263,Blocked;Independent,"Blocked(N1, N6 | N0, N3) || Independent(N1, N6 | N0, N3)"
74fd62fd5d36389a,4,1,0.0015267175572519084,1,0.0029069767441860465,1,0.3333333333333333,6,6,1.0,0.0,1.0,1.0,8.0,262,Independent,"Independent(N1, N9 | N6, N8)"
0fc0563665fe9844,4,1,0.0015267175572519084,1,0.0029069767441860465,1,0.3333333333333333,6,6,1.0,0.0,1.0,1.0,8.0,262,Independent,"Independent(N4, N1 | N6, N8)"
c4b5996b21e82f62,4,1,0.0015267175572519084,1,0.0029069767441860465,1,0.3333333333333333,6,6,1.0,0.0,1.0,1.0,8.0,267,Independent,"Independent(N4, N0 | N5, N8)"
f4a638966335745f,4,4,0.0061068702290076335,4,0.011627906976744186,2,0.6666666666666666,6,6,1.0,0.0,1.0,1.0,9.0,263,Blocked;Independent,"Blocked(N4, N5 | N2, N3) || Independent(N4, N5 | N2, N3)"
2debdc6d092c75e5,4,6,0.00916030534351145,4,0.011627906976744186,2,0.6666666666666666,6,6,1.0,0.0,1.0,1.0,9.0,264,Blocked;Independent,"Blocked(N3, N0 | N1, N4) || Independent(N3, N0 | N1, N4)"
bdabb68bb3de0d0e,4,5,0.007633587786259542,5,0.014534883720930232,2,0.6666666666666666,6,6,1.0,0.0,1.0,1.0,9.0,262,Blocked;Independent,"Blocked(N6, N7 | N1, N3) || Independent(N6, N7 | N1, N3)"
492dadf2ece66d57,4,1,0.0015267175572519084,1,0.0029069767441860465,1,0.3333333333333333,6,6,1.0,0.0,1.0,1.0,8.0,277,Blocked,"Blocked(N9, N4 | N6, N7)"
23b143d1fa492007,4,6,0.00916030534351145,6,0.01744186046511628,2,0.6666666666666666,6,6,1.0,0.0,1.0,1.0,9.0,262,Blocked;Independent,"Blocked(N6, N5 | N1, N3) || Independent(N6, N5 | N1, N3)"
fb1906225e8e10dc,4,12,0.0183206106870229,11,0.03197674418604651,2,0.6666666666666666,6,6,1.0,0.0,1.0,1.0,9.0,262,Blocked;Independent,"Blocked(N3, N5 | N1, N2) || Independent(N3, N5 | N1, N2)"
b95c1a098b1ad37d,4,3,0.004580152671755725,3,0.00872093023255814,2,0.6666666666666666,6,6,1.0,0.0,1.0,1.0,9.0,262,Blocked;Independent,"Blocked(N0, N6 | N1, N5) || Independent(N0, N6 | N1, N5)"
b13e8fcb78da8358,4,6,0.00916030534351145,4,0.011627906976744186,2,0.6666666666666666,6,6,1.0,0.0,1.0,1.0,9.0,268,Blocked;Independent,"Blocked(N3, N2 | N0, N1) || Independent(N3, N2 | N0, N1)"
b05ce035716cec75,4,5,0.007633587786259542,5,0.014534883720930232,2,0.6666666666666666,6,6,1.0,0.0,1.0,1.0,9.0,264,Blocked;Independent,"Blocked(N3, N2 | N0, N7) || Independent(N3, N2 | N0, N7)"
cb86b36de6fb6895,4,4,0.0061068702290076335,4,0.011627906976744186,2,0.6666666666666666,6,6,1.0,0.0,1.0,1.0,9.0,263,Blocked;Independent,"Blocked(N5, N3 | N0, N1) || Independent(N5, N3 | N0, N1)"
51072c878db27b17,4,4,0.0061068702290076335,3,0.00872093023255814,2,0.6666666666666666,6,6,1.0,0.0,1.0,1.0,9.0,267,Blocked;Independent,"Blocked(N2, N4 | N1, N5) || Independent(N2, N4 | N1, N5)"
a3a4742998a83589,5,3,0.004580152671755725,3,0.00872093023255814,2,0.6666666666666666,6,6,1.0,0.0,1.0,1.0,9.0,262,Blocked;Independent,"Blocked(N4, N1 | N6, N7) || Independent(N4, N1 | N6, N7)"
7d51347c01e3ab5c,4,5,0.007633587786259542,5,0.014534883720930232,2,0.6666666666666666,6,6,1.0,0.0,1.0,1.0,9.0,262,Blocked;Independent,"Blocked(N5, N1 | N3, N7) || Independent(N5, N1 | N3, N7)"
1fe6b560e40f067e,4,4,0.0061068702290076335,4,0.011627906976744186,2,0.6666666666666666,6,6,1.0,0.0,1.0,1.0,9.0,262,Blocked;Independent,"Blocked(N0, N7 | N1, N2) || Independent(N0, N7 | N1, N2)"
4b15fb385f7219e0,4,5,0.007633587786259542,5,0.014534883720930232,2,0.6666666666666666,6,6,1.0,0.0,1.0,1.0,9.0,264,Blocked;Independent,"Blocked(N4, N1 | N0, N3) || Independent(N4, N1 | N0, N3)"
013c5c57a864b524,4,1,0.0015267175572519084,1,0.0029069767441860465,1,0.3333333333333333,6,6,1.0,0.0,1.0,1.0,8.0,282,Independent,"Independent(N8, N3 | N5, N9)"
ee04706efc60a99e,4,3,0.004580152671755725,2,0.005813953488372093,2,0.6666666666666666,6,6,1.0,0.0,1.0,1.0,9.0,268,Blocked;Independent,"Blocked(N3, N1 | N2, N5) || Independent(N3, N1 | N2, N5)"
f9d0fa4cc2686455,4,13,0.01984732824427481,13,0.0377906976744186,2,0.6666666666666666,6,6,1.0,0.0,1.0,1.0,9.0,262,Blocked;Independent,"Blocked(N3, N2 | N4, N5) || Independent(N3, N2 | N4, N5)"
c8bcc801a0d5c068,4,5,0.007633587786259542,5,0.014534883720930232,2,0.6666666666666666,6,6,1.0,0.0,1.0,1.0,9.0,262,Blocked;Independent,"Blocked(N1, N4 | N5, N7) || Independent(N1, N4 | N5, N7)"
d8dd7d88811ef6af,4,2,0.0030534351145038168,2,0.005813953488372093,1,0.3333333333333333,6,6,1.0,0.0,1.0,1.0,8.0,262,Blocked,"Blocked(N1, N3 | N6, N7)"
e9e646f748454276,4,5,0.007633587786259542,5,0.014534883720930232,2,0.6666666666666666,6,6,1.0,0.0,1.0,1.0,9.0,262,Blocked;Independent,"Blocked(N3, N4 | N0, N6) || Independent(N3, N4 | N0, N6)"
6c46f6fa690191ec,4,15,0.022900763358778626,15,0.0436046511627907,2,0.6666666666666666,6,6,1.0,0.0,1.0,1.0,9.0,262,Blocked;Independent,"Blocked(N0, N1 | N3, N5) || Independent(N0, N1 | N3, N5)"
ae866644346adba7,4,4,0.0061068702290076335,3,0.00872093023255814,2,0.6666666666666666,6,6,1.0,0.0,1.0,1.0,9.0,267,Blocked;Independent,"Blocked(N1, N5 | N0, N4) || Independent(N1, N5 | N0, N4)"
e2e7efa2cdae59ed,4,5,0.007633587786259542,5,0.014534883720930232,2,0.6666666666666666,6,6,1.0,0.0,1.0,1.0,9.0,262,Blocked;Independent,"Blocked(N7, N2 | N1, N4) || Independent(N7, N2 | N1, N4)"
cfccfbf7f451af03,4,1,0.0015267175572519084,1,0.0029069767441860465,1,0.3333333333333333,6,6,1.0,0.0,1.0,1.0,8.0,267,Blocked,"Blocked(N6, N4 | N8, N9)"
b781ec8e98166bdd,4,17,0.025954198473282442,9,0.02616279069767442,2,0.6666666666666666,6,6,1.0,0.0,1.0,1.0,9.0,267,Blocked;Independent,"Blocked(N1, N0 | N2, N3) || Independent(N1, N0 | N2, N3)"
01164fe35d255f8c,4,3,0.004580152671755725,3,0.00872093023255814,2,0.6666666666666666,6,6,1.0,0.0,1.0,1.0,9.0,262,Blocked;Independent,"Blocked(N1, N3 | N5, N6) || Independent(N1, N3 | N5, N6)"
f74e7c80d0ff30c9,4,4,0.0061068702290076335,4,0.011627906976744186,2,0.6666666666666666,6,6,1.0,0.0,1.0,1.0,9.0,267,Blocked;Independent,"Blocked(N5, N0 | N1, N4) || Independent(N5, N0 | N1, N4)"
a6e10e3d82fc83c3,4,4,0.0061068702290076335,4,0.011627906976744186,2,0.6666666666666666,6,6,1.0,0.0,1.0,1.0,9.0,264,Blocked;Independent,"Blocked(N4, N1 | N3, N6) || Independent(N4, N1 | N3, N6)"
b1bbf87604cad8d5,4,3,0.004580152671755725,3,0.00872093023255814,2,0.6666666666666666,6,6,1.0,0.0,1.0,1.0,9.0,262,Blocked;Independent,"Blocked(N6, N5 | N1, N7) || Independent(N6, N5 | N1, N7)"
ed3f096d5a8ebbb9,4,5,0.007633587786259542,5,0.014534883720930232,2,0.6666666666666666,6,6,1.0,0.0,1.0,1.0,9.0,262,Blocked;Independent,"Blocked(N4, N2 | N5, N6) || Independent(N4, N2 | N5, N6)"
84fca6e0b09357fa,4,3,0.004580152671755725,3,0.00872093023255814,2,0.6666666666666666,6,6,1.0,0.0,1.0,1.0,9.0,262,Blocked;Independent,"Blocked(N6, N5 | N0, N2) || Independent(N6, N5 | N0, N2)"
c166a96fb96e53d4,4,3,0.004580152671755725,3,0.00872093023255814,1,0.3333333333333333,6,6,1.0,0.0,1.0,1.0,8.0,262,Blocked,"Blocked(N7, N8 | N4, N6)"
2a54d9ddd9e595e3,4,3,0.004580152671755725,3,0.00872093023255814,2,0.6666666666666666,6,6,1.0,0.0,1.0,1.0,9.0,263,Blocked;Independent,"Blocked(N0, N2 | N1, N4) || Independent(N0, N2 | N1, N4)"
674bb3e7c63bba50,4,1,0.0015267175572519084,1,0.0029069767441860465,1,0.3333333333333333,6,6,1.0,0.0,1.0,1.0,8.0,282,Independent,"Independent(N1, N2 | N6, N9)"
0ef5bfac8cce6c91,4,3,0.004580152671755725,3,0.00872093023255814,2,0.6666666666666666,6,6,1.0,0.0,1.0,1.0,9.0,262,Blocked;Independent,"Blocked(N5, N3 | N2, N7) || Independent(N5, N3 | N2, N7)"
922bf3c3a201e841,4,1,0.0015267175572519084,1,0.0029069767441860465,1,0.3333333333333333,6,6,1.0,0.0,1.0,1.0,8.0,267,Independent,"Independent(N4, N1 | N7, N8)"
e221342d453648f6,4,3,0.004580152671755725,3,0.00872093023255814,2,0.6666666666666666,6,6,1.0,0.0,1.0,1.0,9.0,267,Blocked;Independent,"Blocked(N2, N5 | N0, N3) || Independent(N2, N5 | N0, N3)"
e35ae795ee4ff619,4,3,0.004580152671755725,2,0.005813953488372093,2,0.6666666666666666,6,6,1.0,0.0,1.0,1.0,9.0,272,Blocked;Independent,"Blocked(N2, N0 | N1, N3) || Independent(N2, N0 | N1, N3)"
2492e47cefcabdb6,4,3,0.004580152671755725,3,0.00872093023255814,2,0.6666666666666666,6,6,1.0,0.0,1.0,1.0,9.0,267,Blocked;Independent,"Blocked(N1, N0 | N4, N5) || Independent(N1, N0 | N4, N5)"
dc2c722dcdac0b05,4,5,0.007633587786259542,5,0.014534883720930232,2,0.6666666666666666,6,6,1.0,0.0,1.0,1.0,9.0,262,Blocked;Independent,"Blocked(N1, N7 | N3, N6) || Independent(N1, N7 | N3, N6)"
1b991ff4677d0ba5,4,1,0.0015267175572519084,1,0.0029069767441860465,1,0.3333333333333333,6,6,1.0,0.0,1.0,1.0,8.0,266,Independent,"Independent(N2, N5 | N6, N9)"
a6c6f1a4f79828c9,4,3,0.004580152671755725,3,0.00872093023255814,1,0.3333333333333333,6,6,1.0,0.0,1.0,1.0,8.0,263,Blocked,"Blocked(N1, N5 | N2, N3)"
4b70caa8a01f3970,4,4,0.0061068702290076335,4,0.011627906976744186,2,0.6666666666666666,6,6,1.0,0.0,1.0,1.0,9.0,262,Blocked;Independent,"Blocked(N6, N0 | N2, N4) || Independent(N6, N0 | N2, N4)"
d585b5c9b6c7dfe8,4,6,0.00916030534351145,3,0.00872093023255814,2,0.6666666666666666,6,6,1.0,0.0,1.0,1.0,9.0,273,Blocked;Independent,"Blocked(N0, N3 | N1, N2) || Independent(N0, N3 | N1, N2)"
02265f8ebaafe51c,4,4,0.0061068702290076335,4,0.011627906976744186,2,0.6666666666666666,6,6,1.0,0.0,1.0,1.0,9.0,263,Blocked;Independent,"Blocked(N2, N3 | N1, N4) || Independent(N2, N3 | N1, N4)"
f82438ad81db75f0,4,2,0.0030534351145038168,2,0.005813953488372093,1,0.3333333333333333,6,6,1.0,0.0,1.0,1.0,8.0,262,Blocked,"Blocked(N6, N7 | N8, N9)"
59921e6247c8d2c1,4,5,0.007633587786259542,5,0.014534883720930232,2,0.6666666666666666,6,6,1.0,0.0,1.0,1.0,9.0,263,Blocked;Independent,"Blocked(N5, N4 | N1, N3) || Independent(N5, N4 | N1, N3)"
81d195da9be34212,4,4,0.0061068702290076335,4,0.011627906976744186,2,0.6666666666666666,6,6,1.0,0.0,1.0,1.0,9.0,262,Blocked;Independent,"Blocked(N2, N7 | N0, N5) || Independent(N2, N7 | N0, N5)"
5e4bf45ba7ffaf3a,4,6,0.00916030534351145,6,0.01744186046511628,2,0.6666666666666666,6,6,1.0,0.0,1.0,1.0,9.0,264,Blocked;Independent,"Blocked(N7, N4 | N0, N2) || Independent(N7, N4 | N0, N2)"
75d641f161a07871,4,1,0.0015267175572519084,1,0.0029069767441860465,1,0.3333333333333333,6,6,1.0,0.0,1.0,1.0,8.0,267,Blocked,"Blocked(N5, N3 | N7, N8)"
9ff66b55dc1061a9,4,3,0.004580152671755725,3,0.00872093023255814,1,0.3333333333333333,6,6,1.0,0.0,1.0,1.0,8.0,263,Blocked,"Blocked(N6, N5 | N0, N3)"
dde4060424449247,4,3,0.004580152671755725,2,0.005813953488372093,2,0.6666666666666666,6,6,1.0,0.0,1.0,1.0,9.0,263,Blocked;Independent,"Blocked(N1, N2 | N3, N4) || Independent(N1, N2 | N3, N4)"
68f560d0d53fdf55,4,20,0.030534351145038167,18,0.05232558139534884,2,0.6666666666666666,6,6,1.0,0.0,1.0,1.0,9.0,262,Blocked;Independent,"Blocked(N0, N5 | N2, N3) || Independent(N0, N5 | N2, N3)"
f0d751ba78b9caf1,4,3,0.004580152671755725,3,0.00872093023255814,2,0.6666666666666666,6,6,1.0,0.0,1.0,1.0,9.0,262,Blocked;Independent,"Blocked(N2, N6 | N3, N4) || Independent(N2, N6 | N3, N4)"
2c26f4af72ee55c0,4,15,0.022900763358778626,14,0.040697674418604654,2,0.6666666666666666,6,6,1.0,0.0,1.0,1.0,9.0,262,Blocked;Independent,"Blocked(N5, N4 | N0, N3) || Independent(N5, N4 | N0, N3)"
7ca40f67ba8cbf38,4,34,0.051908396946564885,20,0.05813953488372093,2,0.6666666666666666,6,6,1.0,0.0,1.0,1.0,9.0,263,Blocked;Independent,"Blocked(N3, N1 | N0, N2) || Independent(N3, N1 | N0, N2)"
527b02a374272ec2,4,3,0.004580152671755725,3,0.00872093023255814,1,0.3333333333333333,6,6,1.0,0.0,1.0,1.0,8.0,264,Blocked,"Blocked(N0, N5 | N2, N3)"
072e817c96272d43,4,1,0.0015267175572519084,1,0.0029069767441860465,1,0.3333333333333333,6,6,1.0,0.0,1.0,1.0,8.0,272,Independent,"Independent(N3, N2 | N7, N9)"
db54c8ab5a664713,4,1,0.0015267175572519084,1,0.0029069767441860465,1,0.3333333333333333,6,6,1.0,0.0,1.0,1.0,8.0,262,Blocked,"Blocked(N5, N2 | N6, N9)"
fa03d5acd22dd691,4,3,0.004580152671755725,3,0.00872093023255814,2,0.6666666666666666,6,6,1.0,0.0,1.0,1.0,9.0,268,Blocked;Independent,"Blocked(N3, N0 | N1, N4) || Independent(N3, N0 | N1, N4)"
ea35225705473acd,4,1,0.0015267175572519084,1,0.0029069767441860465,1,0.3333333333333333,6,6,1.0,0.0,1.0,1.0,8.0,267,Independent,"Independent(N0, N9 | N6, N8)"
f5a7ca72c42450a9,4,3,0.004580152671755725,3,0.00872093023255814,1,0.3333333333333333,6,6,1.0,0.0,1.0,1.0,8.0,262,Independent,"Independent(N1, N3 | N4, N7)"
6a0d362fd15d504e,4,4,0.0061068702290076335,4,0.011627906976744186,2,0.6666666666666666,6,6,1.0,0.0,1.0,1.0,9.0,264,Blocked;Independent,"Blocked(N3, N4 | N0, N5) || Independent(N3, N4 | N0, N5)"
8e4a1dacefe8dbc1,4,6,0.00916030534351145,6,0.01744186046511628,2,0.6666666666666666,6,6,1.0,0.0,1.0,1.0,9.0,262,Blocked;Independent,"Blocked(N3, N1 | N0, N6) || Independent(N3, N1 | N0, N6)"
d088bd9bf6c5af07,4,1,0.0015267175572519084,1,0.0029069767441860465,1,0.3333333333333333,6,6,1.0,0.0,1.0,1.0,8.0,262,Blocked,"Blocked(N6, N5 | N7, N8)"
243d2c2355884ede,4,4,0.0061068702290076335,4,0.011627906976744186,2,0.6666666666666666,6,6,1.0,0.0,1.0,1.0,9.0,267,Blocked;Independent,"Blocked(N2, N3 | N4, N5) || Independent(N2, N3 | N4, N5)"
2301c71f729e2075,4,4,0.0061068702290076335,4,0.011627906976744186,2,0.6666666666666666,6,6,1.0,0.0,1.0,1.0,9.0,262,Blocked;Independent,"Blocked(N3, N6 | N0, N7) || Independent(N3, N6 | N0, N7)"
291e746b57a78214,4,1,0.0015267175572519084,1,0.0029069767441860465,1,0.3333333333333333,6,6,1.0,0.0,1.0,1.0,8.0,262,Independent,"Independent(N2, N4 | N7, N9)"
8a8d1068fc1eec6e,4,1,0.0015267175572519084,1,0.0029069767441860465,1,0.3333333333333333,6,6,1.0,0.0,1.0,1.0,8.0,262,Blocked,"Blocked(N3, N6 | N8, N9)"
597e9395fcb2fa17,4,4,0.0061068702290076335,4,0.011627906976744186,2,0.6666666666666666,6,6,1.0,0.0,1.0,1.0,9.0,264,Blocked;Independent,"Blocked(N1, N0 | N3, N4) || Independent(N1, N0 | N3, N4)"
303048c94fc2a829,4,4,0.0061068702290076335,3,0.00872093023255814,2,0.6666666666666666,6,6,1.0,0.0,1.0,1.0,9.0,267,Blocked;Independent,"Blocked(N5, N2 | N0, N1) || Independent(N5, N2 | N0, N1)"
122e38c1bf76759d,4,5,0.007633587786259542,5,0.014534883720930232,2,0.6666666666666666,6,6,1.0,0.0,1.0,1.0,9.0,264,Blocked;Independent,"Blocked(N1, N3 | N4, N7) || Independent(N1, N3 | N4, N7)"
6208db6e335d09c9,4,22,0.03358778625954199,20,0.05813953488372093,2,0.6666666666666666,6,6,1.0,0.0,1.0,1.0,9.0,262,Blocked;Independent,"Blocked(N3, N4 | N0, N2) || Independent(N3, N4 | N0, N2)"
65a5e87a623aaaca,4,3,0.004580152671755725,3,0.00872093023255814,2,0.6666666666666666,6,6,1.0,0.0,1.0,1.0,9.0,262,Blocked;Independent,"Blocked(N0, N6 | N2, N7) || Independent(N0, N6 | N2, N7)"
a3bb69045ac4cfc9,4,4,0.0061068702290076335,4,0.011627906976744186,2,0.6666666666666666,6,6,1.0,0.0,1.0,1.0,9.0,262,Blocked;Independent,"Blocked(N1, N2 | N0, N6) || Independent(N1, N2 | N0, N6)"
ca72b47c29d661cd,4,6,0.00916030534351145,3,0.00872093023255814,2,0.6666666666666666,6,6,1.0,0.0,1.0,1.0,9.0,272,Blocked;Independent,"Blocked(N3, N1 | N0, N2) || Independent(N3, N1 | N0, N2)"
194ecc4e44bbffbe,4,4,0.0061068702290076335,4,0.011627906976744186,1,0.3333333333333333,6,6,1.0,0.0,1.0,1.0,8.0,262,Blocked,"Blocked(N6, N2 | N0, N3)"
3d2431620fa25545,4,5,0.007633587786259542,5,0.014534883720930232,1,0.3333333333333333,6,6,1.0,0.0,1.0,1.0,8.0,262,Blocked,"Blocked(N7, N3 | N1, N2)"
43ea865b5597b0c4,4,3,0.004580152671755725,3,0.00872093023255814,1,0.3333333333333333,6,6,1.0,0.0,1.0,1.0,8.0,262,Independent,"Independent(N2, N5 | N3, N9)"
47962d0ab4bfc79b,4,1,0.0015267175572519084,1,0.0029069767441860465,1,0.3333333333333333,6,6,1.0,0.0,1.0,1.0,8.0,262,Independent,"Independent(N7, N2 | N6, N8)"
f09d11d2f8a73d05,4,1,0.0015267175572519084,1,0.0029069767441860465,1,0.3333333333333333,6,6,1.0,0.0,1.0,1.0,8.0,267,Blocked,"Blocked(N3, N2 | N5, N9)"
466ac4b66fdfdd8e,4,3,0.004580152671755725,3,0.00872093023255814,2,0.6666666666666666,6,6,1.0,0.0,1.0,1.0,9.0,264,Blocked;Independent,"Blocked(N5, N0 | N1, N4) || Independent(N5, N0 | N1, N4)"
539fc6c7ee7aeecd,4,7,0.010687022900763359,6,0.01744186046511628,2,0.6666666666666666,6,6,1.0,0.0,1.0,1.0,9.0,263,Blocked;Independent,"Blocked(N3, N4 | N1, N5) || Independent(N3, N4 | N1, N5)"
0dcdda9f4b7e0a4c,4,5,0.007633587786259542,4,0.011627906976744186,2,0.6666666666666666,6,6,1.0,0.0,1.0,1.0,9.0,263,Blocked;Independent,"Blocked(N3, N0 | N4, N5) || Independent(N3, N0 | N4, N5)"
abcc8f9e38cd6cc0,4,4,0.0061068702290076335,3,0.00872093023255814,2,0.6666666666666666,6,6,1.0,0.0,1.0,1.0,9.0,263,Blocked;Independent,"Blocked(N5, N4 | N0, N2) || Independent(N5, N4 | N0, N2)"
f1aee13933f6286d,4,1,0.0015267175572519084,1,0.0029069767441860465,1,0.3333333333333333,6,6,1.0,0.0,1.0,1.0,8.0,262,Blocked,"Blocked(N7, N2 | N6, N9)"
0c3d1c6eccb6d4b6,4,31,0.04732824427480916,17,0.04941860465116279,2,0.6666666666666666,6,6,1.0,0.0,1.0,1.0,9.0,263,Blocked;Independent,"Blocked(N0, N1 | N2, N3) || Independent(N0, N1 | N2, N3)"
448ced878bd1f848,4,1,0.0015267175572519084,1,0.0029069767441860465,1,0.3333333333333333,6,6,1.0,0.0,1.0,1.0,8.0,262,Independent,"Independent(N5, N9 | N6, N7)"
96829b494043cd08,4,15,0.022900763358778626,15,0.0436046511627907,2,0.6666666666666666,6,6,1.0,0.0,1.0,1.0,9.0,262,Blocked;Independent,"Blocked(N5, N1 | N0, N3) || Independent(N5, N1 | N0, N3)"
7988f92591152776,4,6,0.00916030534351145,4,0.011627906976744186,2,0.6666666666666666,6,6,1.0,0.0,1.0,1.0,9.0,267,Blocked;Independent,"Blocked(N0, N3 | N2, N4) || Independent(N0, N3 | N2, N4)"
be28778c63ef4fe4,4,13,0.01984732824427481,12,0.03488372093023256,2,0.6666666666666666,6,6,1.0,0.0,1.0,1.0,9.0,262,Blocked;Independent,"Blocked(N0, N4 | N1, N2) || Independent(N0, N4 | N1, N2)"
07049afd0ff6a873,4,22,0.03358778625954199,21,0.061046511627906974,2,0.6666666666666666,3,3,0.5,0.0,1.0,1.0,6.0,257,Blocked;Independent,"Blocked(N0, N3 | N7) || Independent(N0, N3 | N7)"
d6e5cb9f6ecb7731,4,3,0.004580152671755725,3,0.00872093023255814,2,0.6666666666666666,6,6,1.0,0.0,1.0,1.0,9.0,264,Blocked;Independent,"Blocked(N3, N1 | N0, N5) || Independent(N3, N1 | N0, N5)"
29d1f67a192c7480,4,2,0.0030534351145038168,2,0.005813953488372093,1,0.3333333333333333,6,6,1.0,0.0,1.0,1.0,8.0,262,Independent,"Independent(N8, N2 | N5, N7)"
5c84a6ff86ef02e3,4,1,0.0015267175572519084,1,0.0029069767441860465,1,0.3333333333333333,6,6,1.0,0.0,1.0,1.0,8.0,262,Independent,"Independent(N2, N1 | N7, N9)"
281e8d9a0a7c53da,4,4,0.0061068702290076335,3,0.00872093023255814,2,0.6666666666666666,6,6,1.0,0.0,1.0,1.0,9.0,273,Blocked;Independent,"Blocked(N5, N3 | N0, N4) || Independent(N5, N3 | N0, N4)"
4110bd5c718a84c1,4,4,0.0061068702290076335,4,0.011627906976744186,2,0.6666666666666666,6,6,1.0,0.0,1.0,1.0,9.0,262,Blocked;Independent,"Blocked(N7, N0 | N2, N4) || Independent(N7, N0 | N2, N4)"
db2cc6cb66ee33c8,4,3,0.004580152671755725,3,0.00872093023255814,2,0.6666666666666666,6,6,1.0,0.0,1.0,1.0,9.0,273,Blocked;Independent,"Blocked(N3, N4 | N1, N5) || Independent(N3, N4 | N1, N5)"
50822c6173307e9a,4,102,0.15572519083969466,56,0.16279069767441862,2,0.6666666666666666,6,6,1.0,0.0,1.0,1.0,9.0,262,Blocked;Independent,"Blocked(N3, N1 | N0, N2) || Independent(N3, N1 | N0, N2)"
d5cb2f9188559fa8,4,3,0.004580152671755725,3,0.00872093023255814,2,0.6666666666666666,6,6,1.0,0.0,1.0,1.0,9.0,268,Blocked;Independent,"Blocked(N7, N3 | N0, N5) || Independent(N7, N3 | N0, N5)"
a8b8a116cbf042a4,4,6,0.00916030534351145,6,0.01744186046511628,2,0.6666666666666666,6,6,1.0,0.0,1.0,1.0,9.0,263,Blocked;Independent,"Blocked(N3, N0 | N2, N5) || Independent(N3, N0 | N2, N5)"
909f6bcca5fd7db0,4,4,0.0061068702290076335,3,0.00872093023255814,2,0.6666666666666666,6,6,1.0,0.0,1.0,1.0,9.0,267,Blocked;Independent,"Blocked(N5, N0 | N3, N4) || Independent(N5, N0 | N3, N4)"
f8d4dfca0baecdc5,4,14,0.021374045801526718,14,0.040697674418604654,2,0.6666666666666666,6,6,1.0,0.0,1.0,1.0,9.0,262,Blocked;Independent,"Blocked(N5, N4 | N1, N3) || Independent(N5, N4 | N1, N3)"
5783b86627d8f41e,4,3,0.004580152671755725,3,0.00872093023255814,2,0.6666666666666666,6,6,1.0,0.0,1.0,1.0,9.0,264,Blocked;Independent,"Blocked(N7, N2 | N1, N4) || Independent(N7, N2 | N1, N4)"
2b4a85d6d60d8812,4,3,0.004580152671755725,2,0.005813953488372093,2,0.6666666666666666,6,6,1.0,0.0,1.0,1.0,9.0,267,Blocked;Independent,"Blocked(N2, N0 | N3, N5) || Independent(N2, N0 | N3, N5)"
f6c493cdd35ee634,4,4,0.0061068702290076335,3,0.00872093023255814,2,0.6666666666666666,6,6,1.0,0.0,1.0,1.0,9.0,263,Blocked;Independent,"Blocked(N6, N0 | N2, N4) || Independent(N6, N0 | N2, N4)"
fab8bfcd100ca537,4,3,0.004580152671755725,3,0.00872093023255814,2,0.6666666666666666,6,6,1.0,0.0,1.0,1.0,9.0,262,Blocked;Independent,"Blocked(N6, N1 | N2, N7) || Independent(N6, N1 | N2, N7)"
aaa1d267dbc8e669,4,1,0.0015267175572519084,1,0.0029069767441860465,1,0.3333333333333333,6,6,1.0,0.0,1.0,1.0,8.0,267,Blocked,"Blocked(N7, N1 | N8, N9)"
535664c98f3989bd,4,2,0.0030534351145038168,2,0.005813953488372093,2,0.6666666666666666,6,6,1.0,0.0,1.0,1.0,9.0,262,Blocked;Independent,"Blocked(N3, N9 | N7, N8) || Independent(N3, N9 | N7, N8)"
872f3353aceaa957,4,4,0.0061068702290076335,4,0.011627906976744186,2,0.6666666666666666,6,6,1.0,0.0,1.0,1.0,9.0,262,Blocked;Independent,"Blocked(N5, N6 | N1, N7) || Independent(N5, N6 | N1, N7)"
4d1a124365b87e9c,4,1,0.0015267175572519084,1,0.0029069767441860465,1,0.3333333333333333,6,6,1.0,0.0,1.0,1.0,8.0,272,Blocked,"Blocked(N1, N4 | N6, N7)"
18956120c532557a,4,1,0.0015267175572519084,1,0.0029069767441860465,1,0.3333333333333333,6,6,1.0,0.0,1.0,1.0,8.0,267,Independent,"Independent(N2, N6 | N7, N9)"
f11f5aa145413c64,4,18,0.02748091603053435,9,0.02616279069767442,2,0.6666666666666666,6,6,1.0,0.0,1.0,1.0,9.0,263,Blocked;Independent,"Blocked(N1, N2 | N0, N3) || Independent(N1, N2 | N0, N3)"
b412e59a32e1e63a,4,4,0.0061068702290076335,4,0.011627906976744186,2,0.6666666666666666,6,6,1.0,0.0,1.0,1.0,9.0,263,Blocked;Independent,"Blocked(N0, N5 | N1, N2) || Independent(N0, N5 | N1, N2)"
cb8a2a6ebf1139ce,4,3,0.004580152671755725,3,0.00872093023255814,2,0.6666666666666666,6,6,1.0,0.0,1.0,1.0,9.0,263,Blocked;Independent,"Blocked(N1, N5 | N2, N3) || Independent(N1, N5 | N2, N3)"
8792699a27e32fbf,4,20,0.030534351145038167,12,0.03488372093023256,2,0.6666666666666666,6,6,1.0,0.0,1.0,1.0,9.0,263,Blocked;Independent,"Blocked(N2, N3 | N0, N1) || Independent(N2, N3 | N0, N1)"
d920ecf6e2b7149f,4,1,0.0015267175572519084,1,0.0029069767441860465,1,0.3333333333333333,6,6,1.0,0.0,1.0,1.0,8.0,262,Independent,"Independent(N4, N9 | N5, N8)"
219e45fc280c274f,4,5,0.007633587786259542,5,0.014534883720930232,2,0.6666666666666666,6,6,1.0,0.0,1.0,1.0,9.0,263,Blocked;Independent,"Blocked(N3, N4 | N0, N1) || Independent(N3, N4 | N0, N1)"
cda53e46ddb36650,4,3,0.004580152671755725,3,0.00872093023255814,2,0.6666666666666666,6,6,1.0,0.0,1.0,1.0,9.0,263,Blocked;Independent,"Blocked(N7, N5 | N0, N6) || Independent(N7, N5 | N0, N6)"
b40c21e429e1bb4c,4,15,0.022900763358778626,14,0.040697674418604654,2,0.6666666666666666,6,6,1.0,0.0,1.0,1.0,9.0,262,Blocked;Independent,"Blocked(N5, N4 | N0, N2) || Independent(N5, N4 | N0, N2)"
260dae726e6c5b3a,4,21,0.03206106870229008,20,0.05813953488372093,2,0.6666666666666666,6,6,1.0,0.0,1.0,1.0,9.0,262,Blocked;Independent,"Blocked(N0, N2 | N1, N5) || Independent(N0, N2 | N1, N5)"
95090ef32a62355d,5,3,0.004580152671755725,3,0.00872093023255814,1,0.3333333333333333,6,6,1.0,0.0,1.0,1.0,8.0,262,Independent,"Independent(N1, N0 | N6, N7)"
d6971231490da087,4,3,0.004580152671755725,3,0.00872093023255814,2,0.6666666666666666,6,6,1.0,0.0,1.0,1.0,9.0,262,Blocked;Independent,"Blocked(N1, N6 | N2, N4) || Independent(N1, N6 | N2, N4)"
92fcf1f469c373c0,4,3,0.004580152671755725,3,0.00872093023255814,2,0.6666666666666666,6,6,1.0,0.0,1.0,1.0,9.0,263,Blocked;Independent,"Blocked(N0, N6 | N3, N4) || Independent(N0, N6 | N3, N4)"
6f839e94b4741103,4,4,0.0061068702290076335,4,0.011627906976744186,2,0.6666666666666666,6,6,1.0,0.0,1.0,1.0,9.0,262,Blocked;Independent,"Blocked(N4, N7 | N3, N6) || Independent(N4, N7 | N3, N6)"
badd6c35da89358e,4,1,0.0015267175572519084,1,0.0029069767441860465,1,0.3333333333333333,6,6,1.0,0.0,1.0,1.0,8.0,262,Independent,"Independent(N0, N7 | N5, N8)"
ff532152d222d278,4,3,0.004580152671755725,3,0.00872093023255814,2,0.6666666666666666,6,6,1.0,0.0,1.0,1.0,9.0,264,Blocked;Independent,"Blocked(N3, N6 | N1, N2) || Independent(N3, N6 | N1, N2)"
6fd1503a8977f22b,4,14,0.021374045801526718,12,0.03488372093023256,2,0.6666666666666666,6,6,1.0,0.0,1.0,1.0,9.0,262,Blocked;Independent,"Blocked(N1, N0 | N3, N4) || Independent(N1, N0 | N3, N4)"
1fb5ab8326f5f452,4,5,0.007633587786259542,4,0.011627906976744186,2,0.6666666666666666,6,6,1.0,0.0,1.0,1.0,9.0,267,Blocked;Independent,"Blocked(N2, N3 | N4, N5) || Independent(N2, N3 | N4, N5)"
94551cd5b8706c3a,4,3,0.004580152671755725,3,0.00872093023255814,1,0.3333333333333333,6,6,1.0,0.0,1.0,1.0,8.0,263,Blocked,"Blocked(N4, N2 | N6, N7)"
8b630a5dff79c748,4,5,0.007633587786259542,5,0.014534883720930232,2,0.6666666666666666,6,6,1.0,0.0,1.0,1.0,9.0,263,Blocked;Independent,"Blocked(N1, N3 | N2, N5) || Independent(N1, N3 | N2, N5)"
4e46269f597eb3b6,4,1,0.0015267175572519084,1,0.0029069767441860465,1,0.3333333333333333,6,6,1.0,0.0,1.0,1.0,8.0,267,Independent,"Independent(N7, N5 | N8, N9)"
a55fb593e4237a0a,4,6,0.00916030534351145,3,0.00872093023255814,2,0.6666666666666666,6,6,1.0,0.0,1.0,1.0,9.0,266,Blocked;Independent,"Blocked(N2, N3 | N0, N1) || Independent(N2, N3 | N0, N1)"
023d43292e0f2dd5,4,5,0.007633587786259542,5,0.014534883720930232,2,0.6666666666666666,6,6,1.0,0.0,1.0,1.0,9.0,263,Blocked;Independent,"Blocked(N5, N4 | N0, N3) || Independent(N5, N4 | N0, N3)"
362aa86dfc5dabda,4,3,0.004580152671755725,2,0.005813953488372093,2,0.6666666666666666,6,6,1.0,0.0,1.0,1.0,9.0,269,Blocked;Independent,"Blocked(N0, N3 | N1, N2) || Independent(N0, N3 | N1, N2)"
584e03a9b8c4b85e,4,3,0.004580152671755725,3,0.00872093023255814,1,0.3333333333333333,6,6,1.0,0.0,1.0,1.0,8.0,267,Independent,"Independent(N0, N5 | N2, N3)"
8d0c2529004bc9ef,4,3,0.004580152671755725,3,0.00872093023255814,2,0.6666666666666666,6,6,1.0,0.0,1.0,1.0,9.0,262,Blocked;Independent,"Blocked(N5, N0 | N2, N7) || Independent(N5, N0 | N2, N7)"
47be6dbad247471e,4,3,0.004580152671755725,2,0.005813953488372093,2,0.6666666666666666,6,6,1.0,0.0,1.0,1.0,9.0,263,Blocked;Independent,"Blocked(N5, N3 | N1, N2) || Independent(N5, N3 | N1, N2)"
52912b7761f68ba3,4,6,0.00916030534351145,6,0.01744186046511628,2,0.6666666666666666,6,6,1.0,0.0,1.0,1.0,9.0,262,Blocked;Independent,"Blocked(N2, N7 | N1, N3) || Independent(N2, N7 | N1, N3)"
b17553a79b18d330,4,24,0.0366412213740458,23,0.06686046511627906,2,0.6666666666666666,6,6,1.0,0.0,1.0,1.0,9.0,262,Blocked;Independent,"Blocked(N2, N5 | N1, N3) || Independent(N2, N5 | N1, N3)"
707f893428ddee09,4,1,0.0015267175572519084,1,0.0029069767441860465,1,0.3333333333333333,6,6,1.0,0.0,1.0,1.0,8.0,262,Blocked,"Blocked(N6, N2 | N5, N8)"
60f5ae71802dac39,4,1,0.0015267175572519084,1,0.0029069767441860465,1,0.3333333333333333,6,6,1.0,0.0,1.0,1.0,8.0,272,Independent,"Independent(N1, N2 | N5, N8)"
2c67fc4a54dcd920,4,1,0.0015267175572519084,1,0.0029069767441860465,1,0.3333333333333333,6,6,1.0,0.0,1.0,1.0,8.0,262,Blocked,"Blocked(N8, N3 | N6, N9)"
b2d4a1b59b416189,4,3,0.004580152671755725,3,0.00872093023255814,2,0.6666666666666666,6,6,1.0,0.0,1.0,1.0,9.0,268,Blocked;Independent,"Blocked(N3, N0 | N2, N4) || Independent(N3, N0 | N2, N4)"
61c355dd79be57b8,4,3,0.004580152671755725,2,0.005813953488372093,2,0.6666666666666666,6,6,1.0,0.0,1.0,1.0,9.0,267,Blocked;Independent,"Blocked(N4, N5 | N2, N3) || Independent(N4, N5 | N2, N3)"
dfd0d43c41ad9ded,4,3,0.004580152671755725,2,0.005813953488372093,2,0.6666666666666666,6,6,1.0,0.0,1.0,1.0,9.0,267,Blocked;Independent,"Blocked(N3, N4 | N0, N1) || Independent(N3, N4 | N0, N1)"
85a6506ffb68158d,4,1,0.0015267175572519084,1,0.0029069767441860465,1,0.3333333333333333,6,6,1.0,0.0,1.0,1.0,8.0,267,Blocked,"Blocked(N5, N6 | N8, N9)"
a255992e57bbb606,4,1,0.0015267175572519084,1,0.0029069767441860465,1,0.3333333333333333,6,6,1.0,0.0,1.0,1.0,8.0,262,Independent,"Independent(N5, N4 | N7, N8)"
964352d8b2f1763d,4,3,0.004580152671755725,3,0.00872093023255814,2,0.6666666666666666,6,6,1.0,0.0,1.0,1.0,9.0,262,Blocked;Independent,"Blocked(N8, N5 | N0, N9) || Independent(N8, N5 | N0, N9)"
c202bdc370629678,4,16,0.024427480916030534,16,0.046511627906976744,2,0.6666666666666666,6,6,1.0,0.0,1.0,1.0,9.0,262,Blocked;Independent,"Blocked(N2, N4 | N0, N3) || Independent(N2, N4 | N0, N3)"
f8f33210d41be988,4,4,0.0061068702290076335,4,0.011627906976744186,2,0.6666666666666666,6,6,1.0,0.0,1.0,1.0,9.0,263,Blocked;Independent,"Blocked(N3, N0 | N1, N5) || Independent(N3, N0 | N1, N5)"
fa2085d3b0023529,4,4,0.0061068702290076335,4,0.011627906976744186,2,0.6666666666666666,6,6,1.0,0.0,1.0,1.0,9.0,262,Blocked;Independent,"Blocked(N6, N7 | N3, N5) || Independent(N6, N7 | N3, N5)"
5ce57e4d66722720,4,4,0.0061068702290076335,4,0.011627906976744186,2,0.6666666666666666,6,6,1.0,0.0,1.0,1.0,9.0,263,Blocked;Independent,"Blocked(N0, N6 | N2, N4) || Independent(N0, N6 | N2, N4)"
1802d98024f31952,4,5,0.007633587786259542,5,0.014534883720930232,2,0.6666666666666666,6,6,1.0,0.0,1.0,1.0,9.0,262,Blocked;Independent,"Blocked(N0, N2 | N3, N7) || Independent(N0, N2 | N3, N7)"
64bd666daa095b9c,4,3,0.004580152671755725,3,0.00872093023255814,2,0.6666666666666666,6,6,1.0,0.0,1.0,1.0,9.0,262,Blocked;Independent,"Blocked(N7, N2 | N0, N6) || Independent(N7, N2 | N0, N6)"
2d97c749b991a850,4,3,0.004580152671755725,2,0.005813953488372093,2,0.6666666666666666,6,6,1.0,0.0,1.0,1.0,9.0,267,Blocked;Independent,"Blocked(N0, N3 | N4, N5) || Independent(N0, N3 | N4, N5)"
58841f335261c7fc,4,3,0.004580152671755725,2,0.005813953488372093,2,0.6666666666666666,6,6,1.0,0.0,1.0,1.0,9.0,267,Blocked;Independent,"Blocked(N2, N4 | N1, N3) || Independent(N2, N4 | N1, N3)"
0103dd170352e326,4,34,0.051908396946564885,30,0.0872093023255814,2,0.6666666666666666,6,6,1.0,0.0,1.0,1.0,9.0,262,Blocked;Independent,"Blocked(N1, N2 | N0, N4) || Independent(N1, N2 | N0, N4)"
840c9441efc7e200,4,4,0.0061068702290076335,3,0.00872093023255814,2,0.6666666666666666,6,6,1.0,0.0,1.0,1.0,9.0,263,Blocked;Independent,"Blocked(N7, N0 | N2, N4) || Independent(N7, N0 | N2, N4)"
7d69ee75cf3a4b40,4,4,0.0061068702290076335,3,0.00872093023255814,2,0.6666666666666666,6,6,1.0,0.0,1.0,1.0,9.0,268,Blocked;Independent,"Blocked(N5, N2 | N0, N3) || Independent(N5, N2 | N0, N3)"
4c349594125c1fba,4,5,0.007633587786259542,3,0.00872093023255814,2,0.6666666666666666,6,6,1.0,0.0,1.0,1.0,9.0,273,Blocked;Independent,"Blocked(N3, N1 | N0, N2) || Independent(N3, N1 | N0, N2)"
12390fd57337e62f,4,1,0.0015267175572519084,1,0.0029069767441860465,1,0.3333333333333333,6,6,1.0,0.0,1.0,1.0,8.0,267,Blocked,"Blocked(N1, N3 | N6, N7)"
a2cec13722a39abe,4,4,0.0061068702290076335,4,0.011627906976744186,2,0.6666666666666666,6,6,1.0,0.0,1.0,1.0,9.0,263,Blocked;Independent,"Blocked(N5, N1 | N0, N3) || Independent(N5, N1 | N0, N3)"
cd149fa6c822e99d,4,6,0.00916030534351145,4,0.011627906976744186,2,0.6666666666666666,6,6,1.0,0.0,1.0,1.0,9.0,267,Blocked;Independent,"Blocked(N1, N2 | N0, N3) || Independent(N1, N2 | N0, N3)"
915b412c1f0adc5a,4,1,0.0015267175572519084,1,0.0029069767441860465,1,0.3333333333333333,6,6,1.0,0.0,1.0,1.0,8.0,262,Blocked,"Blocked(N2, N7 | N8, N9)"
d2206a7fcb9d7d37,4,4,0.0061068702290076335,4,0.011627906976744186,1,0.3333333333333333,6,6,1.0,0.0,1.0,1.0,8.0,262,Blocked,"Blocked(N3, N2 | N0, N7)"
506e97a5722ffc94,4,3,0.004580152671755725,3,0.00872093023255814,2,0.6666666666666666,6,6,1.0,0.0,1.0,1.0,9.0,263,Blocked;Independent,"Blocked(N4, N5 | N0, N1) || Independent(N4, N5 | N0, N1)"
14768d8a33c3d561,4,5,0.007633587786259542,5,0.014534883720930232,1,0.3333333333333333,6,6,1.0,0.0,1.0,1.0,8.0,264,Independent,"Independent(N0, N1 | N2, N5)"
96a5aba50c5f70e1,4,3,0.004580152671755725,2,0.005813953488372093,2,0.6666666666666666,6,6,1.0,0.0,1.0,1.0,9.0,268,Blocked;Independent,"Blocked(N2, N3 | N0, N5) || Independent(N2, N3 | N0, N5)"
a5b33005011b043b,4,1,0.0015267175572519084,1,0.0029069767441860465,1,0.3333333333333333,6,6,1.0,0.0,1.0,1.0,8.0,262,Independent,"Independent(N3, N2 | N8, N9)"
f687aecbf086b494,4,1,0.0015267175572519084,1,0.0029069767441860465,1,0.3333333333333333,6,6,1.0,0.0,1.0,1.0,8.0,267,Blocked,"Blocked(N4, N8 | N5, N9)"
e351a23bcd7ff975,4,4,0.0061068702290076335,4,0.011627906976744186,2,0.6666666666666666,6,6,1.0,0.0,1.0,1.0,9.0,262,Blocked;Independent,"Blocked(N4, N3 | N1, N7) || Independent(N4, N3 | N1, N7)"
d51425bd4462ea8f,4,3,0.004580152671755725,3,0.00872093023255814,2,0.6666666666666666,6,6,1.0,0.0,1.0,1.0,9.0,264,Blocked;Independent,"Blocked(N5, N1 | N2, N3) || Independent(N5, N1 | N2, N3)"
ac784f2247469c29,4,4,0.0061068702290076335,3,0.00872093023255814,2,0.6666666666666666,6,6,1.0,0.0,1.0,1.0,9.0,267,Blocked;Independent,"Blocked(N2, N3 | N0, N5) || Independent(N2, N3 | N0, N5)"
974063240100bed5,4,1,0.0015267175572519084,1,0.0029069767441860465,1,0.3333333333333333,6,6,1.0,0.0,1.0,1.0,8.0,267,Blocked,"Blocked(N8, N0 | N6, N9)"
56ce9a322c8c8581,4,26,0.03969465648854962,16,0.046511627906976744,2,0.6666666666666666,6,6,1.0,0.0,1.0,1.0,9.0,263,Blocked;Independent,"Blocked(N3, N0 | N1, N2) || Independent(N3, N0 | N1, N2)"
89c7fe7f786d8596,4,4,0.0061068702290076335,2,0.005813953488372093,2,0.6666666666666666,6,6,1.0,0.0,1.0,1.0,9.0,277,Blocked;Independent,"Blocked(N0, N2 | N1, N3) || Independent(N0, N2 | N1, N3)"
284614a25d53c292,4,4,0.0061068702290076335,4,0.011627906976744186,2,0.6666666666666666,6,6,1.0,0.0,1.0,1.0,9.0,262,Blocked;Independent,"Blocked(N0, N5 | N1, N7) || Independent(N0, N5 | N1, N7)"
02efd57e740bd7b1,4,3,0.004580152671755725,3,0.00872093023255814,1,0.3333333333333333,6,6,1.0,0.0,1.0,1.0,8.0,263,Independent,"Independent(N2, N4 | N0, N1)"
e8c433795cf8f917,4,22,0.03358778625954199,21,0.061046511627906974,2,0.6666666666666666,6,6,1.0,0.0,1.0,1.0,9.0,262,Blocked;Independent,"Blocked(N1, N2 | N0, N5) || Independent(N1, N2 | N0, N5)"
4b381a4454dd08d7,4,8,0.012213740458015267,7,0.020348837209302327,2,0.6666666666666666,6,6,1.0,0.0,1.0,1.0,9.0,262,Blocked;Independent,"Blocked(N2, N4 | N0, N6) || Independent(N2, N4 | N0, N6)"
c2960f016992f0bf,4,5,0.007633587786259542,5,0.014534883720930232,2,0.6666666666666666,6,6,1.0,0.0,1.0,1.0,9.0,262,Blocked;Independent,"Blocked(N6, N4 | N2, N5) || Independent(N6, N4 | N2, N5)"
5574bb259e7d6faa,4,5,0.007633587786259542,5,0.014534883720930232,2,0.6666666666666666,6,6,1.0,0.0,1.0,1.0,9.0,262,Blocked;Independent,"Blocked(N6, N1 | N0, N4) || Independent(N6, N1 | N0, N4)"
e5eae0d6d80b2114,4,1,0.0015267175572519084,1,0.0029069767441860465,1,0.3333333333333333,6,6,1.0,0.0,1.0,1.0,8.0,262,Independent,"Independent(N6, N4 | N5, N9)"
966d6b9f1046ec6e,4,1,0.0015267175572519084,1,0.0029069767441860465,1,0.3333333333333333,6,6,1.0,0.0,1.0,1.0,8.0,267,Independent,"Independent(N1, N5 | N6, N8)"
77804add636fb6f9,4,1,0.0015267175572519084,1,0.0029069767441860465,1,0.3333333333333333,6,6,1.0,0.0,1.0,1.0,8.0,267,Blocked,"Blocked(N4, N2 | N6, N9)"
3886aba7eb376e39,4,12,0.0183206106870229,8,0.023255813953488372,2,0.6666666666666666,6,6,1.0,0.0,1.0,1.0,9.0,264,Blocked;Independent,"Blocked(N3, N2 | N0, N1) || Independent(N3, N2 | N0, N1)"
d34104a5be1c5b1c,4,4,0.0061068702290076335,4,0.011627906976744186,2,0.6666666666666666,6,6,1.0,0.0,1.0,1.0,9.0,262,Blocked;Independent,"Blocked(N5, N7 | N2, N4) || Independent(N5, N7 | N2, N4)"
f51b7ddac570de73,4,3,0.004580152671755725,3,0.00872093023255814,2,0.6666666666666666,6,6,1.0,0.0,1.0,1.0,9.0,267,Blocked;Independent,"Blocked(N3, N0 | N2, N5) || Independent(N3, N0 | N2, N5)"
0aceb0e555fd8aba,4,7,0.010687022900763359,7,0.020348837209302327,2,0.6666666666666666,6,6,1.0,0.0,1.0,1.0,9.0,264,Blocked;Independent,"Blocked(N1, N4 | N0, N5) || Independent(N1, N4 | N0, N5)"
be61605611accbac,4,3,0.004580152671755725,3,0.00872093023255814,1,0.3333333333333333,6,6,1.0,0.0,1.0,1.0,8.0,263,Blocked,"Blocked(N5, N4 | N1, N3)"
ab6e9ceff45c2f34,4,4,0.0061068702290076335,2,0.005813953488372093,2,0.6666666666666666,6,6,1.0,0.0,1.0,1.0,9.0,268,Blocked;Independent,"Blocked(N2, N0 | N1, N3) || Independent(N2, N0 | N1, N3)"
9a32c28e2aada16e,4,3,0.004580152671755725,3,0.00872093023255814,2,0.6666666666666666,6,6,1.0,0.0,1.0,1.0,9.0,264,Blocked;Independent,"Blocked(N1, N5 | N6, N7) || Independent(N1, N5 | N6, N7)"
03213f4810787e75,4,1,0.0015267175572519084,1,0.0029069767441860465,1,0.3333333333333333,6,6,1.0,0.0,1.0,1.0,8.0,267,Blocked,"Blocked(N2, N8 | N6, N7)"
a76fe5813018c3cd,4,3,0.004580152671755725,3,0.00872093023255814,2,0.6666666666666666,6,6,1.0,0.0,1.0,1.0,9.0,262,Blocked;Independent,"Blocked(N1, N5 | N0, N7) || Independent(N1, N5 | N0, N7)"
aa0e7ca7e246c0d3,4,3,0.004580152671755725,2,0.005813953488372093,2,0.6666666666666666,6,6,1.0,0.0,1.0,1.0,9.0,263,Blocked;Independent,"Blocked(N3, N4 | N0, N1) || Independent(N3, N4 | N0, N1)"
da1e02799802cf33,4,1,0.0015267175572519084,1,0.0029069767441860465,1,0.3333333333333333,6,6,1.0,0.0,1.0,1.0,8.0,272,Independent,"Independent(N6, N1 | N8, N9)"
d7b78aaf1f4b49d6,4,5,0.007633587786259542,4,0.011627906976744186,2,0.6666666666666666,6,6,1.0,0.0,1.0,1.0,9.0,263,Blocked;Independent,"Blocked(N4, N2 | N1, N5) || Independent(N4, N2 | N1, N5)"
f4221349b49a8dfb,4,1,0.0015267175572519084,1,0.0029069767441860465,1,0.3333333333333333,6,6,1.0,0.0,1.0,1.0,8.0,272,Independent,"Independent(N6, N0 | N8, N9)"
2b30e8910db2d7c7,4,5,0.007633587786259542,5,0.014534883720930232,2,0.6666666666666666,6,6,1.0,0.0,1.0,1.0,9.0,262,Blocked;Independent,"Blocked(N7, N1 | N0, N3) || Independent(N7, N1 | N0, N3)"
59fb16b65a217b90,4,4,0.0061068702290076335,4,0.011627906976744186,1,0.3333333333333333,6,6,1.0,0.0,1.0,1.0,8.0,263,Independent,"Independent(N2, N0 | N3, N4)"
bc8978fe4573838a,4,2,0.0030534351145038168,2,0.005813953488372093,1,0.3333333333333333,6,6,1.0,0.0,1.0,1.0,8.0,262,Independent,"Independent(N0, N6 | N7, N8)"
7a1b9cc61beea7d8,4,4,0.0061068702290076335,4,0.011627906976744186,2,0.6666666666666666,6,6,1.0,0.0,1.0,1.0,9.0,262,Blocked;Independent,"Blocked(N7, N3 | N1, N5) || Independent(N7, N3 | N1, N5)"
dd724041ba859e67,4,5,0.007633587786259542,4,0.011627906976744186,2,0.6666666666666666,6,6,1.0,0.0,1.0,1.0,9.0,263,Blocked;Independent,"Blocked(N2, N3 | N1, N5) || Independent(N2, N3 | N1, N5)"
0f21c431f1eb3585,4,3,0.004580152671755725,3,0.00872093023255814,2,0.6666666666666666,6,6,1.0,0.0,1.0,1.0,9.0,268,Blocked;Independent,"Blocked(N1, N5 | N2, N4) || Independent(N1, N5 | N2, N4)"
5e9f80b028d84037,4,15,0.022900763358778626,9,0.02616279069767442,2,0.6666666666666666,6,6,1.0,0.0,1.0,1.0,9.0,263,Blocked;Independent,"Blocked(N0, N2 | N1, N3) || Independent(N0, N2 | N1, N3)"
6ad599456688656c,4,1,0.0015267175572519084,1,0.0029069767441860465,1,0.3333333333333333,6,6,1.0,0.0,1.0,1.0,8.0,267,Blocked,"Blocked(N0, N9 | N5, N8)"
304b40f0883fb74b,4,4,0.0061068702290076335,4,0.011627906976744186,2,0.6666666666666666,6,6,1.0,0.0,1.0,1.0,9.0,267,Blocked;Independent,"Blocked(N3, N2 | N1, N5) || Independent(N3, N2 | N1, N5)"
ab466d24b9278d4b,4,3,0.004580152671755725,3,0.00872093023255814,2,0.6666666666666666,6,6,1.0,0.0,1.0,1.0,9.0,262,Blocked;Independent,"Blocked(N6, N1 | N0, N5) || Independent(N6, N1 | N0, N5)"
901c3869a468311c,4,4,0.0061068702290076335,3,0.00872093023255814,2,0.6666666666666666,6,6,1.0,0.0,1.0,1.0,9.0,262,Blocked;Independent,"Blocked(N3, N7 | N5, N6) || Independent(N3, N7 | N5, N6)"
3b0cabc6805a3e44,4,22,0.03358778625954199,21,0.061046511627906974,2,0.6666666666666666,6,6,1.0,0.0,1.0,1.0,9.0,262,Blocked;Independent,"Blocked(N5, N1 | N0, N4) || Independent(N5, N1 | N0, N4)"
a0fc8aa787e30712,4,6,0.00916030534351145,6,0.01744186046511628,2,0.6666666666666666,6,6,1.0,0.0,1.0,1.0,9.0,262,Blocked;Independent,"Blocked(N6, N1 | N2, N5) || Independent(N6, N1 | N2, N5)"
b0bb858c4a3d2d7b,4,1,0.0015267175572519084,1,0.0029069767441860465,1,0.3333333333333333,6,6,1.0,0.0,1.0,1.0,8.0,272,Blocked,"Blocked(N0, N6 | N5, N8)"
d8bf2b426fe6f8b6,4,5,0.007633587786259542,5,0.014534883720930232,2,0.6666666666666666,6,6,1.0,0.0,1.0,1.0,9.0,263,Blocked;Independent,"Blocked(N4, N1 | N0, N5) || Independent(N4, N1 | N0, N5)"
728f2bfd0c7f7933,4,1,0.0015267175572519084,1,0.0029069767441860465,1,0.3333333333333333,6,6,1.0,0.0,1.0,1.0,8.0,267,Blocked,"Blocked(N2, N4 | N6, N9)"
4665c4cee36cdb8c,4,3,0.004580152671755725,3,0.00872093023255814,2,0.6666666666666666,6,6,1.0,0.0,1.0,1.0,9.0,262,Blocked;Independent,"Blocked(N5, N2 | N1, N7) || Independent(N5, N2 | N1, N7)"
17c52a39ff03f9d7,5,4,0.0061068702290076335,4,0.011627906976744186,2,0.6666666666666666,6,6,1.0,0.0,1.0,1.0,9.0,262,Blocked;Independent,"Blocked(N6, N1 | N5, N9) || Independent(N6, N1 | N5, N9)"
31328c81640a9ae2,4,18,0.02748091603053435,16,0.046511627906976744,2,0.6666666666666666,6,6,1.0,0.0,1.0,1.0,9.0,262,Blocked;Independent,"Blocked(N1, N2 | N3, N5) || Independent(N1, N2 | N3, N5)"
3481e9544273aa42,4,8,0.012213740458015267,4,0.011627906976744186,2,0.6666666666666666,6,6,1.0,0.0,1.0,1.0,9.0,267,Blocked;Independent,"Blocked(N3, N1 | N0, N2) || Independent(N3, N1 | N0, N2)"
4a7cdaf8e06b42ea,4,2,0.0030534351145038168,2,0.005813953488372093,2,0.6666666666666666,6,6,1.0,0.0,1.0,1.0,9.0,267,Blocked;Independent,"Blocked(N0, N2 | N6, N7) || Independent(N0, N2 | N6, N7)"
ab2dffcf4411d172,4,15,0.022900763358778626,9,0.02616279069767442,2,0.6666666666666666,6,6,1.0,0.0,1.0,1.0,9.0,267,Blocked;Independent,"Blocked(N0, N2 | N1, N3) || Independent(N0, N2 | N1, N3)"
5c9705f8bc87cccc,4,3,0.004580152671755725,3,0.00872093023255814,1,0.3333333333333333,6,6,1.0,0.0,1.0,1.0,8.0,263,Independent,"Independent(N5, N2 | N0, N1)"
eb4eded334e3ce45,4,5,0.007633587786259542,4,0.011627906976744186,2,0.6666666666666666,6,6,1.0,0.0,1.0,1.0,9.0,263,Blocked;Independent,"Blocked(N1, N3 | N0, N5) || Independent(N1, N3 | N0, N5)"
0aadbae8256622e4,4,17,0.025954198473282442,14,0.040697674418604654,2,0.6666666666666666,6,6,1.0,0.0,1.0,1.0,9.0,262,Blocked;Independent,"Blocked(N0, N4 | N1, N3) || Independent(N0, N4 | N1, N3)"
b7bdf3fe5f0a4e91,4,1,0.0015267175572519084,1,0.0029069767441860465,1,0.3333333333333333,6,6,1.0,0.0,1.0,1.0,8.0,272,Independent,"Independent(N4, N2 | N5, N9)"
ed570ed77fd354c3,4,3,0.004580152671755725,3,0.00872093023255814,1,0.3333333333333333,6,6,1.0,0.0,1.0,1.0,8.0,262,Independent,"Independent(N3, N4 | N1, N6)"
5bf834bc4cc57452,4,5,0.007633587786259542,4,0.011627906976744186,2,0.6666666666666666,6,6,1.0,0.0,1.0,1.0,9.0,263,Blocked;Independent,"Blocked(N0, N5 | N2, N3) || Independent(N0, N5 | N2, N3)"
226de33e4fd3017f,4,3,0.004580152671755725,2,0.005813953488372093,2,0.6666666666666666,6,6,1.0,0.0,1.0,1.0,9.0,266,Blocked;Independent,"Blocked(N1, N2 | N0, N3) || Independent(N1, N2 | N0, N3)"
0707e04f0123626d,4,1,0.0015267175572519084,1,0.0029069767441860465,1,0.3333333333333333,6,6,1.0,0.0,1.0,1.0,8.0,267,Independent,"Independent(N8, N0 | N6, N7)"
4a7f48c3d51b87be,4,3,0.004580152671755725,3,0.00872093023255814,1,0.3333333333333333,6,6,1.0,0.0,1.0,1.0,8.0,263,Independent,"Independent(N1, N0 | N3, N5)"
5cbe2ac2d9cf7634,4,3,0.004580152671755725,3,0.00872093023255814,1,0.3333333333333333,6,6,1.0,0.0,1.0,1.0,8.0,264,Blocked,"Blocked(N7, N5 | N3, N4)"
2e9ae92894182069,4,5,0.007633587786259542,5,0.014534883720930232,2,0.6666666666666666,6,6,1.0,0.0,1.0,1.0,9.0,264,Blocked;Independent,"Blocked(N3, N0 | N1, N6) || Independent(N3, N0 | N1, N6)"
c456d80079174a72,4,3,0.004580152671755725,3,0.00872093023255814,2,0.6666666666666666,6,6,1.0,0.0,1.0,1.0,9.0,267,Blocked;Independent,"Blocked(N5, N2 | N3, N4) || Independent(N5, N2 | N3, N4)"
9e81d5a208820afc,4,5,0.007633587786259542,5,0.014534883720930232,1,0.3333333333333333,6,6,1.0,0.0,1.0,1.0,8.0,262,Independent,"Independent(N3, N7 | N0, N4)"
4288beac1b4c4b52,4,4,0.0061068702290076335,2,0.005813953488372093,2,0.6666666666666666,6,6,1.0,0.0,1.0,1.0,9.0,273,Blocked;Independent,"Blocked(N0, N2 | N1, N3) || Independent(N0, N2 | N1, N3)"
dbe12b046bb7772d,4,21,0.03206106870229008,19,0.055232558139534885,2,0.6666666666666666,6,6,1.0,0.0,1.0,1.0,9.0,262,Blocked;Independent,"Blocked(N3, N5 | N0, N4) || Independent(N3, N5 | N0, N4)"
b8096f76e0f96426,4,5,0.007633587786259542,5,0.014534883720930232,2,0.6666666666666666,6,6,1.0,0.0,1.0,1.0,9.0,263,Blocked;Independent,"Blocked(N5, N2 | N0, N4) || Independent(N5, N2 | N0, N4)"
d2f99e69d07a4f2f,4,3,0.004580152671755725,3,0.00872093023255814,2,0.6666666666666666,6,6,1.0,0.0,1.0,1.0,9.0,263,Blocked;Independent,"Blocked(N0, N2 | N3, N4) || Independent(N0, N2 | N3, N4)"
3b11e16ccdca7a16,4,3,0.004580152671755725,2,0.005813953488372093,2,0.6666666666666666,6,6,1.0,0.0,1.0,1.0,9.0,267,Blocked;Independent,"Blocked(N2, N3 | N1, N4) || Independent(N2, N3 | N1, N4)"
2e5aeb3419a623df,4,3,0.004580152671755725,3,0.00872093023255814,2,0.6666666666666666,6,6,1.0,0.0,1.0,1.0,9.0,262,Blocked;Independent,"Blocked(N7, N5 | N1, N4) || Independent(N7, N5 | N1, N4)"
7548e85de11b1e9b,4,3,0.004580152671755725,3,0.00872093023255814,2,0.6666666666666666,6,6,1.0,0.0,1.0,1.0,9.0,264,Blocked;Independent,"Blocked(N1, N5 | N3, N8) || Independent(N1, N5 | N3, N8)"
19b83aa60e78252f,4,3,0.004580152671755725,3,0.00872093023255814,2,0.6666666666666666,6,6,1.0,0.0,1.0,1.0,9.0,263,Blocked;Independent,"Blocked(N5, N0 | N1, N2) || Independent(N5, N0 | N1, N2)"
b2eb259f8c316f82,4,1,0.0015267175572519084,1,0.0029069767441860465,1,0.3333333333333333,6,6,1.0,0.0,1.0,1.0,8.0,262,Independent,"Independent(N9, N6 | N5, N7)"
44403257c919d1c7,4,1,0.0015267175572519084,1,0.0029069767441860465,1,0.3333333333333333,6,6,1.0,0.0,1.0,1.0,8.0,262,Blocked,"Blocked(N7, N4 | N5, N9)"
485e120c587fbe08,4,3,0.004580152671755725,3,0.00872093023255814,2,0.6666666666666666,6,6,1.0,0.0,1.0,1.0,9.0,263,Blocked;Independent,"Blocked(N5, N0 | N1, N4) || Independent(N5, N0 | N1, N4)"
caba677d23cb83ab,5,3,0.004580152671755725,3,0.00872093023255814,2,0.6666666666666666,6,6,1.0,0.0,1.0,1.0,9.0,262,Blocked;Independent,"Blocked(N4, N5 | N7, N9) || Independent(N4, N5 | N7, N9)"
fe70cc032fdca0f0,4,7,0.010687022900763359,4,0.011627906976744186,2,0.6666666666666666,6,6,1.0,0.0,1.0,1.0,9.0,267,Blocked;Independent,"Blocked(N0, N2 | N1, N3) || Independent(N0, N2 | N1, N3)"
f971db5b08c10fb0,4,3,0.004580152671755725,3,0.00872093023255814,2,0.6666666666666666,6,6,1.0,0.0,1.0,1.0,9.0,263,Blocked;Independent,"Blocked(N2, N0 | N3, N5) || Independent(N2, N0 | N3, N5)"
9a977462fa56e044,4,4,0.0061068702290076335,4,0.011627906976744186,2,0.6666666666666666,6,6,1.0,0.0,1.0,1.0,9.0,262,Blocked;Independent,"Blocked(N0, N7 | N4, N5) || Independent(N0, N7 | N4, N5)"
b7fccdf4b0673110,4,1,0.0015267175572519084,1,0.0029069767441860465,1,0.3333333333333333,6,6,1.0,0.0,1.0,1.0,8.0,262,Blocked,"Blocked(N8, N0 | N6, N9)"
9a187937fef1258f,4,7,0.010687022900763359,7,0.020348837209302327,2,0.6666666666666666,6,6,1.0,0.0,1.0,1.0,9.0,262,Blocked;Independent,"Blocked(N7, N0 | N2, N6) || Independent(N7, N0 | N2, N6)"
8f649e0650c78645,4,3,0.004580152671755725,3,0.00872093023255814,2,0.6666666666666666,6,6,1.0,0.0,1.0,1.0,9.0,262,Blocked;Independent,"Blocked(N0, N1 | N5, N7) || Independent(N0, N1 | N5, N7)"
ae7945b143d67aff,4,11,0.016793893129770993,11,0.03197674418604651,2,0.6666666666666666,6,6,1.0,0.0,1.0,1.0,9.0,262,Blocked;Independent,"Blocked(N4, N0 | N5, N7) || Independent(N4, N0 | N5, N7)"
22124bfb94eec249,4,3,0.004580152671755725,3,0.00872093023255814,2,0.6666666666666666,6,6,1.0,0.0,1.0,1.0,9.0,262,Blocked;Independent,"Blocked(N6, N5 | N3, N4) || Independent(N6, N5 | N3, N4)"
dce74797f70eccc5,4,4,0.0061068702290076335,4,0.011627906976744186,2,0.6666666666666666,6,6,1.0,0.0,1.0,1.0,9.0,262,Blocked;Independent,"Blocked(N3, N0 | N1, N7) || Independent(N3, N0 | N1, N7)"
bff4f31e643ba655,4,1,0.0015267175572519084,1,0.0029069767441860465,1,0.3333333333333333,6,6,1.0,0.0,1.0,1.0,8.0,262,Blocked,"Blocked(N1, N9 | N7, N8)"
5e71cd74f4f3cee8,4,1,0.0015267175572519084,1,0.0029069767441860465,1,0.3333333333333333,6,6,1.0,0.0,1.0,1.0,8.0,271,Independent,"Independent(N4, N0 | N6, N7)"
693848cfd627416c,4,109,0.166412213740458,62,0.18023255813953487,2,0.6666666666666666,6,6,1.0,0.0,1.0,1.0,9.0,262,Blocked;Independent,"Blocked(N1, N0 | N2, N3) || Independent(N1, N0 | N2, N3)"
5c8a26ba4c00846a,4,1,0.0015267175572519084,1,0.0029069767441860465,1,0.3333333333333333,6,6,1.0,0.0,1.0,1.0,8.0,262,Blocked,"Blocked(N2, N3 | N5, N8)"
406c53305a0dc7d6,4,5,0.007633587786259542,4,0.011627906976744186,2,0.6666666666666666,6,6,1.0,0.0,1.0,1.0,9.0,264,Blocked;Independent,"Blocked(N5, N2 | N0, N1) || Independent(N5, N2 | N0, N1)"
e962475fc256fcab,4,3,0.004580152671755725,3,0.00872093023255814,2,0.6666666666666666,6,6,1.0,0.0,1.0,1.0,9.0,263,Blocked;Independent,"Blocked(N0, N6 | N1, N3) || Independent(N0, N6 | N1, N3)"
d3a929300f7d5678,4,5,0.007633587786259542,5,0.014534883720930232,2,0.6666666666666666,6,6,1.0,0.0,1.0,1.0,9.0,262,Blocked;Independent,"Blocked(N6, N2 | N4, N5) || Independent(N6, N2 | N4, N5)"
24d8582b268b1690,4,20,0.030534351145038167,18,0.05232558139534884,2,0.6666666666666666,6,6,1.0,0.0,1.0,1.0,9.0,262,Blocked;Independent,"Blocked(N4, N0 | N1, N3) || Independent(N4, N0 | N1, N3)"
ab1a7454ea65467f,4,5,0.007633587786259542,5,0.014534883720930232,2,0.6666666666666666,6,6,1.0,0.0,1.0,1.0,9.0,264,Blocked;Independent,"Blocked(N0, N5 | N1, N2) || Independent(N0, N5 | N1, N2)"
50200360d97eb7f1,4,3,0.004580152671755725,2,0.005813953488372093,2,0.6666666666666666,6,6,1.0,0.0,1.0,1.0,9.0,273,Blocked;Independent,"Blocked(N3, N4 | N0, N1) || Independent(N3, N4 | N0, N1)"
db59842505445f85,4,2,0.0030534351145038168,2,0.005813953488372093,1,0.3333333333333333,6,6,1.0,0.0,1.0,1.0,8.0,262,Blocked,"Blocked(N7, N3 | N6, N9)"
5dbff21dbcccca93,4,4,0.0061068702290076335,4,0.011627906976744186,2,0.6666666666666666,6,6,1.0,0.0,1.0,1.0,9.0,262,Blocked;Independent,"Blocked(N5, N2 | N3, N6) || Independent(N5, N2 | N3, N6)"
7c27a7c51836b333,4,3,0.004580152671755725,2,0.005813953488372093,2,0.6666666666666666,6,6,1.0,0.0,1.0,1.0,9.0,269,Blocked;Independent,"Blocked(N1, N0 | N3, N5) || Independent(N1, N0 | N3, N5)"
f7147330555d609c,4,3,0.004580152671755725,3,0.00872093023255814,2,0.6666666666666666,6,6,1.0,0.0,1.0,1.0,9.0,262,Blocked;Independent,"Blocked(N3, N7 | N2, N5) || Independent(N3, N7 | N2, N5)"
1e64360f971d19b8,4,3,0.004580152671755725,3,0.00872093023255814,2,0.6666666666666666,6,6,1.0,0.0,1.0,1.0,9.0,267,Blocked;Independent,"Blocked(N1, N4 | N2, N3) || Independent(N1, N4 | N2, N3)"
93f3b33a224a99f3,4,3,0.004580152671755725,3,0.00872093023255814,1,0.3333333333333333,6,6,1.0,0.0,1.0,1.0,8.0,263,Independent,"Independent(N3, N2 | N4, N6)"
c428019d98923093,4,3,0.004580152671755725,3,0.00872093023255814,1,0.3333333333333333,6,6,1.0,0.0,1.0,1.0,8.0,264,Independent,"Independent(N6, N7 | N1, N4)"
56eb2cf125102cc3,4,1,0.0015267175572519084,1,0.0029069767441860465,1,0.3333333333333333,6,6,1.0,0.0,1.0,1.0,8.0,262,Independent,"Independent(N5, N7 | N6, N9)"
4f713947f42008dd,4,23,0.035114503816793895,22,0.06395348837209303,2,0.6666666666666666,6,6,1.0,0.0,1.0,1.0,9.0,262,Blocked;Independent,"Blocked(N0, N3 | N2, N5) || Independent(N0, N3 | N2, N5)"
e4e5b30814a20c2e,4,1,0.0015267175572519084,1,0.0029069767441860465,1,0.3333333333333333,6,6,1.0,0.0,1.0,1.0,8.0,262,Blocked,"Blocked(N2, N9 | N7, N8)"
435abfcbeac48391,4,4,0.0061068702290076335,4,0.011627906976744186,2,0.6666666666666666,6,6,1.0,0.0,1.0,1.0,9.0,264,Blocked;Independent,"Blocked(N1, N4 | N0, N2) || Independent(N1, N4 | N0, N2)"
51df0f39c406f997,4,4,0.0061068702290076335,2,0.005813953488372093,2,0.6666666666666666,6,6,1.0,0.0,1.0,1.0,9.0,272,Blocked;Independent,"Blocked(N3, N1 | N0, N2) || Independent(N3, N1 | N0, N2)"
80b59ed44482d8a7,4,4,0.0061068702290076335,4,0.011627906976744186,1,0.3333333333333333,6,6,1.0,0.0,1.0,1.0,8.0,263,Blocked,"Blocked(N1, N2 | N3, N4)"
ec52ccf473df8730,4,4,0.0061068702290076335,3,0.00872093023255814,2,0.6666666666666666,6,6,1.0,0.0,1.0,1.0,9.0,267,Blocked;Independent,"Blocked(N3, N2 | N1, N5) || Independent(N3, N2 | N1, N5)"
7cccac5836fb99d4,4,3,0.004580152671755725,2,0.005813953488372093,2,0.6666666666666666,6,6,1.0,0.0,1.0,1.0,9.0,273,Blocked;Independent,"Blocked(N4, N3 | N2, N5) || Independent(N4, N3 | N2, N5)"
ca653b9577b057b1,4,4,0.0061068702290076335,4,0.011627906976744186,2,0.6666666666666666,6,6,1.0,0.0,1.0,1.0,9.0,262,Blocked;Independent,"Blocked(N1, N7 | N0, N6) || Independent(N1, N7 | N0, N6)"
25425b13a3995f5a,4,3,0.004580152671755725,3,0.00872093023255814,2,0.6666666666666666,6,6,1.0,0.0,1.0,1.0,9.0,262,Blocked;Independent,"Blocked(N1, N5 | N0, N6) || Independent(N1, N5 | N0, N6)"
56052bc657b942c4,4,5,0.007633587786259542,4,0.011627906976744186,2,0.6666666666666666,6,6,1.0,0.0,1.0,1.0,9.0,262,Blocked;Independent,"Blocked(N3, N4 | N5, N6) || Independent(N3, N4 | N5, N6)"
d738bffe6ebbb1a2,4,3,0.004580152671755725,3,0.00872093023255814,2,0.6666666666666666,6,6,1.0,0.0,1.0,1.0,9.0,262,Blocked;Independent,"Blocked(N2, N7 | N3, N5) || Independent(N2, N7 | N3, N5)"
95fbb4d6cd403c3f,4,3,0.004580152671755725,3,0.00872093023255814,2,0.6666666666666666,6,6,1.0,0.0,1.0,1.0,9.0,263,Blocked;Independent,"Blocked(N9, N2 | N4, N5) || Independent(N9, N2 | N4, N5)"
d9ea3429393f119a,4,5,0.007633587786259542,5,0.014534883720930232,2,0.6666666666666666,6,6,1.0,0.0,1.0,1.0,9.0,267,Blocked;Independent,"Blocked(N2, N4 | N1, N5) || Independent(N2, N4 | N1, N5)"
8136f68e04c9c3e0,4,4,0.0061068702290076335,4,0.011627906976744186,1,0.3333333333333333,6,6,1.0,0.0,1.0,1.0,8.0,264,Blocked,"Blocked(N0, N1 | N4, N5)"
22205f76ed27ac7a,4,3,0.004580152671755725,2,0.005813953488372093,2,0.6666666666666666,6,6,1.0,0.0,1.0,1.0,9.0,283,Blocked;Independent,"Blocked(N5, N3 | N2, N4) || Independent(N5, N3 | N2, N4)"
e507d07cd35a435b,4,1,0.0015267175572519084,1,0.0029069767441860465,1,0.3333333333333333,6,6,1.0,0.0,1.0,1.0,8.0,267,Blocked,"Blocked(N4, N3 | N6, N7)"
73c89fd6ceec0a87,4,3,0.004580152671755725,3,0.00872093023255814,2,0.6666666666666666,6,6,1.0,0.0,1.0,1.0,9.0,267,Blocked;Independent,"Blocked(N5, N0 | N2, N3) || Independent(N5, N0 | N2, N3)"
57ae2db9b629c300,4,1,0.0015267175572519084,1,0.0029069767441860465,1,0.3333333333333333,6,6,1.0,0.0,1.0,1.0,8.0,267,Independent,"Independent(N6, N1 | N8, N9)"
158dc3431971c611,4,3,0.004580152671755725,2,0.005813953488372093,2,0.6666666666666666,6,6,1.0,0.0,1.0,1.0,9.0,272,Blocked;Independent,"Blocked(N3, N1 | N0, N2) || Independent(N3, N1 | N0, N2)"
e9f425ad3817ed36,4,1,0.0015267175572519084,1,0.0029069767441860465,1,0.3333333333333333,6,6,1.0,0.0,1.0,1.0,8.0,272,Independent,"Independent(N3, N1 | N6, N9)"
8d5c8d5d2d263369,4,5,0.007633587786259542,4,0.011627906976744186,2,0.6666666666666666,6,6,1.0,0.0,1.0,1.0,9.0,263,Blocked;Independent,"Blocked(N4, N1 | N0, N3) || Independent(N4, N1 | N0, N3)"
9a329ea24065d3c7,4,3,0.004580152671755725,3,0.00872093023255814,1,0.3333333333333333,6,6,1.0,0.0,1.0,1.0,8.0,267,Independent,"Independent(N4, N3 | N1, N5)"
f0fde32cad2b1c30,4,4,0.0061068702290076335,4,0.011627906976744186,2,0.6666666666666666,6,6,1.0,0.0,1.0,1.0,9.0,262,Blocked;Independent,"Blocked(N5, N6 | N3, N7) || Independent(N5, N6 | N3, N7)"
ab72257a3b7f8950,4,1,0.0015267175572519084,1,0.0029069767441860465,1,0.3333333333333333,6,6,1.0,0.0,1.0,1.0,8.0,262,Blocked,"Blocked(N1, N3 | N8, N9)"
f2649abe8faf2c1a,4,8,0.012213740458015267,4,0.011627906976744186,2,0.6666666666666666,6,6,1.0,0.0,1.0,1.0,9.0,268,Blocked;Independent,"Blocked(N2, N3 | N0, N1) || Independent(N2, N3 | N0, N1)"
91dba2c0ea2c9023,4,4,0.0061068702290076335,4,0.011627906976744186,2,0.6666666666666666,6,6,1.0,0.0,1.0,1.0,9.0,269,Blocked;Independent,"Blocked(N5, N1 | N2, N4) || Independent(N5, N1 | N2, N4)"
048fae0729263946,4,4,0.0061068702290076335,4,0.011627906976744186,2,0.6666666666666666,6,6,1.0,0.0,1.0,1.0,9.0,262,Blocked;Independent,"Blocked(N0, N6 | N3, N5) || Independent(N0, N6 | N3, N5)"
ad2271a7d6c57004,4,3,0.004580152671755725,3,0.00872093023255814,1,0.3333333333333333,6,6,1.0,0.0,1.0,1.0,8.0,267,Blocked,"Blocked(N3, N5 | N1, N4)"
20afc2e1005652db,4,5,0.007633587786259542,5,0.014534883720930232,1,0.3333333333333333,6,6,1.0,0.0,1.0,1.0,8.0,264,Independent,"Independent(N5, N1 | N3, N4)"
a9b4cd5f31936dbd,4,15,0.022900763358778626,14,0.040697674418604654,2,0.6666666666666666,6,6,1.0,0.0,1.0,1.0,9.0,262,Blocked;Independent,"Blocked(N0, N3 | N1, N5) || Independent(N0, N3 | N1, N5)"
484924d4b2206f4c,4,4,0.0061068702290076335,4,0.011627906976744186,2,0.6666666666666666,6,6,1.0,0.0,1.0,1.0,9.0,264,Blocked;Independent,"Blocked(N4, N2 | N1, N7) || Independent(N4, N2 | N1, N7)"
07136900e378c76f,4,1,0.0015267175572519084,1,0.0029069767441860465,1,0.3333333333333333,6,6,1.0,0.0,1.0,1.0,8.0,267,Independent,"Independent(N2, N1 | N6, N9)"
79733600c5b73e04,4,3,0.004580152671755725,3,0.00872093023255814,2,0.6666666666666666,6,6,1.0,0.0,1.0,1.0,9.0,264,Blocked;Independent,"Blocked(N3, N0 | N2, N6) || Independent(N3, N0 | N2, N6)"
c5ac0259da776f52,4,4,0.0061068702290076335,4,0.011627906976744186,1,0.3333333333333333,6,6,1.0,0.0,1.0,1.0,8.0,267,Independent,"Independent(N1, N4 | N3, N5)"
a8dbbd856131186c,4,3,0.004580152671755725,3,0.00872093023255814,2,0.6666666666666666,6,6,1.0,0.0,1.0,1.0,9.0,262,Blocked;Independent,"Blocked(N2, N7 | N1, N4) || Independent(N2, N7 | N1, N4)"
774df3f72f10f626,4,18,0.02748091603053435,15,0.0436046511627907,2,0.6666666666666666,6,6,1.0,0.0,1.0,1.0,9.0,262,Blocked;Independent,"Blocked(N2, N5 | N1, N4) || Independent(N2, N5 | N1, N4)"
61c86dfff4ec331d,4,21,0.03206106870229008,19,0.055232558139534885,2,0.6666666666666666,6,6,1.0,0.0,1.0,1.0,9.0,262,Blocked;Independent,"Blocked(N4, N2 | N3, N5) || Independent(N4, N2 | N3, N5)"
1e0f0cdb0e1ecfe0,4,25,0.03816793893129771,24,0.06976744186046512,2,0.6666666666666666,6,6,1.0,0.0,1.0,1.0,9.0,262,Blocked;Independent,"Blocked(N2, N1 | N0, N4) || Independent(N2, N1 | N0, N4)"
3ac4521d23a63388,4,3,0.004580152671755725,3,0.00872093023255814,2,0.6666666666666666,6,6,1.0,0.0,1.0,1.0,9.0,264,Blocked;Independent,"Blocked(N1, N7 | N4, N5) || Independent(N1, N7 | N4, N5)"
360cf740fc5f7804,4,3,0.004580152671755725,3,0.00872093023255814,2,0.6666666666666666,6,6,1.0,0.0,1.0,1.0,9.0,263,Blocked;Independent,"Blocked(N6, N4 | N3, N7) || Independent(N6, N4 | N3, N7)"
1d01b02fdb8c0bc5,4,5,0.007633587786259542,3,0.00872093023255814,2,0.6666666666666666,6,6,1.0,0.0,1.0,1.0,9.0,282,Blocked;Independent,"Blocked(N3, N0 | N1, N2) || Independent(N3, N0 | N1, N2)"
08d6c382d5252101,4,4,0.0061068702290076335,3,0.00872093023255814,2,0.6666666666666666,6,6,1.0,0.0,1.0,1.0,9.0,269,Blocked;Independent,"Blocked(N4, N2 | N0, N3) || Independent(N4, N2 | N0, N3)"
11fedf3541c3eda9,4,1,0.0015267175572519084,1,0.0029069767441860465,1,0.3333333333333333,6,6,1.0,0.0,1.0,1.0,8.0,267,Blocked,"Blocked(N1, N5 | N7, N9)"
00c8208034ac0445,4,19,0.02900763358778626,18,0.05232558139534884,2,0.6666666666666666,6,6,1.0,0.0,1.0,1.0,9.0,262,Blocked;Independent,"Blocked(N0, N1 | N3, N4) || Independent(N0, N1 | N3, N4)"
380333934065f2ef,4,4,0.0061068702290076335,3,0.00872093023255814,2,0.6666666666666666,6,6,1.0,0.0,1.0,1.0,9.0,267,Blocked;Independent,"Blocked(N2, N5 | N0, N3) || Independent(N2, N5 | N0, N3)"
6ff2c693fab18fef,4,1,0.0015267175572519084,1,0.0029069767441860465,1,0.3333333333333333,6,6,1.0,0.0,1.0,1.0,8.0,262,Blocked,"Blocked(N0, N2 | N7, N8)"
644a6322daa81d44,4,17,0.025954198473282442,17,0.04941860465116279,2,0.6666666666666666,6,6,1.0,0.0,1.0,1.0,9.0,262,Blocked;Independent,"Blocked(N0, N5 | N2, N4) || Independent(N0, N5 | N2, N4)"
e097383c4efff14f,4,3,0.004580152671755725,2,0.005813953488372093,2,0.6666666666666666,6,6,1.0,0.0,1.0,1.0,9.0,267,Blocked;Independent,"Blocked(N0, N4 | N3, N5) || Independent(N0, N4 | N3, N5)"
88b1158cf28ec8ca,4,4,0.0061068702290076335,3,0.00872093023255814,2,0.6666666666666666,6,6,1.0,0.0,1.0,1.0,9.0,272,Blocked;Independent,"Blocked(N0, N1 | N2, N3) || Independent(N0, N1 | N2, N3)"
c4f564d1ee7e69a2,4,1,0.0015267175572519084,1,0.0029069767441860465,1,0.3333333333333333,6,6,1.0,0.0,1.0,1.0,8.0,267,Blocked,"Blocked(N0, N4 | N6, N8)"
785193cc9bed42cd,4,4,0.0061068702290076335,4,0.011627906976744186,2,0.6666666666666666,6,6,1.0,0.0,1.0,1.0,9.0,264,Blocked;Independent,"Blocked(N4, N5 | N1, N3) || Independent(N4, N5 | N1, N3)"
250755e361441b4c,4,3,0.004580152671755725,3,0.00872093023255814,1,0.3333333333333333,6,6,1.0,0.0,1.0,1.0,8.0,267,Independent,"Independent(N4, N5 | N0, N1)"
47a2d1a9dacab9a4,4,7,0.010687022900763359,7,0.020348837209302327,2,0.6666666666666666,6,6,1.0,0.0,1.0,1.0,9.0,264,Blocked;Independent,"Blocked(N5, N3 | N0, N2) || Independent(N5, N3 | N0, N2)"
0f856336b13881d2,4,5,0.007633587786259542,4,0.011627906976744186,2,0.6666666666666666,6,6,1.0,0.0,1.0,1.0,9.0,267,Blocked;Independent,"Blocked(N3, N4 | N0, N5) || Independent(N3, N4 | N0, N5)"
2c1929639b7dd7cf,4,4,0.0061068702290076335,3,0.00872093023255814,2,0.6666666666666666,6,6,1.0,0.0,1.0,1.0,9.0,264,Blocked;Independent,"Blocked(N3, N4 | N2, N5) || Independent(N3, N4 | N2, N5)"
d4d15a6508254b1d,4,3,0.004580152671755725,3,0.00872093023255814,2,0.6666666666666666,6,6,1.0,0.0,1.0,1.0,9.0,263,Blocked;Independent,"Blocked(N3, N6 | N0, N2) || Independent(N3, N6 | N0, N2)"
926fc094ea412a71,4,17,0.025954198473282442,16,0.046511627906976744,2,0.6666666666666666,6,6,1.0,0.0,1.0,1.0,9.0,262,Blocked;Independent,"Blocked(N3, N4 | N2, N5) || Independent(N3, N4 | N2, N5)"
fe2ab4a84034508f,4,4,0.0061068702290076335,3,0.00872093023255814,2,0.6666666666666666,6,6,1.0,0.0,1.0,1.0,9.0,262,Blocked;Independent,"Blocked(N1, N6 | N5, N7) || Independent(N1, N6 | N5, N7)"
067619a25b5861a1,4,18,0.02748091603053435,16,0.046511627906976744,2,0.6666666666666666,6,6,1.0,0.0,1.0,1.0,9.0,262,Blocked;Independent,"Blocked(N4, N2 | N0, N1) || Independent(N4, N2 | N0, N1)"
486e9a7fd03730af,4,3,0.004580152671755725,3,0.00872093023255814,2,0.6666666666666666,6,6,1.0,0.0,1.0,1.0,9.0,267,Blocked;Independent,"Blocked(N5, N3 | N0, N1) || Independent(N5, N3 | N0, N1)"
5e92b03cdc739a48,4,3,0.004580152671755725,3,0.00872093023255814,2,0.6666666666666666,6,6,1.0,0.0,1.0,1.0,9.0,267,Blocked;Independent,"Blocked(N4, N5 | N2, N3) || Independent(N4, N5 | N2, N3)"
2d15363a2dee3518,4,4,0.0061068702290076335,4,0.011627906976744186,2,0.6666666666666666,6,6,1.0,0.0,1.0,1.0,9.0,262,Blocked;Independent,"Blocked(N7, N3 | N0, N6) || Independent(N7, N3 | N0, N6)"
d24ffa51a2fbf607,4,19,0.02900763358778626,10,0.029069767441860465,2,0.6666666666666666,6,6,1.0,0.0,1.0,1.0,9.0,267,Blocked;Independent,"Blocked(N1, N0 | N2, N3) || Independent(N1, N0 | N2, N3)"
1672a487866f9b9f,4,4,0.0061068702290076335,4,0.011627906976744186,2,0.6666666666666666,6,6,1.0,0.0,1.0,1.0,9.0,267,Blocked;Independent,"Blocked(N4, N5 | N1, N3) || Independent(N4, N5 | N1, N3)"
8774ae22acf2f982,4,3,0.004580152671755725,3,0.00872093023255814,2,0.6666666666666666,6,6,1.0,0.0,1.0,1.0,9.0,269,Blocked;Independent,"Blocked(N5, N0 | N3, N6) || Independent(N5, N0 | N3, N6)"
a5e06b9c12143d76,4,13,0.01984732824427481,12,0.03488372093023256,2,0.6666666666666666,6,6,1.0,0.0,1.0,1.0,9.0,262,Blocked;Independent,"Blocked(N4, N1 | N2, N3) || Independent(N4, N1 | N2, N3)"
661acdd0a355744c,4,4,0.0061068702290076335,2,0.005813953488372093,2,0.6666666666666666,6,6,1.0,0.0,1.0,1.0,9.0,271,Blocked;Independent,"Blocked(N2, N1 | N0, N3) || Independent(N2, N1 | N0, N3)"
afde12d1b6fd4388,4,3,0.004580152671755725,3,0.00872093023255814,1,0.3333333333333333,6,6,1.0,0.0,1.0,1.0,8.0,263,Independent,"Independent(N4, N5 | N6, N7)"
da860a0157deea87,4,14,0.021374045801526718,14,0.040697674418604654,2,0.6666666666666666,6,6,1.0,0.0,1.0,1.0,9.0,262,Blocked;Independent,"Blocked(N2, N4 | N3, N5) || Independent(N2, N4 | N3, N5)"
d4a5a0c093c26a3a,4,12,0.0183206106870229,7,0.020348837209302327,2,0.6666666666666666,6,6,1.0,0.0,1.0,1.0,9.0,267,Blocked;Independent,"Blocked(N2, N3 | N0, N1) || Independent(N2, N3 | N0, N1)"
59241d0e7c04e0e4,4,3,0.004580152671755725,3,0.00872093023255814,2,0.6666666666666666,6,6,1.0,0.0,1.0,1.0,9.0,263,Blocked;Independent,"Blocked(N3, N5 | N1, N2) || Independent(N3, N5 | N1, N2)"
95dc4b4bafa7581f,4,3,0.004580152671755725,3,0.00872093023255814,2,0.6666666666666666,6,6,1.0,0.0,1.0,1.0,9.0,264,Blocked;Independent,"Blocked(N2, N1 | N3, N5) || Independent(N2, N1 | N3, N5)"
57f8db85fa7d7936,4,3,0.004580152671755725,3,0.00872093023255814,2,0.6666666666666666,6,6,1.0,0.0,1.0,1.0,9.0,262,Blocked;Independent,"Blocked(N0, N1 | N4, N7) || Independent(N0, N1 | N4, N7)"
70f9626e76771736,4,3,0.004580152671755725,3,0.00872093023255814,2,0.6666666666666666,6,6,1.0,0.0,1.0,1.0,9.0,262,Blocked;Independent,"Blocked(N2, N7 | N4, N6) || Independent(N2, N7 | N4, N6)"
710e07c1c9baf107,4,3,0.004580152671755725,3,0.00872093023255814,2,0.6666666666666666,6,6,1.0,0.0,1.0,1.0,9.0,264,Blocked;Independent,"Blocked(N0, N3 | N2, N4) || Independent(N0, N3 | N2, N4)"
fda35766698a815b,4,3,0.004580152671755725,3,0.00872093023255814,2,0.6666666666666666,6,6,1.0,0.0,1.0,1.0,9.0,262,Blocked;Independent,"Blocked(N2, N5 | N4, N6) || Independent(N2, N5 | N4, N6)"
99b5551dfeb58e86,4,3,0.004580152671755725,3,0.00872093023255814,2,0.6666666666666666,6,6,1.0,0.0,1.0,1.0,9.0,264,Blocked;Independent,"Blocked(N7, N2 | N1, N5) || Independent(N7, N2 | N1, N5)"
44e69ca05efc2ede,4,3,0.004580152671755725,3,0.00872093023255814,2,0.6666666666666666,6,6,1.0,0.0,1.0,1.0,9.0,263,Blocked;Independent,"Blocked(N4, N0 | N1, N3) || Independent(N4, N0 | N1, N3)"
d1f0f8fec2603223,4,3,0.004580152671755725,3,0.00872093023255814,2,0.6666666666666666,6,6,1.0,0.0,1.0,1.0,9.0,263,Blocked;Independent,"Blocked(N5, N7 | N0, N4) || Independent(N5, N7 | N0, N4)"
754b1d36e6978a5c,4,3,0.004580152671755725,3,0.00872093023255814,2,0.6666666666666666,6,6,1.0,0.0,1.0,1.0,9.0,263,Blocked;Independent,"Blocked(N0, N5 | N3, N4) || Independent(N0, N5 | N3, N4)"
04de4625cdc0068d,4,1,0.0015267175572519084,1,0.0029069767441860465,1,0.3333333333333333,6,6,1.0,0.0,1.0,1.0,8.0,272,Independent,"Independent(N5, N0 | N6, N7)"
4328f26ab2f4ba01,4,3,0.004580152671755725,2,0.005813953488372093,2,0.6666666666666666,6,6,1.0,0.0,1.0,1.0,9.0,267,Blocked;Independent,"Blocked(N3, N1 | N0, N5) || Independent(N3, N1 | N0, N5)"
8eb2aa1e795e8d95,4,3,0.004580152671755725,3,0.00872093023255814,2,0.6666666666666666,6,6,1.0,0.0,1.0,1.0,9.0,262,Blocked;Independent,"Blocked(N7, N2 | N1, N6) || Independent(N7, N2 | N1, N6)"
e20c3f5c5de87018,4,4,0.0061068702290076335,4,0.011627906976744186,2,0.6666666666666666,6,6,1.0,0.0,1.0,1.0,9.0,262,Blocked;Independent,"Blocked(N5, N6 | N0, N3) || Independent(N5, N6 | N0, N3)"
c6ab094c836b80d7,4,4,0.0061068702290076335,3,0.00872093023255814,2,0.6666666666666666,6,6,1.0,0.0,1.0,1.0,9.0,264,Blocked;Independent,"Blocked(N3, N1 | N2, N5) || Independent(N3, N1 | N2, N5)"
2e9608985596bd5e,4,32,0.04885496183206107,18,0.05232558139534884,2,0.6666666666666666,6,6,1.0,0.0,1.0,1.0,9.0,263,Blocked;Independent,"Blocked(N0, N2 | N1, N3) || Independent(N0, N2 | N1, N3)"
b4fc709ce20eb276,5,3,0.004580152671755725,3,0.00872093023255814,2,0.6666666666666666,6,6,1.0,0.0,1.0,1.0,9.0,262,Blocked;Independent,"Blocked(N7, N0 | N6, N9) || Independent(N7, N0 | N6, N9)"
42217e5d7e839258,4,20,0.030534351145038167,17,0.04941860465116279,2,0.6666666666666666,6,6,1.0,0.0,1.0,1.0,9.0,262,Blocked;Independent,"Blocked(N2, N3 | N4, N5) || Independent(N2, N3 | N4, N5)"
3ed5ff48f2481028,4,1,0.0015267175572519084,1,0.0029069767441860465,1,0.3333333333333333,6,6,1.0,0.0,1.0,1.0,8.0,262,Blocked,"Blocked(N2, N6 | N7, N9)"
4e8f895e3eda2915,4,18,0.02748091603053435,18,0.05232558139534884,2,0.6666666666666666,6,6,1.0,0.0,1.0,1.0,9.0,262,Blocked;Independent,"Blocked(N0, N1 | N2, N5) || Independent(N0, N1 | N2, N5)"
d40397e480062b75,4,1,0.0015267175572519084,1,0.0029069767441860465,1,0.3333333333333333,6,6,1.0,0.0,1.0,1.0,8.0,262,Independent,"Independent(N2, N5 | N6, N7)"
32481ae7237f5720,4,2,0.0030534351145038168,2,0.005813953488372093,1,0.3333333333333333,6,6,1.0,0.0,1.0,1.0,8.0,262,Independent,"Independent(N3, N2 | N6, N9)"
5194b6c195116b19,4,4,0.0061068702290076335,4,0.011627906976744186,2,0.6666666666666666,6,6,1.0,0.0,1.0,1.0,9.0,263,Blocked;Independent,"Blocked(N1, N2 | N4, N5) || Independent(N1, N2 | N4, N5)"
8daef64752c22458,4,3,0.004580152671755725,3,0.00872093023255814,2,0.6666666666666666,6,6,1.0,0.0,1.0,1.0,9.0,262,Blocked;Independent,"Blocked(N1, N7 | N0, N4) || Independent(N1, N7 | N0, N4)"
5aabf307c58215de,4,17,0.025954198473282442,16,0.046511627906976744,2,0.6666666666666666,6,6,1.0,0.0,1.0,1.0,9.0,262,Blocked;Independent,"Blocked(N1, N5 | N0, N4) || Independent(N1, N5 | N0, N4)"
6c20a2429f051dc4,4,13,0.01984732824427481,12,0.03488372093023256,2,0.6666666666666666,6,6,1.0,0.0,1.0,1.0,9.0,262,Blocked;Independent,"Blocked(N2, N5 | N3, N4) || Independent(N2, N5 | N3, N4)"
e4c40f7f6e29c169,4,5,0.007633587786259542,5,0.014534883720930232,2,0.6666666666666666,6,6,1.0,0.0,1.0,1.0,9.0,263,Blocked;Independent,"Blocked(N5, N3 | N0, N2) || Independent(N5, N3 | N0, N2)"
298491bfa353d65a,4,7,0.010687022900763359,7,0.020348837209302327,2,0.6666666666666666,6,6,1.0,0.0,1.0,1.0,9.0,262,Blocked;Independent,"Blocked(N2, N0 | N5, N7) || Independent(N2, N0 | N5, N7)"
b046901eb29a7bd4,4,3,0.004580152671755725,3,0.00872093023255814,2,0.6666666666666666,6,6,1.0,0.0,1.0,1.0,9.0,262,Blocked;Independent,"Blocked(N7, N3 | N0, N2) || Independent(N7, N3 | N0, N2)"
fbaeafc1eba86431,4,4,0.0061068702290076335,2,0.005813953488372093,2,0.6666666666666666,6,6,1.0,0.0,1.0,1.0,9.0,277,Blocked;Independent,"Blocked(N2, N1 | N0, N3) || Independent(N2, N1 | N0, N3)"
17e685fabab8b89d,4,3,0.004580152671755725,2,0.005813953488372093,2,0.6666666666666666,6,6,1.0,0.0,1.0,1.0,9.0,273,Blocked;Independent,"Blocked(N5, N1 | N0, N2) || Independent(N5, N1 | N0, N2)"
19ff560dfb70312a,4,3,0.004580152671755725,2,0.005813953488372093,2,0.6666666666666666,6,6,1.0,0.0,1.0,1.0,9.0,267,Blocked;Independent,"Blocked(N4, N5 | N0, N3) || Independent(N4, N5 | N0, N3)"
91d6e01a74979798,4,2,0.0030534351145038168,2,0.005813953488372093,1,0.3333333333333333,6,6,1.0,0.0,1.0,1.0,8.0,277,Blocked,"Blocked(N2, N5 | N6, N7)"
3dbb766e8db65cd7,4,19,0.02900763358778626,19,0.055232558139534885,2,0.6666666666666666,6,6,1.0,0.0,1.0,1.0,9.0,262,Blocked;Independent,"Blocked(N3, N0 | N2, N4) || Independent(N3, N0 | N2, N4)"
20ad9c8fb6bc8465,4,4,0.0061068702290076335,4,0.011627906976744186,2,0.6666666666666666,6,6,1.0,0.0,1.0,1.0,9.0,262,Blocked;Independent,"Blocked(N4, N3 | N0, N7) || Independent(N4, N3 | N0, N7)"
a8fa49d3eb44e6bb,4,1,0.0015267175572519084,1,0.0029069767441860465,1,0.3333333333333333,6,6,1.0,0.0,1.0,1.0,8.0,262,Independent,"Independent(N3, N7 | N8, N9)"
f0d6773edbe6aa4e,4,2,0.0030534351145038168,2,0.005813953488372093,1,0.3333333333333333,6,6,1.0,0.0,1.0,1.0,8.0,262,Independent,"Independent(N3, N5 | N8, N9)"
86e84472719f47ed,4,5,0.007633587786259542,5,0.014534883720930232,1,0.3333333333333333,6,6,1.0,0.0,1.0,1.0,8.0,262,Blocked,"Blocked(N4, N5 | N2, N7)"
91e79c63f8957bb5,4,4,0.0061068702290076335,4,0.011627906976744186,2,0.6666666666666666,6,6,1.0,0.0,1.0,1.0,9.0,262,Blocked;Independent,"Blocked(N6, N3 | N0, N7) || Independent(N6, N3 | N0, N7)"
ca7a177404638935,4,1,0.0015267175572519084,1,0.0029069767441860465,1,0.3333333333333333,6,6,1.0,0.0,1.0,1.0,8.0,267,Independent,"Independent(N0, N6 | N5, N9)"
2dcd587792a1b66d,4,1,0.0015267175572519084,1,0.0029069767441860465,1,0.3333333333333333,6,6,1.0,0.0,1.0,1.0,8.0,272,Independent,"Independent(N1, N2 | N6, N8)"
b023678a98b8b0cf,4,2,0.0030534351145038168,2,0.005813953488372093,1,0.3333333333333333,6,6,1.0,0.0,1.0,1.0,8.0,262,Independent,"Independent(N4, N2 | N6, N8)"
72654f7f4a0286bb,4,22,0.03358778625954199,21,0.061046511627906974,2,0.6666666666666666,6,6,1.0,0.0,1.0,1.0,9.0,262,Blocked;Independent,"Blocked(N5, N3 | N0, N1) || Independent(N5, N3 | N0, N1)"
260045794d485920,4,3,0.004580152671755725,3,0.00872093023255814,2,0.6666666666666666,6,6,1.0,0.0,1.0,1.0,9.0,267,Blocked;Independent,"Blocked(N4, N0 | N1, N5) || Independent(N4, N0 | N1, N5)"
8a01dae91e2b73c9,4,8,0.012213740458015267,7,0.020348837209302327,2,0.6666666666666666,6,6,1.0,0.0,1.0,1.0,9.0,264,Blocked;Independent,"Blocked(N2, N5 | N1, N4) || Independent(N2, N5 | N1, N4)"
ea0a36267ba77772,4,4,0.0061068702290076335,4,0.011627906976744186,2,0.6666666666666666,6,6,1.0,0.0,1.0,1.0,9.0,264,Blocked;Independent,"Blocked(N5, N4 | N0, N2) || Independent(N5, N4 | N0, N2)"
f2903de88e5eb3a8,4,1,0.0015267175572519084,1,0.0029069767441860465,1,0.3333333333333333,6,6,1.0,0.0,1.0,1.0,8.0,262,Blocked,"Blocked(N9, N1 | N6, N8)"
212502e5e1e66a33,4,3,0.004580152671755725,3,0.00872093023255814,2,0.6666666666666666,6,6,1.0,0.0,1.0,1.0,9.0,267,Blocked;Independent,"Blocked(N2, N4 | N5, N6) || Independent(N2, N4 | N5, N6)"
7001ae64653eaf2d,4,7,0.010687022900763359,7,0.020348837209302327,2,0.6666666666666666,6,6,1.0,0.0,1.0,1.0,9.0,264,Blocked;Independent,"Blocked(N3, N2 | N1, N4) || Independent(N3, N2 | N1, N4)"
51549570c0c9616f,4,3,0.004580152671755725,3,0.00872093023255814,2,0.6666666666666666,6,6,1.0,0.0,1.0,1.0,9.0,262,Blocked;Independent,"Blocked(N1, N7 | N0, N5) || Independent(N1, N7 | N0, N5)"
fc68e0247bab930b,4,3,0.004580152671755725,2,0.005813953488372093,2,0.6666666666666666,6,6,1.0,0.0,1.0,1.0,9.0,264,Blocked;Independent,"Blocked(N4, N1 | N3, N7) || Independent(N4, N1 | N3, N7)"
5ac61b581b540899,4,3,0.004580152671755725,3,0.00872093023255814,1,0.3333333333333333,6,6,1.0,0.0,1.0,1.0,8.0,263,Independent,"Independent(N1, N0 | N3, N5)"
c94e68ec8e9a9fbd,4,3,0.004580152671755725,3,0.00872093023255814,2,0.6666666666666666,6,6,1.0,0.0,1.0,1.0,9.0,263,Blocked;Independent,"Blocked(N2, N5 | N1, N3) || Independent(N2, N5 | N1, N3)"
29258b4c47405797,4,6,0.00916030534351145,4,0.011627906976744186,2,0.6666666666666666,6,6,1.0,0.0,1.0,1.0,9.0,263,Blocked;Independent,"Blocked(N1, N2 | N0, N4) || Independent(N1, N2 | N0, N4)"
39afdf4cc1e19637,4,1,0.0015267175572519084,1,0.0029069767441860465,1,0.3333333333333333,6,6,1.0,0.0,1.0,1.0,8.0,267,Blocked,"Blocked(N5, N1 | N8, N9)"
69e893c3e3bcc711,4,3,0.004580152671755725,3,0.00872093023255814,2,0.6666666666666666,6,6,1.0,0.0,1.0,1.0,9.0,267,Blocked;Independent,"Blocked(N1, N4 | N0, N5) || Independent(N1, N4 | N0, N5)"
427d8b462861bcb4,4,4,0.0061068702290076335,4,0.011627906976744186,2,0.6666666666666666,6,6,1.0,0.0,1.0,1.0,9.0,262,Blocked;Independent,"Blocked(N1, N6 | N3, N4) || Independent(N1, N6 | N3, N4)"
6bdff48d98af6fc2,4,5,0.007633587786259542,5,0.014534883720930232,2,0.6666666666666666,6,6,1.0,0.0,1.0,1.0,9.0,262,Blocked;Independent,"Blocked(N1, N7 | N2, N5) || Independent(N1, N7 | N2, N5)"
d8d92872f89a5eb8,5,9,0.013740458015267175,9,0.02616279069767442,2,0.6666666666666666,6,6,1.0,0.0,1.0,1.0,9.0,262,Blocked;Independent,"Blocked(N4, N2 | N6, N7) || Independent(N4, N2 | N6, N7)"
61c32d8948a60e85,4,5,0.007633587786259542,5,0.014534883720930232,2,0.6666666666666666,6,6,1.0,0.0,1.0,1.0,9.0,262,Blocked;Independent,"Blocked(N5, N2 | N3, N7) || Independent(N5, N2 | N3, N7)"
a9704ff812271ce5,4,12,0.0183206106870229,12,0.03488372093023256,2,0.6666666666666666,6,6,1.0,0.0,1.0,1.0,9.0,262,Blocked;Independent,"Blocked(N5, N3 | N1, N4) || Independent(N5, N3 | N1, N4)"
c747034d01601e4d,4,3,0.004580152671755725,3,0.00872093023255814,1,0.3333333333333333,6,6,1.0,0.0,1.0,1.0,8.0,264,Blocked,"Blocked(N5, N7 | N2, N4)"
e016638814fcdb7e,4,3,0.004580152671755725,3,0.00872093023255814,1,0.3333333333333333,6,6,1.0,0.0,1.0,1.0,8.0,262,Independent,"Independent(N5, N4 | N2, N6)"
51635359a47da12a,4,1,0.0015267175572519084,1,0.0029069767441860465,1,0.3333333333333333,6,6,1.0,0.0,1.0,1.0,8.0,267,Independent,"Independent(N2, N4 | N8, N9)"
2023f96e5a2e4102,4,3,0.004580152671755725,2,0.005813953488372093,2,0.6666666666666666,6,6,1.0,0.0,1.0,1.0,9.0,268,Blocked;Independent,"Blocked(N2, N0 | N3, N5) || Independent(N2, N0 | N3, N5)"
0da7cb839718a19a,4,13,0.01984732824427481,11,0.03197674418604651,2,0.6666666666666666,6,6,1.0,0.0,1.0,1.0,9.0,262,Blocked;Independent,"Blocked(N0, N2 | N3, N5) || Independent(N0, N2 | N3, N5)"
8bf610d814fe94d8,5,3,0.004580152671755725,3,0.00872093023255814,1,0.3333333333333333,6,6,1.0,0.0,1.0,1.0,8.0,262,Blocked,"Blocked(N1, N4 | N7, N9)"
b5e07c91e63ee04d,4,3,0.004580152671755725,3,0.00872093023255814,2,0.6666666666666666,6,6,1.0,0.0,1.0,1.0,9.0,262,Blocked;Independent,"Blocked(N5, N3 | N0, N7) || Independent(N5, N3 | N0, N7)"
4bfd78c0c8e800dd,4,1,0.0015267175572519084,1,0.0029069767441860465,1,0.3333333333333333,6,6,1.0,0.0,1.0,1.0,8.0,267,Independent,"Independent(N2, N5 | N6, N7)"
c6618752660e9b19,4,1,0.0015267175572519084,1,0.0029069767441860465,1,0.3333333333333333,6,6,1.0,0.0,1.0,1.0,8.0,267,Blocked,"Blocked(N3, N2 | N6, N7)"
ea0d08ecb0f07e50,4,4,0.0061068702290076335,3,0.00872093023255814,2,0.6666666666666666,6,6,1.0,0.0,1.0,1.0,9.0,264,Blocked;Independent,"Blocked(N0, N5 | N1, N4) || Independent(N0, N5 | N1, N4)"
9624bb4bdee8e213,4,17,0.025954198473282442,16,0.046511627906976744,2,0.6666666666666666,6,6,1.0,0.0,1.0,1.0,9.0,262,Blocked;Independent,"Blocked(N1, N3 | N2, N4) || Independent(N1, N3 | N2, N4)"
bf6597dce946113e,4,3,0.004580152671755725,3,0.00872093023255814,2,0.6666666666666666,6,6,1.0,0.0,1.0,1.0,9.0,264,Blocked;Independent,"Blocked(N5, N1 | N0, N4) || Independent(N5, N1 | N0, N4)"
49e6fa6b3aa1c36e,4,3,0.004580152671755725,3,0.00872093023255814,2,0.6666666666666666,6,6,1.0,0.0,1.0,1.0,9.0,267,Blocked;Independent,"Blocked(N1, N2 | N4, N5) || Independent(N1, N2 | N4, N5)"
1b423a5fbe7e5d65,4,3,0.004580152671755725,3,0.00872093023255814,1,0.3333333333333333,6,6,1.0,0.0,1.0,1.0,8.0,263,Independent,"Independent(N0, N5 | N1, N3)"
eb32c641ae9b75db,4,3,0.004580152671755725,3,0.00872093023255814,2,0.6666666666666666,6,6,1.0,0.0,1.0,1.0,9.0,267,Blocked;Independent,"Blocked(N5, N1 | N0, N2) || Independent(N5, N1 | N0, N2)"
3f74faba04c6db5f,4,3,0.004580152671755725,3,0.00872093023255814,2,0.6666666666666666,6,6,1.0,0.0,1.0,1.0,9.0,263,Blocked;Independent,"Blocked(N5, N0 | N2, N4) || Independent(N5, N0 | N2, N4)"
0b49149eddf4fec6,4,4,0.0061068702290076335,4,0.011627906976744186,2,0.6666666666666666,6,6,1.0,0.0,1.0,1.0,9.0,264,Blocked;Independent,"Blocked(N5, N2 | N6, N7) || Independent(N5, N2 | N6, N7)"
c8d2a0f96dbcc601,4,2,0.0030534351145038168,2,0.005813953488372093,2,0.6666666666666666,6,6,1.0,0.0,1.0,1.0,9.0,262,Blocked;Independent,"Blocked(N6, N0 | N5, N8) || Independent(N6, N0 | N5, N8)"
fc5326f4c835f7e7,4,3,0.004580152671755725,3,0.00872093023255814,1,0.3333333333333333,6,6,1.0,0.0,1.0,1.0,8.0,268,Blocked,"Blocked(N2, N1 | N0, N5)"
a3c41120ba6733b8,4,3,0.004580152671755725,3,0.00872093023255814,2,0.6666666666666666,6,6,1.0,0.0,1.0,1.0,9.0,264,Blocked;Independent,"Blocked(N5, N1 | N0, N2) || Independent(N5, N1 | N0, N2)"
a5c03a8154efc6e9,4,1,0.0015267175572519084,1,0.0029069767441860465,1,0.3333333333333333,6,6,1.0,0.0,1.0,1.0,8.0,272,Independent,"Independent(N5, N2 | N6, N8)"
eae75366b30cb6f1,4,3,0.004580152671755725,3,0.00872093023255814,1,0.3333333333333333,6,6,1.0,0.0,1.0,1.0,8.0,262,Blocked,"Blocked(N1, N6 | N4, N7)"
cd89a95aea7782a4,4,4,0.0061068702290076335,4,0.011627906976744186,2,0.6666666666666666,6,6,1.0,0.0,1.0,1.0,9.0,262,Blocked;Independent,"Blocked(N6, N4 | N0, N1) || Independent(N6, N4 | N0, N1)"
94c2527e851203bc,4,1,0.0015267175572519084,1,0.0029069767441860465,1,0.3333333333333333,6,6,1.0,0.0,1.0,1.0,8.0,267,Independent,"Independent(N6, N0 | N5, N9)"
77c52567c6eccbd1,4,1,0.0015267175572519084,1,0.0029069767441860465,1,0.3333333333333333,6,6,1.0,0.0,1.0,1.0,8.0,267,Blocked,"Blocked(N0, N5 | N6, N7)"
9207951affc0e5af,4,1,0.0015267175572519084,1,0.0029069767441860465,1,0.3333333333333333,6,6,1.0,0.0,1.0,1.0,8.0,267,Blocked,"Blocked(N0, N1 | N8, N9)"
c0a6c3fde1fcf3a3,4,12,0.0183206106870229,7,0.020348837209302327,2,0.6666666666666666,6,6,1.0,0.0,1.0,1.0,9.0,268,Blocked;Independent,"Blocked(N3, N2 | N0, N1) || Independent(N3, N2 | N0, N1)"
8a29e2f07e493c0c,4,1,0.0015267175572519084,1,0.0029069767441860465,1,0.3333333333333333,6,6,1.0,0.0,1.0,1.0,8.0,267,Independent,"Independent(N3, N6 | N5, N9)"
2a161715c80a698f,4,8,0.012213740458015267,8,0.023255813953488372,2,0.6666666666666666,6,6,1.0,0.0,1.0,1.0,9.0,262,Blocked;Independent,"Blocked(N5, N1 | N2, N6) || Independent(N5, N1 | N2, N6)"
fe0854a67c570f24,4,3,0.004580152671755725,3,0.00872093023255814,1,0.3333333333333333,6,6,1.0,0.0,1.0,1.0,8.0,264,Blocked,"Blocked(N3, N5 | N0, N4)"
14d842b0d188e3d1,4,4,0.0061068702290076335,4,0.011627906976744186,1,0.3333333333333333,6,6,1.0,0.0,1.0,1.0,8.0,262,Independent,"Independent(N1, N2 | N5, N7)"
aeb4cf72a44f14d8,4,6,0.00916030534351145,6,0.01744186046511628,2,0.6666666666666666,6,6,1.0,0.0,1.0,1.0,9.0,264,Blocked;Independent,"Blocked(N2, N3 | N0, N5) || Independent(N2, N3 | N0, N5)"
cbaaa27c8f3d7bce,4,4,0.0061068702290076335,4,0.011627906976744186,2,0.6666666666666666,6,6,1.0,0.0,1.0,1.0,9.0,262,Blocked;Independent,"Blocked(N3, N2 | N0, N6) || Independent(N3, N2 | N0, N6)"
47467c0fa30774e1,4,3,0.004580152671755725,3,0.00872093023255814,1,0.3333333333333333,6,6,1.0,0.0,1.0,1.0,8.0,263,Independent,"Independent(N4, N1 | N0, N3)"
792ba51efc69b5e1,4,4,0.0061068702290076335,4,0.011627906976744186,2,0.6666666666666666,6,6,1.0,0.0,1.0,1.0,9.0,262,Blocked;Independent,"Blocked(N7, N6 | N1, N2) || Independent(N7, N6 | N1, N2)"
0f3de4af89844bb0,4,4,0.0061068702290076335,4,0.011627906976744186,1,0.3333333333333333,6,6,1.0,0.0,1.0,1.0,8.0,264,Independent,"Independent(N1, N0 | N2, N6)"
0f0c07bc714856c5,4,6,0.00916030534351145,6,0.01744186046511628,2,0.6666666666666666,6,6,1.0,0.0,1.0,1.0,9.0,263,Blocked;Independent,"Blocked(N4, N1 | N0, N5) || Independent(N4, N1 | N0, N5)"
f5d77925a3daf88a,4,4,0.0061068702290076335,4,0.011627906976744186,2,0.6666666666666666,6,6,1.0,0.0,1.0,1.0,9.0,267,Blocked;Independent,"Blocked(N5, N4 | N1, N2) || Independent(N5, N4 | N1, N2)"
797808a79ca69df5,4,4,0.0061068702290076335,2,0.005813953488372093,2,0.6666666666666666,6,6,1.0,0.0,1.0,1.0,9.0,268,Blocked;Independent,"Blocked(N1, N0 | N2, N3) || Independent(N1, N0 | N2, N3)"
187ed3a976da8a16,4,1,0.0015267175572519084,1,0.0029069767441860465,1,0.3333333333333333,6,6,1.0,0.0,1.0,1.0,8.0,267,Blocked,"Blocked(N0, N4 | N6, N7)"
7ceb69a6514169cb,4,3,0.004580152671755725,3,0.00872093023255814,2,0.6666666666666666,6,6,1.0,0.0,1.0,1.0,9.0,267,Blocked;Independent,"Blocked(N4, N6 | N1, N7) || Independent(N4, N6 | N1, N7)"
ea3f3f3bb186305b,4,5,0.007633587786259542,5,0.014534883720930232,1,0.3333333333333333,6,6,1.0,0.0,1.0,1.0,8.0,264,Independent,"Independent(N0, N1 | N2, N4)"
7ae9eb19754f7a80,4,4,0.0061068702290076335,4,0.011627906976744186,2,0.6666666666666666,6,6,1.0,0.0,1.0,1.0,9.0,262,Blocked;Independent,"Blocked(N3, N1 | N2, N7) || Independent(N3, N1 | N2, N7)"
8034fa21431d77ff,4,6,0.00916030534351145,6,0.01744186046511628,2,0.6666666666666666,6,6,1.0,0.0,1.0,1.0,9.0,264,Blocked;Independent,"Blocked(N3, N5 | N1, N2) || Independent(N3, N5 | N1, N2)"
1ee90e5aec94f153,4,3,0.004580152671755725,3,0.00872093023255814,2,0.6666666666666666,6,6,1.0,0.0,1.0,1.0,9.0,264,Blocked;Independent,"Blocked(N2, N7 | N1, N3) || Independent(N2, N7 | N1, N3)"
7a6befc1278324b9,4,6,0.00916030534351145,6,0.01744186046511628,2,0.6666666666666666,6,6,1.0,0.0,1.0,1.0,9.0,263,Blocked;Independent,"Blocked(N1, N3 | N0, N5) || Independent(N1, N3 | N0, N5)"
163f93747edac880,4,3,0.004580152671755725,3,0.00872093023255814,2,0.6666666666666666,6,6,1.0,0.0,1.0,1.0,9.0,264,Blocked;Independent,"Blocked(N2, N5 | N1, N3) || Independent(N2, N5 | N1, N3)"
cd79bc6f51633eef,4,4,0.0061068702290076335,4,0.011627906976744186,1,0.3333333333333333,6,6,1.0,0.0,1.0,1.0,8.0,263,Independent,"Independent(N2, N5 | N0, N4)"
0a163494ba25ee30,4,7,0.010687022900763359,7,0.020348837209302327,2,0.6666666666666666,6,6,1.0,0.0,1.0,1.0,9.0,264,Blocked;Independent,"Blocked(N5, N2 | N1, N4) || Independent(N5, N2 | N1, N4)"
85c6a168092afd91,4,8,0.012213740458015267,4,0.011627906976744186,2,0.6666666666666666,6,6,1.0,0.0,1.0,1.0,9.0,267,Blocked;Independent,"Blocked(N1, N2 | N0, N3) || Independent(N1, N2 | N0, N3)"
3078023ef7c05eae,4,19,0.02900763358778626,18,0.05232558139534884,2,0.6666666666666666,6,6,1.0,0.0,1.0,1.0,9.0,262,Blocked;Independent,"Blocked(N5, N4 | N0, N1) || Independent(N5, N4 | N0, N1)"
6ab0f7bfe618e667,4,6,0.00916030534351145,3,0.00872093023255814,2,0.6666666666666666,6,6,1.0,0.0,1.0,1.0,9.0,277,Blocked;Independent,"Blocked(N0, N1 | N2, N3) || Independent(N0, N1 | N2, N3)"
38a93bfcb56fc1c5,4,7,0.010687022900763359,7,0.020348837209302327,2,0.6666666666666666,6,6,1.0,0.0,1.0,1.0,9.0,263,Blocked;Independent,"Blocked(N5, N2 | N1, N3) || Independent(N5, N2 | N1, N3)"
44a03bc3bb801498,4,7,0.010687022900763359,7,0.020348837209302327,2,0.6666666666666666,6,6,1.0,0.0,1.0,1.0,9.0,262,Blocked;Independent,"Blocked(N3, N7 | N2, N6) || Independent(N3, N7 | N2, N6)"
02300b2e10a615d0,4,4,0.0061068702290076335,4,0.011627906976744186,2,0.6666666666666666,6,6,1.0,0.0,1.0,1.0,9.0,262,Blocked;Independent,"Blocked(N3, N5 | N2, N6) || Independent(N3, N5 | N2, N6)"
3dbc2deebee2c876,4,1,0.0015267175572519084,1,0.0029069767441860465,1,0.3333333333333333,6,6,1.0,0.0,1.0,1.0,8.0,262,Independent,"Independent(N8, N3 | N7, N9)"
f84ce5c0396856e6,4,6,0.00916030534351145,5,0.014534883720930232,2,0.6666666666666666,6,6,1.0,0.0,1.0,1.0,9.0,262,Blocked;Independent,"Blocked(N4, N3 | N2, N6) || Independent(N4, N3 | N2, N6)"
eb782b8d2c782985,4,1,0.0015267175572519084,1,0.0029069767441860465,1,0.3333333333333333,6,6,1.0,0.0,1.0,1.0,8.0,266,Blocked,"Blocked(N4, N3 | N6, N7)"
6e4c094deb84f584,4,7,0.010687022900763359,7,0.020348837209302327,2,0.6666666666666666,6,6,1.0,0.0,1.0,1.0,9.0,263,Blocked;Independent,"Blocked(N5, N3 | N1, N4) || Independent(N5, N3 | N1, N4)"
3d9af958a95be7a0,4,21,0.03206106870229008,19,0.055232558139534885,2,0.6666666666666666,6,6,1.0,0.0,1.0,1.0,9.0,262,Blocked;Independent,"Blocked(N2, N0 | N4, N5) || Independent(N2, N0 | N4, N5)"
cc262c7d5fb929ad,4,15,0.022900763358778626,13,0.0377906976744186,2,0.6666666666666666,6,6,1.0,0.0,1.0,1.0,9.0,262,Blocked;Independent,"Blocked(N1, N4 | N2, N5) || Independent(N1, N4 | N2, N5)"
7dd8567be066cf70,4,6,0.00916030534351145,6,0.01744186046511628,2,0.6666666666666666,6,6,1.0,0.0,1.0,1.0,9.0,264,Blocked;Independent,"Blocked(N1, N4 | N3, N5) || Independent(N1, N4 | N3, N5)"
0d52438a6d131556,4,19,0.02900763358778626,16,0.046511627906976744,2,0.6666666666666666,6,6,1.0,0.0,1.0,1.0,9.0,262,Blocked;Independent,"Blocked(N5, N2 | N0, N3) || Independent(N5, N2 | N0, N3)"
089ec0367f1a0fe2,4,3,0.004580152671755725,2,0.005813953488372093,2,0.6666666666666666,6,6,1.0,0.0,1.0,1.0,9.0,268,Blocked;Independent,"Blocked(N0, N3 | N1, N2) || Independent(N0, N3 | N1, N2)"
1efa15e03a0c0e87,4,4,0.0061068702290076335,2,0.005813953488372093,2,0.6666666666666666,6,6,1.0,0.0,1.0,1.0,9.0,273,Blocked;Independent,"Blocked(N1, N0 | N2, N3) || Independent(N1, N0 | N2, N3)"
3543fc2662edc308,4,3,0.004580152671755725,3,0.00872093023255814,2,0.6666666666666666,6,6,1.0,0.0,1.0,1.0,9.0,262,Blocked;Independent,"Blocked(N6, N5 | N4, N7) || Independent(N6, N5 | N4, N7)"
bcd1831785f098ff,4,1,0.0015267175572519084,1,0.0029069767441860465,1,0.3333333333333333,6,6,1.0,0.0,1.0,1.0,8.0,272,Blocked,"Blocked(N1, N6 | N8, N9)"
1e1fee143e2f7848,4,3,0.004580152671755725,3,0.00872093023255814,2,0.6666666666666666,6,6,1.0,0.0,1.0,1.0,9.0,267,Blocked;Independent,"Blocked(N5, N4 | N0, N3) || Independent(N5, N4 | N0, N3)"
b9c0f35fa9aecdbb,4,4,0.0061068702290076335,2,0.005813953488372093,2,0.6666666666666666,6,6,1.0,0.0,1.0,1.0,9.0,266,Blocked;Independent,"Blocked(N2, N1 | N0, N3) || Independent(N2, N1 | N0, N3)"
ed2980b785860a17,4,1,0.0015267175572519084,1,0.0029069767441860465,1,0.3333333333333333,6,6,1.0,0.0,1.0,1.0,8.0,277,Blocked,"Blocked(N0, N5 | N8, N9)"
c353e8f3a72aec8c,4,5,0.007633587786259542,5,0.014534883720930232,2,0.6666666666666666,6,6,1.0,0.0,1.0,1.0,9.0,267,Blocked;Independent,"Blocked(N2, N0 | N3, N5) || Independent(N2, N0 | N3, N5)"
8414cec9327e0a9b,4,7,0.010687022900763359,7,0.020348837209302327,2,0.6666666666666666,6,6,1.0,0.0,1.0,1.0,9.0,264,Blocked;Independent,"Blocked(N1, N5 | N2, N4) || Independent(N1, N5 | N2, N4)"
bf0892ae045d53a0,4,1,0.0015267175572519084,1,0.0029069767441860465,1,0.3333333333333333,6,6,1.0,0.0,1.0,1.0,8.0,267,Blocked,"Blocked(N0, N6 | N8, N9)"
0eb948f7abda7369,4,4,0.0061068702290076335,4,0.011627906976744186,2,0.6666666666666666,6,6,1.0,0.0,1.0,1.0,9.0,262,Blocked;Independent,"Blocked(N7, N4 | N0, N1) || Independent(N7, N4 | N0, N1)"
8e1c8fd720c217f3,4,5,0.007633587786259542,5,0.014534883720930232,2,0.6666666666666666,6,6,1.0,0.0,1.0,1.0,9.0,262,Blocked;Independent,"Blocked(N6, N1 | N0, N7) || Independent(N6, N1 | N0, N7)"
dce4dd893d49a11b,4,1,0.0015267175572519084,1,0.0029069767441860465,1,0.3333333333333333,6,6,1.0,0.0,1.0,1.0,8.0,267,Independent,"Independent(N8, N6 | N7, N9)"
a8319d4844ba3b86,4,3,0.004580152671755725,3,0.00872093023255814,2,0.6666666666666666,6,6,1.0,0.0,1.0,1.0,9.0,262,Blocked;Independent,"Blocked(N1, N3 | N2, N7) || Independent(N1, N3 | N2, N7)"
3f492eeb5889afa2,4,5,0.007633587786259542,5,0.014534883720930232,2,0.6666666666666666,6,6,1.0,0.0,1.0,1.0,9.0,267,Blocked;Independent,"Blocked(N3, N4 | N0, N2) || Independent(N3, N4 | N0, N2)"
2601502c4867c197,4,3,0.004580152671755725,2,0.005813953488372093,2,0.6666666666666666,6,6,1.0,0.0,1.0,1.0,9.0,268,Blocked;Independent,"Blocked(N3, N0 | N2, N5) || Independent(N3, N0 | N2, N5)"
8cf32e89974bd2bc,4,5,0.007633587786259542,5,0.014534883720930232,2,0.6666666666666666,6,6,1.0,0.0,1.0,1.0,9.0,263,Blocked;Independent,"Blocked(N4, N0 | N1, N5) || Independent(N4, N0 | N1, N5)"
62d30590e6e23ea3,4,4,0.0061068702290076335,3,0.00872093023255814,2,0.6666666666666666,6,6,1.0,0.0,1.0,1.0,9.0,263,Blocked;Independent,"Blocked(N3, N2 | N1, N5) || Independent(N3, N2 | N1, N5)"
fb36bc157ae10233,4,2,0.0030534351145038168,2,0.005813953488372093,1,0.3333333333333333,6,6,1.0,0.0,1.0,1.0,8.0,262,Independent,"Independent(N1, N3 | N6, N9)"
e0f551057b00a702,4,1,0.0015267175572519084,1,0.0029069767441860465,1,0.3333333333333333,6,6,1.0,0.0,1.0,1.0,8.0,267,Blocked,"Blocked(N0, N2 | N6, N9)"
d4523c2ce240e2c5,4,4,0.0061068702290076335,2,0.005813953488372093,2,0.6666666666666666,6,6,1.0,0.0,1.0,1.0,9.0,268,Blocked;Independent,"Blocked(N1, N0 | N2, N3) || Independent(N1, N0 | N2, N3)"
15d052fedd0d8751,4,3,0.004580152671755725,2,0.005813953488372093,2,0.6666666666666666,6,6,1.0,0.0,1.0,1.0,9.0,267,Blocked;Independent,"Blocked(N3, N5 | N1, N2) || Independent(N3, N5 | N1, N2)"
ce47a93b57cdefeb,4,4,0.0061068702290076335,4,0.011627906976744186,2,0.6666666666666666,6,6,1.0,0.0,1.0,1.0,9.0,263,Blocked;Independent,"Blocked(N5, N2 | N0, N1) || Independent(N5, N2 | N0, N1)"
a347b1fcf7dbaa78,4,1,0.0015267175572519084,1,0.0029069767441860465,1,0.3333333333333333,6,6,1.0,0.0,1.0,1.0,8.0,262,Independent,"Independent(N2, N8 | N6, N7)"
1aeb951c4bc89f18,4,3,0.004580152671755725,3,0.00872093023255814,2,0.6666666666666666,6,6,1.0,0.0,1.0,1.0,9.0,264,Blocked;Independent,"Blocked(N1, N0 | N3, N7) || Independent(N1, N0 | N3, N7)"
453fa21fa7ec4829,4,21,0.03206106870229008,11,0.03197674418604651,2,0.6666666666666666,6,6,1.0,0.0,1.0,1.0,9.0,263,Blocked;Independent,"Blocked(N2, N3 | N0, N1) || Independent(N2, N3 | N0, N1)"
ee8261d58a36cd36,4,1,0.0015267175572519084,1,0.0029069767441860465,1,0.3333333333333333,6,6,1.0,0.0,1.0,1.0,8.0,267,Blocked,"Blocked(N8, N0 | N5, N9)"
8095aa4211fc88c9,4,4,0.0061068702290076335,4,0.011627906976744186,2,0.6666666666666666,6,6,1.0,0.0,1.0,1.0,9.0,263,Blocked;Independent,"Blocked(N7, N2 | N0, N3) || Independent(N7, N2 | N0, N3)"
fb4e1c4b0e06cf9a,4,3,0.004580152671755725,2,0.005813953488372093,2,0.6666666666666666,6,6,1.0,0.0,1.0,1.0,9.0,267,Blocked;Independent,"Blocked(N0, N5 | N2, N4) || Independent(N0, N5 | N2, N4)"
350c61f50bfc6e01,4,4,0.0061068702290076335,3,0.00872093023255814,2,0.6666666666666666,6,6,1.0,0.0,1.0,1.0,9.0,267,Blocked;Independent,"Blocked(N5, N1 | N0, N3) || Independent(N5, N1 | N0, N3)"
37ed20ce12f22df9,5,4,0.0061068702290076335,4,0.011627906976744186,2,0.6666666666666666,6,6,1.0,0.0,1.0,1.0,9.0,262,Blocked;Independent,"Blocked(N1, N2 | N6, N7) || Independent(N1, N2 | N6, N7)"
4a39937a251f615c,4,1,0.0015267175572519084,1,0.0029069767441860465,1,0.3333333333333333,6,6,1.0,0.0,1.0,1.0,8.0,272,Blocked,"Blocked(N7, N4 | N6, N8)"
6e6f31b672041d74,4,5,0.007633587786259542,5,0.014534883720930232,2,0.6666666666666666,6,6,1.0,0.0,1.0,1.0,9.0,262,Blocked;Independent,"Blocked(N1, N7 | N0, N2) || Independent(N1, N7 | N0, N2)"
fe6013c0192026e8,4,15,0.022900763358778626,14,0.040697674418604654,2,0.6666666666666666,6,6,1.0,0.0,1.0,1.0,9.0,262,Blocked;Independent,"Blocked(N1, N5 | N0, N2) || Independent(N1, N5 | N0, N2)"
3a81579ee2032968,4,1,0.0015267175572519084,1,0.0029069767441860465,1,0.3333333333333333,6,6,1.0,0.0,1.0,1.0,8.0,262,Blocked,"Blocked(N9, N3 | N5, N8)"
6d36787ca21dc094,4,3,0.004580152671755725,2,0.005813953488372093,2,0.6666666666666666,6,6,1.0,0.0,1.0,1.0,9.0,272,Blocked;Independent,"Blocked(N1, N2 | N0, N3) || Independent(N1, N2 | N0, N3)"
be3420cfdafdd4a2,4,21,0.03206106870229008,19,0.055232558139534885,2,0.6666666666666666,6,6,1.0,0.0,1.0,1.0,9.0,262,Blocked;Independent,"Blocked(N1, N2 | N3, N4) || Independent(N1, N2 | N3, N4)"
179d57b19962102d,4,5,0.007633587786259542,4,0.011627906976744186,2,0.6666666666666666,6,6,1.0,0.0,1.0,1.0,9.0,262,Blocked;Independent,"Blocked(N1, N2 | N5, N6) || Independent(N1, N2 | N5, N6)"
5fce89b5eba5533c,4,21,0.03206106870229008,20,0.05813953488372093,2,0.6666666666666666,6,6,1.0,0.0,1.0,1.0,9.0,262,Blocked;Independent,"Blocked(N3, N5 | N0, N1) || Independent(N3, N5 | N0, N1)"
c81404f1430af50f,4,13,0.01984732824427481,13,0.0377906976744186,2,0.6666666666666666,6,6,1.0,0.0,1.0,1.0,9.0,262,Blocked;Independent,"Blocked(N4, N3 | N0, N1) || Independent(N4, N3 | N0, N1)"
7501ed69aa7b2c7d,4,1,0.0015267175572519084,1,0.0029069767441860465,1,0.3333333333333333,6,6,1.0,0.0,1.0,1.0,8.0,272,Independent,"Independent(N8, N3 | N6, N9)"
d3ce24c0be3ac754,4,5,0.007633587786259542,5,0.014534883720930232,2,0.6666666666666666,6,6,1.0,0.0,1.0,1.0,9.0,263,Blocked;Independent,"Blocked(N2, N3 | N0, N4) || Independent(N2, N3 | N0, N4)"
589a15abe30da74f,4,1,0.0015267175572519084,1,0.0029069767441860465,1,0.3333333333333333,6,6,1.0,0.0,1.0,1.0,8.0,262,Independent,"Independent(N8, N3 | N6, N7)"
1fd9b4966bc195fd,4,18,0.02748091603053435,16,0.046511627906976744,2,0.6666666666666666,6,6,1.0,0.0,1.0,1.0,9.0,262,Blocked;Independent,"Blocked(N1, N0 | N2, N4) || Independent(N1, N0 | N2, N4)"
978492157550dd67,4,1,0.0015267175572519084,1,0.0029069767441860465,1,0.3333333333333333,6,6,1.0,0.0,1.0,1.0,8.0,272,Independent,"Independent(N3, N2 | N6, N7)"
b8d31f0897c2fd22,4,16,0.024427480916030534,15,0.0436046511627907,2,0.6666666666666666,6,6,1.0,0.0,1.0,1.0,9.0,262,Blocked;Independent,"Blocked(N4, N1 | N0, N3) || Independent(N4, N1 | N0, N3)"
dc9bcf2bc749931c,4,13,0.01984732824427481,12,0.03488372093023256,2,0.6666666666666666,6,6,1.0,0.0,1.0,1.0,9.0,262,Blocked;Independent,"Blocked(N3, N5 | N1, N4) || Independent(N3, N5 | N1, N4)"
a0067066c409e91d,4,6,0.00916030534351145,5,0.014534883720930232,2,0.6666666666666666,6,6,1.0,0.0,1.0,1.0,9.0,263,Blocked;Independent,"Blocked(N4, N5 | N0, N2) || Independent(N4, N5 | N0, N2)"
8870366bb12ed471,5,3,0.004580152671755725,3,0.00872093023255814,2,0.6666666666666666,6,6,1.0,0.0,1.0,1.0,9.0,262,Blocked;Independent,"Blocked(N4, N5 | N7, N8) || Independent(N4, N5 | N7, N8)"
0a46fa589b60ebcd,4,1,0.0015267175572519084,1,0.0029069767441860465,1,0.3333333333333333,6,6,1.0,0.0,1.0,1.0,8.0,262,Blocked,"Blocked(N0, N8 | N6, N9)"
ff657f0424a8af9a,4,1,0.0015267175572519084,1,0.0029069767441860465,1,0.3333333333333333,6,6,1.0,0.0,1.0,1.0,8.0,262,Independent,"Independent(N3, N5 | N7, N9)"
2d6de5119cdb0df4,4,1,0.0015267175572519084,1,0.0029069767441860465,1,0.3333333333333333,6,6,1.0,0.0,1.0,1.0,8.0,262,Blocked,"Blocked(N3, N4 | N5, N9)"
3799416ab02fae3c,5,4,0.0061068702290076335,4,0.011627906976744186,1,0.3333333333333333,6,6,1.0,0.0,1.0,1.0,8.0,262,Independent,"Independent(N5, N4 | N6, N7)"
3a5ef98a0f09eb86,4,1,0.0015267175572519084,1,0.0029069767441860465,1,0.3333333333333333,6,6,1.0,0.0,1.0,1.0,8.0,267,Independent,"Independent(N0, N9 | N6, N8)"
ddd284745d39f2ef,4,1,0.0015267175572519084,1,0.0029069767441860465,1,0.3333333333333333,6,6,1.0,0.0,1.0,1.0,8.0,277,Blocked,"Blocked(N3, N4 | N5, N9)"
6fa2b79316ac4fbc,4,13,0.01984732824427481,9,0.02616279069767442,2,0.6666666666666666,6,6,1.0,0.0,1.0,1.0,9.0,264,Blocked;Independent,"Blocked(N2, N3 | N0, N1) || Independent(N2, N3 | N0, N1)"
064308cc6181be18,4,3,0.004580152671755725,3,0.00872093023255814,2,0.6666666666666666,6,6,1.0,0.0,1.0,1.0,9.0,262,Blocked;Independent,"Blocked(N4, N6 | N1, N3) || Independent(N4, N6 | N1, N3)"
cacb45858af3d39a,4,6,0.00916030534351145,3,0.00872093023255814,2,0.6666666666666666,6,6,1.0,0.0,1.0,1.0,9.0,273,Blocked;Independent,"Blocked(N0, N3 | N1, N2) || Independent(N0, N3 | N1, N2)"
8e88a3889d704f27,4,4,0.0061068702290076335,2,0.005813953488372093,2,0.6666666666666666,6,6,1.0,0.0,1.0,1.0,9.0,268,Blocked;Independent,"Blocked(N0, N1 | N2, N3) || Independent(N0, N1 | N2, N3)"
af83639d4050ab51,4,3,0.004580152671755725,3,0.00872093023255814,1,0.3333333333333333,6,6,1.0,0.0,1.0,1.0,8.0,262,Independent,"Independent(N3, N1 | N4, N7)"
fa46e096e26d1e9f,4,2,0.0030534351145038168,2,0.005813953488372093,2,0.6666666666666666,6,6,1.0,0.0,1.0,1.0,9.0,267,Blocked;Independent,"Blocked(N1, N3 | N6, N7) || Independent(N1, N3 | N6, N7)"
b3d849d132420474,4,1,0.0015267175572519084,1,0.0029069767441860465,1,0.3333333333333333,6,6,1.0,0.0,1.0,1.0,8.0,267,Blocked,"Blocked(N4, N0 | N6, N8)"
282d04337477e9c8,4,1,0.0015267175572519084,1,0.0029069767441860465,1,0.3333333333333333,6,6,1.0,0.0,1.0,1.0,8.0,267,Independent,"Independent(N5, N2 | N6, N9)"
dc9b1687b5e56a31,4,20,0.030534351145038167,12,0.03488372093023256,2,0.6666666666666666,6,6,1.0,0.0,1.0,1.0,9.0,263,Blocked;Independent,"Blocked(N3, N2 | N0, N1) || Independent(N3, N2 | N0, N1)"
6b100a694003befc,4,6,0.00916030534351145,6,0.01744186046511628,2,0.6666666666666666,6,6,1.0,0.0,1.0,1.0,9.0,263,Blocked;Independent,"Blocked(N3, N1 | N2, N4) || Independent(N3, N1 | N2, N4)"
4acceb4b24287b33,4,7,0.010687022900763359,6,0.01744186046511628,2,0.6666666666666666,6,6,1.0,0.0,1.0,1.0,9.0,262,Blocked;Independent,"Blocked(N7, N3 | N1, N6) || Independent(N7, N3 | N1, N6)"
c0c33ac7a14b9a93,4,4,0.0061068702290076335,4,0.011627906976744186,2,0.6666666666666666,6,6,1.0,0.0,1.0,1.0,9.0,262,Blocked;Independent,"Blocked(N1, N2 | N4, N7) || Independent(N1, N2 | N4, N7)"
7aae6d963f9ad4b4,4,7,0.010687022900763359,4,0.011627906976744186,2,0.6666666666666666,6,6,1.0,0.0,1.0,1.0,9.0,268,Blocked;Independent,"Blocked(N2, N1 | N0, N3) || Independent(N2, N1 | N0, N3)"
a794c64f06909357,4,5,0.007633587786259542,3,0.00872093023255814,2,0.6666666666666666,6,6,1.0,0.0,1.0,1.0,9.0,267,Blocked;Independent,"Blocked(N1, N2 | N0, N3) || Independent(N1, N2 | N0, N3)"
1c46e19ddbc08955,4,3,0.004580152671755725,3,0.00872093023255814,2,0.6666666666666666,6,6,1.0,0.0,1.0,1.0,9.0,264,Blocked;Independent,"Blocked(N1, N2 | N4, N7) || Independent(N1, N2 | N4, N7)"
31d23297b3911215,4,1,0.0015267175572519084,1,0.0029069767441860465,1,0.3333333333333333,6,6,1.0,0.0,1.0,1.0,8.0,262,Blocked,"Blocked(N7, N6 | N5, N9)"
30738d35f9d14c3a,4,3,0.004580152671755725,3,0.00872093023255814,2,0.6666666666666666,6,6,1.0,0.0,1.0,1.0,9.0,263,Blocked;Independent,"Blocked(N8, N1 | N0, N9) || Independent(N8, N1 | N0, N9)"
340866927e3ca185,4,4,0.0061068702290076335,4,0.011627906976744186,2,0.6666666666666666,6,6,1.0,0.0,1.0,1.0,9.0,262,Blocked;Independent,"Blocked(N4, N6 | N1, N7) || Independent(N4, N6 | N1, N7)"
3b4745c527e93abb,4,5,0.007633587786259542,4,0.011627906976744186,2,0.6666666666666666,6,6,1.0,0.0,1.0,1.0,9.0,267,Blocked;Independent,"Blocked(N2, N3 | N1, N5) || Independent(N2, N3 | N1, N5)"
680a0bba9ad66ea3,4,3,0.004580152671755725,3,0.00872093023255814,2,0.6666666666666666,6,6,1.0,0.0,1.0,1.0,9.0,264,Blocked;Independent,"Blocked(N4, N0 | N1, N2) || Independent(N4, N0 | N1, N2)"
990a3503f053f187,4,3,0.004580152671755725,3,0.00872093023255814,1,0.3333333333333333,6,6,1.0,0.0,1.0,1.0,8.0,262,Blocked,"Blocked(N9, N8 | N0, N2)"
32d5a32cfe346656,4,3,0.004580152671755725,3,0.00872093023255814,1,0.3333333333333333,6,6,1.0,0.0,1.0,1.0,8.0,264,Blocked,"Blocked(N7, N3 | N0, N6)"
818ef7f9ce99b1aa,4,5,0.007633587786259542,5,0.014534883720930232,2,0.6666666666666666,6,6,1.0,0.0,1.0,1.0,9.0,262,Blocked;Independent,"Blocked(N2, N4 | N3, N7) || Independent(N2, N4 | N3, N7)"
3a8e93761289540c,4,20,0.030534351145038167,18,0.05232558139534884,2,0.6666666666666666,6,6,1.0,0.0,1.0,1.0,9.0,262,Blocked;Independent,"Blocked(N2, N4 | N0, N1) || Independent(N2, N4 | N0, N1)"
2a9cc9d277e710cc,4,5,0.007633587786259542,4,0.011627906976744186,2,0.6666666666666666,6,6,1.0,0.0,1.0,1.0,9.0,263,Blocked;Independent,"Blocked(N3, N4 | N0, N2) || Independent(N3, N4 | N0, N2)"
b85ecf733ba6e1a7,4,5,0.007633587786259542,5,0.014534883720930232,2,0.6666666666666666,6,6,1.0,0.0,1.0,1.0,9.0,267,Blocked;Independent,"Blocked(N3, N0 | N1, N5) || Independent(N3, N0 | N1, N5)"
55b950ae18c36e21,4,14,0.021374045801526718,8,0.023255813953488372,2,0.6666666666666666,6,6,1.0,0.0,1.0,1.0,9.0,267,Blocked;Independent,"Blocked(N3, N2 | N0, N1) || Independent(N3, N2 | N0, N1)"
6a31b3df9d34a0d5,4,2,0.0030534351145038168,2,0.005813953488372093,1,0.3333333333333333,6,6,1.0,0.0,1.0,1.0,8.0,262,Blocked,"Blocked(N3, N1 | N5, N9)"
0dcffecbe90b2c15,5,3,0.004580152671755725,3,0.00872093023255814,1,0.3333333333333333,6,6,1.0,0.0,1.0,1.0,8.0,262,Independent,"Independent(N5, N1 | N6, N7)"
d9e5d3b5983b11cf,5,3,0.004580152671755725,3,0.00872093023255814,2,0.6666666666666666,6,6,1.0,0.0,1.0,1.0,9.0,262,Blocked;Independent,"Blocked(N7, N9 | N6, N8) || Independent(N7, N9 | N6, N8)"
a263aff69ba8f5e7,4,5,0.007633587786259542,5,0.014534883720930232,2,0.6666666666666666,6,6,1.0,0.0,1.0,1.0,9.0,262,Blocked;Independent,"Blocked(N0, N1 | N2, N6) || Independent(N0, N1 | N2, N6)"
9aadc17ae7ee8532,4,4,0.0061068702290076335,3,0.00872093023255814,2,0.6666666666666666,6,6,1.0,0.0,1.0,1.0,9.0,263,Blocked;Independent,"Blocked(N5, N4 | N3, N7) || Independent(N5, N4 | N3, N7)"
703073e397713d83,4,4,0.0061068702290076335,4,0.011627906976744186,2,0.6666666666666666,6,6,1.0,0.0,1.0,1.0,9.0,263,Blocked;Independent,"Blocked(N4, N2 | N1, N5) || Independent(N4, N2 | N1, N5)"
e5ebd67e26e799d0,4,2,0.0030534351145038168,2,0.005813953488372093,1,0.3333333333333333,6,6,1.0,0.0,1.0,1.0,8.0,262,Independent,"Independent(N3, N7 | N6, N8)"
7cc810e9cb6b848c,4,24,0.0366412213740458,15,0.0436046511627907,2,0.6666666666666666,6,6,1.0,0.0,1.0,1.0,9.0,263,Blocked;Independent,"Blocked(N2, N1 | N0, N3) || Independent(N2, N1 | N0, N3)"
e73eb65a5d6e0409,4,3,0.004580152671755725,2,0.005813953488372093,2,0.6666666666666666,6,6,1.0,0.0,1.0,1.0,9.0,267,Blocked;Independent,"Blocked(N0, N4 | N1, N2) || Independent(N0, N4 | N1, N2)"
ed30c3e887261027,4,5,0.007633587786259542,5,0.014534883720930232,2,0.6666666666666666,6,6,1.0,0.0,1.0,1.0,9.0,263,Blocked;Independent,"Blocked(N5, N1 | N3, N4) || Independent(N5, N1 | N3, N4)"
1d51033f61dc9880,4,1,0.0015267175572519084,1,0.0029069767441860465,1,0.3333333333333333,6,6,1.0,0.0,1.0,1.0,8.0,267,Independent,"Independent(N0, N3 | N5, N8)"
597d047a1add351a,4,4,0.0061068702290076335,4,0.011627906976744186,2,0.6666666666666666,6,6,1.0,0.0,1.0,1.0,9.0,267,Blocked;Independent,"Blocked(N3, N0 | N2, N4) || Independent(N3, N0 | N2, N4)"
da91cc682ba4ae83,4,1,0.0015267175572519084,1,0.0029069767441860465,1,0.3333333333333333,6,6,1.0,0.0,1.0,1.0,8.0,267,Blocked,"Blocked(N0, N5 | N6, N7)"
7420be241f0578cf,4,3,0.004580152671755725,3,0.00872093023255814,2,0.6666666666666666,6,6,1.0,0.0,1.0,1.0,9.0,262,Blocked;Independent,"Blocked(N1, N0 | N4, N6) || Independent(N1, N0 | N4, N6)"
ce4d9e5087899ba5,4,1,0.0015267175572519084,1,0.0029069767441860465,1,0.3333333333333333,6,6,1.0,0.0,1.0,1.0,8.0,271,Blocked,"Blocked(N9, N5 | N6, N8)"
106e9a2bed83752b,4,3,0.004580152671755725,3,0.00872093023255814,1,0.3333333333333333,6,6,1.0,0.0,1.0,1.0,8.0,263,Blocked,"Blocked(N4, N5 | N2, N7)"
fb4ce05275cf7570,4,4,0.0061068702290076335,3,0.00872093023255814,2,0.6666666666666666,6,6,1.0,0.0,1.0,1.0,9.0,267,Blocked;Independent,"Blocked(N2, N5 | N1, N3) || Independent(N2, N5 | N1, N3)"
eac7da6a3c1e8c32,4,4,0.0061068702290076335,3,0.00872093023255814,2,0.6666666666666666,6,6,1.0,0.0,1.0,1.0,9.0,262,Blocked;Independent,"Blocked(N7, N6 | N1, N5) || Independent(N7, N6 | N1, N5)"
3753bd4dda98b282,4,1,0.0015267175572519084,1,0.0029069767441860465,1,0.3333333333333333,6,6,1.0,0.0,1.0,1.0,8.0,262,Blocked,"Blocked(N4, N3 | N6, N9)"
8a9def1c68e9c703,5,5,0.007633587786259542,5,0.014534883720930232,1,0.3333333333333333,6,6,1.0,0.0,1.0,1.0,8.0,262,Independent,"Independent(N3, N5 | N6, N7)"
f50eb1bbc72a7dfd,4,18,0.02748091603053435,11,0.03197674418604651,2,0.6666666666666666,6,6,1.0,0.0,1.0,1.0,9.0,267,Blocked;Independent,"Blocked(N2, N0 | N1, N3) || Independent(N2, N0 | N1, N3)"
f6a37d80ca533720,4,1,0.0015267175572519084,1,0.0029069767441860465,1,0.3333333333333333,6,6,1.0,0.0,1.0,1.0,8.0,262,Blocked,"Blocked(N4, N3 | N6, N7)"
3dc151eb0b94820d,4,3,0.004580152671755725,3,0.00872093023255814,2,0.6666666666666666,6,6,1.0,0.0,1.0,1.0,9.0,263,Blocked;Independent,"Blocked(N4, N0 | N1, N6) || Independent(N4, N0 | N1, N6)"
1fe3b7f2f7e391b8,4,4,0.0061068702290076335,4,0.011627906976744186,2,0.6666666666666666,6,6,1.0,0.0,1.0,1.0,9.0,262,Blocked;Independent,"Blocked(N7, N2 | N0, N3) || Independent(N7, N2 | N0, N3)"
331478ded6e09627,4,6,0.00916030534351145,6,0.01744186046511628,2,0.6666666666666666,6,6,1.0,0.0,1.0,1.0,9.0,262,Blocked;Independent,"Blocked(N0, N6 | N3, N4) || Independent(N0, N6 | N3, N4)"
a95082a2672654d2,4,4,0.0061068702290076335,3,0.00872093023255814,2,0.6666666666666666,6,6,1.0,0.0,1.0,1.0,9.0,267,Blocked;Independent,"Blocked(N1, N5 | N2, N4) || Independent(N1, N5 | N2, N4)"
05a14427844dc9df,4,3,0.004580152671755725,3,0.00872093023255814,2,0.6666666666666666,6,6,1.0,0.0,1.0,1.0,9.0,262,Blocked;Independent,"Blocked(N3, N8 | N2, N6) || Independent(N3, N8 | N2, N6)"
3d636376528da94f,4,15,0.022900763358778626,15,0.0436046511627907,2,0.6666666666666666,6,6,1.0,0.0,1.0,1.0,9.0,262,Blocked;Independent,"Blocked(N4, N0 | N3, N5) || Independent(N4, N0 | N3, N5)"
05235bad9711ae94,4,4,0.0061068702290076335,4,0.011627906976744186,2,0.6666666666666666,6,6,1.0,0.0,1.0,1.0,9.0,264,Blocked;Independent,"Blocked(N1, N4 | N2, N3) || Independent(N1, N4 | N2, N3)"
5988ac791e9896e1,4,6,0.00916030534351145,5,0.014534883720930232,2,0.6666666666666666,6,6,1.0,0.0,1.0,1.0,9.0,262,Blocked;Independent,"Blocked(N3, N0 | N1, N5) || Independent(N3, N0 | N1, N5)"
a13d00349f248f5f,4,20,0.030534351145038167,20,0.05813953488372093,2,0.6666666666666666,6,6,1.0,0.0,1.0,1.0,9.0,262,Blocked;Independent,"Blocked(N5, N2 | N0, N4) || Independent(N5, N2 | N0, N4)"
4ab8549dbe1e8730,4,4,0.0061068702290076335,4,0.011627906976744186,2,0.6666666666666666,6,6,1.0,0.0,1.0,1.0,9.0,262,Blocked;Independent,"Blocked(N1, N5 | N2, N6) || Independent(N1, N5 | N2, N6)"
3cbf55fe11293d1c,4,3,0.004580152671755725,3,0.00872093023255814,2,0.6666666666666666,6,6,1.0,0.0,1.0,1.0,9.0,268,Blocked;Independent,"Blocked(N4, N1 | N0, N2) || Independent(N4, N1 | N0, N2)"
55e01796ee2ee58a,4,1,0.0015267175572519084,1,0.0029069767441860465,1,0.3333333333333333,6,6,1.0,0.0,1.0,1.0,8.0,262,Blocked,"Blocked(N1, N3 | N5, N8)"
632837649fc832db,4,3,0.004580152671755725,2,0.005813953488372093,2,0.6666666666666666,6,6,1.0,0.0,1.0,1.0,9.0,267,Blocked;Independent,"Blocked(N4, N0 | N1, N2) || Independent(N4, N0 | N1, N2)"
da43217e90c1b033,4,3,0.004580152671755725,3,0.00872093023255814,2,0.6666666666666666,6,6,1.0,0.0,1.0,1.0,9.0,264,Blocked;Independent,"Blocked(N4, N6 | N0, N7) || Independent(N4, N6 | N0, N7)"
f4190793797fb449,4,4,0.0061068702290076335,2,0.005813953488372093,2,0.6666666666666666,6,6,1.0,0.0,1.0,1.0,9.0,272,Blocked;Independent,"Blocked(N2, N1 | N0, N3) || Independent(N2, N1 | N0, N3)"
c6628668c578799f,4,7,0.010687022900763359,6,0.01744186046511628,2,0.6666666666666666,6,6,1.0,0.0,1.0,1.0,9.0,267,Blocked;Independent,"Blocked(N1, N5 | N0, N2) || Independent(N1, N5 | N0, N2)"
b1b1417a50c922f5,4,1,0.0015267175572519084,1,0.0029069767441860465,1,0.3333333333333333,6,6,1.0,0.0,1.0,1.0,8.0,267,Blocked,"Blocked(N5, N3 | N6, N7)"
41926da0c612af47,4,4,0.0061068702290076335,4,0.011627906976744186,1,0.3333333333333333,6,6,1.0,0.0,1.0,1.0,8.0,264,Independent,"Independent(N3, N5 | N1, N4)"
0dc7dffbb0b34e13,4,1,0.0015267175572519084,1,0.0029069767441860465,1,0.3333333333333333,6,6,1.0,0.0,1.0,1.0,8.0,262,Blocked,"Blocked(N9, N1 | N5, N8)"
a92b0ddfd61e65aa,4,3,0.004580152671755725,3,0.00872093023255814,1,0.3333333333333333,6,6,1.0,0.0,1.0,1.0,8.0,267,Blocked,"Blocked(N4, N2 | N1, N3)"
2063f9b6d253092b,4,3,0.004580152671755725,3,0.00872093023255814,2,0.6666666666666666,6,6,1.0,0.0,1.0,1.0,9.0,262,Blocked;Independent,"Blocked(N4, N6 | N2, N3) || Independent(N4, N6 | N2, N3)"
fc1dfeb00f27d373,4,3,0.004580152671755725,3,0.00872093023255814,1,0.3333333333333333,6,6,1.0,0.0,1.0,1.0,8.0,262,Independent,"Independent(N0, N6 | N4, N7)"
e87a7799962a1cae,4,5,0.007633587786259542,5,0.014534883720930232,2,0.6666666666666666,6,6,1.0,0.0,1.0,1.0,9.0,263,Blocked;Independent,"Blocked(N0, N4 | N1, N5) || Independent(N0, N4 | N1, N5)"
5e30b20e6e06a88c,4,3,0.004580152671755725,3,0.00872093023255814,2,0.6666666666666666,6,6,1.0,0.0,1.0,1.0,9.0,264,Blocked;Independent,"Blocked(N6, N7 | N0, N2) || Independent(N6, N7 | N0, N2)"
4c8cd4ad928fd703,4,5,0.007633587786259542,4,0.011627906976744186,2,0.6666666666666666,6,6,1.0,0.0,1.0,1.0,9.0,267,Blocked;Independent,"Blocked(N5, N2 | N1, N4) || Independent(N5, N2 | N1, N4)"
98cf3187fcb519fa,4,1,0.0015267175572519084,1,0.0029069767441860465,1,0.3333333333333333,6,6,1.0,0.0,1.0,1.0,8.0,267,Blocked,"Blocked(N3, N5 | N6, N7)"
e60e514c1488f706,4,1,0.0015267175572519084,1,0.0029069767441860465,1,0.3333333333333333,6,6,1.0,0.0,1.0,1.0,8.0,262,Independent,"Independent(N2, N6 | N5, N8)"
a32314925072f7b7,4,1,0.0015267175572519084,1,0.0029069767441860465,1,0.3333333333333333,6,6,1.0,0.0,1.0,1.0,8.0,267,Independent,"Independent(N4, N3 | N6, N7)"
86d6ddc779787298,4,1,0.0015267175572519084,1,0.0029069767441860465,1,0.3333333333333333,6,6,1.0,0.0,1.0,1.0,8.0,267,Blocked,"Blocked(N1, N4 | N6, N9)"
8a03a8dfde7a324f,4,1,0.0015267175572519084,1,0.0029069767441860465,1,0.3333333333333333,6,6,1.0,0.0,1.0,1.0,8.0,272,Independent,"Independent(N4, N2 | N6, N7)"
60e6ad518e28e968,4,3,0.004580152671755725,3,0.00872093023255814,2,0.6666666666666666,6,6,1.0,0.0,1.0,1.0,9.0,262,Blocked;Independent,"Blocked(N6, N4 | N2, N3) || Independent(N6, N4 | N2, N3)"
3cd6c3feda989104,4,5,0.007633587786259542,5,0.014534883720930232,2,0.6666666666666666,6,6,1.0,0.0,1.0,1.0,9.0,262,Blocked;Independent,"Blocked(N0, N2 | N5, N7) || Independent(N0, N2 | N5, N7)"
d0b93994ea429572,4,4,0.0061068702290076335,3,0.00872093023255814,2,0.6666666666666666,6,6,1.0,0.0,1.0,1.0,9.0,263,Blocked;Independent,"Blocked(N1, N5 | N0, N3) || Independent(N1, N5 | N0, N3)"
b76897a5b3648f21,4,3,0.004580152671755725,3,0.00872093023255814,2,0.6666666666666666,6,6,1.0,0.0,1.0,1.0,9.0,262,Blocked;Independent,"Blocked(N2, N9 | N4, N6) || Independent(N2, N9 | N4, N6)"
8551bdfd67999c7a,4,3,0.004580152671755725,3,0.00872093023255814,2,0.6666666666666666,6,6,1.0,0.0,1.0,1.0,9.0,263,Blocked;Independent,"Blocked(N1, N5 | N0, N2) || Independent(N1, N5 | N0, N2)"
c9140b926e49154b,4,1,0.0015267175572519084,1,0.0029069767441860465,1,0.3333333333333333,6,6,1.0,0.0,1.0,1.0,8.0,262,Blocked,"Blocked(N0, N1 | N7, N9)"
5016199170a467e3,4,3,0.004580152671755725,2,0.005813953488372093,2,0.6666666666666666,6,6,1.0,0.0,1.0,1.0,9.0,268,Blocked;Independent,"Blocked(N0, N2 | N1, N5) || Independent(N0, N2 | N1, N5)"
f7d06f807e7a8ff2,5,3,0.004580152671755725,3,0.00872093023255814,2,0.6666666666666666,6,6,1.0,0.0,1.0,1.0,9.0,262,Blocked;Independent,"Blocked(N9, N0 | N5, N7) || Independent(N9, N0 | N5, N7)"
dc58a671807e9521,4,3,0.004580152671755725,2,0.005813953488372093,2,0.6666666666666666,6,6,1.0,0.0,1.0,1.0,9.0,268,Blocked;Independent,"Blocked(N0, N1 | N2, N3) || Independent(N0, N1 | N2, N3)"
f6038a9e9b06a223,4,4,0.0061068702290076335,4,0.011627906976744186,2,0.6666666666666666,6,6,1.0,0.0,1.0,1.0,9.0,263,Blocked;Independent,"Blocked(N3, N1 | N0, N4) || Independent(N3, N1 | N0, N4)"
91012cbee03c9151,4,1,0.0015267175572519084,1,0.0029069767441860465,1,0.3333333333333333,6,6,1.0,0.0,1.0,1.0,8.0,272,Blocked,"Blocked(N9, N2 | N7, N8)"
15dc3088ef14306f,4,2,0.0030534351145038168,2,0.005813953488372093,1,0.3333333333333333,6,6,1.0,0.0,1.0,1.0,8.0,267,Blocked,"Blocked(N3, N4 | N6, N7)"
2fbb4b8bf9571fbd,4,4,0.0061068702290076335,4,0.011627906976744186,1,0.3333333333333333,6,6,1.0,0.0,1.0,1.0,8.0,262,Independent,"Independent(N6, N7 | N2, N4)"
f0256c5ed57692bc,4,4,0.0061068702290076335,4,0.011627906976744186,2,0.6666666666666666,6,6,1.0,0.0,1.0,1.0,9.0,262,Blocked;Independent,"Blocked(N6, N5 | N2, N4) || Independent(N6, N5 | N2, N4)"
2d50e8d50651e0e5,4,6,0.00916030534351145,3,0.00872093023255814,2,0.6666666666666666,6,6,1.0,0.0,1.0,1.0,9.0,277,Blocked;Independent,"Blocked(N1, N0 | N2, N3) || Independent(N1, N0 | N2, N3)"
df58d25222170a4a,4,1,0.0015267175572519084,1,0.0029069767441860465,1,0.3333333333333333,6,6,1.0,0.0,1.0,1.0,8.0,267,Independent,"Independent(N1, N0 | N6, N7)"
12c92baf400d6468,4,4,0.0061068702290076335,4,0.011627906976744186,1,0.3333333333333333,6,6,1.0,0.0,1.0,1.0,8.0,264,Independent,"Independent(N4, N3 | N2, N5)"
43f8b0169c87129e,4,4,0.0061068702290076335,3,0.00872093023255814,2,0.6666666666666666,6,6,1.0,0.0,1.0,1.0,9.0,268,Blocked;Independent,"Blocked(N2, N1 | N0, N3) || Independent(N2, N1 | N0, N3)"
033218bbfb11ac7c,4,3,0.004580152671755725,3,0.00872093023255814,1,0.3333333333333333,6,6,1.0,0.0,1.0,1.0,8.0,268,Independent,"Independent(N7, N0 | N3, N5)"
6c52d060ce50636f,4,3,0.004580152671755725,2,0.005813953488372093,2,0.6666666666666666,6,6,1.0,0.0,1.0,1.0,9.0,272,Blocked;Independent,"Blocked(N1, N2 | N3, N4) || Independent(N1, N2 | N3, N4)"
73f36184d7e49af9,4,20,0.030534351145038167,20,0.05813953488372093,2,0.6666666666666666,6,6,1.0,0.0,1.0,1.0,9.0,262,Blocked;Independent,"Blocked(N4, N2 | N1, N3) || Independent(N4, N2 | N1, N3)"
1ebddb49f229f7ad,4,19,0.02900763358778626,11,0.03197674418604651,2,0.6666666666666666,6,6,1.0,0.0,1.0,1.0,9.0,267,Blocked;Independent,"Blocked(N3, N0 | N1, N2) || Independent(N3, N0 | N1, N2)"
41ba681c11f59a15,4,3,0.004580152671755725,3,0.00872093023255814,2,0.6666666666666666,6,6,1.0,0.0,1.0,1.0,9.0,267,Blocked;Independent,"Blocked(N3, N4 | N1, N5) || Independent(N3, N4 | N1, N5)"
8e6529ba881d0310,4,3,0.004580152671755725,3,0.00872093023255814,2,0.6666666666666666,6,6,1.0,0.0,1.0,1.0,9.0,267,Blocked;Independent,"Blocked(N1, N2 | N3, N5) || Independent(N1, N2 | N3, N5)"
1acc26d011eb9d73,4,1,0.0015267175572519084,1,0.0029069767441860465,1,0.3333333333333333,6,6,1.0,0.0,1.0,1.0,8.0,262,Blocked,"Blocked(N0, N6 | N5, N9)"
c37d3787377c1b6d,4,4,0.0061068702290076335,4,0.011627906976744186,2,0.6666666666666666,6,6,1.0,0.0,1.0,1.0,9.0,264,Blocked;Independent,"Blocked(N1, N0 | N2, N5) || Independent(N1, N0 | N2, N5)"
21ccd27bb9b665d7,4,2,0.0030534351145038168,2,0.005813953488372093,1,0.3333333333333333,6,6,1.0,0.0,1.0,1.0,8.0,262,Independent,"Independent(N2, N9 | N6, N7)"
fc127323f731f7f1,4,3,0.004580152671755725,3,0.00872093023255814,2,0.6666666666666666,6,6,1.0,0.0,1.0,1.0,9.0,263,Blocked;Independent,"Blocked(N6, N3 | N0, N2) || Independent(N6, N3 | N0, N2)"
244d38c66464a59b,4,3,0.004580152671755725,3,0.00872093023255814,2,0.6666666666666666,6,6,1.0,0.0,1.0,1.0,9.0,268,Blocked;Independent,"Blocked(N4, N1 | N3, N5) || Independent(N4, N1 | N3, N5)"
7980ebb2af48b181,4,1,0.0015267175572519084,1,0.0029069767441860465,1,0.3333333333333333,6,6,1.0,0.0,1.0,1.0,8.0,262,Blocked,"Blocked(N3, N0 | N6, N9)"
6f3111b603d3ce6e,4,1,0.0015267175572519084,1,0.0029069767441860465,1,0.3333333333333333,6,6,1.0,0.0,1.0,1.0,8.0,262,Blocked,"Blocked(N0, N4 | N6, N7)"
140e530d66c0decd,4,3,0.004580152671755725,3,0.00872093023255814,2,0.6666666666666666,6,6,1.0,0.0,1.0,1.0,9.0,268,Blocked;Independent,"Blocked(N1, N3 | N4, N5) || Independent(N1, N3 | N4, N5)"
6b7fbdff8ee9877a,4,6,0.00916030534351145,5,0.014534883720930232,2,0.6666666666666666,6,6,1.0,0.0,1.0,1.0,9.0,267,Blocked;Independent,"Blocked(N2, N0 | N1, N5) || Independent(N2, N0 | N1, N5)"
9610e14c901e2697,4,14,0.021374045801526718,12,0.03488372093023256,2,0.6666666666666666,6,6,1.0,0.0,1.0,1.0,9.0,262,Blocked;Independent,"Blocked(N5, N4 | N2, N3) || Independent(N5, N4 | N2, N3)"
c9745c1ca7dbdadf,4,3,0.004580152671755725,3,0.00872093023255814,2,0.6666666666666666,6,6,1.0,0.0,1.0,1.0,9.0,262,Blocked;Independent,"Blocked(N2, N9 | N5, N6) || Independent(N2, N9 | N5, N6)"
35fb808db0e3c5c0,4,1,0.0015267175572519084,1,0.0029069767441860465,1,0.3333333333333333,6,6,1.0,0.0,1.0,1.0,8.0,262,Blocked,"Blocked(N6, N9 | N5, N7)"
b26ad2cbc8b84b08,4,4,0.0061068702290076335,4,0.011627906976744186,2,0.6666666666666666,6,6,1.0,0.0,1.0,1.0,9.0,264,Blocked;Independent,"Blocked(N1, N7 | N3, N4) || Independent(N1, N7 | N3, N4)"
08cb0f52e0b14217,4,4,0.0061068702290076335,4,0.011627906976744186,2,0.6666666666666666,6,6,1.0,0.0,1.0,1.0,9.0,264,Blocked;Independent,"Blocked(N1, N5 | N3, N4) || Independent(N1, N5 | N3, N4)"
376ebdd96424eaf6,4,10,0.015267175572519083,5,0.014534883720930232,2,0.6666666666666666,6,6,1.0,0.0,1.0,1.0,9.0,268,Blocked;Independent,"Blocked(N1, N3 | N0, N2) || Independent(N1, N3 | N0, N2)"
4114024aa1be5059,4,4,0.0061068702290076335,4,0.011627906976744186,2,0.6666666666666666,6,6,1.0,0.0,1.0,1.0,9.0,262,Blocked;Independent,"Blocked(N6, N0 | N3, N7) || Independent(N6, N0 | N3, N7)"
35f0dad35297457e,4,3,0.004580152671755725,3,0.00872093023255814,2,0.6666666666666666,6,6,1.0,0.0,1.0,1.0,9.0,262,Blocked;Independent,"Blocked(N4, N2 | N1, N7) || Independent(N4, N2 | N1, N7)"
5c281ae0401dd56f,4,1,0.0015267175572519084,1,0.0029069767441860465,1,0.3333333333333333,6,6,1.0,0.0,1.0,1.0,8.0,262,Independent,"Independent(N3, N8 | N7, N9)"
a098616fc39321e4,4,1,0.0015267175572519084,1,0.0029069767441860465,1,0.3333333333333333,6,6,1.0,0.0,1.0,1.0,8.0,267,Independent,"Independent(N4, N2 | N7, N9)"
2071b6b393da5318,4,3,0.004580152671755725,3,0.00872093023255814,2,0.6666666666666666,6,6,1.0,0.0,1.0,1.0,9.0,263,Blocked;Independent,"Blocked(N6, N2 | N0, N7) || Independent(N6, N2 | N0, N7)"
b8b264fbe8778cb1,4,4,0.0061068702290076335,4,0.011627906976744186,2,0.6666666666666666,6,6,1.0,0.0,1.0,1.0,9.0,262,Blocked;Independent,"Blocked(N7, N1 | N4, N6) || Independent(N7, N1 | N4, N6)"
229361af823b655e,4,5,0.007633587786259542,5,0.014534883720930232,2,0.6666666666666666,6,6,1.0,0.0,1.0,1.0,9.0,264,Blocked;Independent,"Blocked(N0, N2 | N4, N5) || Independent(N0, N2 | N4, N5)"
f6771274c846c0ed,4,3,0.004580152671755725,3,0.00872093023255814,2,0.6666666666666666,6,6,1.0,0.0,1.0,1.0,9.0,263,Blocked;Independent,"Blocked(N0, N3 | N1, N7) || Independent(N0, N3 | N1, N7)"
05cf201d76bfa901,4,1,0.0015267175572519084,1,0.0029069767441860465,1,0.3333333333333333,6,6,1.0,0.0,1.0,1.0,8.0,267,Independent,"Independent(N3, N1 | N5, N8)"
d5d37d430128ea50,4,1,0.0015267175572519084,1,0.0029069767441860465,1,0.3333333333333333,6,6,1.0,0.0,1.0,1.0,8.0,272,Independent,"Independent(N0, N1 | N6, N7)"
cff51ed48bc458f2,4,1,0.0015267175572519084,1,0.0029069767441860465,1,0.3333333333333333,6,6,1.0,0.0,1.0,1.0,8.0,277,Independent,"Independent(N0, N8 | N7, N9)"
8dff731fe955e701,4,1,0.0015267175572519084,1,0.0029069767441860465,1,0.3333333333333333,6,6,1.0,0.0,1.0,1.0,8.0,267,Blocked,"Blocked(N4, N1 | N6, N7)"
3e7189ecee46397a,4,1,0.0015267175572519084,1,0.0029069767441860465,1,0.3333333333333333,6,6,1.0,0.0,1.0,1.0,8.0,262,Independent,"Independent(N1, N6 | N8, N9)"
63f26114f42cad2f,4,3,0.004580152671755725,3,0.00872093023255814,2,0.6666666666666666,6,6,1.0,0.0,1.0,1.0,9.0,264,Blocked;Independent,"Blocked(N4, N6 | N3, N7) || Independent(N4, N6 | N3, N7)"
6625597b213c6132,4,1,0.0015267175572519084,1,0.0029069767441860465,1,0.3333333333333333,6,6,1.0,0.0,1.0,1.0,8.0,267,Independent,"Independent(N3, N6 | N8, N9)"
662c6eeb6ca00296,4,4,0.0061068702290076335,2,0.005813953488372093,2,0.6666666666666666,6,6,1.0,0.0,1.0,1.0,9.0,267,Blocked;Independent,"Blocked(N5, N4 | N1, N3) || Independent(N5, N4 | N1, N3)"
e6639ef6c5ad4acd,4,4,0.0061068702290076335,4,0.011627906976744186,2,0.6666666666666666,6,6,1.0,0.0,1.0,1.0,9.0,263,Blocked;Independent,"Blocked(N4, N2 | N0, N3) || Independent(N4, N2 | N0, N3)"
56717e5083b7a1eb,4,1,0.0015267175572519084,1,0.0029069767441860465,1,0.3333333333333333,6,6,1.0,0.0,1.0,1.0,8.0,267,Blocked,"Blocked(N1, N2 | N6, N7)"
ef305a3756166750,4,3,0.004580152671755725,3,0.00872093023255814,1,0.3333333333333333,6,6,1.0,0.0,1.0,1.0,8.0,262,Independent,"Independent(N6, N3 | N2, N8)"
317ae3f377af4743,4,1,0.0015267175572519084,1,0.0029069767441860465,1,0.3333333333333333,6,6,1.0,0.0,1.0,1.0,8.0,267,Blocked,"Blocked(N5, N6 | N8, N9)"
723210e03435299f,4,4,0.0061068702290076335,3,0.00872093023255814,2,0.6666666666666666,6,6,1.0,0.0,1.0,1.0,9.0,272,Blocked;Independent,"Blocked(N3, N2 | N0, N1) || Independent(N3, N2 | N0, N1)"
3ff2d53bd7bafe8c,4,4,0.0061068702290076335,3,0.00872093023255814,2,0.6666666666666666,6,6,1.0,0.0,1.0,1.0,9.0,263,Blocked;Independent,"Blocked(N0, N5 | N2, N3) || Independent(N0, N5 | N2, N3)"
6ea671186b5179ca,4,3,0.004580152671755725,2,0.005813953488372093,2,0.6666666666666666,6,6,1.0,0.0,1.0,1.0,9.0,263,Blocked;Independent,"Blocked(N5, N3 | N0, N2) || Independent(N5, N3 | N0, N2)"
2b3fe45db5cba488,4,19,0.02900763358778626,19,0.055232558139534885,2,0.6666666666666666,6,6,1.0,0.0,1.0,1.0,9.0,262,Blocked;Independent,"Blocked(N4, N1 | N0, N5) || Independent(N4, N1 | N0, N5)"
b54c3292cab4779b,4,5,0.007633587786259542,5,0.014534883720930232,2,0.6666666666666666,6,6,1.0,0.0,1.0,1.0,9.0,262,Blocked;Independent,"Blocked(N3, N7 | N1, N2) || Independent(N3, N7 | N1, N2)"
22bf0be6429ddd3b,4,4,0.0061068702290076335,2,0.005813953488372093,2,0.6666666666666666,6,6,1.0,0.0,1.0,1.0,9.0,283,Blocked;Independent,"Blocked(N1, N2 | N0, N3) || Independent(N1, N2 | N0, N3)"
2e1d798080ab63a1,4,1,0.0015267175572519084,1,0.0029069767441860465,1,0.3333333333333333,6,6,1.0,0.0,1.0,1.0,8.0,262,Independent,"Independent(N4, N1 | N6, N9)"
20d77ec6974b1f6e,4,112,0.17099236641221374,63,0.18313953488372092,2,0.6666666666666666,6,6,1.0,0.0,1.0,1.0,9.0,262,Blocked;Independent,"Blocked(N0, N3 | N1, N2) || Independent(N0, N3 | N1, N2)"
9a6dcf3c69f3db6e,4,3,0.004580152671755725,3,0.00872093023255814,2,0.6666666666666666,6,6,1.0,0.0,1.0,1.0,9.0,262,Blocked;Independent,"Blocked(N5, N3 | N0, N6) || Independent(N5, N3 | N0, N6)"
b6e5d5fa76e732c2,4,2,0.0030534351145038168,2,0.005813953488372093,1,0.3333333333333333,6,6,1.0,0.0,1.0,1.0,8.0,262,Blocked,"Blocked(N0, N1 | N6, N7)"
13fd8a3c63a446c7,5,4,0.0061068702290076335,4,0.011627906976744186,2,0.6666666666666666,6,6,1.0,0.0,1.0,1.0,9.0,262,Blocked;Independent,"Blocked(N4, N0 | N6, N7) || Independent(N4, N0 | N6, N7)"
71eb471eace1d536,4,11,0.016793893129770993,10,0.029069767441860465,2,0.6666666666666666,6,6,1.0,0.0,1.0,1.0,9.0,262,Blocked;Independent,"Blocked(N5, N1 | N2, N3) || Independent(N5, N1 | N2, N3)"
903143b67f46b789,4,4,0.0061068702290076335,4,0.011627906976744186,2,0.6666666666666666,6,6,1.0,0.0,1.0,1.0,9.0,262,Blocked;Independent,"Blocked(N7, N1 | N3, N4) || Independent(N7, N1 | N3, N4)"
602881c6ad9cf94f,4,4,0.0061068702290076335,4,0.011627906976744186,2,0.6666666666666666,6,6,1.0,0.0,1.0,1.0,9.0,262,Blocked;Independent,"Blocked(N7, N1 | N5, N6) || Independent(N7, N1 | N5, N6)"
2a7c02bd5a89327a,4,1,0.0015267175572519084,1,0.0029069767441860465,1,0.3333333333333333,6,6,1.0,0.0,1.0,1.0,8.0,267,Independent,"Independent(N4, N2 | N7, N8)"
e0655657883a6ba6,4,4,0.0061068702290076335,4,0.011627906976744186,1,0.3333333333333333,6,6,1.0,0.0,1.0,1.0,8.0,267,Blocked,"Blocked(N0, N5 | N1, N3)"
ecb4e324de5f50df,4,3,0.004580152671755725,3,0.00872093023255814,2,0.6666666666666666,6,6,1.0,0.0,1.0,1.0,9.0,267,Blocked;Independent,"Blocked(N1, N5 | N0, N4) || Independent(N1, N5 | N0, N4)"
2bf9bccf803aad0d,4,4,0.0061068702290076335,4,0.011627906976744186,1,0.3333333333333333,6,6,1.0,0.0,1.0,1.0,8.0,262,Blocked,"Blocked(N7, N2 | N1, N5)"
c0655961f920149b,4,5,0.007633587786259542,4,0.011627906976744186,2,0.6666666666666666,6,6,1.0,0.0,1.0,1.0,9.0,267,Blocked;Independent,"Blocked(N5, N3 | N0, N4) || Independent(N5, N3 | N0, N4)"
781c72eb8ad45fd7,4,7,0.010687022900763359,6,0.01744186046511628,2,0.6666666666666666,6,6,1.0,0.0,1.0,1.0,9.0,263,Blocked;Independent,"Blocked(N4, N3 | N2, N5) || Independent(N4, N3 | N2, N5)"
a380433de25aec30,4,3,0.004580152671755725,3,0.00872093023255814,1,0.3333333333333333,6,6,1.0,0.0,1.0,1.0,8.0,264,Independent,"Independent(N1, N5 | N0, N6)"
3caf18b798e07dc7,4,2,0.0030534351145038168,2,0.005813953488372093,1,0.3333333333333333,6,6,1.0,0.0,1.0,1.0,8.0,267,Blocked,"Blocked(N6, N1 | N7, N9)"
95b6172b00e37381,4,4,0.0061068702290076335,2,0.005813953488372093,2,0.6666666666666666,6,6,1.0,0.0,1.0,1.0,9.0,271,Blocked;Independent,"Blocked(N1, N0 | N2, N3) || Independent(N1, N0 | N2, N3)"
e49f31879d2933f6,4,3,0.004580152671755725,2,0.005813953488372093,2,0.6666666666666666,6,6,1.0,0.0,1.0,1.0,9.0,268,Blocked;Independent,"Blocked(N4, N7 | N0, N3) || Independent(N4, N7 | N0, N3)"
3fa996dc89fed273,5,3,0.004580152671755725,3,0.00872093023255814,2,0.6666666666666666,6,6,1.0,0.0,1.0,1.0,9.0,262,Blocked;Independent,"Blocked(N1, N4 | N7, N8) || Independent(N1, N4 | N7, N8)"
ddc91eb099693cb7,4,3,0.004580152671755725,3,0.00872093023255814,2,0.6666666666666666,6,6,1.0,0.0,1.0,1.0,9.0,267,Blocked;Independent,"Blocked(N4, N5 | N0, N2) || Independent(N4, N5 | N0, N2)"
977732325e219228,4,1,0.0015267175572519084,1,0.0029069767441860465,1,0.3333333333333333,6,6,1.0,0.0,1.0,1.0,8.0,262,Blocked,"Blocked(N6, N8 | N7, N9)"
62964562b392a54a,4,7,0.010687022900763359,4,0.011627906976744186,2,0.6666666666666666,6,6,1.0,0.0,1.0,1.0,9.0,272,Blocked;Independent,"Blocked(N1, N3 | N0, N2) || Independent(N1, N3 | N0, N2)"
31f349361c0358b0,4,3,0.004580152671755725,2,0.005813953488372093,2,0.6666666666666666,6,6,1.0,0.0,1.0,1.0,9.0,268,Blocked;Independent,"Blocked(N3, N1 | N0, N2) || Independent(N3, N1 | N0, N2)"
85c2d481dd5723af,4,3,0.004580152671755725,3,0.00872093023255814,2,0.6666666666666666,6,6,1.0,0.0,1.0,1.0,9.0,263,Blocked;Independent,"Blocked(N5, N1 | N4, N7) || Independent(N5, N1 | N4, N7)"
ee8988c4404eeca7,4,20,0.030534351145038167,19,0.055232558139534885,2,0.6666666666666666,6,6,1.0,0.0,1.0,1.0,9.0,262,Blocked;Independent,"Blocked(N0, N2 | N3, N4) || Independent(N0, N2 | N3, N4)"
2daef5206db3ab6b,4,3,0.004580152671755725,3,0.00872093023255814,1,0.3333333333333333,6,6,1.0,0.0,1.0,1.0,8.0,262,Blocked,"Blocked(N0, N2 | N5, N6)"
1282a0f3a7c1aba0,4,1,0.0015267175572519084,1,0.0029069767441860465,1,0.3333333333333333,6,6,1.0,0.0,1.0,1.0,8.0,272,Blocked,"Blocked(N0, N3 | N6, N7)"
1631a9e316b4a0da,4,11,0.016793893129770993,6,0.01744186046511628,2,0.6666666666666666,6,6,1.0,0.0,1.0,1.0,9.0,267,Blocked;Independent,"Blocked(N2, N3 | N0, N1) || Independent(N2, N3 | N0, N1)"
06fcb98a1981ecb5,4,3,0.004580152671755725,3,0.00872093023255814,1,0.3333333333333333,6,6,1.0,0.0,1.0,1.0,8.0,263,Independent,"Independent(N6, N5 | N2, N4)"
742215ecb1381e7d,4,1,0.0015267175572519084,1,0.0029069767441860465,1,0.3333333333333333,6,6,1.0,0.0,1.0,1.0,8.0,262,Independent,"Independent(N1, N0 | N5, N8)"
738e6e32426d5849,4,3,0.004580152671755725,3,0.00872093023255814,2,0.6666666666666666,6,6,1.0,0.0,1.0,1.0,9.0,263,Blocked;Independent,"Blocked(N2, N4 | N0, N3) || Independent(N2, N4 | N0, N3)"
b745a37fd2de1f45,4,3,0.004580152671755725,2,0.005813953488372093,2,0.6666666666666666,6,6,1.0,0.0,1.0,1.0,9.0,266,Blocked;Independent,"Blocked(N2, N1 | N0, N3) || Independent(N2, N1 | N0, N3)"
88a581a5a1c19445,4,1,0.0015267175572519084,1,0.0029069767441860465,1,0.3333333333333333,6,6,1.0,0.0,1.0,1.0,8.0,272,Blocked,"Blocked(N1, N4 | N5, N9)"
93b185c4b0dc160b,4,4,0.0061068702290076335,4,0.011627906976744186,2,0.6666666666666666,6,6,1.0,0.0,1.0,1.0,9.0,262,Blocked;Independent,"Blocked(N7, N4 | N2, N5) || Independent(N7, N4 | N2, N5)"
84b3171af69c23fc,4,5,0.007633587786259542,4,0.011627906976744186,2,0.6666666666666666,6,6,1.0,0.0,1.0,1.0,9.0,264,Blocked;Independent,"Blocked(N2, N0 | N1, N5) || Independent(N2, N0 | N1, N5)"
2305da12c27bbc2a,4,5,0.007633587786259542,5,0.014534883720930232,2,0.6666666666666666,6,6,1.0,0.0,1.0,1.0,9.0,262,Blocked;Independent,"Blocked(N7, N1 | N0, N4) || Independent(N7, N1 | N0, N4)"
ee7248f7b523177b,4,4,0.0061068702290076335,4,0.011627906976744186,2,0.6666666666666666,6,6,1.0,0.0,1.0,1.0,9.0,263,Blocked;Independent,"Blocked(N1, N2 | N0, N5) || Independent(N1, N2 | N0, N5)"
579c944883b9fbf5,4,3,0.004580152671755725,3,0.00872093023255814,1,0.3333333333333333,6,6,1.0,0.0,1.0,1.0,8.0,264,Independent,"Independent(N4, N9 | N5, N6)"
1b148d72191bd988,4,3,0.004580152671755725,3,0.00872093023255814,2,0.6666666666666666,6,6,1.0,0.0,1.0,1.0,9.0,263,Blocked;Independent,"Blocked(N5, N7 | N0, N1) || Independent(N5, N7 | N0, N1)"
74fac01eb4647631,4,1,0.0015267175572519084,1,0.0029069767441860465,1,0.3333333333333333,6,6,1.0,0.0,1.0,1.0,8.0,262,Independent,"Independent(N3, N8 | N6, N9)"
ec1ae29563426280,4,9,0.013740458015267175,9,0.02616279069767442,2,0.6666666666666666,6,6,1.0,0.0,1.0,1.0,9.0,262,Blocked;Independent,"Blocked(N1, N3 | N4, N5) || Independent(N1, N3 | N4, N5)"
b07c5bcddde61308,4,1,0.0015267175572519084,1,0.0029069767441860465,1,0.3333333333333333,6,6,1.0,0.0,1.0,1.0,8.0,262,Blocked,"Blocked(N1, N6 | N7, N9)"
05edbf39ddb525a9,4,3,0.004580152671755725,2,0.005813953488372093,2,0.6666666666666666,6,6,1.0,0.0,1.0,1.0,9.0,267,Blocked;Independent,"Blocked(N3, N6 | N4, N5) || Independent(N3, N6 | N4, N5)"
70ca1db851b691f7,4,3,0.004580152671755725,3,0.00872093023255814,1,0.3333333333333333,6,6,1.0,0.0,1.0,1.0,8.0,264,Blocked,"Blocked(N9, N6 | N0, N8)"
ddd9e3624b33c364,4,5,0.007633587786259542,4,0.011627906976744186,2,0.6666666666666666,6,6,1.0,0.0,1.0,1.0,9.0,263,Blocked;Independent,"Blocked(N4, N3 | N1, N2) || Independent(N4, N3 | N1, N2)"
d5c1642b20b27428,5,3,0.004580152671755725,3,0.00872093023255814,2,0.6666666666666666,6,6,1.0,0.0,1.0,1.0,9.0,262,Blocked;Independent,"Blocked(N1, N5 | N6, N7) || Independent(N1, N5 | N6, N7)"
0f11c8ee8011bdb8,4,3,0.004580152671755725,2,0.005813953488372093,2,0.6666666666666666,6,6,1.0,0.0,1.0,1.0,9.0,272,Blocked;Independent,"Blocked(N3, N0 | N1, N2) || Independent(N3, N0 | N1, N2)"
ccb36ce47eba9fdf,4,16,0.024427480916030534,15,0.0436046511627907,2,0.6666666666666666,6,6,1.0,0.0,1.0,1.0,9.0,262,Blocked;Independent,"Blocked(N2, N4 | N1, N5) || Independent(N2, N4 | N1, N5)"
afd179c8bf1456c6,4,17,0.025954198473282442,16,0.046511627906976744,2,0.6666666666666666,6,6,1.0,0.0,1.0,1.0,9.0,262,Blocked;Independent,"Blocked(N5, N3 | N0, N2) || Independent(N5, N3 | N0, N2)"
573f42f75bee6fe7,4,1,0.0015267175572519084,1,0.0029069767441860465,1,0.3333333333333333,6,6,1.0,0.0,1.0,1.0,8.0,262,Independent,"Independent(N5, N8 | N7, N9)"
7f3dc5d478e2396b,4,8,0.012213740458015267,8,0.023255813953488372,2,0.6666666666666666,6,6,1.0,0.0,1.0,1.0,9.0,262,Blocked;Independent,"Blocked(N1, N7 | N5, N6) || Independent(N1, N7 | N5, N6)"
6850fb7bf0ece449,4,7,0.010687022900763359,6,0.01744186046511628,2,0.6666666666666666,6,6,1.0,0.0,1.0,1.0,9.0,262,Blocked;Independent,"Blocked(N3, N6 | N2, N7) || Independent(N3, N6 | N2, N7)"
e27bc488bec67e96,4,16,0.024427480916030534,15,0.0436046511627907,2,0.6666666666666666,6,6,1.0,0.0,1.0,1.0,9.0,262,Blocked;Independent,"Blocked(N1, N5 | N3, N4) || Independent(N1, N5 | N3, N4)"
394b7360d3916f87,4,5,0.007633587786259542,5,0.014534883720930232,2,0.6666666666666666,6,6,1.0,0.0,1.0,1.0,9.0,264,Blocked;Independent,"Blocked(N2, N1 | N4, N5) || Independent(N2, N1 | N4, N5)"
049e4a10ddf0c797,4,4,0.0061068702290076335,4,0.011627906976744186,2,0.6666666666666666,6,6,1.0,0.0,1.0,1.0,9.0,262,Blocked;Independent,"Blocked(N3, N6 | N2, N8) || Independent(N3, N6 | N2, N8)"
41d57c8a68bddaf8,4,3,0.004580152671755725,3,0.00872093023255814,2,0.6666666666666666,6,6,1.0,0.0,1.0,1.0,9.0,264,Blocked;Independent,"Blocked(N9, N2 | N3, N4) || Independent(N9, N2 | N3, N4)"
0891568bff9ee851,4,1,0.0015267175572519084,1,0.0029069767441860465,1,0.3333333333333333,6,6,1.0,0.0,1.0,1.0,8.0,267,Blocked,"Blocked(N4, N0 | N6, N7)"
75869436e00944f0,4,3,0.004580152671755725,3,0.00872093023255814,2,0.6666666666666666,6,6,1.0,0.0,1.0,1.0,9.0,262,Blocked;Independent,"Blocked(N7, N4 | N3, N8) || Independent(N7, N4 | N3, N8)"
fecac9f48144a62d,4,4,0.0061068702290076335,3,0.00872093023255814,2,0.6666666666666666,6,6,1.0,0.0,1.0,1.0,9.0,267,Blocked;Independent,"Blocked(N5, N2 | N1, N3) || Independent(N5, N2 | N1, N3)"
55ebf9f333eaa12e,4,3,0.004580152671755725,3,0.00872093023255814,2,0.6666666666666666,6,6,1.0,0.0,1.0,1.0,9.0,263,Blocked;Independent,"Blocked(N1, N0 | N5, N6) || Independent(N1, N0 | N5, N6)"
cb4a904f9aae0bac,4,3,0.004580152671755725,3,0.00872093023255814,2,0.6666666666666666,6,6,1.0,0.0,1.0,1.0,9.0,262,Blocked;Independent,"Blocked(N0, N2 | N4, N7) || Independent(N0, N2 | N4, N7)"
2d49bad4ce5f8648,4,1,0.0015267175572519084,1,0.0029069767441860465,1,0.3333333333333333,6,6,1.0,0.0,1.0,1.0,8.0,267,Blocked,"Blocked(N2, N5 | N6, N7)"
0452583c4cd73d76,4,3,0.004580152671755725,3,0.00872093023255814,2,0.6666666666666666,6,6,1.0,0.0,1.0,1.0,9.0,273,Blocked;Independent,"Blocked(N4, N3 | N0, N1) || Independent(N4, N3 | N0, N1)"
d7042b8894f00ae9,4,4,0.0061068702290076335,4,0.011627906976744186,2,0.6666666666666666,6,6,1.0,0.0,1.0,1.0,9.0,264,Blocked;Independent,"Blocked(N0, N3 | N2, N5) || Independent(N0, N3 | N2, N5)"
24a0803e2dc1b489,4,7,0.010687022900763359,7,0.020348837209302327,2,0.6666666666666666,6,6,1.0,0.0,1.0,1.0,9.0,262,Blocked;Independent,"Blocked(N7, N1 | N2, N5) || Independent(N7, N1 | N2, N5)"
517c4054ec6f3949,4,5,0.007633587786259542,5,0.014534883720930232,2,0.6666666666666666,6,6,1.0,0.0,1.0,1.0,9.0,262,Blocked;Independent,"Blocked(N2, N6 | N4, N5) || Independent(N2, N6 | N4, N5)"
6352ea8ab731d9e7,4,5,0.007633587786259542,5,0.014534883720930232,2,0.6666666666666666,6,6,1.0,0.0,1.0,1.0,9.0,267,Blocked;Independent,"Blocked(N5, N4 | N1, N3) || Independent(N5, N4 | N1, N3)"
f2e9019e9a9e4c9f,4,4,0.0061068702290076335,4,0.011627906976744186,2,0.6666666666666666,6,6,1.0,0.0,1.0,1.0,9.0,262,Blocked;Independent,"Blocked(N5, N7 | N1, N6) || Independent(N5, N7 | N1, N6)"
90c26ef6e21e001b,4,16,0.024427480916030534,9,0.02616279069767442,2,0.6666666666666666,6,6,1.0,0.0,1.0,1.0,9.0,267,Blocked;Independent,"Blocked(N2, N3 | N0, N1) || Independent(N2, N3 | N0, N1)"
fc9eea2fd7e35938,4,3,0.004580152671755725,3,0.00872093023255814,1,0.3333333333333333,6,6,1.0,0.0,1.0,1.0,8.0,264,Blocked,"Blocked(N7, N1 | N3, N5)"
914a269009939d4f,4,1,0.0015267175572519084,1,0.0029069767441860465,1,0.3333333333333333,6,6,1.0,0.0,1.0,1.0,8.0,272,Blocked,"Blocked(N7, N6 | N5, N8)"
fc1ca35c508e248d,4,3,0.004580152671755725,3,0.00872093023255814,1,0.3333333333333333,6,6,1.0,0.0,1.0,1.0,8.0,268,Independent,"Independent(N6, N3 | N2, N4)"
91a95e34979eb4f6,4,6,0.00916030534351145,6,0.01744186046511628,2,0.6666666666666666,6,6,1.0,0.0,1.0,1.0,9.0,262,Blocked;Independent,"Blocked(N7, N2 | N0, N5) || Independent(N7, N2 | N0, N5)"
539500e1badbee80,4,17,0.025954198473282442,15,0.0436046511627907,2,0.6666666666666666,6,6,1.0,0.0,1.0,1.0,9.0,262,Blocked;Independent,"Blocked(N3, N4 | N1, N2) || Independent(N3, N4 | N1, N2)"
feb4516726187ec2,4,4,0.0061068702290076335,3,0.00872093023255814,2,0.6666666666666666,6,6,1.0,0.0,1.0,1.0,9.0,273,Blocked;Independent,"Blocked(N0, N4 | N1, N2) || Independent(N0, N4 | N1, N2)"
1fda11cbca150c80,4,3,0.004580152671755725,3,0.00872093023255814,2,0.6666666666666666,6,6,1.0,0.0,1.0,1.0,9.0,262,Blocked;Independent,"Blocked(N7, N8 | N4, N5) || Independent(N7, N8 | N4, N5)"
d4e0300674236c78,4,2,0.0030534351145038168,2,0.005813953488372093,2,0.6666666666666666,6,6,1.0,0.0,1.0,1.0,9.0,262,Blocked;Independent,"Blocked(N5, N3 | N7, N8) || Independent(N5, N3 | N7, N8)"
79c814b04cc48bbb,4,3,0.004580152671755725,3,0.00872093023255814,2,0.6666666666666666,6,6,1.0,0.0,1.0,1.0,9.0,262,Blocked;Independent,"Blocked(N7, N6 | N0, N2) || Independent(N7, N6 | N0, N2)"
717b33b2b27d6fed,4,3,0.004580152671755725,3,0.00872093023255814,2,0.6666666666666666,6,6,1.0,0.0,1.0,1.0,9.0,262,Blocked;Independent,"Blocked(N6, N3 | N0, N4) || Independent(N6, N3 | N0, N4)"
0cb491ff7a53450e,4,3,0.004580152671755725,3,0.00872093023255814,1,0.3333333333333333,6,6,1.0,0.0,1.0,1.0,8.0,264,Blocked,"Blocked(N1, N0 | N2, N7)"
47e6517d7e4d813d,4,7,0.010687022900763359,7,0.020348837209302327,2,0.6666666666666666,6,6,1.0,0.0,1.0,1.0,9.0,262,Blocked;Independent,"Blocked(N4, N6 | N0, N7) || Independent(N4, N6 | N0, N7)"
6cec1fa7f0e6ec66,4,3,0.004580152671755725,3,0.00872093023255814,2,0.6666666666666666,6,6,1.0,0.0,1.0,1.0,9.0,267,Blocked;Independent,"Blocked(N3, N6 | N0, N7) || Independent(N3, N6 | N0, N7)"
f47945314f930156,4,1,0.0015267175572519084,1,0.0029069767441860465,1,0.3333333333333333,6,6,1.0,0.0,1.0,1.0,8.0,262,Independent,"Independent(N4, N6 | N8, N9)"
e567742bda90966a,4,12,0.0183206106870229,6,0.01744186046511628,2,0.6666666666666666,6,6,1.0,0.0,1.0,1.0,9.0,267,Blocked;Independent,"Blocked(N3, N1 | N0, N2) || Independent(N3, N1 | N0, N2)"
e7ef5210d6903c7a,4,22,0.03358778625954199,20,0.05813953488372093,2,0.6666666666666666,3,3,0.5,0.0,1.0,1.0,6.0,257,Blocked;Independent,"Blocked(N3, N2 | N7) || Independent(N3, N2 | N7)"
8dfb081394f0689c,4,5,0.007633587786259542,3,0.00872093023255814,2,0.6666666666666666,6,6,1.0,0.0,1.0,1.0,9.0,268,Blocked;Independent,"Blocked(N0, N1 | N2, N3) || Independent(N0, N1 | N2, N3)"
84f77de2cf483cba,4,3,0.004580152671755725,3,0.00872093023255814,2,0.6666666666666666,6,6,1.0,0.0,1.0,1.0,9.0,263,Blocked;Independent,"Blocked(N0, N4 | N2, N5) || Independent(N0, N4 | N2, N5)"
605567f1b7a0a9e9,4,3,0.004580152671755725,3,0.00872093023255814,2,0.6666666666666666,6,6,1.0,0.0,1.0,1.0,9.0,262,Blocked;Independent,"Blocked(N6, N4 | N1, N7) || Independent(N6, N4 | N1, N7)"
dac9b9856f9c19c9,4,3,0.004580152671755725,3,0.00872093023255814,1,0.3333333333333333,6,6,1.0,0.0,1.0,1.0,8.0,263,Independent,"Independent(N3, N1 | N2, N4)"
1ea7d7d7f9f29ee2,4,4,0.0061068702290076335,4,0.011627906976744186,2,0.6666666666666666,6,6,1.0,0.0,1.0,1.0,9.0,263,Blocked;Independent,"Blocked(N2, N4 | N1, N3) || Independent(N2, N4 | N1, N3)"
879038c1d035d30e,4,3,0.004580152671755725,2,0.005813953488372093,2,0.6666666666666666,6,6,1.0,0.0,1.0,1.0,9.0,267,Blocked;Independent,"Blocked(N2, N4 | N0, N3) || Independent(N2, N4 | N0, N3)"
b37eb812f237776d,4,2,0.0030534351145038168,2,0.005813953488372093,1,0.3333333333333333,6,6,1.0,0.0,1.0,1.0,8.0,267,Blocked,"Blocked(N4, N2 | N6, N7)"
79375b8a7f06a287,4,3,0.004580152671755725,2,0.005813953488372093,2,0.6666666666666666,6,6,1.0,0.0,1.0,1.0,9.0,262,Blocked;Independent,"Blocked(N9, N8 | N5, N6) || Independent(N9, N8 | N5, N6)"
fd7d21d75c13c379,4,5,0.007633587786259542,5,0.014534883720930232,2,0.6666666666666666,6,6,1.0,0.0,1.0,1.0,9.0,262,Blocked;Independent,"Blocked(N1, N4 | N3, N6) || Independent(N1, N4 | N3, N6)"
66d1149c7cd78775,4,1,0.0015267175572519084,1,0.0029069767441860465,1,0.3333333333333333,6,6,1.0,0.0,1.0,1.0,8.0,272,Blocked,"Blocked(N7, N3 | N8, N9)"
747d10673e589275,4,3,0.004580152671755725,2,0.005813953488372093,2,0.6666666666666666,6,6,1.0,0.0,1.0,1.0,9.0,273,Blocked;Independent,"Blocked(N3, N0 | N1, N2) || Independent(N3, N0 | N1, N2)"
2631ab0f087b6d09,4,4,0.0061068702290076335,2,0.005813953488372093,2,0.6666666666666666,6,6,1.0,0.0,1.0,1.0,9.0,272,Blocked;Independent,"Blocked(N3, N1 | N0, N2) || Independent(N3, N1 | N0, N2)"
8ddb7ae152c435fa,4,6,0.00916030534351145,5,0.014534883720930232,2,0.6666666666666666,6,6,1.0,0.0,1.0,1.0,9.0,263,Blocked;Independent,"Blocked(N1, N4 | N2, N3) || Independent(N1, N4 | N2, N3)"
4bf4d61b8f4a57a8,4,11,0.016793893129770993,6,0.01744186046511628,2,0.6666666666666666,6,6,1.0,0.0,1.0,1.0,9.0,267,Blocked;Independent,"Blocked(N3, N2 | N0, N1) || Independent(N3, N2 | N0, N1)"
15c8450ebb49001d,4,1,0.0015267175572519084,1,0.0029069767441860465,1,0.3333333333333333,6,6,1.0,0.0,1.0,1.0,8.0,262,Blocked,"Blocked(N6, N4 | N8, N9)"
215d304a652b36b4,4,18,0.02748091603053435,17,0.04941860465116279,2,0.6666666666666666,6,6,1.0,0.0,1.0,1.0,9.0,262,Blocked;Independent,"Blocked(N2, N4 | N0, N5) || Independent(N2, N4 | N0, N5)"
b513fa16eb4b7c2e,4,5,0.007633587786259542,5,0.014534883720930232,2,0.6666666666666666,6,6,1.0,0.0,1.0,1.0,9.0,263,Blocked;Independent,"Blocked(N3, N0 | N1, N5) || Independent(N3, N0 | N1, N5)"
2f10a530179ab383,4,23,0.035114503816793895,14,0.040697674418604654,2,0.6666666666666666,6,6,1.0,0.0,1.0,1.0,9.0,263,Blocked;Independent,"Blocked(N0, N3 | N1, N2) || Independent(N0, N3 | N1, N2)"
bfcf0d7bd18df047,4,8,0.012213740458015267,8,0.023255813953488372,2,0.6666666666666666,6,6,1.0,0.0,1.0,1.0,9.0,262,Blocked;Independent,"Blocked(N6, N0 | N2, N7) || Independent(N6, N0 | N2, N7)"
731c0659fbda54c0,4,26,0.03969465648854962,26,0.0755813953488372,2,0.6666666666666666,6,6,1.0,0.0,1.0,1.0,9.0,262,Blocked;Independent,"Blocked(N0, N4 | N2, N3) || Independent(N0, N4 | N2, N3)"
2b556df54c5586a3,4,3,0.004580152671755725,2,0.005813953488372093,2,0.6666666666666666,6,6,1.0,0.0,1.0,1.0,9.0,263,Blocked;Independent,"Blocked(N5, N1 | N0, N2) || Independent(N5, N1 | N0, N2)"
ec42a8efb74e13f7,4,5,0.007633587786259542,3,0.00872093023255814,2,0.6666666666666666,6,6,1.0,0.0,1.0,1.0,9.0,268,Blocked;Independent,"Blocked(N2, N3 | N0, N1) || Independent(N2, N3 | N0, N1)"
a685756f970312a6,4,4,0.0061068702290076335,3,0.00872093023255814,2,0.6666666666666666,6,6,1.0,0.0,1.0,1.0,9.0,264,Blocked;Independent,"Blocked(N0, N2 | N1, N3) || Independent(N0, N2 | N1, N3)"
589bb9dd04b2f98a,4,25,0.03816793893129771,23,0.06686046511627906,2,0.6666666666666666,6,6,1.0,0.0,1.0,1.0,9.0,262,Blocked;Independent,"Blocked(N5, N3 | N0, N4) || Independent(N5, N3 | N0, N4)"
ab4de34fc44e1fa3,4,1,0.0015267175572519084,1,0.0029069767441860465,1,0.3333333333333333,6,6,1.0,0.0,1.0,1.0,8.0,262,Independent,"Independent(N7, N9 | N5, N8)"
bb929b8bea174465,4,4,0.0061068702290076335,4,0.011627906976744186,2,0.6666666666666666,6,6,1.0,0.0,1.0,1.0,9.0,262,Blocked;Independent,"Blocked(N2, N3 | N0, N6) || Independent(N2, N3 | N0, N6)"
1c132f380fc54f7d,4,3,0.004580152671755725,3,0.00872093023255814,2,0.6666666666666666,6,6,1.0,0.0,1.0,1.0,9.0,268,Blocked;Independent,"Blocked(N1, N2 | N3, N5) || Independent(N1, N2 | N3, N5)"
980b08801b7eb077,4,1,0.0015267175572519084,1,0.0029069767441860465,1,0.3333333333333333,6,6,1.0,0.0,1.0,1.0,8.0,267,Blocked,"Blocked(N5, N2 | N8, N9)"
6ed6ca2f3e54c534,4,4,0.0061068702290076335,4,0.011627906976744186,2,0.6666666666666666,6,6,1.0,0.0,1.0,1.0,9.0,264,Blocked;Independent,"Blocked(N4, N1 | N0, N5) || Independent(N4, N1 | N0, N5)"
807dbd5fa37f42c0,4,1,0.0015267175572519084,1,0.0029069767441860465,1,0.3333333333333333,6,6,1.0,0.0,1.0,1.0,8.0,272,Independent,"Independent(N5, N0 | N6, N7)"
d3a001347acd6c11,4,1,0.0015267175572519084,1,0.0029069767441860465,1,0.3333333333333333,6,6,1.0,0.0,1.0,1.0,8.0,262,Blocked,"Blocked(N9, N2 | N6, N7)"
d532287647cd54e2,4,8,0.012213740458015267,7,0.020348837209302327,2,0.6666666666666666,6,6,1.0,0.0,1.0,1.0,9.0,264,Blocked;Independent,"Blocked(N1, N3 | N0, N5) || Independent(N1, N3 | N0, N5)"
2d0d918ffd983a99,4,4,0.0061068702290076335,4,0.011627906976744186,2,0.6666666666666666,6,6,1.0,0.0,1.0,1.0,9.0,263,Blocked;Independent,"Blocked(N0, N1 | N2, N5) || Independent(N0, N1 | N2, N5)"
58884a4892ab1753,4,4,0.0061068702290076335,4,0.011627906976744186,2,0.6666666666666666,6,6,1.0,0.0,1.0,1.0,9.0,263,Blocked;Independent,"Blocked(N4, N0 | N2, N5) || Independent(N4, N0 | N2, N5)"
e71bf0a55500bf19,4,3,0.004580152671755725,2,0.005813953488372093,2,0.6666666666666666,6,6,1.0,0.0,1.0,1.0,9.0,269,Blocked;Independent,"Blocked(N4, N3 | N0, N1) || Independent(N4, N3 | N0, N1)"
2612cd7b2f94e57d,4,9,0.013740458015267175,5,0.014534883720930232,2,0.6666666666666666,6,6,1.0,0.0,1.0,1.0,9.0,267,Blocked;Independent,"Blocked(N2, N1 | N0, N3) || Independent(N2, N1 | N0, N3)"
8e7837f1ceb04921,4,8,0.012213740458015267,4,0.011627906976744186,2,0.6666666666666666,6,6,1.0,0.0,1.0,1.0,9.0,272,Blocked;Independent,"Blocked(N1, N0 | N2, N3) || Independent(N1, N0 | N2, N3)"
2d9a043dedcee4e0,4,3,0.004580152671755725,3,0.00872093023255814,2,0.6666666666666666,6,6,1.0,0.0,1.0,1.0,9.0,263,Blocked;Independent,"Blocked(N3, N2 | N0, N5) || Independent(N3, N2 | N0, N5)"
8f65c06ce87c31ba,4,1,0.0015267175572519084,1,0.0029069767441860465,1,0.3333333333333333,6,6,1.0,0.0,1.0,1.0,8.0,262,Blocked,"Blocked(N5, N4 | N8, N9)"
648f322561220bb8,4,5,0.007633587786259542,4,0.011627906976744186,2,0.6666666666666666,6,6,1.0,0.0,1.0,1.0,9.0,263,Blocked;Independent,"Blocked(N2, N3 | N4, N5) || Independent(N2, N3 | N4, N5)"
91557975ccd237c5,4,3,0.004580152671755725,3,0.00872093023255814,1,0.3333333333333333,6,6,1.0,0.0,1.0,1.0,8.0,262,Blocked,"Blocked(N6, N1 | N2, N9)"
c6986a4fcc30a1c7,4,17,0.025954198473282442,16,0.046511627906976744,2,0.6666666666666666,6,6,1.0,0.0,1.0,1.0,9.0,262,Blocked;Independent,"Blocked(N5, N0 | N1, N3) || Independent(N5, N0 | N1, N3)"
4f23e67af2779be8,4,6,0.00916030534351145,3,0.00872093023255814,2,0.6666666666666666,6,6,1.0,0.0,1.0,1.0,9.0,272,Blocked;Independent,"Blocked(N0, N3 | N1, N2) || Independent(N0, N3 | N1, N2)"
1d55abbb50b00d72,4,17,0.025954198473282442,16,0.046511627906976744,2,0.6666666666666666,6,6,1.0,0.0,1.0,1.0,9.0,262,Blocked;Independent,"Blocked(N2, N1 | N0, N5) || Independent(N2, N1 | N0, N5)"
13cc4fd5a42df6ce,4,5,0.007633587786259542,5,0.014534883720930232,2,0.6666666666666666,6,6,1.0,0.0,1.0,1.0,9.0,262,Blocked;Independent,"Blocked(N3, N6 | N4, N7) || Independent(N3, N6 | N4, N7)"
cef857a5752c0041,4,3,0.004580152671755725,3,0.00872093023255814,1,0.3333333333333333,6,6,1.0,0.0,1.0,1.0,8.0,267,Independent,"Independent(N0, N5 | N2, N3)"
6a8f5782706e1232,4,101,0.15419847328244274,58,0.1686046511627907,2,0.6666666666666666,6,6,1.0,0.0,1.0,1.0,9.0,262,Blocked;Independent,"Blocked(N0, N1 | N2, N3) || Independent(N0, N1 | N2, N3)"
fdb99546809b83c1,4,5,0.007633587786259542,5,0.014534883720930232,2,0.6666666666666666,6,6,1.0,0.0,1.0,1.0,9.0,264,Blocked;Independent,"Blocked(N0, N1 | N2, N3) || Independent(N0, N1 | N2, N3)"
1a8af835851a543e,4,24,0.0366412213740458,14,0.040697674418604654,2,0.6666666666666666,6,6,1.0,0.0,1.0,1.0,9.0,263,Blocked;Independent,"Blocked(N0, N3 | N1, N2) || Independent(N0, N3 | N1, N2)"
befdb9c3cac7c3e9,4,17,0.025954198473282442,16,0.046511627906976744,2,0.6666666666666666,6,6,1.0,0.0,1.0,1.0,9.0,262,Blocked;Independent,"Blocked(N1, N0 | N4, N5) || Independent(N1, N0 | N4, N5)"
9050e3aaac9282be,4,4,0.0061068702290076335,4,0.011627906976744186,2,0.6666666666666666,6,6,1.0,0.0,1.0,1.0,9.0,263,Blocked;Independent,"Blocked(N4, N0 | N1, N2) || Independent(N4, N0 | N1, N2)"
9435db89f20d1e4e,4,1,0.0015267175572519084,1,0.0029069767441860465,1,0.3333333333333333,6,6,1.0,0.0,1.0,1.0,8.0,262,Independent,"Independent(N2, N8 | N7, N9)"
8ed006eb6567d9e1,4,19,0.02900763358778626,16,0.046511627906976744,2,0.6666666666666666,6,6,1.0,0.0,1.0,1.0,9.0,262,Blocked;Independent,"Blocked(N5, N1 | N0, N2) || Independent(N5, N1 | N0, N2)"
01ec260137ec38b0,4,3,0.004580152671755725,3,0.00872093023255814,1,0.3333333333333333,6,6,1.0,0.0,1.0,1.0,8.0,263,Independent,"Independent(N0, N6 | N4, N5)"
a930061fb27240e9,4,5,0.007633587786259542,3,0.00872093023255814,2,0.6666666666666666,6,6,1.0,0.0,1.0,1.0,9.0,273,Blocked;Independent,"Blocked(N1, N3 | N0, N2) || Independent(N1, N3 | N0, N2)"
0d74f6d42d3349b6,4,4,0.0061068702290076335,4,0.011627906976744186,1,0.3333333333333333,6,6,1.0,0.0,1.0,1.0,8.0,262,Blocked,"Blocked(N1, N0 | N4, N7)"
e0c98fca0744c077,4,1,0.0015267175572519084,1,0.0029069767441860465,1,0.3333333333333333,6,6,1.0,0.0,1.0,1.0,8.0,266,Independent,"Independent(N0, N1 | N6, N7)"
0e7c81f2a17f1201,4,1,0.0015267175572519084,1,0.0029069767441860465,1,0.3333333333333333,6,6,1.0,0.0,1.0,1.0,8.0,262,Independent,"Independent(N5, N7 | N6, N8)"
f0905b001cb825f4,4,3,0.004580152671755725,3,0.00872093023255814,2,0.6666666666666666,6,6,1.0,0.0,1.0,1.0,9.0,263,Blocked;Independent,"Blocked(N7, N4 | N1, N5) || Independent(N7, N4 | N1, N5)"
96381ba346ffcef8,4,4,0.0061068702290076335,4,0.011627906976744186,2,0.6666666666666666,6,6,1.0,0.0,1.0,1.0,9.0,267,Blocked;Independent,"Blocked(N2, N0 | N4, N5) || Independent(N2, N0 | N4, N5)"
785f00e0a3ebfb35,4,3,0.004580152671755725,3,0.00872093023255814,1,0.3333333333333333,6,6,1.0,0.0,1.0,1.0,8.0,264,Independent,"Independent(N3, N7 | N1, N6)"
5fe0f31e205075cf,4,6,0.00916030534351145,6,0.01744186046511628,2,0.6666666666666666,6,6,1.0,0.0,1.0,1.0,9.0,263,Blocked;Independent,"Blocked(N4, N2 | N0, N3) || Independent(N4, N2 | N0, N3)"
68a934b91a35fb82,4,1,0.0015267175572519084,1,0.0029069767441860465,1,0.3333333333333333,6,6,1.0,0.0,1.0,1.0,8.0,262,Blocked,"Blocked(N1, N2 | N7, N9)"
1d81b10a3ee7e88d,4,4,0.0061068702290076335,3,0.00872093023255814,2,0.6666666666666666,6,6,1.0,0.0,1.0,1.0,9.0,268,Blocked;Independent,"Blocked(N2, N1 | N4, N5) || Independent(N2, N1 | N4, N5)"
4306637eea6ecd5b,4,4,0.0061068702290076335,4,0.011627906976744186,2,0.6666666666666666,6,6,1.0,0.0,1.0,1.0,9.0,263,Blocked;Independent,"Blocked(N2, N4 | N0, N5) || Independent(N2, N4 | N0, N5)"
0b78b2304b5e77df,4,1,0.0015267175572519084,1,0.0029069767441860465,1,0.3333333333333333,6,6,1.0,0.0,1.0,1.0,8.0,262,Blocked,"Blocked(N5, N1 | N8, N9)"
6eb47374c1efd942,4,4,0.0061068702290076335,4,0.011627906976744186,2,0.6666666666666666,6,6,1.0,0.0,1.0,1.0,9.0,268,Blocked;Independent,"Blocked(N0, N4 | N2, N7) || Independent(N0, N4 | N2, N7)"
56ebcbaf0758c1e3,4,3,0.004580152671755725,3,0.00872093023255814,2,0.6666666666666666,6,6,1.0,0.0,1.0,1.0,9.0,262,Blocked;Independent,"Blocked(N8, N3 | N4, N5) || Independent(N8, N3 | N4, N5)"
8e011ea36623dd67,4,5,0.007633587786259542,5,0.014534883720930232,2,0.6666666666666666,6,6,1.0,0.0,1.0,1.0,9.0,262,Blocked;Independent,"Blocked(N7, N0 | N1, N2) || Independent(N7, N0 | N1, N2)"
3a9b60721355eca9,4,2,0.0030534351145038168,2,0.005813953488372093,2,0.6666666666666666,6,6,1.0,0.0,1.0,1.0,9.0,262,Blocked;Independent,"Blocked(N8, N7 | N6, N9) || Independent(N8, N7 | N6, N9)"
db8580325358fc36,4,5,0.007633587786259542,5,0.014534883720930232,2,0.6666666666666666,6,6,1.0,0.0,1.0,1.0,9.0,263,Blocked;Independent,"Blocked(N0, N4 | N1, N2) || Independent(N0, N4 | N1, N2)"
5e69c7bf40914882,4,3,0.004580152671755725,3,0.00872093023255814,1,0.3333333333333333,6,6,1.0,0.0,1.0,1.0,8.0,264,Independent,"Independent(N0, N3 | N4, N5)"
0b386413cb1b2f32,4,5,0.007633587786259542,5,0.014534883720930232,2,0.6666666666666666,6,6,1.0,0.0,1.0,1.0,9.0,264,Blocked;Independent,"Blocked(N5, N0 | N2, N3) || Independent(N5, N0 | N2, N3)"
1200f1000bb9af26,4,12,0.0183206106870229,11,0.03197674418604651,2,0.6666666666666666,6,6,1.0,0.0,1.0,1.0,9.0,262,Blocked;Independent,"Blocked(N1, N5 | N2, N3) || Independent(N1, N5 | N2, N3)"
343cee041af08173,4,3,0.004580152671755725,3,0.00872093023255814,2,0.6666666666666666,6,6,1.0,0.0,1.0,1.0,9.0,263,Blocked;Independent,"Blocked(N5, N6 | N3, N4) || Independent(N5, N6 | N3, N4)"
30cf8098b2047150,4,111,0.16946564885496182,62,0.18023255813953487,2,0.6666666666666666,6,6,1.0,0.0,1.0,1.0,9.0,262,Blocked;Independent,"Blocked(N2, N1 | N0, N3) || Independent(N2, N1 | N0, N3)"
5c59f3fb7599fbe1,4,4,0.0061068702290076335,4,0.011627906976744186,2,0.6666666666666666,6,6,1.0,0.0,1.0,1.0,9.0,263,Blocked;Independent,"Blocked(N4, N0 | N1, N5) || Independent(N4, N0 | N1, N5)"
e6667ff30dce1341,4,2,0.0030534351145038168,2,0.005813953488372093,1,0.3333333333333333,6,6,1.0,0.0,1.0,1.0,8.0,262,Blocked,"Blocked(N3, N9 | N6, N8)"
706d5879aaf495e7,4,6,0.00916030534351145,6,0.01744186046511628,2,0.6666666666666666,6,6,1.0,0.0,1.0,1.0,9.0,267,Blocked;Independent,"Blocked(N1, N0 | N2, N5) || Independent(N1, N0 | N2, N5)"
ff507dfbe71fe672,4,4,0.0061068702290076335,4,0.011627906976744186,2,0.6666666666666666,6,6,1.0,0.0,1.0,1.0,9.0,264,Blocked;Independent,"Blocked(N4, N3 | N1, N5) || Independent(N4, N3 | N1, N5)"
651d1bd422c6f9fa,4,5,0.007633587786259542,5,0.014534883720930232,2,0.6666666666666666,6,6,1.0,0.0,1.0,1.0,9.0,262,Blocked;Independent,"Blocked(N4, N7 | N1, N3) || Independent(N4, N7 | N1, N3)"
453d81020c0cd78c,4,18,0.02748091603053435,18,0.05232558139534884,2,0.6666666666666666,6,6,1.0,0.0,1.0,1.0,9.0,262,Blocked;Independent,"Blocked(N4, N5 | N1, N3) || Independent(N4, N5 | N1, N3)"
86a31c77386cc0c0,4,13,0.01984732824427481,12,0.03488372093023256,2,0.6666666666666666,6,6,1.0,0.0,1.0,1.0,9.0,262,Blocked;Independent,"Blocked(N5, N3 | N2, N4) || Independent(N5, N3 | N2, N4)"
8b82f58517c41748,4,5,0.007633587786259542,5,0.014534883720930232,2,0.6666666666666666,6,6,1.0,0.0,1.0,1.0,9.0,263,Blocked;Independent,"Blocked(N5, N2 | N0, N3) || Independent(N5, N2 | N0, N3)"
7f28ceb3b33606a7,4,6,0.00916030534351145,3,0.00872093023255814,2,0.6666666666666666,6,6,1.0,0.0,1.0,1.0,9.0,267,Blocked;Independent,"Blocked(N2, N0 | N1, N3) || Independent(N2, N0 | N1, N3)"
82eab774d175fe55,4,4,0.0061068702290076335,4,0.011627906976744186,2,0.6666666666666666,6,6,1.0,0.0,1.0,1.0,9.0,267,Blocked;Independent,"Blocked(N1, N5 | N0, N3) || Independent(N1, N5 | N0, N3)"
149927ec7965a0c9,4,2,0.0030534351145038168,2,0.005813953488372093,1,0.3333333333333333,6,6,1.0,0.0,1.0,1.0,8.0,262,Independent,"Independent(N0, N4 | N5, N8)"
cb763f5e8ecf13be,4,9,0.013740458015267175,8,0.023255813953488372,2,0.6666666666666666,6,6,1.0,0.0,1.0,1.0,9.0,263,Blocked;Independent,"Blocked(N3, N1 | N0, N4) || Independent(N3, N1 | N0, N4)"
e74e8e868d1635b4,4,4,0.0061068702290076335,4,0.011627906976744186,2,0.6666666666666666,6,6,1.0,0.0,1.0,1.0,9.0,262,Blocked;Independent,"Blocked(N1, N3 | N0, N7) || Independent(N1, N3 | N0, N7)"
82131babf2545db2,4,3,0.004580152671755725,3,0.00872093023255814,2,0.6666666666666666,6,6,1.0,0.0,1.0,1.0,9.0,262,Blocked;Independent,"Blocked(N2, N6 | N3, N7) || Independent(N2, N6 | N3, N7)"
7e8cc3f4cab932e2,4,3,0.004580152671755725,3,0.00872093023255814,2,0.6666666666666666,6,6,1.0,0.0,1.0,1.0,9.0,262,Blocked;Independent,"Blocked(N4, N2 | N0, N7) || Independent(N4, N2 | N0, N7)"
8da4ce2df16f02db,4,1,0.0015267175572519084,1,0.0029069767441860465,1,0.3333333333333333,6,6,1.0,0.0,1.0,1.0,8.0,272,Independent,"Independent(N1, N5 | N6, N7)"
23c4e0438cea8067,4,13,0.01984732824427481,13,0.0377906976744186,2,0.6666666666666666,6,6,1.0,0.0,1.0,1.0,9.0,262,Blocked;Independent,"Blocked(N2, N4 | N1, N3) || Independent(N2, N4 | N1, N3)"
9fd0806340cc842a,4,7,0.010687022900763359,5,0.014534883720930232,2,0.6666666666666666,6,6,1.0,0.0,1.0,1.0,9.0,263,Blocked;Independent,"Blocked(N0, N2 | N1, N5) || Independent(N0, N2 | N1, N5)"
57eddff9570ef80f,4,10,0.015267175572519083,7,0.020348837209302327,2,0.6666666666666666,6,6,1.0,0.0,1.0,1.0,9.0,264,Blocked;Independent,"Blocked(N1, N3 | N0, N2) || Independent(N1, N3 | N0, N2)"
10fba78171c925eb,4,1,0.0015267175572519084,1,0.0029069767441860465,1,0.3333333333333333,6,6,1.0,0.0,1.0,1.0,8.0,272,Independent,"Independent(N1, N5 | N7, N9)"
c3d01008c2109d0f,4,22,0.03358778625954199,22,0.06395348837209303,2,0.6666666666666666,6,6,1.0,0.0,1.0,1.0,9.0,262,Blocked;Independent,"Blocked(N5, N2 | N0, N1) || Independent(N5, N2 | N0, N1)"
a25607977ca4173c,4,3,0.004580152671755725,3,0.00872093023255814,2,0.6666666666666666,6,6,1.0,0.0,1.0,1.0,9.0,267,Blocked;Independent,"Blocked(N2, N3 | N1, N5) || Independent(N2, N3 | N1, N5)"
299fc86c18eae449,4,1,0.0015267175572519084,1,0.0029069767441860465,1,0.3333333333333333,6,6,1.0,0.0,1.0,1.0,8.0,272,Independent,"Independent(N0, N4 | N6, N7)"
c90680e336094143,4,12,0.0183206106870229,12,0.03488372093023256,2,0.6666666666666666,6,6,1.0,0.0,1.0,1.0,9.0,262,Blocked;Independent,"Blocked(N2, N3 | N0, N4) || Independent(N2, N3 | N0, N4)"
522d2b09c94cfaa2,4,3,0.004580152671755725,3,0.00872093023255814,2,0.6666666666666666,6,6,1.0,0.0,1.0,1.0,9.0,268,Blocked;Independent,"Blocked(N5, N1 | N2, N3) || Independent(N5, N1 | N2, N3)"
eadd612f8a767c3c,4,3,0.004580152671755725,2,0.005813953488372093,2,0.6666666666666666,6,6,1.0,0.0,1.0,1.0,9.0,269,Blocked;Independent,"Blocked(N3, N0 | N1, N2) || Independent(N3, N0 | N1, N2)"
db0c6f4745db4731,4,3,0.004580152671755725,3,0.00872093023255814,2,0.6666666666666666,6,6,1.0,0.0,1.0,1.0,9.0,273,Blocked;Independent,"Blocked(N3, N1 | N0, N4) || Independent(N3, N1 | N0, N4)"
04c7486413148176,4,6,0.00916030534351145,3,0.00872093023255814,2,0.6666666666666666,6,6,1.0,0.0,1.0,1.0,9.0,266,Blocked;Independent,"Blocked(N3, N2 | N0, N1) || Independent(N3, N2 | N0, N1)"
a53e9f16c60570d1,4,18,0.02748091603053435,11,0.03197674418604651,2,0.6666666666666666,6,6,1.0,0.0,1.0,1.0,9.0,264,Blocked;Independent,"Blocked(N1, N2 | N0, N3) || Independent(N1, N2 | N0, N3)"
bcb645d1fd6a8843,4,2,0.0030534351145038168,2,0.005813953488372093,1,0.3333333333333333,6,6,1.0,0.0,1.0,1.0,8.0,262,Independent,"Independent(N9, N6 | N5, N8)"
58969b0d9fa10cd8,4,6,0.00916030534351145,6,0.01744186046511628,2,0.6666666666666666,6,6,1.0,0.0,1.0,1.0,9.0,262,Blocked;Independent,"Blocked(N6, N0 | N2, N5) || Independent(N6, N0 | N2, N5)"
31406525bd1c0179,4,5,0.007633587786259542,4,0.011627906976744186,2,0.6666666666666666,6,6,1.0,0.0,1.0,1.0,9.0,263,Blocked;Independent,"Blocked(N4, N5 | N0, N3) || Independent(N4, N5 | N0, N3)"
b8652ba04009f477,4,3,0.004580152671755725,3,0.00872093023255814,2,0.6666666666666666,6,6,1.0,0.0,1.0,1.0,9.0,262,Blocked;Independent,"Blocked(N2, N4 | N1, N7) || Independent(N2, N4 | N1, N7)"
0d5f8f4400b17f99,4,1,0.0015267175572519084,1,0.0029069767441860465,1,0.3333333333333333,6,6,1.0,0.0,1.0,1.0,8.0,267,Independent,"Independent(N1, N6 | N7, N8)"
043fd4e6f5a78ddb,4,5,0.007633587786259542,5,0.014534883720930232,2,0.6666666666666666,6,6,1.0,0.0,1.0,1.0,9.0,264,Blocked;Independent,"Blocked(N2, N3 | N0, N4) || Independent(N2, N3 | N0, N4)"
eb596a6dbbc08169,4,20,0.030534351145038167,18,0.05232558139534884,2,0.6666666666666666,6,6,1.0,0.0,1.0,1.0,9.0,262,Blocked;Independent,"Blocked(N5, N2 | N1, N4) || Independent(N5, N2 | N1, N4)"
6c783722cb0e92d2,4,3,0.004580152671755725,3,0.00872093023255814,2,0.6666666666666666,6,6,1.0,0.0,1.0,1.0,9.0,263,Blocked;Independent,"Blocked(N3, N2 | N1, N4) || Independent(N3, N2 | N1, N4)"
848c39952d7e7afd,4,1,0.0015267175572519084,1,0.0029069767441860465,1,0.3333333333333333,6,6,1.0,0.0,1.0,1.0,8.0,266,Blocked,"Blocked(N5, N2 | N6, N7)"
bc157b94685d0b0a,4,3,0.004580152671755725,3,0.00872093023255814,2,0.6666666666666666,6,6,1.0,0.0,1.0,1.0,9.0,264,Blocked;Independent,"Blocked(N3, N4 | N1, N6) || Independent(N3, N4 | N1, N6)"
8fd5246b327bd40d,4,4,0.0061068702290076335,2,0.005813953488372093,2,0.6666666666666666,6,6,1.0,0.0,1.0,1.0,9.0,271,Blocked;Independent,"Blocked(N1, N2 | N0, N3) || Independent(N1, N2 | N0, N3)"
2ef9bb05899d1ab4,4,3,0.004580152671755725,2,0.005813953488372093,2,0.6666666666666666,6,6,1.0,0.0,1.0,1.0,9.0,273,Blocked;Independent,"Blocked(N0, N1 | N2, N3) || Independent(N0, N1 | N2, N3)"
54c61ef026a1566a,4,3,0.004580152671755725,2,0.005813953488372093,2,0.6666666666666666,6,6,1.0,0.0,1.0,1.0,9.0,263,Blocked;Independent,"Blocked(N1, N4 | N3, N6) || Independent(N1, N4 | N3, N6)"
6a418950939b1346,4,4,0.0061068702290076335,4,0.011627906976744186,2,0.6666666666666666,6,6,1.0,0.0,1.0,1.0,9.0,267,Blocked;Independent,"Blocked(N2, N0 | N3, N4) || Independent(N2, N0 | N3, N4)"
55bfa4d0c3f65547,4,15,0.022900763358778626,9,0.02616279069767442,2,0.6666666666666666,6,6,1.0,0.0,1.0,1.0,9.0,267,Blocked;Independent,"Blocked(N0, N1 | N2, N3) || Independent(N0, N1 | N2, N3)"
a4b1a6f16a762522,4,3,0.004580152671755725,3,0.00872093023255814,2,0.6666666666666666,6,6,1.0,0.0,1.0,1.0,9.0,267,Blocked;Independent,"Blocked(N4, N0 | N2, N3) || Independent(N4, N0 | N2, N3)"
45d3af450cedf620,4,1,0.0015267175572519084,1,0.0029069767441860465,1,0.3333333333333333,6,6,1.0,0.0,1.0,1.0,8.0,262,Independent,"Independent(N2, N4 | N8, N9)"
9b16c1ac799a2fa1,4,3,0.004580152671755725,3,0.00872093023255814,2,0.6666666666666666,6,6,1.0,0.0,1.0,1.0,9.0,263,Blocked;Independent,"Blocked(N2, N4 | N1, N5) || Independent(N2, N4 | N1, N5)"
d4e3fb7633541b96,4,3,0.004580152671755725,3,0.00872093023255814,2,0.6666666666666666,6,6,1.0,0.0,1.0,1.0,9.0,267,Blocked;Independent,"Blocked(N4, N1 | N3, N5) || Independent(N4, N1 | N3, N5)"
dd93082244c7851a,4,3,0.004580152671755725,3,0.00872093023255814,2,0.6666666666666666,6,6,1.0,0.0,1.0,1.0,9.0,262,Blocked;Independent,"Blocked(N3, N7 | N4, N5) || Independent(N3, N7 | N4, N5)"
2b0d3d1d3d03365b,4,5,0.007633587786259542,5,0.014534883720930232,2,0.6666666666666666,6,6,1.0,0.0,1.0,1.0,9.0,263,Blocked;Independent,"Blocked(N2, N0 | N4, N5) || Independent(N2, N0 | N4, N5)"
10f5502de1be4ae5,4,3,0.004580152671755725,3,0.00872093023255814,1,0.3333333333333333,6,6,1.0,0.0,1.0,1.0,8.0,268,Blocked,"Blocked(N0, N3 | N2, N4)"
0b069b2400b2bf2f,4,5,0.007633587786259542,5,0.014534883720930232,2,0.6666666666666666,6,6,1.0,0.0,1.0,1.0,9.0,262,Blocked;Independent,"Blocked(N0, N6 | N1, N4) || Independent(N0, N6 | N1, N4)"
613b5cfb1adf3da0,4,2,0.0030534351145038168,2,0.005813953488372093,2,0.6666666666666666,6,6,1.0,0.0,1.0,1.0,9.0,262,Blocked;Independent,"Blocked(N4, N3 | N7, N9) || Independent(N4, N3 | N7, N9)"
2c0eddce7dc322cf,4,4,0.0061068702290076335,2,0.005813953488372093,2,0.6666666666666666,6,6,1.0,0.0,1.0,1.0,9.0,272,Blocked;Independent,"Blocked(N0, N2 | N1, N3) || Independent(N0, N2 | N1, N3)"
253603a09bdfe925,4,3,0.004580152671755725,3,0.00872093023255814,2,0.6666666666666666,6,6,1.0,0.0,1.0,1.0,9.0,262,Blocked;Independent,"Blocked(N3, N1 | N5, N7) || Independent(N3, N1 | N5, N7)"
a58339c94b826b28,4,24,0.0366412213740458,23,0.06686046511627906,2,0.6666666666666666,6,6,1.0,0.0,1.0,1.0,9.0,262,Blocked;Independent,"Blocked(N0, N3 | N4, N5) || Independent(N0, N3 | N4, N5)"
9e0cfbde2f8187e4,4,4,0.0061068702290076335,4,0.011627906976744186,2,0.6666666666666666,6,6,1.0,0.0,1.0,1.0,9.0,262,Blocked;Independent,"Blocked(N1, N6 | N0, N3) || Independent(N1, N6 | N0, N3)"
e9205d99c4af887b,4,4,0.0061068702290076335,4,0.011627906976744186,2,0.6666666666666666,6,6,1.0,0.0,1.0,1.0,9.0,264,Blocked;Independent,"Blocked(N5, N4 | N0, N3) || Independent(N5, N4 | N0, N3)"
7591e11572c38782,4,21,0.03206106870229008,12,0.03488372093023256,2,0.6666666666666666,6,6,1.0,0.0,1.0,1.0,9.0,267,Blocked;Independent,"Blocked(N3, N0 | N1, N2) || Independent(N3, N0 | N1, N2)"
2e853904c337cb9e,4,4,0.0061068702290076335,4,0.011627906976744186,2,0.6666666666666666,6,6,1.0,0.0,1.0,1.0,9.0,262,Blocked;Independent,"Blocked(N4, N7 | N5, N6) || Independent(N4, N7 | N5, N6)"
0be4251335e73cec,4,1,0.0015267175572519084,1,0.0029069767441860465,1,0.3333333333333333,6,6,1.0,0.0,1.0,1.0,8.0,267,Independent,"Independent(N4, N3 | N6, N8)"
317b4dd55fdd4251,4,3,0.004580152671755725,3,0.00872093023255814,1,0.3333333333333333,6,6,1.0,0.0,1.0,1.0,8.0,272,Blocked,"Blocked(N1, N3 | N2, N4)"
d902280dcc67d1b5,4,6,0.00916030534351145,4,0.011627906976744186,2,0.6666666666666666,6,6,1.0,0.0,1.0,1.0,9.0,282,Blocked;Independent,"Blocked(N0, N3 | N1, N2) || Independent(N0, N3 | N1, N2)"
ad36d487ea65408b,4,4,0.0061068702290076335,3,0.00872093023255814,2,0.6666666666666666,6,6,1.0,0.0,1.0,1.0,9.0,262,Blocked;Independent,"Blocked(N0, N7 | N3, N4) || Independent(N0, N7 | N3, N4)"
46362e421c38ef21,4,24,0.0366412213740458,22,0.06395348837209303,2,0.6666666666666666,6,6,1.0,0.0,1.0,1.0,9.0,262,Blocked;Independent,"Blocked(N0, N5 | N3, N4) || Independent(N0, N5 | N3, N4)"
19bfdf1a8e5fb7de,4,8,0.012213740458015267,7,0.020348837209302327,2,0.6666666666666666,6,6,1.0,0.0,1.0,1.0,9.0,263,Blocked;Independent,"Blocked(N0, N5 | N1, N4) || Independent(N0, N5 | N1, N4)"
998c6f735ac55032,4,4,0.0061068702290076335,4,0.011627906976744186,2,0.6666666666666666,6,6,1.0,0.0,1.0,1.0,9.0,262,Blocked;Independent,"Blocked(N0, N3 | N4, N7) || Independent(N0, N3 | N4, N7)"
931041895d9946b5,4,4,0.0061068702290076335,3,0.00872093023255814,2,0.6666666666666666,6,6,1.0,0.0,1.0,1.0,9.0,267,Blocked;Independent,"Blocked(N4, N1 | N2, N5) || Independent(N4, N1 | N2, N5)"
87b4fe5c18f8c4cb,4,1,0.0015267175572519084,1,0.0029069767441860465,1,0.3333333333333333,6,6,1.0,0.0,1.0,1.0,8.0,262,Blocked,"Blocked(N9, N5 | N7, N8)"
e914b57b62ca68c7,4,3,0.004580152671755725,3,0.00872093023255814,2,0.6666666666666666,6,6,1.0,0.0,1.0,1.0,9.0,264,Blocked;Independent,"Blocked(N5, N4 | N3, N6) || Independent(N5, N4 | N3, N6)"
2e860afa3648d620,4,8,0.012213740458015267,5,0.014534883720930232,2,0.6666666666666666,6,6,1.0,0.0,1.0,1.0,9.0,267,Blocked;Independent,"Blocked(N4, N1 | N0, N2) || Independent(N4, N1 | N0, N2)"
72bd043d946808a6,4,8,0.012213740458015267,4,0.011627906976744186,2,0.6666666666666666,6,6,1.0,0.0,1.0,1.0,9.0,272,Blocked;Independent,"Blocked(N1, N2 | N0, N3) || Independent(N1, N2 | N0, N3)"
22e29e98bbc49b74,4,4,0.0061068702290076335,4,0.011627906976744186,2,0.6666666666666666,6,6,1.0,0.0,1.0,1.0,9.0,263,Blocked;Independent,"Blocked(N5, N3 | N2, N4) || Independent(N5, N3 | N2, N4)"
9455bd15f6cb3b0f,4,4,0.0061068702290076335,2,0.005813953488372093,2,0.6666666666666666,6,6,1.0,0.0,1.0,1.0,9.0,269,Blocked;Independent,"Blocked(N2, N3 | N0, N1) || Independent(N2, N3 | N0, N1)"
75adc94927f27f5d,4,1,0.0015267175572519084,1,0.0029069767441860465,1,0.3333333333333333,6,6,1.0,0.0,1.0,1.0,8.0,267,Blocked,"Blocked(N4, N0 | N6, N8)"
7247106b64333bf9,4,5,0.007633587786259542,5,0.014534883720930232,2,0.6666666666666666,6,6,1.0,0.0,1.0,1.0,9.0,264,Blocked;Independent,"Blocked(N3, N0 | N1, N5) || Independent(N3, N0 | N1, N5)"
8a04cb42b61ca360,4,3,0.004580152671755725,2,0.005813953488372093,2,0.6666666666666666,6,6,1.0,0.0,1.0,1.0,9.0,263,Blocked;Independent,"Blocked(N1, N5 | N3, N4) || Independent(N1, N5 | N3, N4)"
6cadb8b6ba919279,4,14,0.021374045801526718,8,0.023255813953488372,2,0.6666666666666666,6,6,1.0,0.0,1.0,1.0,9.0,267,Blocked;Independent,"Blocked(N1, N3 | N0, N2) || Independent(N1, N3 | N0, N2)"
913ce51f0a6f74a5,4,3,0.004580152671755725,3,0.00872093023255814,2,0.6666666666666666,6,6,1.0,0.0,1.0,1.0,9.0,264,Blocked;Independent,"Blocked(N4, N5 | N0, N7) || Independent(N4, N5 | N0, N7)"
330950da571c4bd4,4,5,0.007633587786259542,5,0.014534883720930232,2,0.6666666666666666,6,6,1.0,0.0,1.0,1.0,9.0,262,Blocked;Independent,"Blocked(N1, N4 | N0, N7) || Independent(N1, N4 | N0, N7)"
15adebe0621333c6,4,7,0.010687022900763359,4,0.011627906976744186,2,0.6666666666666666,6,6,1.0,0.0,1.0,1.0,9.0,268,Blocked;Independent,"Blocked(N1, N2 | N0, N3) || Independent(N1, N2 | N0, N3)"
5a7c3d6598f377da,4,5,0.007633587786259542,5,0.014534883720930232,2,0.6666666666666666,6,6,1.0,0.0,1.0,1.0,9.0,263,Blocked;Independent,"Blocked(N0, N2 | N4, N5) || Independent(N0, N2 | N4, N5)"
adb01f1ac30a4b2f,4,4,0.0061068702290076335,4,0.011627906976744186,2,0.6666666666666666,6,6,1.0,0.0,1.0,1.0,9.0,262,Blocked;Independent,"Blocked(N7, N4 | N3, N5) || Independent(N7, N4 | N3, N5)"
ad86a882395ca98e,4,21,0.03206106870229008,20,0.05813953488372093,2,0.6666666666666666,6,6,1.0,0.0,1.0,1.0,9.0,262,Blocked;Independent,"Blocked(N4, N5 | N2, N3) || Independent(N4, N5 | N2, N3)"
4758a47789716ded,4,10,0.015267175572519083,8,0.023255813953488372,2,0.6666666666666666,6,6,1.0,0.0,1.0,1.0,9.0,263,Blocked;Independent,"Blocked(N1, N2 | N0, N5) || Independent(N1, N2 | N0, N5)"
07a3197657356bbf,4,4,0.0061068702290076335,4,0.011627906976744186,1,0.3333333333333333,6,6,1.0,0.0,1.0,1.0,8.0,263,Blocked,"Blocked(N1, N5 | N0, N2)"
bf16f9f8e9413fb4,4,3,0.004580152671755725,3,0.00872093023255814,2,0.6666666666666666,6,6,1.0,0.0,1.0,1.0,9.0,262,Blocked;Independent,"Blocked(N8, N0 | N4, N5) || Independent(N8, N0 | N4, N5)"
1e367e5a5d11b528,4,3,0.004580152671755725,3,0.00872093023255814,2,0.6666666666666666,6,6,1.0,0.0,1.0,1.0,9.0,264,Blocked;Independent,"Blocked(N3, N1 | N4, N5) || Independent(N3, N1 | N4, N5)"
9b778f663446c705,4,4,0.0061068702290076335,4,0.011627906976744186,2,0.6666666666666666,6,6,1.0,0.0,1.0,1.0,9.0,264,Blocked;Independent,"Blocked(N5, N1 | N0, N3) || Independent(N5, N1 | N0, N3)"
b0a0b5e89c2cbe3a,4,3,0.004580152671755725,3,0.00872093023255814,2,0.6666666666666666,6,6,1.0,0.0,1.0,1.0,9.0,273,Blocked;Independent,"Blocked(N5, N3 | N0, N2) || Independent(N5, N3 | N0, N2)"
a088c3bdc39ea349,4,3,0.004580152671755725,3,0.00872093023255814,1,0.3333333333333333,6,6,1.0,0.0,1.0,1.0,8.0,262,Blocked,"Blocked(N4, N0 | N1, N7)"
60031d0b89aba326,4,3,0.004580152671755725,3,0.00872093023255814,2,0.6666666666666666,6,6,1.0,0.0,1.0,1.0,9.0,269,Blocked;Independent,"Blocked(N5, N4 | N0, N1) || Independent(N5, N4 | N0, N1)"
624366efc6c2ecf8,4,1,0.0015267175572519084,1,0.0029069767441860465,1,0.3333333333333333,6,6,1.0,0.0,1.0,1.0,8.0,262,Independent,"Independent(N2, N7 | N5, N8)"
41dcfffcd675d8fa,5,6,0.00916030534351145,6,0.01744186046511628,2,0.6666666666666666,6,6,1.0,0.0,1.0,1.0,9.0,262,Blocked;Independent,"Blocked(N5, N2 | N6, N7) || Independent(N5, N2 | N6, N7)"
6a6f5c218a642ba5,4,3,0.004580152671755725,3,0.00872093023255814,2,0.6666666666666666,6,6,1.0,0.0,1.0,1.0,9.0,262,Blocked;Independent,"Blocked(N6, N5 | N0, N3) || Independent(N6, N5 | N0, N3)"
c50da38539aa68e9,4,6,0.00916030534351145,6,0.01744186046511628,2,0.6666666666666666,6,6,1.0,0.0,1.0,1.0,9.0,263,Blocked;Independent,"Blocked(N4, N5 | N1, N3) || Independent(N4, N5 | N1, N3)"
d5e818869d981a4d,4,3,0.004580152671755725,3,0.00872093023255814,1,0.3333333333333333,6,6,1.0,0.0,1.0,1.0,8.0,267,Independent,"Independent(N4, N6 | N1, N2)"
e05e6587b2c60ab2,4,5,0.007633587786259542,4,0.011627906976744186,2,0.6666666666666666,6,6,1.0,0.0,1.0,1.0,9.0,263,Blocked;Independent,"Blocked(N5, N2 | N1, N4) || Independent(N5, N2 | N1, N4)"
abe30567a1a2f451,4,3,0.004580152671755725,3,0.00872093023255814,2,0.6666666666666666,6,6,1.0,0.0,1.0,1.0,9.0,262,Blocked;Independent,"Blocked(N3, N0 | N4, N6) || Independent(N3, N0 | N4, N6)"
81e1b5299f1c2be4,4,4,0.0061068702290076335,4,0.011627906976744186,2,0.6666666666666666,6,6,1.0,0.0,1.0,1.0,9.0,267,Blocked;Independent,"Blocked(N1, N0 | N2, N4) || Independent(N1, N0 | N2, N4)"
b3317102cde0dcc4,4,20,0.030534351145038167,18,0.05232558139534884,2,0.6666666666666666,6,6,1.0,0.0,1.0,1.0,9.0,262,Blocked;Independent,"Blocked(N5, N1 | N2, N4) || Independent(N5, N1 | N2, N4)"
981c01c9de379483,4,2,0.0030534351145038168,2,0.005813953488372093,1,0.3333333333333333,6,6,1.0,0.0,1.0,1.0,8.0,262,Blocked,"Blocked(N0, N1 | N8, N9)"
3464e86ad99a6878,4,1,0.0015267175572519084,1,0.0029069767441860465,1,0.3333333333333333,6,6,1.0,0.0,1.0,1.0,8.0,267,Independent,"Independent(N9, N3 | N6, N7)"
a295ce16370f9b09,4,3,0.004580152671755725,3,0.00872093023255814,1,0.3333333333333333,6,6,1.0,0.0,1.0,1.0,8.0,267,Independent,"Independent(N0, N1 | N3, N4)"
82b4efb0574877a6,4,4,0.0061068702290076335,4,0.011627906976744186,2,0.6666666666666666,6,6,1.0,0.0,1.0,1.0,9.0,263,Blocked;Independent,"Blocked(N0, N4 | N2, N3) || Independent(N0, N4 | N2, N3)"
f80b9dbaa9d6cedb,4,1,0.0015267175572519084,1,0.0029069767441860465,1,0.3333333333333333,6,6,1.0,0.0,1.0,1.0,8.0,262,Blocked,"Blocked(N9, N3 | N6, N8)"
2389d2196093a86e,4,3,0.004580152671755725,3,0.00872093023255814,2,0.6666666666666666,6,6,1.0,0.0,1.0,1.0,9.0,264,Blocked;Independent,"Blocked(N3, N5 | N0, N2) || Independent(N3, N5 | N0, N2)"
eb2c4c1a15d69fba,4,7,0.010687022900763359,7,0.020348837209302327,2,0.6666666666666666,6,6,1.0,0.0,1.0,1.0,9.0,262,Blocked;Independent,"Blocked(N7, N6 | N3, N4) || Independent(N7, N6 | N3, N4)"
f6e64ed3e69bfcf7,4,4,0.0061068702290076335,2,0.005813953488372093,2,0.6666666666666666,6,6,1.0,0.0,1.0,1.0,9.0,278,Blocked;Independent,"Blocked(N1, N3 | N0, N2) || Independent(N1, N3 | N0, N2)"
50775b74b9d2c226,4,4,0.0061068702290076335,3,0.00872093023255814,2,0.6666666666666666,6,6,1.0,0.0,1.0,1.0,9.0,262,Blocked;Independent,"Blocked(N4, N7 | N2, N5) || Independent(N4, N7 | N2, N5)"
0cd4b8a4e7b59657,4,10,0.015267175572519083,5,0.014534883720930232,2,0.6666666666666666,6,6,1.0,0.0,1.0,1.0,9.0,267,Blocked;Independent,"Blocked(N1, N0 | N2, N3) || Independent(N1, N0 | N2, N3)"
84ad184fc54c50eb,4,6,0.00916030534351145,6,0.01744186046511628,2,0.6666666666666666,6,6,1.0,0.0,1.0,1.0,9.0,262,Blocked;Independent,"Blocked(N7, N1 | N3, N5) || Independent(N7, N1 | N3, N5)"
87da7895a7d1d4e6,4,4,0.0061068702290076335,2,0.005813953488372093,2,0.6666666666666666,6,6,1.0,0.0,1.0,1.0,9.0,277,Blocked;Independent,"Blocked(N1, N2 | N0, N3) || Independent(N1, N2 | N0, N3)"
99ee0fdce20a1c44,4,3,0.004580152671755725,3,0.00872093023255814,2,0.6666666666666666,6,6,1.0,0.0,1.0,1.0,9.0,262,Blocked;Independent,"Blocked(N3, N9 | N4, N8) || Independent(N3, N9 | N4, N8)"
9cf97c5e3391cbe1,4,4,0.0061068702290076335,4,0.011627906976744186,1,0.3333333333333333,6,6,1.0,0.0,1.0,1.0,8.0,263,Independent,"Independent(N1, N2 | N4, N5)"
180ba6f8b7ed2b24,4,4,0.0061068702290076335,4,0.011627906976744186,2,0.6666666666666666,6,6,1.0,0.0,1.0,1.0,9.0,264,Blocked;Independent,"Blocked(N5, N0 | N3, N4) || Independent(N5, N0 | N3, N4)"
f04ee49fcec33010,4,1,0.0015267175572519084,1,0.0029069767441860465,1,0.3333333333333333,6,6,1.0,0.0,1.0,1.0,8.0,262,Blocked,"Blocked(N9, N3 | N6, N7)"
39332b8b2873b3b7,4,3,0.004580152671755725,2,0.005813953488372093,2,0.6666666666666666,6,6,1.0,0.0,1.0,1.0,9.0,272,Blocked;Independent,"Blocked(N3, N2 | N1, N5) || Independent(N3, N2 | N1, N5)"
15ae2e719574c19c,4,1,0.0015267175572519084,1,0.0029069767441860465,1,0.3333333333333333,6,6,1.0,0.0,1.0,1.0,8.0,272,Independent,"Independent(N4, N8 | N6, N7)"
ba058259bdcdd0f3,4,4,0.0061068702290076335,4,0.011627906976744186,2,0.6666666666666666,6,6,1.0,0.0,1.0,1.0,9.0,262,Blocked;Independent,"Blocked(N3, N1 | N5, N6) || Independent(N3, N1 | N5, N6)"
f53baceba856d4ff,4,3,0.004580152671755725,3,0.00872093023255814,2,0.6666666666666666,6,6,1.0,0.0,1.0,1.0,9.0,262,Blocked;Independent,"Blocked(N3, N7 | N2, N4) || Independent(N3, N7 | N2, N4)"
a31f2f60a9699c25,4,4,0.0061068702290076335,4,0.011627906976744186,2,0.6666666666666666,6,6,1.0,0.0,1.0,1.0,9.0,264,Blocked;Independent,"Blocked(N4, N1 | N0, N6) || Independent(N4, N1 | N0, N6)"
cf363ac4f4475fb8,4,21,0.03206106870229008,18,0.05232558139534884,2,0.6666666666666666,6,6,1.0,0.0,1.0,1.0,9.0,262,Blocked;Independent,"Blocked(N3, N5 | N2, N4) || Independent(N3, N5 | N2, N4)"
e4f60a9bf4f7cad4,4,2,0.0030534351145038168,2,0.005813953488372093,2,0.6666666666666666,6,6,1.0,0.0,1.0,1.0,9.0,262,Blocked;Independent,"Blocked(N1, N6 | N5, N8) || Independent(N1, N6 | N5, N8)"
fb8b0f9ba023a311,4,6,0.00916030534351145,6,0.01744186046511628,2,0.6666666666666666,6,6,1.0,0.0,1.0,1.0,9.0,263,Blocked;Independent,"Blocked(N2, N0 | N1, N5) || Independent(N2, N0 | N1, N5)"
26ba284f4fdbfb98,4,4,0.0061068702290076335,4,0.011627906976744186,2,0.6666666666666666,6,6,1.0,0.0,1.0,1.0,9.0,267,Blocked;Independent,"Blocked(N2, N0 | N1, N5) || Independent(N2, N0 | N1, N5)"
d74aab2199048a5c,4,13,0.01984732824427481,13,0.0377906976744186,2,0.6666666666666666,6,6,1.0,0.0,1.0,1.0,9.0,262,Blocked;Independent,"Blocked(N0, N3 | N2, N4) || Independent(N0, N3 | N2, N4)"
8743d5cf1ab2c07b,4,13,0.01984732824427481,11,0.03197674418604651,2,0.6666666666666666,6,6,1.0,0.0,1.0,1.0,9.0,262,Blocked;Independent,"Blocked(N3, N2 | N1, N5) || Independent(N3, N2 | N1, N5)"
46700a0bf365e169,4,5,0.007633587786259542,5,0.014534883720930232,2,0.6666666666666666,6,6,1.0,0.0,1.0,1.0,9.0,267,Blocked;Independent,"Blocked(N4, N3 | N0, N1) || Independent(N4, N3 | N0, N1)"
c0c6437481ea4e85,4,3,0.004580152671755725,2,0.005813953488372093,2,0.6666666666666666,6,6,1.0,0.0,1.0,1.0,9.0,268,Blocked;Independent,"Blocked(N2, N5 | N0, N3) || Independent(N2, N5 | N0, N3)"
2c27792bf90f72ef,4,4,0.0061068702290076335,4,0.011627906976744186,2,0.6666666666666666,6,6,1.0,0.0,1.0,1.0,9.0,264,Blocked;Independent,"Blocked(N2, N1 | N0, N4) || Independent(N2, N1 | N0, N4)"
1d1e5bfab2d0d1cf,4,4,0.0061068702290076335,4,0.011627906976744186,2,0.6666666666666666,6,6,1.0,0.0,1.0,1.0,9.0,264,Blocked;Independent,"Blocked(N0, N4 | N1, N2) || Independent(N0, N4 | N1, N2)"
e764f49364b8ed74,4,1,0.0015267175572519084,1,0.0029069767441860465,1,0.3333333333333333,6,6,1.0,0.0,1.0,1.0,8.0,262,Blocked,"Blocked(N1, N7 | N8, N9)"
84ca6bf475288658,4,2,0.0030534351145038168,2,0.005813953488372093,2,0.6666666666666666,6,6,1.0,0.0,1.0,1.0,9.0,262,Blocked;Independent,"Blocked(N1, N5 | N8, N9) || Independent(N1, N5 | N8, N9)"
c5a91f1caa9ac511,4,16,0.024427480916030534,9,0.02616279069767442,2,0.6666666666666666,6,6,1.0,0.0,1.0,1.0,9.0,263,Blocked;Independent,"Blocked(N0, N1 | N2, N3) || Independent(N0, N1 | N2, N3)"
c19bdcc67998b958,4,3,0.004580152671755725,3,0.00872093023255814,2,0.6666666666666666,6,6,1.0,0.0,1.0,1.0,9.0,263,Blocked;Independent,"Blocked(N4, N0 | N2, N3) || Independent(N4, N0 | N2, N3)"
64b58c7df3bbe080,4,3,0.004580152671755725,3,0.00872093023255814,2,0.6666666666666666,6,6,1.0,0.0,1.0,1.0,9.0,263,Blocked;Independent,"Blocked(N1, N5 | N0, N3) || Independent(N1, N5 | N0, N3)"
d1a0ce0669ab32ce,4,11,0.016793893129770993,10,0.029069767441860465,2,0.6666666666666666,6,6,1.0,0.0,1.0,1.0,9.0,263,Blocked;Independent,"Blocked(N2, N1 | N4, N5) || Independent(N2, N1 | N4, N5)"
a67f9830649d4551,4,3,0.004580152671755725,2,0.005813953488372093,2,0.6666666666666666,6,6,1.0,0.0,1.0,1.0,9.0,268,Blocked;Independent,"Blocked(N3, N2 | N0, N1) || Independent(N3, N2 | N0, N1)"
008f67cc0105e4de,4,3,0.004580152671755725,3,0.00872093023255814,2,0.6666666666666666,6,6,1.0,0.0,1.0,1.0,9.0,264,Blocked;Independent,"Blocked(N0, N1 | N4, N6) || Independent(N0, N1 | N4, N6)"
6015788852e3dcaf,4,9,0.013740458015267175,9,0.02616279069767442,2,0.6666666666666666,6,6,1.0,0.0,1.0,1.0,9.0,262,Blocked;Independent,"Blocked(N3, N1 | N0, N4) || Independent(N3, N1 | N0, N4)"
f70906d1b58caa8d,4,13,0.01984732824427481,12,0.03488372093023256,2,0.6666666666666666,6,6,1.0,0.0,1.0,1.0,9.0,262,Blocked;Independent,"Blocked(N5, N4 | N1, N2) || Independent(N5, N4 | N1, N2)"
e6df31472a2e0dd9,4,3,0.004580152671755725,3,0.00872093023255814,2,0.6666666666666666,6,6,1.0,0.0,1.0,1.0,9.0,267,Blocked;Independent,"Blocked(N0, N5 | N2, N3) || Independent(N0, N5 | N2, N3)"
3e4760360da32707,4,2,0.0030534351145038168,2,0.005813953488372093,1,0.3333333333333333,6,6,1.0,0.0,1.0,1.0,8.0,262,Independent,"Independent(N4, N1 | N7, N9)"
25a9590092e0fdc0,4,3,0.004580152671755725,3,0.00872093023255814,2,0.6666666666666666,6,6,1.0,0.0,1.0,1.0,9.0,267,Blocked;Independent,"Blocked(N2, N0 | N1, N4) || Independent(N2, N0 | N1, N4)"
59af533dcf099e3d,4,20,0.030534351145038167,20,0.05813953488372093,2,0.6666666666666666,6,6,1.0,0.0,1.0,1.0,9.0,262,Blocked;Independent,"Blocked(N0, N1 | N4, N5) || Independent(N0, N1 | N4, N5)"
5dec71ae223ef0c4,4,5,0.007633587786259542,4,0.011627906976744186,2,0.6666666666666666,6,6,1.0,0.0,1.0,1.0,9.0,264,Blocked;Independent,"Blocked(N4, N0 | N2, N6) || Independent(N4, N0 | N2, N6)"
81ddf681c496aff3,4,6,0.00916030534351145,6,0.01744186046511628,2,0.6666666666666666,6,6,1.0,0.0,1.0,1.0,9.0,262,Blocked;Independent,"Blocked(N5, N3 | N2, N6) || Independent(N5, N3 | N2, N6)"
bea0a6ca4289c2f2,4,19,0.02900763358778626,17,0.04941860465116279,2,0.6666666666666666,6,6,1.0,0.0,1.0,1.0,9.0,262,Blocked;Independent,"Blocked(N4, N0 | N2, N3) || Independent(N4, N0 | N2, N3)"
f67cd5c15f4cdbb3,4,3,0.004580152671755725,3,0.00872093023255814,2,0.6666666666666666,6,6,1.0,0.0,1.0,1.0,9.0,264,Blocked;Independent,"Blocked(N0, N2 | N3, N4) || Independent(N0, N2 | N3, N4)"
250a2e4980559229,4,5,0.007633587786259542,5,0.014534883720930232,2,0.6666666666666666,6,6,1.0,0.0,1.0,1.0,9.0,267,Blocked;Independent,"Blocked(N1, N0 | N3, N5) || Independent(N1, N0 | N3, N5)"
29f86b1920acb684,4,3,0.004580152671755725,3,0.00872093023255814,2,0.6666666666666666,6,6,1.0,0.0,1.0,1.0,9.0,262,Blocked;Independent,"Blocked(N8, N7 | N2, N9) || Independent(N8, N7 | N2, N9)"
a1ac07cfcdac7842,4,3,0.004580152671755725,3,0.00872093023255814,2,0.6666666666666666,6,6,1.0,0.0,1.0,1.0,9.0,262,Blocked;Independent,"Blocked(N6, N1 | N3, N4) || Independent(N6, N1 | N3, N4)"
875b1c257b87befe,4,2,0.0030534351145038168,2,0.005813953488372093,2,0.6666666666666666,6,6,1.0,0.0,1.0,1.0,9.0,262,Blocked;Independent,"Blocked(N1, N3 | N7, N9) || Independent(N1, N3 | N7, N9)"
2c649c2b02197804,4,3,0.004580152671755725,3,0.00872093023255814,2,0.6666666666666666,6,6,1.0,0.0,1.0,1.0,9.0,262,Blocked;Independent,"Blocked(N8, N5 | N2, N9) || Independent(N8, N5 | N2, N9)"
8a756e4558c0d31e,4,3,0.004580152671755725,3,0.00872093023255814,2,0.6666666666666666,6,6,1.0,0.0,1.0,1.0,9.0,263,Blocked;Independent,"Blocked(N3, N7 | N0, N5) || Independent(N3, N7 | N0, N5)"
d097ac2ee653e5d2,4,5,0.007633587786259542,4,0.011627906976744186,2,0.6666666666666666,6,6,1.0,0.0,1.0,1.0,9.0,263,Blocked;Independent,"Blocked(N4, N3 | N0, N5) || Independent(N4, N3 | N0, N5)"
599c8bad84ec3bfe,4,14,0.021374045801526718,14,0.040697674418604654,2,0.6666666666666666,6,6,1.0,0.0,1.0,1.0,9.0,262,Blocked;Independent,"Blocked(N0, N2 | N1, N4) || Independent(N0, N2 | N1, N4)"
d7f5f7f6a7c12204,4,3,0.004580152671755725,3,0.00872093023255814,2,0.6666666666666666,6,6,1.0,0.0,1.0,1.0,9.0,262,Blocked;Independent,"Blocked(N6, N2 | N1, N5) || Independent(N6, N2 | N1, N5)"
2ef91bd04ff6bf7f,4,4,0.0061068702290076335,4,0.011627906976744186,2,0.6666666666666666,6,6,1.0,0.0,1.0,1.0,9.0,262,Blocked;Independent,"Blocked(N7, N6 | N2, N5) || Independent(N7, N6 | N2, N5)"
d03ec386654498ab,4,1,0.0015267175572519084,1,0.0029069767441860465,1,0.3333333333333333,6,6,1.0,0.0,1.0,1.0,8.0,262,Blocked,"Blocked(N2, N0 | N5, N9)"
dfac48ddad1e9589,4,1,0.0015267175572519084,1,0.0029069767441860465,1,0.3333333333333333,6,6,1.0,0.0,1.0,1.0,8.0,267,Independent,"Independent(N2, N0 | N5, N8)"
32630ef4656ab47c,4,116,0.17709923664122137,67,0.19476744186046513,2,0.6666666666666666,6,6,1.0,0.0,1.0,1.0,9.0,262,Blocked;Independent,"Blocked(N1, N2 | N0, N3) || Independent(N1, N2 | N0, N3)"
b7fc859562cabf11,4,1,0.0015267175572519084,1,0.0029069767441860465,1,0.3333333333333333,6,6,1.0,0.0,1.0,1.0,8.0,262,Blocked,"Blocked(N0, N2 | N7, N9)"
423b6506fe283a8d,4,1,0.0015267175572519084,1,0.0029069767441860465,1,0.3333333333333333,6,6,1.0,0.0,1.0,1.0,8.0,262,Blocked,"Blocked(N6, N7 | N5, N8)"
f23902eeae539982,4,3,0.004580152671755725,2,0.005813953488372093,2,0.6666666666666666,6,6,1.0,0.0,1.0,1.0,9.0,263,Blocked;Independent,"Blocked(N5, N3 | N0, N4) || Independent(N5, N3 | N0, N4)"
31ff3ecfe31340b8,4,1,0.0015267175572519084,1,0.0029069767441860465,1,0.3333333333333333,6,6,1.0,0.0,1.0,1.0,8.0,267,Independent,"Independent(N7, N6 | N5, N8)"
14fce418d5001f55,4,3,0.004580152671755725,3,0.00872093023255814,1,0.3333333333333333,6,6,1.0,0.0,1.0,1.0,8.0,263,Independent,"Independent(N3, N2 | N0, N4)"
029453163fa322b1,4,1,0.0015267175572519084,1,0.0029069767441860465,1,0.3333333333333333,6,6,1.0,0.0,1.0,1.0,8.0,267,Independent,"Independent(N2, N5 | N6, N7)"
b72fe106e2ef2a62,4,3,0.004580152671755725,2,0.005813953488372093,2,0.6666666666666666,6,6,1.0,0.0,1.0,1.0,9.0,268,Blocked;Independent,"Blocked(N2, N3 | N0, N1) || Independent(N2, N3 | N0, N1)"
5d988c458515d057,4,4,0.0061068702290076335,3,0.00872093023255814,2,0.6666666666666666,6,6,1.0,0.0,1.0,1.0,9.0,267,Blocked;Independent,"Blocked(N1, N0 | N3, N4) || Independent(N1, N0 | N3, N4)"
69c649888c061c0c,4,5,0.007633587786259542,4,0.011627906976744186,2,0.6666666666666666,6,6,1.0,0.0,1.0,1.0,9.0,264,Blocked;Independent,"Blocked(N3, N0 | N2, N5) || Independent(N3, N0 | N2, N5)"
620c5ac439e15194,4,3,0.004580152671755725,3,0.00872093023255814,2,0.6666666666666666,6,6,1.0,0.0,1.0,1.0,9.0,263,Blocked;Independent,"Blocked(N4, N5 | N0, N2) || Independent(N4, N5 | N0, N2)"
c9ce7a5f51b3b6cd,4,7,0.010687022900763359,7,0.020348837209302327,2,0.6666666666666666,6,6,1.0,0.0,1.0,1.0,9.0,262,Blocked;Independent,"Blocked(N3, N1 | N2, N5) || Independent(N3, N1 | N2, N5)"
0900d61de14921bf,4,4,0.0061068702290076335,4,0.011627906976744186,2,0.6666666666666666,6,6,1.0,0.0,1.0,1.0,9.0,263,Blocked;Independent,"Blocked(N0, N4 | N2, N6) || Independent(N0, N4 | N2, N6)"
46b35d441a0d840e,4,3,0.004580152671755725,3,0.00872093023255814,1,0.3333333333333333,6,6,1.0,0.0,1.0,1.0,8.0,264,Independent,"Independent(N6, N4 | N2, N5)"
0d3a8e600567cbef,4,3,0.004580152671755725,3,0.00872093023255814,2,0.6666666666666666,6,6,1.0,0.0,1.0,1.0,9.0,264,Blocked;Independent,"Blocked(N5, N2 | N1, N3) || Independent(N5, N2 | N1, N3)"
fe837d846b9e8051,4,5,0.007633587786259542,5,0.014534883720930232,2,0.6666666666666666,6,6,1.0,0.0,1.0,1.0,9.0,262,Blocked;Independent,"Blocked(N2, N6 | N1, N5) || Independent(N2, N6 | N1, N5)"
c2c5a5855f6c5e0a,4,17,0.025954198473282442,15,0.0436046511627907,2,0.6666666666666666,6,6,1.0,0.0,1.0,1.0,9.0,262,Blocked;Independent,"Blocked(N3, N0 | N2, N5) || Independent(N3, N0 | N2, N5)"
18b62e082fdd42d7,4,3,0.004580152671755725,3,0.00872093023255814,2,0.6666666666666666,6,6,1.0,0.0,1.0,1.0,9.0,264,Blocked;Independent,"Blocked(N1, N7 | N4, N6) || Independent(N1, N7 | N4, N6)"
db4309c4ffab71b6,4,3,0.004580152671755725,3,0.00872093023255814,2,0.6666666666666666,6,6,1.0,0.0,1.0,1.0,9.0,262,Blocked;Independent,"Blocked(N6, N3 | N0, N1) || Independent(N6, N3 | N0, N1)"
571a1565e148a256,4,21,0.03206106870229008,19,0.055232558139534885,2,0.6666666666666666,6,6,1.0,0.0,1.0,1.0,9.0,262,Blocked;Independent,"Blocked(N3, N2 | N0, N5) || Independent(N3, N2 | N0, N5)"
e55c129d3b3d7cac,4,4,0.0061068702290076335,4,0.011627906976744186,2,0.6666666666666666,6,6,1.0,0.0,1.0,1.0,9.0,262,Blocked;Independent,"Blocked(N7, N5 | N0, N6) || Independent(N7, N5 | N0, N6)"
6ec851080d0c9635,4,3,0.004580152671755725,3,0.00872093023255814,2,0.6666666666666666,6,6,1.0,0.0,1.0,1.0,9.0,267,Blocked;Independent,"Blocked(N3, N1 | N2, N5) || Independent(N3, N1 | N2, N5)"
8ba42081d205af97,4,1,0.0015267175572519084,1,0.0029069767441860465,1,0.3333333333333333,6,6,1.0,0.0,1.0,1.0,8.0,262,Blocked,"Blocked(N8, N4 | N5, N7)"
3c43eee03b04f85b,4,1,0.0015267175572519084,1,0.0029069767441860465,1,0.3333333333333333,6,6,1.0,0.0,1.0,1.0,8.0,262,Independent,"Independent(N2, N7 | N6, N9)"
3cafbf6be6b0636d,4,17,0.025954198473282442,16,0.046511627906976744,2,0.6666666666666666,6,6,1.0,0.0,1.0,1.0,9.0,262,Blocked;Independent,"Blocked(N5, N1 | N3, N4) || Independent(N5, N1 | N3, N4)"
e3935a570bc070db,4,3,0.004580152671755725,3,0.00872093023255814,1,0.3333333333333333,6,6,1.0,0.0,1.0,1.0,8.0,273,Independent,"Independent(N0, N7 | N5, N6)"
bdc40a0ecbb1b298,4,3,0.004580152671755725,3,0.00872093023255814,2,0.6666666666666666,6,6,1.0,0.0,1.0,1.0,9.0,267,Blocked;Independent,"Blocked(N0, N3 | N1, N4) || Independent(N0, N3 | N1, N4)"
cfd755c8c44257da,4,1,0.0015267175572519084,1,0.0029069767441860465,1,0.3333333333333333,6,6,1.0,0.0,1.0,1.0,8.0,267,Independent,"Independent(N2, N8 | N6, N9)"
2a357ab72ce54bfa,4,1,0.0015267175572519084,1,0.0029069767441860465,1,0.3333333333333333,6,6,1.0,0.0,1.0,1.0,8.0,267,Blocked,"Blocked(N2, N3 | N6, N8)"
61c24c96b71249a7,4,3,0.004580152671755725,3,0.00872093023255814,2,0.6666666666666666,6,6,1.0,0.0,1.0,1.0,9.0,267,Blocked;Independent,"Blocked(N2, N5 | N0, N1) || Independent(N2, N5 | N0, N1)"
20196c47e14e4ede,4,17,0.025954198473282442,17,0.04941860465116279,2,0.6666666666666666,6,6,1.0,0.0,1.0,1.0,9.0,262,Blocked;Independent,"Blocked(N2, N1 | N3, N5) || Independent(N2, N1 | N3, N5)"
f15c8e031104ff81,4,3,0.004580152671755725,3,0.00872093023255814,2,0.6666666666666666,6,6,1.0,0.0,1.0,1.0,9.0,264,Blocked;Independent,"Blocked(N7, N2 | N0, N6) || Independent(N7, N2 | N0, N6)"
08b8ebfa6c8f7309,4,20,0.030534351145038167,12,0.03488372093023256,2,0.6666666666666666,6,6,1.0,0.0,1.0,1.0,9.0,267,Blocked;Independent,"Blocked(N3, N2 | N0, N1) || Independent(N3, N2 | N0, N1)"
cb39cda287abd710,4,1,0.0015267175572519084,1,0.0029069767441860465,1,0.3333333333333333,6,6,1.0,0.0,1.0,1.0,8.0,267,Independent,"Independent(N8, N2 | N6, N7)"
3eccb4d9b1972ac9,4,4,0.0061068702290076335,4,0.011627906976744186,1,0.3333333333333333,6,6,1.0,0.0,1.0,1.0,8.0,262,Independent,"Independent(N6, N3 | N1, N4)"
2314bc1719f4532b,4,3,0.004580152671755725,3,0.00872093023255814,2,0.6666666666666666,6,6,1.0,0.0,1.0,1.0,9.0,267,Blocked;Independent,"Blocked(N5, N3 | N1, N2) || Independent(N5, N3 | N1, N2)"
08094a034cc16a22,4,1,0.0015267175572519084,1,0.0029069767441860465,1,0.3333333333333333,6,6,1.0,0.0,1.0,1.0,8.0,266,Blocked,"Blocked(N2, N4 | N6, N7)"
a240fb019f18f5d9,4,3,0.004580152671755725,3,0.00872093023255814,2,0.6666666666666666,6,6,1.0,0.0,1.0,1.0,9.0,263,Blocked;Independent,"Blocked(N0, N5 | N4, N7) || Independent(N0, N5 | N4, N7)"
a820b576ea17ab45,4,4,0.0061068702290076335,4,0.011627906976744186,1,0.3333333333333333,6,6,1.0,0.0,1.0,1.0,8.0,262,Blocked,"Blocked(N4, N3 | N2, N7)"
aaf7791723217fc4,4,4,0.0061068702290076335,4,0.011627906976744186,2,0.6666666666666666,6,6,1.0,0.0,1.0,1.0,9.0,262,Blocked;Independent,"Blocked(N3, N5 | N0, N7) || Independent(N3, N5 | N0, N7)"
5d07cd930847166e,4,3,0.004580152671755725,3,0.00872093023255814,2,0.6666666666666666,6,6,1.0,0.0,1.0,1.0,9.0,263,Blocked;Independent,"Blocked(N0, N5 | N2, N7) || Independent(N0, N5 | N2, N7)"
50a7835af2837bca,4,3,0.004580152671755725,3,0.00872093023255814,2,0.6666666666666666,6,6,1.0,0.0,1.0,1.0,9.0,268,Blocked;Independent,"Blocked(N2, N4 | N0, N3) || Independent(N2, N4 | N0, N3)"
a54ddc4d67d1d2c2,4,2,0.0030534351145038168,2,0.005813953488372093,1,0.3333333333333333,6,6,1.0,0.0,1.0,1.0,8.0,262,Blocked,"Blocked(N1, N3 | N6, N8)"
352111a368a8447b,4,3,0.004580152671755725,3,0.00872093023255814,2,0.6666666666666666,6,6,1.0,0.0,1.0,1.0,9.0,262,Blocked;Independent,"Blocked(N0, N5 | N2, N7) || Independent(N0, N5 | N2, N7)"
d4a8e2700e330553,4,9,0.013740458015267175,5,0.014534883720930232,2,0.6666666666666666,6,6,1.0,0.0,1.0,1.0,9.0,268,Blocked;Independent,"Blocked(N3, N2 | N0, N1) || Independent(N3, N2 | N0, N1)"
d63c172edca02c08,4,4,0.0061068702290076335,3,0.00872093023255814,2,0.6666666666666666,6,6,1.0,0.0,1.0,1.0,9.0,263,Blocked;Independent,"Blocked(N0, N3 | N1, N5) || Independent(N0, N3 | N1, N5)"
72d6d5346d3eaa93,4,3,0.004580152671755725,3,0.00872093023255814,2,0.6666666666666666,6,6,1.0,0.0,1.0,1.0,9.0,267,Blocked;Independent,"Blocked(N4, N1 | N2, N3) || Independent(N4, N1 | N2, N3)"
a282ea2ad56908f0,4,17,0.025954198473282442,16,0.046511627906976744,2,0.6666666666666666,6,6,1.0,0.0,1.0,1.0,9.0,262,Blocked;Independent,"Blocked(N4, N3 | N1, N2) || Independent(N4, N3 | N1, N2)"
3b959afed8de9b33,4,3,0.004580152671755725,3,0.00872093023255814,1,0.3333333333333333,6,6,1.0,0.0,1.0,1.0,8.0,263,Independent,"Independent(N1, N4 | N0, N3)"
31773883f50cc4c0,4,3,0.004580152671755725,2,0.005813953488372093,2,0.6666666666666666,6,6,1.0,0.0,1.0,1.0,9.0,263,Blocked;Independent,"Blocked(N6, N3 | N2, N5) || Independent(N6, N3 | N2, N5)"
6acdd004ae65ba36,4,1,0.0015267175572519084,1,0.0029069767441860465,1,0.3333333333333333,6,6,1.0,0.0,1.0,1.0,8.0,262,Blocked,"Blocked(N0, N7 | N6, N9)"
ace11f4791d89322,4,3,0.004580152671755725,3,0.00872093023255814,1,0.3333333333333333,6,6,1.0,0.0,1.0,1.0,8.0,262,Independent,"Independent(N2, N7 | N4, N5)"
1bca7c668c481764,4,3,0.004580152671755725,2,0.005813953488372093,2,0.6666666666666666,6,6,1.0,0.0,1.0,1.0,9.0,264,Blocked;Independent,"Blocked(N4, N1 | N3, N5) || Independent(N4, N1 | N3, N5)"
5a57784bb5729dda,4,2,0.0030534351145038168,2,0.005813953488372093,1,0.3333333333333333,6,6,1.0,0.0,1.0,1.0,8.0,262,Independent,"Independent(N9, N0 | N6, N8)"
58a1dcf83af074db,4,3,0.004580152671755725,3,0.00872093023255814,2,0.6666666666666666,6,6,1.0,0.0,1.0,1.0,9.0,268,Blocked;Independent,"Blocked(N0, N5 | N2, N4) || Independent(N0, N5 | N2, N4)"
0aa5fa41292437fd,4,12,0.0183206106870229,11,0.03197674418604651,2,0.6666666666666666,6,6,1.0,0.0,1.0,1.0,9.0,262,Blocked;Independent,"Blocked(N1, N3 | N2, N5) || Independent(N1, N3 | N2, N5)"
ef268241e2bfb41d,4,1,0.0015267175572519084,1,0.0029069767441860465,1,0.3333333333333333,6,6,1.0,0.0,1.0,1.0,8.0,267,Independent,"Independent(N3, N0 | N8, N9)"
6544c34355face89,4,5,0.007633587786259542,5,0.014534883720930232,2,0.6666666666666666,6,6,1.0,0.0,1.0,1.0,9.0,263,Blocked;Independent,"Blocked(N0, N2 | N1, N4) || Independent(N0, N2 | N1, N4)"
a32a2e9c62a701a8,4,3,0.004580152671755725,3,0.00872093023255814,2,0.6666666666666666,6,6,1.0,0.0,1.0,1.0,9.0,263,Blocked;Independent,"Blocked(N5, N7 | N0, N3) || Independent(N5, N7 | N0, N3)"
0bfb1b7f26b688c4,4,3,0.004580152671755725,3,0.00872093023255814,2,0.6666666666666666,6,6,1.0,0.0,1.0,1.0,9.0,267,Blocked;Independent,"Blocked(N4, N5 | N1, N6) || Independent(N4, N5 | N1, N6)"
52ba7ea4e574ba06,4,6,0.00916030534351145,3,0.00872093023255814,2,0.6666666666666666,6,6,1.0,0.0,1.0,1.0,9.0,273,Blocked;Independent,"Blocked(N3, N0 | N1, N2) || Independent(N3, N0 | N1, N2)"
a1433ea399f845b0,4,3,0.004580152671755725,3,0.00872093023255814,1,0.3333333333333333,6,6,1.0,0.0,1.0,1.0,8.0,264,Independent,"Independent(N2, N0 | N3, N4)"
87de64ee0d2cd741,4,4,0.0061068702290076335,4,0.011627906976744186,2,0.6666666666666666,6,6,1.0,0.0,1.0,1.0,9.0,262,Blocked;Independent,"Blocked(N4, N7 | N0, N2) || Independent(N4, N7 | N0, N2)"
21cddab54e185c17,4,3,0.004580152671755725,3,0.00872093023255814,2,0.6666666666666666,6,6,1.0,0.0,1.0,1.0,9.0,263,Blocked;Independent,"Blocked(N0, N4 | N5, N7) || Independent(N0, N4 | N5, N7)"
ec239d8cdfae3ec1,4,16,0.024427480916030534,16,0.046511627906976744,2,0.6666666666666666,6,6,1.0,0.0,1.0,1.0,9.0,262,Blocked;Independent,"Blocked(N4, N5 | N0, N2) || Independent(N4, N5 | N0, N2)"
05d5b4e938bd684d,4,6,0.00916030534351145,6,0.01744186046511628,2,0.6666666666666666,6,6,1.0,0.0,1.0,1.0,9.0,262,Blocked;Independent,"Blocked(N7, N2 | N3, N4) || Independent(N7, N2 | N3, N4)"
aa85cb232ab8d6e6,4,8,0.012213740458015267,8,0.023255813953488372,2,0.6666666666666666,6,6,1.0,0.0,1.0,1.0,9.0,262,Blocked;Independent,"Blocked(N7, N2 | N5, N6) || Independent(N7, N2 | N5, N6)"
ea0ea605ba0f4039,5,4,0.0061068702290076335,4,0.011627906976744186,2,0.6666666666666666,6,6,1.0,0.0,1.0,1.0,9.0,262,Blocked;Independent,"Blocked(N0, N2 | N6, N7) || Independent(N0, N2 | N6, N7)"
ac09858cd18a24f5,4,3,0.004580152671755725,3,0.00872093023255814,1,0.3333333333333333,6,6,1.0,0.0,1.0,1.0,8.0,264,Independent,"Independent(N5, N1 | N4, N7)"
8a9dedeb008104e7,4,5,0.007633587786259542,5,0.014534883720930232,2,0.6666666666666666,6,6,1.0,0.0,1.0,1.0,9.0,262,Blocked;Independent,"Blocked(N5, N6 | N1, N3) || Independent(N5, N6 | N1, N3)"
92d7b4035ea0a5e5,4,9,0.013740458015267175,6,0.01744186046511628,2,0.6666666666666666,6,6,1.0,0.0,1.0,1.0,9.0,268,Blocked;Independent,"Blocked(N1, N3 | N0, N2) || Independent(N1, N3 | N0, N2)"
b2f636276e30a5f1,4,5,0.007633587786259542,4,0.011627906976744186,2,0.6666666666666666,6,6,1.0,0.0,1.0,1.0,9.0,268,Blocked;Independent,"Blocked(N5, N0 | N2, N3) || Independent(N5, N0 | N2, N3)"
fc8aebd74fc2072b,4,16,0.024427480916030534,14,0.040697674418604654,2,0.6666666666666666,6,6,1.0,0.0,1.0,1.0,9.0,262,Blocked;Independent,"Blocked(N0, N1 | N2, N4) || Independent(N0, N1 | N2, N4)"
c0b8ce2b0bc2633d,4,3,0.004580152671755725,3,0.00872093023255814,2,0.6666666666666666,6,6,1.0,0.0,1.0,1.0,9.0,267,Blocked;Independent,"Blocked(N2, N1 | N0, N5) || Independent(N2, N1 | N0, N5)"
2f84cba65840f689,4,21,0.03206106870229008,12,0.03488372093023256,2,0.6666666666666666,6,6,1.0,0.0,1.0,1.0,9.0,267,Blocked;Independent,"Blocked(N0, N3 | N1, N2) || Independent(N0, N3 | N1, N2)"
839b6bdd30fca816,4,1,0.0015267175572519084,1,0.0029069767441860465,1,0.3333333333333333,6,6,1.0,0.0,1.0,1.0,8.0,262,Blocked,"Blocked(N1, N2 | N5, N8)"
5f57ce0ae848f0f1,4,5,0.007633587786259542,5,0.014534883720930232,2,0.6666666666666666,6,6,1.0,0.0,1.0,1.0,9.0,262,Blocked;Independent,"Blocked(N1, N6 | N4, N5) || Independent(N1, N6 | N4, N5)"
4cadb01ffff7f879,4,3,0.004580152671755725,3,0.00872093023255814,1,0.3333333333333333,6,6,1.0,0.0,1.0,1.0,8.0,273,Blocked,"Blocked(N1, N5 | N0, N4)"
da6a53c4622e51bd,4,3,0.004580152671755725,3,0.00872093023255814,2,0.6666666666666666,6,6,1.0,0.0,1.0,1.0,9.0,264,Blocked;Independent,"Blocked(N7, N1 | N0, N8) || Independent(N7, N1 | N0, N8)"
fa99afc3449fb3e2,4,7,0.010687022900763359,7,0.020348837209302327,2,0.6666666666666666,6,6,1.0,0.0,1.0,1.0,9.0,264,Blocked;Independent,"Blocked(N1, N5 | N0, N3) || Independent(N1, N5 | N0, N3)"
5bd36f1e83de7423,4,3,0.004580152671755725,3,0.00872093023255814,2,0.6666666666666666,6,6,1.0,0.0,1.0,1.0,9.0,262,Blocked;Independent,"Blocked(N5, N6 | N0, N2) || Independent(N5, N6 | N0, N2)"
ae10c1c56c0af187,5,3,0.004580152671755725,3,0.00872093023255814,2,0.6666666666666666,6,6,1.0,0.0,1.0,1.0,9.0,262,Blocked;Independent,"Blocked(N2, N4 | N6, N7) || Independent(N2, N4 | N6, N7)"
e31cb19589b01bde,4,4,0.0061068702290076335,4,0.011627906976744186,1,0.3333333333333333,6,6,1.0,0.0,1.0,1.0,8.0,262,Blocked,"Blocked(N1, N7 | N3, N5)"
f903152e2b1c0c0f,4,5,0.007633587786259542,5,0.014534883720930232,2,0.6666666666666666,6,6,1.0,0.0,1.0,1.0,9.0,263,Blocked;Independent,"Blocked(N3, N5 | N1, N4) || Independent(N3, N5 | N1, N4)"
3a6a2cb74b34f915,4,5,0.007633587786259542,5,0.014534883720930232,2,0.6666666666666666,6,6,1.0,0.0,1.0,1.0,9.0,262,Blocked;Independent,"Blocked(N2, N4 | N5, N6) || Independent(N2, N4 | N5, N6)"
1647a6b3793c90fb,4,3,0.004580152671755725,2,0.005813953488372093,2,0.6666666666666666,6,6,1.0,0.0,1.0,1.0,9.0,267,Blocked;Independent,"Blocked(N2, N1 | N0, N4) || Independent(N2, N1 | N0, N4)"
9bb405ad74d3ced3,4,7,0.010687022900763359,7,0.020348837209302327,2,0.6666666666666666,6,6,1.0,0.0,1.0,1.0,9.0,262,Blocked;Independent,"Blocked(N6, N4 | N5, N7) || Independent(N6, N4 | N5, N7)"
ae42554bf4cb58dd,4,3,0.004580152671755725,3,0.00872093023255814,2,0.6666666666666666,6,6,1.0,0.0,1.0,1.0,9.0,264,Blocked;Independent,"Blocked(N6, N7 | N0, N1) || Independent(N6, N7 | N0, N1)"
8e5bc572c6e67847,4,3,0.004580152671755725,3,0.00872093023255814,2,0.6666666666666666,6,6,1.0,0.0,1.0,1.0,9.0,263,Blocked;Independent,"Blocked(N4, N1 | N6, N7) || Independent(N4, N1 | N6, N7)"
3860cb443f02e189,4,1,0.0015267175572519084,1,0.0029069767441860465,1,0.3333333333333333,6,6,1.0,0.0,1.0,1.0,8.0,277,Blocked,"Blocked(N3, N7 | N5, N8)"
2e36caea80cc7dba,4,1,0.0015267175572519084,1,0.0029069767441860465,1,0.3333333333333333,6,6,1.0,0.0,1.0,1.0,8.0,262,Blocked,"Blocked(N5, N6 | N8, N9)"
1e7ec8a444dc15f1,4,5,0.007633587786259542,5,0.014534883720930232,2,0.6666666666666666,6,6,1.0,0.0,1.0,1.0,9.0,264,Blocked;Independent,"Blocked(N3, N1 | N2, N4) || Independent(N3, N1 | N2, N4)"
c24201e22945bab3,4,2,0.0030534351145038168,2,0.005813953488372093,2,0.6666666666666666,6,6,1.0,0.0,1.0,1.0,9.0,267,Blocked;Independent,"Blocked(N0, N4 | N6, N8) || Independent(N0, N4 | N6, N8)"
123808183558bcde,4,5,0.007633587786259542,5,0.014534883720930232,2,0.6666666666666666,6,6,1.0,0.0,1.0,1.0,9.0,262,Blocked;Independent,"Blocked(N5, N0 | N2, N6) || Independent(N5, N0 | N2, N6)"
25315a41401e8399,4,1,0.0015267175572519084,1,0.0029069767441860465,1,0.3333333333333333,6,6,1.0,0.0,1.0,1.0,8.0,262,Blocked,"Blocked(N5, N9 | N6, N8)"
f88572a979a5d01f,4,3,0.004580152671755725,3,0.00872093023255814,2,0.6666666666666666,6,6,1.0,0.0,1.0,1.0,9.0,263,Blocked;Independent,"Blocked(N4, N1 | N3, N5) || Independent(N4, N1 | N3, N5)"
e212eec4279f62c1,4,3,0.004580152671755725,3,0.00872093023255814,2,0.6666666666666666,6,6,1.0,0.0,1.0,1.0,9.0,263,Blocked;Independent,"Blocked(N1, N3 | N6, N7) || Independent(N1, N3 | N6, N7)"
cece079d584c41de,4,10,0.015267175572519083,5,0.014534883720930232,2,0.6666666666666666,6,6,1.0,0.0,1.0,1.0,9.0,267,Blocked;Independent,"Blocked(N2, N0 | N1, N3) || Independent(N2, N0 | N1, N3)"
17ca552c5039482a,4,1,0.0015267175572519084,1,0.0029069767441860465,1,0.3333333333333333,6,6,1.0,0.0,1.0,1.0,8.0,262,Blocked,"Blocked(N3, N4 | N8, N9)"
bdcdf388dc0cdbbb,4,21,0.03206106870229008,20,0.05813953488372093,2,0.6666666666666666,6,6,1.0,0.0,1.0,1.0,9.0,262,Blocked;Independent,"Blocked(N1, N5 | N2, N4) || Independent(N1, N5 | N2, N4)"
b8eaa34a488f18a7,4,5,0.007633587786259542,4,0.011627906976744186,2,0.6666666666666666,6,6,1.0,0.0,1.0,1.0,9.0,263,Blocked;Independent,"Blocked(N0, N5 | N3, N4) || Independent(N0, N5 | N3, N4)"
502c8d0c268141d6,4,6,0.00916030534351145,6,0.01744186046511628,2,0.6666666666666666,6,6,1.0,0.0,1.0,1.0,9.0,262,Blocked;Independent,"Blocked(N3, N0 | N2, N7) || Independent(N3, N0 | N2, N7)"
e2f3ff90b4cdab72,4,3,0.004580152671755725,3,0.00872093023255814,2,0.6666666666666666,6,6,1.0,0.0,1.0,1.0,9.0,263,Blocked;Independent,"Blocked(N0, N1 | N3, N4) || Independent(N0, N1 | N3, N4)"
4ac753c58cfba00f,4,1,0.0015267175572519084,1,0.0029069767441860465,1,0.3333333333333333,6,6,1.0,0.0,1.0,1.0,8.0,262,Independent,"Independent(N5, N6 | N7, N8)"
dcc5d7d81edefcfc,4,7,0.010687022900763359,7,0.020348837209302327,2,0.6666666666666666,6,6,1.0,0.0,1.0,1.0,9.0,263,Blocked;Independent,"Blocked(N0, N4 | N2, N5) || Independent(N0, N4 | N2, N5)"
1039b1c420564677,4,1,0.0015267175572519084,1,0.0029069767441860465,1,0.3333333333333333,6,6,1.0,0.0,1.0,1.0,8.0,267,Blocked,"Blocked(N9, N8 | N6, N7)"
1c52c435c061e072,4,18,0.02748091603053435,16,0.046511627906976744,2,0.6666666666666666,6,6,1.0,0.0,1.0,1.0,9.0,262,Blocked;Independent,"Blocked(N1, N4 | N0, N5) || Independent(N1, N4 | N0, N5)"
fb4775cc1f44d3cc,4,5,0.007633587786259542,5,0.014534883720930232,2,0.6666666666666666,6,6,1.0,0.0,1.0,1.0,9.0,263,Blocked;Independent,"Blocked(N2, N4 | N1, N3) || Independent(N2, N4 | N1, N3)"
da3db67d9766664b,5,5,0.007633587786259542,5,0.014534883720930232,2,0.6666666666666666,6,6,1.0,0.0,1.0,1.0,9.0,262,Blocked;Independent,"Blocked(N5, N3 | N6, N7) || Independent(N5, N3 | N6, N7)"
80d7ae9ccb2bf8e5,5,5,0.007633587786259542,5,0.014534883720930232,2,0.6666666666666666,6,6,1.0,0.0,1.0,1.0,9.0,262,Blocked;Independent,"Blocked(N2, N1 | N6, N7) || Independent(N2, N1 | N6, N7)"
9802776a72c51f5c,4,3,0.004580152671755725,2,0.005813953488372093,2,0.6666666666666666,6,6,1.0,0.0,1.0,1.0,9.0,264,Blocked;Independent,"Blocked(N3, N4 | N0, N1) || Independent(N3, N4 | N0, N1)"
e2ae8dd210a46356,4,21,0.03206106870229008,20,0.05813953488372093,2,0.6666666666666666,6,6,1.0,0.0,1.0,1.0,9.0,262,Blocked;Independent,"Blocked(N2, N1 | N3, N4) || Independent(N2, N1 | N3, N4)"
402950f415199caf,4,7,0.010687022900763359,7,0.020348837209302327,2,0.6666666666666666,6,6,1.0,0.0,1.0,1.0,9.0,263,Blocked;Independent,"Blocked(N5, N4 | N1, N2) || Independent(N5, N4 | N1, N2)"
0ae96df184564312,4,5,0.007633587786259542,5,0.014534883720930232,2,0.6666666666666666,6,6,1.0,0.0,1.0,1.0,9.0,262,Blocked;Independent,"Blocked(N6, N1 | N5, N7) || Independent(N6, N1 | N5, N7)"
7eb6b7e64914debe,4,6,0.00916030534351145,6,0.01744186046511628,2,0.6666666666666666,6,6,1.0,0.0,1.0,1.0,9.0,262,Blocked;Independent,"Blocked(N2, N1 | N5, N6) || Independent(N2, N1 | N5, N6)"
3ce816b420512080,4,4,0.0061068702290076335,2,0.005813953488372093,2,0.6666666666666666,6,6,1.0,0.0,1.0,1.0,9.0,283,Blocked;Independent,"Blocked(N2, N1 | N0, N3) || Independent(N2, N1 | N0, N3)"
69f4249c1a7e17e1,4,3,0.004580152671755725,3,0.00872093023255814,1,0.3333333333333333,6,6,1.0,0.0,1.0,1.0,8.0,262,Blocked,"Blocked(N4, N2 | N0, N6)"
31873b3cedcdfd1e,4,1,0.0015267175572519084,1,0.0029069767441860465,1,0.3333333333333333,6,6,1.0,0.0,1.0,1.0,8.0,267,Blocked,"Blocked(N0, N1 | N6, N8)"
b79a40b3f02970c6,4,6,0.00916030534351145,6,0.01744186046511628,2,0.6666666666666666,6,6,1.0,0.0,1.0,1.0,9.0,262,Blocked;Independent,"Blocked(N5, N7 | N3, N6) || Independent(N5, N7 | N3, N6)"
ca96b1c6f0f28120,4,4,0.0061068702290076335,4,0.011627906976744186,2,0.6666666666666666,6,6,1.0,0.0,1.0,1.0,9.0,264,Blocked;Independent,"Blocked(N3, N2 | N0, N5) || Independent(N3, N2 | N0, N5)"
b8370fe7edb09c3c,4,3,0.004580152671755725,3,0.00872093023255814,2,0.6666666666666666,6,6,1.0,0.0,1.0,1.0,9.0,263,Blocked;Independent,"Blocked(N0, N5 | N2, N4) || Independent(N0, N5 | N2, N4)"
412c507c59fc5085,4,3,0.004580152671755725,3,0.00872093023255814,1,0.3333333333333333,6,6,1.0,0.0,1.0,1.0,8.0,262,Blocked,"Blocked(N4, N1 | N2, N7)"
6c5fdd5f4d700c06,4,3,0.004580152671755725,3,0.00872093023255814,2,0.6666666666666666,6,6,1.0,0.0,1.0,1.0,9.0,267,Blocked;Independent,"Blocked(N5, N0 | N1, N2) || Independent(N5, N0 | N1, N2)"
b28b3a4dcea0a563,4,3,0.004580152671755725,3,0.00872093023255814,2,0.6666666666666666,6,6,1.0,0.0,1.0,1.0,9.0,262,Blocked;Independent,"Blocked(N0, N2 | N4, N6) || Independent(N0, N2 | N4, N6)"
aafffafbaf165db6,4,4,0.0061068702290076335,2,0.005813953488372093,2,0.6666666666666666,6,6,1.0,0.0,1.0,1.0,9.0,266,Blocked;Independent,"Blocked(N0, N1 | N2, N3) || Independent(N0, N1 | N2, N3)"
acb337a07b150908,4,4,0.0061068702290076335,3,0.00872093023255814,2,0.6666666666666666,6,6,1.0,0.0,1.0,1.0,9.0,263,Blocked;Independent,"Blocked(N0, N6 | N1, N2) || Independent(N0, N6 | N1, N2)"
a2f83fd64bda3c32,4,5,0.007633587786259542,4,0.011627906976744186,2,0.6666666666666666,6,6,1.0,0.0,1.0,1.0,9.0,263,Blocked;Independent,"Blocked(N1, N3 | N4, N5) || Independent(N1, N3 | N4, N5)"
7294cd6de614b66c,4,6,0.00916030534351145,5,0.014534883720930232,2,0.6666666666666666,6,6,1.0,0.0,1.0,1.0,9.0,263,Blocked;Independent,"Blocked(N0, N4 | N1, N3) || Independent(N0, N4 | N1, N3)"
4dc56bde25cb84be,4,1,0.0015267175572519084,1,0.0029069767441860465,1,0.3333333333333333,6,6,1.0,0.0,1.0,1.0,8.0,262,Blocked,"Blocked(N1, N0 | N6, N8)"
375e64c370812de8,4,6,0.00916030534351145,3,0.00872093023255814,2,0.6666666666666666,6,6,1.0,0.0,1.0,1.0,9.0,268,Blocked;Independent,"Blocked(N0, N2 | N1, N3) || Independent(N0, N2 | N1, N3)"
d70bc6692bd3ec61,4,4,0.0061068702290076335,3,0.00872093023255814,2,0.6666666666666666,6,6,1.0,0.0,1.0,1.0,9.0,263,Blocked;Independent,"Blocked(N1, N2 | N0, N4) || Independent(N1, N2 | N0, N4)"
4628d096ca11683c,4,3,0.004580152671755725,3,0.00872093023255814,2,0.6666666666666666,6,6,1.0,0.0,1.0,1.0,9.0,263,Blocked;Independent,"Blocked(N0, N1 | N2, N5) || Independent(N0, N1 | N2, N5)"
4b7081483f0f9d80,4,118,0.1801526717557252,65,0.18895348837209303,2,0.6666666666666666,6,6,1.0,0.0,1.0,1.0,9.0,262,Blocked;Independent,"Blocked(N2, N3 | N0, N1) || Independent(N2, N3 | N0, N1)"
65e9ce505842cc7c,4,4,0.0061068702290076335,3,0.00872093023255814,2,0.6666666666666666,6,6,1.0,0.0,1.0,1.0,9.0,263,Blocked;Independent,"Blocked(N4, N0 | N2, N5) || Independent(N4, N0 | N2, N5)"
35fcbee9351207bd,4,14,0.021374045801526718,13,0.0377906976744186,2,0.6666666666666666,6,6,1.0,0.0,1.0,1.0,9.0,262,Blocked;Independent,"Blocked(N4, N0 | N1, N2) || Independent(N4, N0 | N1, N2)"
4ea7705580e011d9,4,4,0.0061068702290076335,4,0.011627906976744186,2,0.6666666666666666,6,6,1.0,0.0,1.0,1.0,9.0,262,Blocked;Independent,"Blocked(N4, N7 | N2, N6) || Independent(N4, N7 | N2, N6)"
39c23365a81d130b,4,1,0.0015267175572519084,1,0.0029069767441860465,1,0.3333333333333333,6,6,1.0,0.0,1.0,1.0,8.0,262,Blocked,"Blocked(N8, N5 | N7, N9)"
43b9910867c73fe6,4,4,0.0061068702290076335,4,0.011627906976744186,2,0.6666666666666666,6,6,1.0,0.0,1.0,1.0,9.0,262,Blocked;Independent,"Blocked(N6, N2 | N1, N3) || Independent(N6, N2 | N1, N3)"
ecfacbb1bd646327,4,5,0.007633587786259542,5,0.014534883720930232,2,0.6666666666666666,6,6,1.0,0.0,1.0,1.0,9.0,262,Blocked;Independent,"Blocked(N5, N3 | N4, N7) || Independent(N5, N3 | N4, N7)"
84704832306c83f9,4,1,0.0015267175572519084,1,0.0029069767441860465,1,0.3333333333333333,6,6,1.0,0.0,1.0,1.0,8.0,267,Independent,"Independent(N6, N8 | N5, N9)"
9410efea0eb50b96,4,17,0.025954198473282442,15,0.0436046511627907,2,0.6666666666666666,6,6,1.0,0.0,1.0,1.0,9.0,262,Blocked;Independent,"Blocked(N1, N4 | N3, N5) || Independent(N1, N4 | N3, N5)"
c14b27ed84478fa0,4,3,0.004580152671755725,3,0.00872093023255814,2,0.6666666666666666,6,6,1.0,0.0,1.0,1.0,9.0,264,Blocked;Independent,"Blocked(N6, N3 | N4, N5) || Independent(N6, N3 | N4, N5)"
f8fb2bb0525f6ca4,4,1,0.0015267175572519084,1,0.0029069767441860465,1,0.3333333333333333,6,6,1.0,0.0,1.0,1.0,8.0,262,Blocked,"Blocked(N0, N6 | N5, N8)"
07c4a8058d48e7bc,4,3,0.004580152671755725,2,0.005813953488372093,2,0.6666666666666666,6,6,1.0,0.0,1.0,1.0,9.0,267,Blocked;Independent,"Blocked(N0, N4 | N1, N3) || Independent(N0, N4 | N1, N3)"
1ff799d1567e34b6,4,3,0.004580152671755725,2,0.005813953488372093,2,0.6666666666666666,6,6,1.0,0.0,1.0,1.0,9.0,268,Blocked;Independent,"Blocked(N3, N5 | N0, N2) || Independent(N3, N5 | N0, N2)"
5dd88f9433cc2b3d,4,3,0.004580152671755725,3,0.00872093023255814,2,0.6666666666666666,6,6,1.0,0.0,1.0,1.0,9.0,267,Blocked;Independent,"Blocked(N3, N5 | N2, N4) || Independent(N3, N5 | N2, N4)"
3a3dcc4bb2995b6f,4,5,0.007633587786259542,5,0.014534883720930232,2,0.6666666666666666,6,6,1.0,0.0,1.0,1.0,9.0,264,Blocked;Independent,"Blocked(N5, N1 | N2, N4) || Independent(N5, N1 | N2, N4)"
185d07b7f42806ff,4,5,0.007633587786259542,3,0.00872093023255814,2,0.6666666666666666,6,6,1.0,0.0,1.0,1.0,9.0,267,Blocked;Independent,"Blocked(N2, N1 | N0, N3) || Independent(N2, N1 | N0, N3)"
8a02abd5f608b475,4,19,0.02900763358778626,11,0.03197674418604651,2,0.6666666666666666,6,6,1.0,0.0,1.0,1.0,9.0,267,Blocked;Independent,"Blocked(N0, N3 | N1, N2) || Independent(N0, N3 | N1, N2)"
597b8d1473029ee2,4,6,0.00916030534351145,6,0.01744186046511628,2,0.6666666666666666,6,6,1.0,0.0,1.0,1.0,9.0,262,Blocked;Independent,"Blocked(N1, N7 | N4, N6) || Independent(N1, N7 | N4, N6)"
670a6ba232de01e9,4,3,0.004580152671755725,3,0.00872093023255814,2,0.6666666666666666,6,6,1.0,0.0,1.0,1.0,9.0,262,Blocked;Independent,"Blocked(N1, N5 | N4, N6) || Independent(N1, N5 | N4, N6)"
f16a77414487be5e,4,3,0.004580152671755725,2,0.005813953488372093,2,0.6666666666666666,6,6,1.0,0.0,1.0,1.0,9.0,272,Blocked;Independent,"Blocked(N2, N4 | N0, N5) || Independent(N2, N4 | N0, N5)"
4c794e56bab46f72,4,29,0.044274809160305344,28,0.08139534883720931,2,0.6666666666666666,6,6,1.0,0.0,1.0,1.0,9.0,262,Blocked;Independent,"Blocked(N5, N0 | N1, N4) || Independent(N5, N0 | N1, N4)"
d8556dcf277e9951,4,4,0.0061068702290076335,4,0.011627906976744186,2,0.6666666666666666,6,6,1.0,0.0,1.0,1.0,9.0,263,Blocked;Independent,"Blocked(N3, N1 | N0, N5) || Independent(N3, N1 | N0, N5)"
1f185c5fd73d3d7a,4,1,0.0015267175572519084,1,0.0029069767441860465,1,0.3333333333333333,6,6,1.0,0.0,1.0,1.0,8.0,267,Blocked,"Blocked(N2, N1 | N6, N7)"
cd5bf367175abdb4,4,4,0.0061068702290076335,4,0.011627906976744186,2,0.6666666666666666,6,6,1.0,0.0,1.0,1.0,9.0,262,Blocked;Independent,"Blocked(N2, N6 | N1, N3) || Independent(N2, N6 | N1, N3)"
6777c7c190b9d9aa,4,3,0.004580152671755725,3,0.00872093023255814,2,0.6666666666666666,6,6,1.0,0.0,1.0,1.0,9.0,267,Blocked;Independent,"Blocked(N1, N0 | N4, N5) || Independent(N1, N0 | N4, N5)"
1f6688d4506b14fc,4,4,0.0061068702290076335,4,0.011627906976744186,2,0.6666666666666666,6,6,1.0,0.0,1.0,1.0,9.0,262,Blocked;Independent,"Blocked(N6, N2 | N1, N7) || Independent(N6, N2 | N1, N7)"
334bacb47a307b5b,4,3,0.004580152671755725,3,0.00872093023255814,2,0.6666666666666666,6,6,1.0,0.0,1.0,1.0,9.0,272,Blocked;Independent,"Blocked(N4, N2 | N0, N1) || Independent(N4, N2 | N0, N1)"
39aabe8d2d5a4a2c,4,4,0.0061068702290076335,4,0.011627906976744186,2,0.6666666666666666,6,6,1.0,0.0,1.0,1.0,9.0,262,Blocked;Independent,"Blocked(N3, N6 | N5, N7) || Independent(N3, N6 | N5, N7)"
f2d8655a5c69df19,4,7,0.010687022900763359,7,0.020348837209302327,2,0.6666666666666666,6,6,1.0,0.0,1.0,1.0,9.0,263,Blocked;Independent,"Blocked(N1, N5 | N2, N4) || Independent(N1, N5 | N2, N4)"
d8095c7fa24c3e05,4,4,0.0061068702290076335,3,0.00872093023255814,2,0.6666666666666666,6,6,1.0,0.0,1.0,1.0,9.0,264,Blocked;Independent,"Blocked(N2, N4 | N1, N3) || Independent(N2, N4 | N1, N3)"
d7a463a7ad6b05ef,4,3,0.004580152671755725,2,0.005813953488372093,2,0.6666666666666666,6,6,1.0,0.0,1.0,1.0,9.0,264,Blocked;Independent,"Blocked(N3, N9 | N2, N6) || Independent(N3, N9 | N2, N6)"
1dfba4cb0bb92746,4,18,0.02748091603053435,10,0.029069767441860465,2,0.6666666666666666,6,6,1.0,0.0,1.0,1.0,9.0,267,Blocked;Independent,"Blocked(N3, N1 | N0, N2) || Independent(N3, N1 | N0, N2)"
169507589d478e8c,4,3,0.004580152671755725,3,0.00872093023255814,2,0.6666666666666666,6,6,1.0,0.0,1.0,1.0,9.0,264,Blocked;Independent,"Blocked(N3, N1 | N4, N6) || Independent(N3, N1 | N4, N6)"
8e7d8b7655daf72e,4,21,0.03206106870229008,18,0.05232558139534884,2,0.6666666666666666,6,6,1.0,0.0,1.0,1.0,9.0,262,Blocked;Independent,"Blocked(N5, N2 | N1, N3) || Independent(N5, N2 | N1, N3)"
40d7a59e5cef2bbb,4,8,0.012213740458015267,8,0.023255813953488372,2,0.6666666666666666,6,6,1.0,0.0,1.0,1.0,9.0,264,Blocked;Independent,"Blocked(N4, N1 | N2, N3) || Independent(N4, N1 | N2, N3)"
8dadddd6e998a031,4,3,0.004580152671755725,3,0.00872093023255814,2,0.6666666666666666,6,6,1.0,0.0,1.0,1.0,9.0,262,Blocked;Independent,"Blocked(N4, N7 | N3, N5) || Independent(N4, N7 | N3, N5)"
2412807556427e4e,4,6,0.00916030534351145,6,0.01744186046511628,2,0.6666666666666666,6,6,1.0,0.0,1.0,1.0,9.0,262,Blocked;Independent,"Blocked(N3, N7 | N1, N5) || Independent(N3, N7 | N1, N5)"
5b5785aa21c749ad,4,3,0.004580152671755725,3,0.00872093023255814,1,0.3333333333333333,6,6,1.0,0.0,1.0,1.0,8.0,262,Blocked,"Blocked(N3, N4 | N2, N6)"
52580b86f87287cb,4,3,0.004580152671755725,3,0.00872093023255814,2,0.6666666666666666,6,6,1.0,0.0,1.0,1.0,9.0,263,Blocked;Independent,"Blocked(N6, N2 | N0, N3) || Independent(N6, N2 | N0, N3)"
64e2bc65bf17783e,4,20,0.030534351145038167,18,0.05232558139534884,2,0.6666666666666666,6,6,1.0,0.0,1.0,1.0,9.0,262,Blocked;Independent,"Blocked(N4, N3 | N1, N5) || Independent(N4, N3 | N1, N5)"
a8a00c286a66acfa,4,1,0.0015267175572519084,1,0.0029069767441860465,1,0.3333333333333333,6,6,1.0,0.0,1.0,1.0,8.0,262,Blocked,"Blocked(N0, N5 | N7, N8)"
f6e1dcaca8ce463e,4,4,0.0061068702290076335,4,0.011627906976744186,2,0.6666666666666666,6,6,1.0,0.0,1.0,1.0,9.0,262,Blocked;Independent,"Blocked(N2, N6 | N1, N7) || Independent(N2, N6 | N1, N7)"
afa2df08dfb6a8f6,4,12,0.0183206106870229,11,0.03197674418604651,2,0.6666666666666666,6,6,1.0,0.0,1.0,1.0,9.0,262,Blocked;Independent,"Blocked(N0, N3 | N1, N4) || Independent(N0, N3 | N1, N4)"
e69bedd33224fbdf,4,4,0.0061068702290076335,4,0.011627906976744186,2,0.6666666666666666,6,6,1.0,0.0,1.0,1.0,9.0,262,Blocked;Independent,"Blocked(N6, N3 | N1, N5) || Independent(N6, N3 | N1, N5)"
02af5556d6dc6d37,4,2,0.0030534351145038168,2,0.005813953488372093,1,0.3333333333333333,6,6,1.0,0.0,1.0,1.0,8.0,262,Blocked,"Blocked(N0, N3 | N7, N9)"
613da8a77d3dbc13,4,20,0.030534351145038167,19,0.055232558139534885,2,0.6666666666666666,6,6,1.0,0.0,1.0,1.0,9.0,262,Blocked;Independent,"Blocked(N1, N2 | N4, N5) || Independent(N1, N2 | N4, N5)"
7bd6eb4abc5347fe,4,6,0.00916030534351145,6,0.01744186046511628,2,0.6666666666666666,6,6,1.0,0.0,1.0,1.0,9.0,263,Blocked;Independent,"Blocked(N2, N5 | N0, N1) || Independent(N2, N5 | N0, N1)"
402f8fba11caecc5,4,6,0.00916030534351145,5,0.014534883720930232,2,0.6666666666666666,6,6,1.0,0.0,1.0,1.0,9.0,264,Blocked;Independent,"Blocked(N3, N1 | N0, N4) || Independent(N3, N1 | N0, N4)"
d57d0177973535b0,4,27,0.04122137404580153,14,0.040697674418604654,2,0.6666666666666666,6,6,1.0,0.0,1.0,1.0,9.0,267,Blocked;Independent,"Blocked(N1, N0 | N2, N3) || Independent(N1, N0 | N2, N3)"
b8ecf5374ca8fba2,4,1,0.0015267175572519084,1,0.0029069767441860465,1,0.3333333333333333,6,6,1.0,0.0,1.0,1.0,8.0,272,Blocked,"Blocked(N8, N7 | N5, N9)"
4fb6343948be553e,4,3,0.004580152671755725,2,0.005813953488372093,2,0.6666666666666666,6,6,1.0,0.0,1.0,1.0,9.0,268,Blocked;Independent,"Blocked(N1, N5 | N3, N4) || Independent(N1, N5 | N3, N4)"
6dfcce64302d8297,4,10,0.015267175572519083,5,0.014534883720930232,2,0.6666666666666666,6,6,1.0,0.0,1.0,1.0,9.0,267,Blocked;Independent,"Blocked(N3, N2 | N0, N1) || Independent(N3, N2 | N0, N1)"
0208544e2b22e839,4,1,0.0015267175572519084,1,0.0029069767441860465,1,0.3333333333333333,6,6,1.0,0.0,1.0,1.0,8.0,262,Independent,"Independent(N6, N2 | N7, N8)"
ad3d43edb034a3de,4,1,0.0015267175572519084,1,0.0029069767441860465,1,0.3333333333333333,6,6,1.0,0.0,1.0,1.0,8.0,272,Independent,"Independent(N1, N3 | N5, N8)"
6b7c3aa5082d28b9,4,13,0.01984732824427481,7,0.020348837209302327,2,0.6666666666666666,6,6,1.0,0.0,1.0,1.0,9.0,267,Blocked;Independent,"Blocked(N3, N1 | N0, N2) || Independent(N3, N1 | N0, N2)"
eba47a2f32d42077,4,7,0.010687022900763359,7,0.020348837209302327,2,0.6666666666666666,6,6,1.0,0.0,1.0,1.0,9.0,263,Blocked;Independent,"Blocked(N3, N1 | N4, N5) || Independent(N3, N1 | N4, N5)"
d7661c2dcf2a6f5c,4,16,0.024427480916030534,15,0.0436046511627907,2,0.6666666666666666,6,6,1.0,0.0,1.0,1.0,9.0,262,Blocked;Independent,"Blocked(N4, N5 | N0, N1) || Independent(N4, N5 | N0, N1)"
80bc9bce9c4791d5,4,6,0.00916030534351145,4,0.011627906976744186,2,0.6666666666666666,6,6,1.0,0.0,1.0,1.0,9.0,267,Blocked;Independent,"Blocked(N2, N5 | N3, N4) || Independent(N2, N5 | N3, N4)"
9a0bb5d7f1c34230,4,3,0.004580152671755725,2,0.005813953488372093,2,0.6666666666666666,6,6,1.0,0.0,1.0,1.0,9.0,269,Blocked;Independent,"Blocked(N2, N1 | N0, N4) || Independent(N2, N1 | N0, N4)"
d0dbc034b55d5cf3,4,5,0.007633587786259542,5,0.014534883720930232,1,0.3333333333333333,6,6,1.0,0.0,1.0,1.0,8.0,263,Independent,"Independent(N2, N5 | N0, N4)"
d6d3c437da1e11e0,4,3,0.004580152671755725,3,0.00872093023255814,2,0.6666666666666666,6,6,1.0,0.0,1.0,1.0,9.0,264,Blocked;Independent,"Blocked(N5, N6 | N3, N7) || Independent(N5, N6 | N3, N7)"
b66817007f540956,4,7,0.010687022900763359,7,0.020348837209302327,2,0.6666666666666666,6,6,1.0,0.0,1.0,1.0,9.0,262,Blocked;Independent,"Blocked(N1, N6 | N3, N7) || Independent(N1, N6 | N3, N7)"
90b2b8d8d72fb39b,4,7,0.010687022900763359,4,0.011627906976744186,2,0.6666666666666666,6,6,1.0,0.0,1.0,1.0,9.0,268,Blocked;Independent,"Blocked(N2, N0 | N1, N3) || Independent(N2, N0 | N1, N3)"
7b8a5d3b1b3be3db,4,5,0.007633587786259542,4,0.011627906976744186,2,0.6666666666666666,6,6,1.0,0.0,1.0,1.0,9.0,263,Blocked;Independent,"Blocked(N4, N3 | N0, N7) || Independent(N4, N3 | N0, N7)"
930fff3a591b1848,4,6,0.00916030534351145,4,0.011627906976744186,2,0.6666666666666666,6,6,1.0,0.0,1.0,1.0,9.0,263,Blocked;Independent,"Blocked(N2, N1 | N0, N4) || Independent(N2, N1 | N0, N4)"
debf5f8a693bd1bb,4,2,0.0030534351145038168,2,0.005813953488372093,2,0.6666666666666666,6,6,1.0,0.0,1.0,1.0,9.0,262,Blocked;Independent,"Blocked(N5, N2 | N8, N9) || Independent(N5, N2 | N8, N9)"
45a2809013662da5,4,6,0.00916030534351145,6,0.01744186046511628,2,0.6666666666666666,6,6,1.0,0.0,1.0,1.0,9.0,262,Blocked;Independent,"Blocked(N0, N6 | N1, N7) || Independent(N0, N6 | N1, N7)"
00c6c1f23f220555,4,5,0.007633587786259542,5,0.014534883720930232,2,0.6666666666666666,6,6,1.0,0.0,1.0,1.0,9.0,263,Blocked;Independent,"Blocked(N0, N3 | N1, N5) || Independent(N0, N3 | N1, N5)"
d0c6fc18b7f58047,4,3,0.004580152671755725,3,0.00872093023255814,2,0.6666666666666666,6,6,1.0,0.0,1.0,1.0,9.0,263,Blocked;Independent,"Blocked(N0, N7 | N4, N6) || Independent(N0, N7 | N4, N6)"
74e1d91029b8963b,4,4,0.0061068702290076335,3,0.00872093023255814,2,0.6666666666666666,6,6,1.0,0.0,1.0,1.0,9.0,268,Blocked;Independent,"Blocked(N3, N0 | N1, N2) || Independent(N3, N0 | N1, N2)"
20acdbceecfdf0c9,4,1,0.0015267175572519084,1,0.0029069767441860465,1,0.3333333333333333,6,6,1.0,0.0,1.0,1.0,8.0,272,Independent,"Independent(N9, N0 | N6, N7)"
03ddd81a952e29da,4,1,0.0015267175572519084,1,0.0029069767441860465,1,0.3333333333333333,6,6,1.0,0.0,1.0,1.0,8.0,272,Independent,"Independent(N4, N1 | N7, N8)"
090892bd13054a53,4,13,0.01984732824427481,7,0.020348837209302327,2,0.6666666666666666,6,6,1.0,0.0,1.0,1.0,9.0,267,Blocked;Independent,"Blocked(N1, N3 | N0, N2) || Independent(N1, N3 | N0, N2)"
0d900bc25ae8d136,4,5,0.007633587786259542,5,0.014534883720930232,2,0.6666666666666666,6,6,1.0,0.0,1.0,1.0,9.0,262,Blocked;Independent,"Blocked(N3, N1 | N2, N6) || Independent(N3, N1 | N2, N6)"
bde747578bca9445,4,22,0.03358778625954199,20,0.05813953488372093,2,0.6666666666666666,6,6,1.0,0.0,1.0,1.0,9.0,262,Blocked;Independent,"Blocked(N1, N5 | N0, N3) || Independent(N1, N5 | N0, N3)"
33b88542f3df4b2f,4,3,0.004580152671755725,3,0.00872093023255814,1,0.3333333333333333,6,6,1.0,0.0,1.0,1.0,8.0,268,Independent,"Independent(N0, N5 | N2, N3)"
c9d201774af653d7,4,7,0.010687022900763359,4,0.011627906976744186,2,0.6666666666666666,6,6,1.0,0.0,1.0,1.0,9.0,268,Blocked;Independent,"Blocked(N3, N0 | N1, N2) || Independent(N3, N0 | N1, N2)"
a61e294011154f30,4,4,0.0061068702290076335,4,0.011627906976744186,2,0.6666666666666666,6,6,1.0,0.0,1.0,1.0,9.0,267,Blocked;Independent,"Blocked(N3, N4 | N1, N2) || Independent(N3, N4 | N1, N2)"
3415759670e3f6bb,4,1,0.0015267175572519084,1,0.0029069767441860465,1,0.3333333333333333,6,6,1.0,0.0,1.0,1.0,8.0,262,Blocked,"Blocked(N5, N0 | N6, N7)"
a87215403f14a561,4,4,0.0061068702290076335,4,0.011627906976744186,2,0.6666666666666666,6,6,1.0,0.0,1.0,1.0,9.0,263,Blocked;Independent,"Blocked(N2, N3 | N1, N4) || Independent(N2, N3 | N1, N4)"
da39160de0747e54,4,3,0.004580152671755725,3,0.00872093023255814,2,0.6666666666666666,6,6,1.0,0.0,1.0,1.0,9.0,267,Blocked;Independent,"Blocked(N0, N4 | N2, N5) || Independent(N0, N4 | N2, N5)"
9893249f4c6abe8d,4,4,0.0061068702290076335,2,0.005813953488372093,2,0.6666666666666666,6,6,1.0,0.0,1.0,1.0,9.0,266,Blocked;Independent,"Blocked(N1, N0 | N2, N3) || Independent(N1, N0 | N2, N3)"
4ce3970848261ce1,4,5,0.007633587786259542,4,0.011627906976744186,2,0.6666666666666666,6,6,1.0,0.0,1.0,1.0,9.0,263,Blocked;Independent,"Blocked(N4, N2 | N0, N1) || Independent(N4, N2 | N0, N1)"
7afdae70905d23c4,4,3,0.004580152671755725,3,0.00872093023255814,1,0.3333333333333333,6,6,1.0,0.0,1.0,1.0,8.0,268,Independent,"Independent(N2, N5 | N3, N4)"
3e7bdc32655ffe66,4,5,0.007633587786259542,5,0.014534883720930232,2,0.6666666666666666,6,6,1.0,0.0,1.0,1.0,9.0,262,Blocked;Independent,"Blocked(N7, N5 | N1, N6) || Independent(N7, N5 | N1, N6)"
4e9e55e02b5e079a,4,5,0.007633587786259542,5,0.014534883720930232,2,0.6666666666666666,6,6,1.0,0.0,1.0,1.0,9.0,263,Blocked;Independent,"Blocked(N2, N1 | N3, N5) || Independent(N2, N1 | N3, N5)"
b3d40c4307b76595,4,3,0.004580152671755725,3,0.00872093023255814,2,0.6666666666666666,6,6,1.0,0.0,1.0,1.0,9.0,262,Blocked;Independent,"Blocked(N1, N6 | N0, N7) || Independent(N1, N6 | N0, N7)"
fe7ba3bb43ab953d,4,3,0.004580152671755725,3,0.00872093023255814,2,0.6666666666666666,6,6,1.0,0.0,1.0,1.0,9.0,262,Blocked;Independent,"Blocked(N7, N0 | N3, N6) || Independent(N7, N0 | N3, N6)"
d49053c757e30abf,4,5,0.007633587786259542,4,0.011627906976744186,2,0.6666666666666666,6,6,1.0,0.0,1.0,1.0,9.0,267,Blocked;Independent,"Blocked(N3, N5 | N1, N2) || Independent(N3, N5 | N1, N2)"
43ca009c50f778cd,4,3,0.004580152671755725,3,0.00872093023255814,2,0.6666666666666666,6,6,1.0,0.0,1.0,1.0,9.0,263,Blocked;Independent,"Blocked(N5, N0 | N3, N4) || Independent(N5, N0 | N3, N4)"
9fb37e59dc73b726,4,6,0.00916030534351145,6,0.01744186046511628,2,0.6666666666666666,6,6,1.0,0.0,1.0,1.0,9.0,262,Blocked;Independent,"Blocked(N2, N7 | N3, N6) || Independent(N2, N7 | N3, N6)"
57692a714950ad04,4,3,0.004580152671755725,3,0.00872093023255814,2,0.6666666666666666,6,6,1.0,0.0,1.0,1.0,9.0,263,Blocked;Independent,"Blocked(N3, N1 | N4, N6) || Independent(N3, N1 | N4, N6)"
370d94e0385da59e,4,6,0.00916030534351145,6,0.01744186046511628,2,0.6666666666666666,6,6,1.0,0.0,1.0,1.0,9.0,262,Blocked;Independent,"Blocked(N2, N5 | N3, N6) || Independent(N2, N5 | N3, N6)"
defd24e4d8d36152,4,18,0.02748091603053435,18,0.05232558139534884,2,0.6666666666666666,6,6,1.0,0.0,1.0,1.0,9.0,262,Blocked;Independent,"Blocked(N1, N4 | N0, N2) || Independent(N1, N4 | N0, N2)"
c5c20537733dbb7a,4,4,0.0061068702290076335,4,0.011627906976744186,2,0.6666666666666666,6,6,1.0,0.0,1.0,1.0,9.0,262,Blocked;Independent,"Blocked(N7, N6 | N3, N5) || Independent(N7, N6 | N3, N5)"
4deb3f35603f6c54,4,9,0.013740458015267175,8,0.023255813953488372,2,0.6666666666666666,6,6,1.0,0.0,1.0,1.0,9.0,262,Blocked;Independent,"Blocked(N3, N4 | N0, N1) || Independent(N3, N4 | N0, N1)"
d0f68d484df1c51e,4,4,0.0061068702290076335,4,0.011627906976744186,2,0.6666666666666666,6,6,1.0,0.0,1.0,1.0,9.0,263,Blocked;Independent,"Blocked(N1, N3 | N2, N4) || Independent(N1, N3 | N2, N4)"
2373db711a690e48,4,1,0.0015267175572519084,1,0.0029069767441860465,1,0.3333333333333333,6,6,1.0,0.0,1.0,1.0,8.0,266,Independent,"Independent(N5, N0 | N6, N9)"
c1af3d25f4cd8efc,4,5,0.007633587786259542,4,0.011627906976744186,2,0.6666666666666666,6,6,1.0,0.0,1.0,1.0,9.0,262,Blocked;Independent,"Blocked(N3, N7 | N0, N5) || Independent(N3, N7 | N0, N5)"
fe08071c5ca5ef36,4,12,0.0183206106870229,7,0.020348837209302327,2,0.6666666666666666,6,6,1.0,0.0,1.0,1.0,9.0,267,Blocked;Independent,"Blocked(N1, N3 | N0, N2) || Independent(N1, N3 | N0, N2)"
81639785f8f92fe1,4,4,0.0061068702290076335,2,0.005813953488372093,2,0.6666666666666666,6,6,1.0,0.0,1.0,1.0,9.0,266,Blocked;Independent,"Blocked(N1, N2 | N0, N3) || Independent(N1, N2 | N0, N3)"
7bcff156a66454ef,4,4,0.0061068702290076335,4,0.011627906976744186,2,0.6666666666666666,6,6,1.0,0.0,1.0,1.0,9.0,263,Blocked;Independent,"Blocked(N3, N5 | N1, N6) || Independent(N3, N5 | N1, N6)"
34c515e90e76fe83,4,3,0.004580152671755725,3,0.00872093023255814,2,0.6666666666666666,6,6,1.0,0.0,1.0,1.0,9.0,264,Blocked;Independent,"Blocked(N1, N7 | N2, N5) || Independent(N1, N7 | N2, N5)"
922bc3318e702078,4,19,0.02900763358778626,19,0.055232558139534885,2,0.6666666666666666,6,6,1.0,0.0,1.0,1.0,9.0,262,Blocked;Independent,"Blocked(N4, N3 | N0, N5) || Independent(N4, N3 | N0, N5)"
58568ca866a52c01,4,1,0.0015267175572519084,1,0.0029069767441860465,1,0.3333333333333333,6,6,1.0,0.0,1.0,1.0,8.0,267,Blocked,"Blocked(N4, N2 | N5, N9)"
9f6f1a8381123ae2,4,1,0.0015267175572519084,1,0.0029069767441860465,1,0.3333333333333333,6,6,1.0,0.0,1.0,1.0,8.0,262,Independent,"Independent(N3, N7 | N6, N9)"
340b430513c3823f,4,1,0.0015267175572519084,1,0.0029069767441860465,1,0.3333333333333333,6,6,1.0,0.0,1.0,1.0,8.0,262,Independent,"Independent(N3, N5 | N6, N9)"
6b1963605aac90cb,4,4,0.0061068702290076335,4,0.011627906976744186,2,0.6666666666666666,6,6,1.0,0.0,1.0,1.0,9.0,267,Blocked;Independent,"Blocked(N1, N0 | N3, N4) || Independent(N1, N0 | N3, N4)"
5c72e7835517453c,4,4,0.0061068702290076335,3,0.00872093023255814,2,0.6666666666666666,6,6,1.0,0.0,1.0,1.0,9.0,263,Blocked;Independent,"Blocked(N0, N3 | N1, N4) || Independent(N0, N3 | N1, N4)"
9100bf87f1862601,4,3,0.004580152671755725,2,0.005813953488372093,2,0.6666666666666666,6,6,1.0,0.0,1.0,1.0,9.0,264,Blocked;Independent,"Blocked(N1, N2 | N5, N9) || Independent(N1, N2 | N5, N9)"
3d51d4c237bf0b68,5,4,0.0061068702290076335,4,0.011627906976744186,2,0.6666666666666666,6,6,1.0,0.0,1.0,1.0,9.0,262,Blocked;Independent,"Blocked(N0, N3 | N6, N7) || Independent(N0, N3 | N6, N7)"
c83b9424940410af,4,3,0.004580152671755725,2,0.005813953488372093,2,0.6666666666666666,6,6,1.0,0.0,1.0,1.0,9.0,268,Blocked;Independent,"Blocked(N5, N1 | N2, N4) || Independent(N5, N1 | N2, N4)"
a41a692f3e1cc7dd,4,5,0.007633587786259542,5,0.014534883720930232,2,0.6666666666666666,6,6,1.0,0.0,1.0,1.0,9.0,262,Blocked;Independent,"Blocked(N2, N6 | N0, N4) || Independent(N2, N6 | N0, N4)"
46450ffbc694ba95,4,3,0.004580152671755725,3,0.00872093023255814,2,0.6666666666666666,6,6,1.0,0.0,1.0,1.0,9.0,267,Blocked;Independent,"Blocked(N3, N5 | N0, N1) || Independent(N3, N5 | N0, N1)"
fb636fc80a678527,4,5,0.007633587786259542,3,0.00872093023255814,2,0.6666666666666666,6,6,1.0,0.0,1.0,1.0,9.0,272,Blocked;Independent,"Blocked(N1, N0 | N2, N3) || Independent(N1, N0 | N2, N3)"
d0ba29292907a9e5,4,3,0.004580152671755725,2,0.005813953488372093,2,0.6666666666666666,6,6,1.0,0.0,1.0,1.0,9.0,267,Blocked;Independent,"Blocked(N1, N3 | N2, N4) || Independent(N1, N3 | N2, N4)"
73c9a17b93f1aca5,4,4,0.0061068702290076335,4,0.011627906976744186,2,0.6666666666666666,6,6,1.0,0.0,1.0,1.0,9.0,262,Blocked;Independent,"Blocked(N6, N5 | N3, N7) || Independent(N6, N5 | N3, N7)"
ca6aab91ad7afbd1,4,24,0.0366412213740458,14,0.040697674418604654,2,0.6666666666666666,6,6,1.0,0.0,1.0,1.0,9.0,263,Blocked;Independent,"Blocked(N3, N1 | N0, N2) || Independent(N3, N1 | N0, N2)"
448300d53f4bdec1,4,1,0.0015267175572519084,1,0.0029069767441860465,1,0.3333333333333333,6,6,1.0,0.0,1.0,1.0,8.0,267,Blocked,"Blocked(N4, N3 | N7, N9)"
8abca8daf1e879be,4,4,0.0061068702290076335,3,0.00872093023255814,2,0.6666666666666666,6,6,1.0,0.0,1.0,1.0,9.0,267,Blocked;Independent,"Blocked(N0, N2 | N1, N4) || Independent(N0, N2 | N1, N4)"
ea6d6c700f0f114b,4,1,0.0015267175572519084,1,0.0029069767441860465,1,0.3333333333333333,6,6,1.0,0.0,1.0,1.0,8.0,272,Blocked,"Blocked(N4, N5 | N6, N7)"
640e5f3cf8e972a1,4,4,0.0061068702290076335,4,0.011627906976744186,2,0.6666666666666666,6,6,1.0,0.0,1.0,1.0,9.0,262,Blocked;Independent,"Blocked(N5, N1 | N4, N7) || Independent(N5, N1 | N4, N7)"
e7cc72f13ccb429c,4,1,0.0015267175572519084,1,0.0029069767441860465,1,0.3333333333333333,6,6,1.0,0.0,1.0,1.0,8.0,262,Blocked,"Blocked(N7, N1 | N5, N8)"
bc2f7ea569b448ac,4,3,0.004580152671755725,2,0.005813953488372093,2,0.6666666666666666,6,6,1.0,0.0,1.0,1.0,9.0,262,Blocked;Independent,"Blocked(N6, N2 | N0, N5) || Independent(N6, N2 | N0, N5)"
5406f96f24555d22,4,3,0.004580152671755725,3,0.00872093023255814,1,0.3333333333333333,6,6,1.0,0.0,1.0,1.0,8.0,272,Blocked,"Blocked(N1, N0 | N2, N5)"
9a05cd6bbd7c268b,4,3,0.004580152671755725,3,0.00872093023255814,2,0.6666666666666666,6,6,1.0,0.0,1.0,1.0,9.0,262,Blocked;Independent,"Blocked(N1, N7 | N2, N6) || Independent(N1, N7 | N2, N6)"
2f95846fd8fdeb90,4,5,0.007633587786259542,5,0.014534883720930232,2,0.6666666666666666,6,6,1.0,0.0,1.0,1.0,9.0,262,Blocked;Independent,"Blocked(N0, N7 | N3, N6) || Independent(N0, N7 | N3, N6)"
d0ca108ad4a78c47,4,3,0.004580152671755725,3,0.00872093023255814,1,0.3333333333333333,6,6,1.0,0.0,1.0,1.0,8.0,262,Independent,"Independent(N0, N5 | N3, N6)"
c994b497de976a9a,4,2,0.0030534351145038168,2,0.005813953488372093,1,0.3333333333333333,6,6,1.0,0.0,1.0,1.0,8.0,262,Independent,"Independent(N4, N7 | N6, N8)"
474aa35a1c7e3211,4,18,0.02748091603053435,10,0.029069767441860465,2,0.6666666666666666,6,6,1.0,0.0,1.0,1.0,9.0,267,Blocked;Independent,"Blocked(N1, N3 | N0, N2) || Independent(N1, N3 | N0, N2)"
8d8523214e58da75,4,1,0.0015267175572519084,1,0.0029069767441860465,1,0.3333333333333333,6,6,1.0,0.0,1.0,1.0,8.0,266,Blocked,"Blocked(N0, N3 | N6, N9)"
9b25a5111f3df0a0,4,3,0.004580152671755725,3,0.00872093023255814,2,0.6666666666666666,6,6,1.0,0.0,1.0,1.0,9.0,262,Blocked;Independent,"Blocked(N1, N0 | N4, N8) || Independent(N1, N0 | N4, N8)"
6fbf9af1f6cb488e,4,4,0.0061068702290076335,4,0.011627906976744186,2,0.6666666666666666,6,6,1.0,0.0,1.0,1.0,9.0,263,Blocked;Independent,"Blocked(N4, N2 | N0, N5) || Independent(N4, N2 | N0, N5)"
8184e1d5e9add60a,4,4,0.0061068702290076335,3,0.00872093023255814,2,0.6666666666666666,6,6,1.0,0.0,1.0,1.0,9.0,263,Blocked;Independent,"Blocked(N7, N1 | N2, N6) || Independent(N7, N1 | N2, N6)"
6b08ebf54ae3c01e,4,3,0.004580152671755725,3,0.00872093023255814,2,0.6666666666666666,6,6,1.0,0.0,1.0,1.0,9.0,262,Blocked;Independent,"Blocked(N7, N3 | N0, N4) || Independent(N7, N3 | N0, N4)"
49f576df3bd859fc,4,5,0.007633587786259542,5,0.014534883720930232,2,0.6666666666666666,6,6,1.0,0.0,1.0,1.0,9.0,263,Blocked;Independent,"Blocked(N1, N5 | N0, N4) || Independent(N1, N5 | N0, N4)"
02f077cd291ce39b,4,4,0.0061068702290076335,4,0.011627906976744186,2,0.6666666666666666,6,6,1.0,0.0,1.0,1.0,9.0,264,Blocked;Independent,"Blocked(N5, N4 | N1, N7) || Independent(N5, N4 | N1, N7)"
12e038fed5314b4c,4,1,0.0015267175572519084,1,0.0029069767441860465,1,0.3333333333333333,6,6,1.0,0.0,1.0,1.0,8.0,262,Independent,"Independent(N4, N6 | N7, N9)"
222b3210fc436fe3,4,5,0.007633587786259542,5,0.014534883720930232,2,0.6666666666666666,6,6,1.0,0.0,1.0,1.0,9.0,263,Blocked;Independent,"Blocked(N5, N2 | N1, N3) || Independent(N5, N2 | N1, N3)"
a076c37279e3fce9,4,3,0.004580152671755725,3,0.00872093023255814,1,0.3333333333333333,6,6,1.0,0.0,1.0,1.0,8.0,264,Independent,"Independent(N0, N4 | N2, N7)"
f23a6bbc65cc5c6a,4,23,0.035114503816793895,13,0.0377906976744186,2,0.6666666666666666,6,6,1.0,0.0,1.0,1.0,9.0,263,Blocked;Independent,"Blocked(N3, N2 | N0, N1) || Independent(N3, N2 | N0, N1)"
97b0a6a81add9571,4,3,0.004580152671755725,3,0.00872093023255814,1,0.3333333333333333,6,6,1.0,0.0,1.0,1.0,8.0,267,Independent,"Independent(N4, N2 | N3, N5)"
72329549101abd84,4,4,0.0061068702290076335,4,0.011627906976744186,2,0.6666666666666666,6,6,1.0,0.0,1.0,1.0,9.0,262,Blocked;Independent,"Blocked(N0, N7 | N3, N5) || Independent(N0, N7 | N3, N5)"
6d5e48b44cd698f7,4,4,0.0061068702290076335,4,0.011627906976744186,2,0.6666666666666666,6,6,1.0,0.0,1.0,1.0,9.0,262,Blocked;Independent,"Blocked(N3, N2 | N5, N7) || Independent(N3, N2 | N5, N7)"
bdaf9e88e2949944,4,1,0.0015267175572519084,1,0.0029069767441860465,1,0.3333333333333333,6,6,1.0,0.0,1.0,1.0,8.0,267,Independent,"Independent(N8, N3 | N6, N9)"
e77c6fd31b1c52f0,4,5,0.007633587786259542,5,0.014534883720930232,2,0.6666666666666666,6,6,1.0,0.0,1.0,1.0,9.0,264,Blocked;Independent,"Blocked(N2, N3 | N4, N5) || Independent(N2, N3 | N4, N5)"
021566ca98b8a31e,4,1,0.0015267175572519084,1,0.0029069767441860465,1,0.3333333333333333,6,6,1.0,0.0,1.0,1.0,8.0,262,Blocked,"Blocked(N3, N8 | N5, N9)"
b8b4c8577b1309ea,4,34,0.051908396946564885,19,0.055232558139534885,2,0.6666666666666666,6,6,1.0,0.0,1.0,1.0,9.0,263,Blocked;Independent,"Blocked(N1, N3 | N0, N2) || Independent(N1, N3 | N0, N2)"
09ba082f14087dd8,4,5,0.007633587786259542,5,0.014534883720930232,2,0.6666666666666666,6,6,1.0,0.0,1.0,1.0,9.0,264,Blocked;Independent,"Blocked(N4, N5 | N3, N6) || Independent(N4, N5 | N3, N6)"
4dff71127c13884e,4,1,0.0015267175572519084,1,0.0029069767441860465,1,0.3333333333333333,6,6,1.0,0.0,1.0,1.0,8.0,262,Blocked,"Blocked(N1, N3 | N7, N8)"
b3154ffb4d0f3d5e,4,17,0.025954198473282442,17,0.04941860465116279,2,0.6666666666666666,6,6,1.0,0.0,1.0,1.0,9.0,262,Blocked;Independent,"Blocked(N4, N0 | N1, N5) || Independent(N4, N0 | N1, N5)"
9e54924a86f4839e,4,3,0.004580152671755725,3,0.00872093023255814,2,0.6666666666666666,6,6,1.0,0.0,1.0,1.0,9.0,269,Blocked;Independent,"Blocked(N1, N3 | N0, N4) || Independent(N1, N3 | N0, N4)"
8727f634ef7f4430,4,3,0.004580152671755725,3,0.00872093023255814,2,0.6666666666666666,6,6,1.0,0.0,1.0,1.0,9.0,267,Blocked;Independent,"Blocked(N3, N0 | N4, N5) || Independent(N3, N0 | N4, N5)"
393925e92923453d,4,3,0.004580152671755725,3,0.00872093023255814,2,0.6666666666666666,6,6,1.0,0.0,1.0,1.0,9.0,264,Blocked;Independent,"Blocked(N1, N0 | N2, N3) || Independent(N1, N0 | N2, N3)"
8af634c1da8f39e6,4,1,0.0015267175572519084,1,0.0029069767441860465,1,0.3333333333333333,6,6,1.0,0.0,1.0,1.0,8.0,267,Blocked,"Blocked(N9, N3 | N6, N8)"
873392997eed37ca,4,3,0.004580152671755725,3,0.00872093023255814,2,0.6666666666666666,6,6,1.0,0.0,1.0,1.0,9.0,264,Blocked;Independent,"Blocked(N1, N0 | N5, N6) || Independent(N1, N0 | N5, N6)"
3495585a2a7964eb,4,1,0.0015267175572519084,1,0.0029069767441860465,1,0.3333333333333333,6,6,1.0,0.0,1.0,1.0,8.0,267,Independent,"Independent(N4, N8 | N7, N9)"
3234e92284057c56,4,5,0.007633587786259542,5,0.014534883720930232,2,0.6666666666666666,6,6,1.0,0.0,1.0,1.0,9.0,262,Blocked;Independent,"Blocked(N6, N2 | N3, N5) || Independent(N6, N2 | N3, N5)"
d219cbbe277f92ec,4,1,0.0015267175572519084,1,0.0029069767441860465,1,0.3333333333333333,6,6,1.0,0.0,1.0,1.0,8.0,262,Independent,"Independent(N3, N4 | N6, N8)"
12ecb6e75ebe178c,4,3,0.004580152671755725,3,0.00872093023255814,2,0.6666666666666666,6,6,1.0,0.0,1.0,1.0,9.0,264,Blocked;Independent,"Blocked(N3, N6 | N2, N5) || Independent(N3, N6 | N2, N5)"
f3bbe5dc6fd7d987,4,4,0.0061068702290076335,4,0.011627906976744186,2,0.6666666666666666,6,6,1.0,0.0,1.0,1.0,9.0,267,Blocked;Independent,"Blocked(N3, N2 | N0, N5) || Independent(N3, N2 | N0, N5)"
fc61eadc79fee2f6,4,1,0.0015267175572519084,1,0.0029069767441860465,1,0.3333333333333333,6,6,1.0,0.0,1.0,1.0,8.0,267,Blocked,"Blocked(N7, N6 | N8, N9)"
9900dfba8b5ae6b3,4,4,0.0061068702290076335,4,0.011627906976744186,1,0.3333333333333333,6,6,1.0,0.0,1.0,1.0,8.0,267,Independent,"Independent(N0, N4 | N1, N2)"
9b0bd48367893ab4,4,3,0.004580152671755725,3,0.00872093023255814,1,0.3333333333333333,6,6,1.0,0.0,1.0,1.0,8.0,267,Blocked,"Blocked(N2, N4 | N1, N3)"
cca13a643faa02f4,4,3,0.004580152671755725,3,0.00872093023255814,1,0.3333333333333333,6,6,1.0,0.0,1.0,1.0,8.0,262,Blocked,"Blocked(N2, N7 | N1, N6)"
fa7118abba2ec771,4,3,0.004580152671755725,3,0.00872093023255814,2,0.6666666666666666,6,6,1.0,0.0,1.0,1.0,9.0,262,Blocked;Independent,"Blocked(N2, N5 | N1, N6) || Independent(N2, N5 | N1, N6)"
aacf1b660b608287,4,131,0.2,72,0.20930232558139536,2,0.6666666666666666,6,6,1.0,0.0,1.0,1.0,9.0,262,Blocked;Independent,"Blocked(N0, N2 | N1, N3) || Independent(N0, N2 | N1, N3)"
f6c1b7e2598c34e3,4,7,0.010687022900763359,7,0.020348837209302327,2,0.6666666666666666,6,6,1.0,0.0,1.0,1.0,9.0,262,Blocked;Independent,"Blocked(N5, N6 | N3, N4) || Independent(N5, N6 | N3, N4)"
bf23467523d9043f,4,3,0.004580152671755725,3,0.00872093023255814,1,0.3333333333333333,6,6,1.0,0.0,1.0,1.0,8.0,264,Independent,"Independent(N5, N0 | N1, N3)"
eea98efa6cf4dee4,5,7,0.010687022900763359,6,0.01744186046511628,2,0.6666666666666666,6,6,1.0,0.0,1.0,1.0,9.0,262,Blocked;Independent,"Blocked(N3, N4 | N6, N7) || Independent(N3, N4 | N6, N7)"
175c75e75f71eced,4,4,0.0061068702290076335,4,0.011627906976744186,2,0.6666666666666666,6,6,1.0,0.0,1.0,1.0,9.0,264,Blocked;Independent,"Blocked(N0, N1 | N2, N7) || Independent(N0, N1 | N2, N7)"
b58eba0bdd5157b6,4,3,0.004580152671755725,3,0.00872093023255814,2,0.6666666666666666,6,6,1.0,0.0,1.0,1.0,9.0,262,Blocked;Independent,"Blocked(N2, N6 | N3, N5) || Independent(N2, N6 | N3, N5)"
ca403485d22c0733,4,1,0.0015267175572519084,1,0.0029069767441860465,1,0.3333333333333333,6,6,1.0,0.0,1.0,1.0,8.0,262,Blocked,"Blocked(N2, N3 | N7, N8)"
3f453da3495a1589,4,1,0.0015267175572519084,1,0.0029069767441860465,1,0.3333333333333333,6,6,1.0,0.0,1.0,1.0,8.0,272,Independent,"Independent(N1, N2 | N5, N8)"
1521d5eadda39faf,4,3,0.004580152671755725,2,0.005813953488372093,2,0.6666666666666666,6,6,1.0,0.0,1.0,1.0,9.0,272,Blocked;Independent,"Blocked(N0, N3 | N1, N2) || Independent(N0, N3 | N1, N2)"
cd3c6ef05aa260e9,4,5,0.007633587786259542,4,0.011627906976744186,2,0.6666666666666666,6,6,1.0,0.0,1.0,1.0,9.0,267,Blocked;Independent,"Blocked(N4, N5 | N0, N3) || Independent(N4, N5 | N0, N3)"
bf273ec29de607f3,4,1,0.0015267175572519084,1,0.0029069767441860465,1,0.3333333333333333,6,6,1.0,0.0,1.0,1.0,8.0,262,Blocked,"Blocked(N5, N4 | N7, N9)"
83d781773c354241,4,3,0.004580152671755725,2,0.005813953488372093,2,0.6666666666666666,6,6,1.0,0.0,1.0,1.0,9.0,262,Blocked;Independent,"Blocked(N3, N5 | N0, N6) || Independent(N3, N5 | N0, N6)"
0eb2d7440398a9ad,4,19,0.02900763358778626,18,0.05232558139534884,2,0.6666666666666666,6,6,1.0,0.0,1.0,1.0,9.0,262,Blocked;Independent,"Blocked(N2, N3 | N1, N5) || Independent(N2, N3 | N1, N5)"
65c6c4161feb0f16,4,6,0.00916030534351145,6,0.01744186046511628,2,0.6666666666666666,6,6,1.0,0.0,1.0,1.0,9.0,264,Blocked;Independent,"Blocked(N3, N2 | N4, N5) || Independent(N3, N2 | N4, N5)"
d9a42c756d1cb2be,4,1,0.0015267175572519084,1,0.0029069767441860465,1,0.3333333333333333,6,6,1.0,0.0,1.0,1.0,8.0,272,Blocked,"Blocked(N3, N6 | N8, N9)"
efea6b633684be90,4,4,0.0061068702290076335,4,0.011627906976744186,2,0.6666666666666666,6,6,1.0,0.0,1.0,1.0,9.0,264,Blocked;Independent,"Blocked(N5, N2 | N3, N7) || Independent(N5, N2 | N3, N7)"
84fd49e9292455c2,4,5,0.007633587786259542,5,0.014534883720930232,2,0.6666666666666666,6,6,1.0,0.0,1.0,1.0,9.0,262,Blocked;Independent,"Blocked(N6, N1 | N2, N3) || Independent(N6, N1 | N2, N3)"
77ec638931e013c9,4,3,0.004580152671755725,3,0.00872093023255814,2,0.6666666666666666,6,6,1.0,0.0,1.0,1.0,9.0,267,Blocked;Independent,"Blocked(N1, N3 | N0, N4) || Independent(N1, N3 | N0, N4)"
8dc3c75c6a16a29c,4,1,0.0015267175572519084,1,0.0029069767441860465,1,0.3333333333333333,6,6,1.0,0.0,1.0,1.0,8.0,267,Independent,"Independent(N0, N2 | N7, N9)"
bf4f319d75eb2cbe,4,4,0.0061068702290076335,4,0.011627906976744186,2,0.6666666666666666,6,6,1.0,0.0,1.0,1.0,9.0,262,Blocked;Independent,"Blocked(N7, N0 | N4, N6) || Independent(N7, N0 | N4, N6)"
ebbe5ba7617e7f73,4,3,0.004580152671755725,3,0.00872093023255814,2,0.6666666666666666,6,6,1.0,0.0,1.0,1.0,9.0,268,Blocked;Independent,"Blocked(N4, N0 | N2, N3) || Independent(N4, N0 | N2, N3)"
a41c4ddbbd00201a,4,9,0.013740458015267175,7,0.020348837209302327,2,0.6666666666666666,6,6,1.0,0.0,1.0,1.0,9.0,263,Blocked;Independent,"Blocked(N2, N0 | N1, N4) || Independent(N2, N0 | N1, N4)"
dc8a5e1a54edc307,4,1,0.0015267175572519084,1,0.0029069767441860465,1,0.3333333333333333,6,6,1.0,0.0,1.0,1.0,8.0,267,Independent,"Independent(N3, N0 | N5, N8)"
20acb8c43968635d,4,3,0.004580152671755725,3,0.00872093023255814,2,0.6666666666666666,6,6,1.0,0.0,1.0,1.0,9.0,264,Blocked;Independent,"Blocked(N4, N7 | N2, N5) || Independent(N4, N7 | N2, N5)"
