class_id,k,persistence,class_size
3763d524e609c5a0,0,1.0,655
3763d524e609c5a0,1,0.5,655
3763d524e609c5a0,2,0.5,655
3763d524e609c5a0,3,0.5,655
3763d524e609c5a0,4,0.5,655
60466c6446f76f07,0,1.0,639
60466c6446f76f07,1,0.5,639
60466c6446f76f07,2,0.5,639
60466c6446f76f07,3,0.5,639
60466c6446f76f07,4,0.5,639
f06dc8aafaee6a0a,0,1.0,630
f06dc8aafaee6a0a,1,0.5,630
f06dc8aafaee6a0a,2,0.5,630
f06dc8aafaee6a0a,3,0.5,630
f06dc8aafaee6a0a,4,0.5,630
41546aa101ee86db,0,1.0,629
41546aa101ee86db,1,0.5,629
41546aa101ee86db,2,0.5,629
41546aa101ee86db,3,0.5,629
41546aa101ee86db,4,0.5,629
44cb71513a7afb4d,0,1.0,627
44cb71513a7afb4d,1,0.5,627
44cb71513a7afb4d,2,0.5,627
44cb71513a7afb4d,3,0.5,627
44cb71513a7afb4d,4,0.5,627
9661609533bdfcb4,0,1.0,623
9661609533bdfcb4,1,0.5,623
9661609533bdfcb4,2,0.5,623
9661609533bdfcb4,3,0.5,623
9661609533bdfcb4,4,0.5,623
9bc6ba0c3dc6afe7,0,1.0,613
9bc6ba0c3dc6afe7,1,0.5,613
9bc6ba0c3dc6afe7,2,0.5,613
9bc6ba0c3dc6afe7,3,0.5,613
9bc6ba0c3dc6afe7,4,0.5,613
3565b8aaa8bf8450,0,1.0,611
3565b8aaa8bf8450,1,1.0,611
3565b8aaa8bf8450,2,0.5,611
3565b8aaa8bf8450,3,0.5,611
3565b8aaa8bf8450,4,0.5,611
5961ca3dd5952899,0,1.0,587
5961ca3dd5952899,1,0.5,587
5961ca3dd5952899,2,0.5,587
5961ca3dd5952899,3,0.5,587
5961ca3dd5952899,4,0.5,587
1c190318372b2dbe,0,1.0,585
1c190318372b2dbe,1,0.5,585
1c190318372b2dbe,2,0.5,585
1c190318372b2dbe,3,0.5,585
1c190318372b2dbe,4,0.5,585
57a8c160fd4fd10b,0,1.0,556
57a8c160fd4fd10b,1,0.5,556
57a8c160fd4fd10b,2,0.5,556
57a8c160fd4fd10b,3,0.5,556
57a8c160fd4fd10b,4,0.5,556
59aedb85463f5af4,0,1.0,536
59aedb85463f5af4,1,1.0,536
59aedb85463f5af4,2,0.5,536
59aedb85463f5af4,3,0.5,536
59aedb85463f5af4,4,0.5,536
48aee7c8bbd92059,0,1.0,394
48aee7c8bbd92059,1,0.5,394
48aee7c8bbd92059,2,0.5,394
48aee7c8bbd92059,3,0.5,394
48aee7c8bbd92059,4,0.5,394
f9bba2c615ac1262,0,1.0,390
f9bba2c615ac1262,1,1.0,390
f9bba2c615ac1262,2,0.5,390
f9bba2c615ac1262,3,0.5,390
f9bba2c615ac1262,4,0.5,390
801deb2b9ea182d1,0,1.0,389
801deb2b9ea182d1,1,0.75,389
801deb2b9ea182d1,2,0.5,389
801deb2b9ea182d1,3,0.5,389
801deb2b9ea182d1,4,0.5,389
62675f7f509bc627,0,1.0,384
62675f7f509bc627,1,0.5,384
62675f7f509bc627,2,0.5,384
62675f7f509bc627,3,0.5,384
62675f7f509bc627,4,0.5,384
6d6102308ec6a212,0,1.0,382
6d6102308ec6a212,1,0.5,382
6d6102308ec6a212,2,0.5,382
6d6102308ec6a212,3,0.5,382
6d6102308ec6a212,4,0.5,382
01835177404ee03d,0,1.0,373
01835177404ee03d,1,0.5,373
01835177404ee03d,2,0.5,373
01835177404ee03d,3,0.5,373
01835177404ee03d,4,0.5,373
5efbd02805d9d21b,0,1.0,372
5efbd02805d9d21b,1,0.5,372
5efbd02805d9d21b,2,0.5,372
5efbd02805d9d21b,3,0.5,372
5efbd02805d9d21b,4,0.5,372
bb1b7bc9d74e5bd4,0,1.0,372
bb1b7bc9d74e5bd4,1,0.5,372
bb1b7bc9d74e5bd4,2,0.5,372
bb1b7bc9d74e5bd4,3,0.5,372
bb1b7bc9d74e5bd4,4,0.5,372
4a1870c1c07b3acf,0,1.0,371
4a1870c1c07b3acf,1,0.5,371
4a1870c1c07b3acf,2,0.5,371
4a1870c1c07b3acf,3,0.5,371
4a1870c1c07b3acf,4,0.5,371
c343797fefb52184,0,1.0,370
c343797fefb52184,1,0.5,370
c343797fefb52184,2,0.5,370
c343797fefb52184,3,0.5,370
c343797fefb52184,4,0.5,370
6ed62e6193bc3040,0,1.0,368
6ed62e6193bc3040,1,0.5,368
6ed62e6193bc3040,2,0.5,368
6ed62e6193bc3040,3,0.5,368
6ed62e6193bc3040,4,0.5,368
bcd16b88418b30b5,0,1.0,365
bcd16b88418b30b5,1,0.5,365
bcd16b88418b30b5,2,0.5,365
bcd16b88418b30b5,3,0.5,365
bcd16b88418b30b5,4,0.5,365
39f1cf0cb64a3125,0,1.0,362
39f1cf0cb64a3125,1,0.5,362
39f1cf0cb64a3125,2,0.5,362
39f1cf0cb64a3125,3,0.5,362
39f1cf0cb64a3125,4,0.5,362
5f4862fddb23ab67,0,1.0,359
5f4862fddb23ab67,1,1.0,359
5f4862fddb23ab67,2,0.5,359
5f4862fddb23ab67,3,0.5,359
5f4862fddb23ab67,4,0.5,359
8d702122b4da0ead,0,1.0,354
8d702122b4da0ead,1,0.5,354
8d702122b4da0ead,2,0.5,354
8d702122b4da0ead,3,0.5,354
8d702122b4da0ead,4,0.5,354
ef6d17f31b02b012,0,1.0,354
ef6d17f31b02b012,1,0.5,354
ef6d17f31b02b012,2,0.5,354
ef6d17f31b02b012,3,0.5,354
ef6d17f31b02b012,4,0.5,354
47042025abe88cbf,0,1.0,347
47042025abe88cbf,1,0.5,347
47042025abe88cbf,2,0.5,347
47042025abe88cbf,3,0.5,347
47042025abe88cbf,4,0.5,347
5e258fa8c2710ec8,0,1.0,344
5e258fa8c2710ec8,1,0.5,344
5e258fa8c2710ec8,2,0.5,344
5e258fa8c2710ec8,3,0.5,344
5e258fa8c2710ec8,4,0.5,344
a1e49f1c94433d63,0,1.0,339
a1e49f1c94433d63,1,1.0,339
a1e49f1c94433d63,2,0.0,339
a1e49f1c94433d63,3,0.0,339
a1e49f1c94433d63,4,0.0,339
3100693433eb8c2d,0,1.0,338
3100693433eb8c2d,1,0.0,338
3100693433eb8c2d,2,0.0,338
3100693433eb8c2d,3,0.0,338
3100693433eb8c2d,4,0.0,338
a59afeaf3d0749cb,0,1.0,336
a59afeaf3d0749cb,1,1.0,336
a59afeaf3d0749cb,2,1.0,336
a59afeaf3d0749cb,3,1.0,336
a59afeaf3d0749cb,4,1.0,336
1305089c20abcf01,0,1.0,334
1305089c20abcf01,1,0.0,334
1305089c20abcf01,2,0.0,334
1305089c20abcf01,3,0.0,334
1305089c20abcf01,4,0.0,334
bc9c853b1e75c157,0,1.0,334
bc9c853b1e75c157,1,1.0,334
bc9c853b1e75c157,2,0.0,334
bc9c853b1e75c157,3,0.0,334
bc9c853b1e75c157,4,0.0,334
00d4be19dbcb5225,0,1.0,333
00d4be19dbcb5225,1,0.75,333
00d4be19dbcb5225,2,0.75,333
00d4be19dbcb5225,3,0.75,333
00d4be19dbcb5225,4,0.75,333
8d380d339234504a,0,1.0,333
8d380d339234504a,1,1.0,333
8d380d339234504a,2,1.0,333
8d380d339234504a,3,1.0,333
8d380d339234504a,4,1.0,333
a0b2c1117b29c0f8,0,1.0,333
a0b2c1117b29c0f8,1,0.0,333
a0b2c1117b29c0f8,2,0.0,333
a0b2c1117b29c0f8,3,0.0,333
a0b2c1117b29c0f8,4,0.0,333
d09f8b496df512b4,0,1.0,333
d09f8b496df512b4,1,0.5,333
d09f8b496df512b4,2,0.5,333
d09f8b496df512b4,3,0.5,333
d09f8b496df512b4,4,0.5,333
53210ae1cecdcf64,0,1.0,323
53210ae1cecdcf64,1,0.0,323
53210ae1cecdcf64,2,0.0,323
53210ae1cecdcf64,3,0.0,323
53210ae1cecdcf64,4,0.0,323
f21bcd69efbaa656,0,1.0,322
f21bcd69efbaa656,1,0.5,322
f21bcd69efbaa656,2,0.5,322
f21bcd69efbaa656,3,0.5,322
f21bcd69efbaa656,4,0.5,322
50460cde9bb67eb1,0,1.0,310
50460cde9bb67eb1,1,0.0,310
50460cde9bb67eb1,2,0.0,310
50460cde9bb67eb1,3,0.0,310
50460cde9bb67eb1,4,0.0,310
7104f16691a5d5bd,0,1.0,256
7104f16691a5d5bd,1,0.0,256
7104f16691a5d5bd,2,0.0,256
7104f16691a5d5bd,3,0.0,256
7104f16691a5d5bd,4,0.0,256
18e6d6ef5f48d5f1,0,1.0,255
18e6d6ef5f48d5f1,1,0.0,255
18e6d6ef5f48d5f1,2,0.0,255
18e6d6ef5f48d5f1,3,0.0,255
18e6d6ef5f48d5f1,4,0.0,255
f45b62f7e22ed194,0,1.0,250
f45b62f7e22ed194,1,1.0,250
f45b62f7e22ed194,2,0.0,250
f45b62f7e22ed194,3,0.0,250
f45b62f7e22ed194,4,0.0,250
61de080f7a72632f,0,1.0,246
61de080f7a72632f,1,0.0,246
61de080f7a72632f,2,0.0,246
61de080f7a72632f,3,0.0,246
61de080f7a72632f,4,0.0,246
18238c7d4071f241,0,1.0,245
18238c7d4071f241,1,0.0,245
18238c7d4071f241,2,0.0,245
18238c7d4071f241,3,0.0,245
18238c7d4071f241,4,0.0,245
47deeed507786d18,0,1.0,245
47deeed507786d18,1,0.0,245
47deeed507786d18,2,0.0,245
47deeed507786d18,3,0.0,245
47deeed507786d18,4,0.0,245
771831d01716c10e,0,1.0,245
771831d01716c10e,1,0.0,245
771831d01716c10e,2,0.0,245
771831d01716c10e,3,0.0,245
771831d01716c10e,4,0.0,245
0c5ca47a06964983,0,1.0,243
0c5ca47a06964983,1,0.0,243
0c5ca47a06964983,2,0.0,243
0c5ca47a06964983,3,0.0,243
0c5ca47a06964983,4,0.0,243
e52a73ec60adcfae,0,1.0,236
e52a73ec60adcfae,1,0.0,236
e52a73ec60adcfae,2,0.0,236
e52a73ec60adcfae,3,0.0,236
e52a73ec60adcfae,4,0.0,236
a1d78b2c6c71c63e,0,1.0,235
a1d78b2c6c71c63e,1,0.0,235
a1d78b2c6c71c63e,2,0.0,235
a1d78b2c6c71c63e,3,0.0,235
a1d78b2c6c71c63e,4,0.0,235
a9a0cc1d70da7a20,0,1.0,234
a9a0cc1d70da7a20,1,0.0,234
a9a0cc1d70da7a20,2,0.0,234
a9a0cc1d70da7a20,3,0.0,234
a9a0cc1d70da7a20,4,0.0,234
ec0211f2e790fff5,0,1.0,234
ec0211f2e790fff5,1,1.0,234
ec0211f2e790fff5,2,0.5,234
ec0211f2e790fff5,3,0.5,234
ec0211f2e790fff5,4,0.0,234
0b88c10fc68d94f6,0,1.0,233
0b88c10fc68d94f6,1,0.0,233
0b88c10fc68d94f6,2,0.0,233
0b88c10fc68d94f6,3,0.0,233
0b88c10fc68d94f6,4,0.0,233
0a60f33026596983,0,1.0,232
0a60f33026596983,1,0.0,232
0a60f33026596983,2,0.0,232
0a60f33026596983,3,0.0,232
0a60f33026596983,4,0.0,232
0effd4a1f26a3c0d,0,1.0,232
0effd4a1f26a3c0d,1,0.0,232
0effd4a1f26a3c0d,2,0.0,232
0effd4a1f26a3c0d,3,0.0,232
0effd4a1f26a3c0d,4,0.0,232
8061f519a055e2f1,0,1.0,231
8061f519a055e2f1,1,0.0,231
8061f519a055e2f1,2,0.0,231
8061f519a055e2f1,3,0.0,231
8061f519a055e2f1,4,0.0,231
061d51f8a43f53d2,0,1.0,230
061d51f8a43f53d2,1,0.0,230
061d51f8a43f53d2,2,0.0,230
061d51f8a43f53d2,3,0.0,230
061d51f8a43f53d2,4,0.0,230
d5261fa8638ea9f5,0,1.0,229
d5261fa8638ea9f5,1,1.0,229
d5261fa8638ea9f5,2,1.0,229
d5261fa8638ea9f5,3,0.0,229
d5261fa8638ea9f5,4,0.0,229
1a548869f66c2e7c,0,1.0,228
1a548869f66c2e7c,1,0.0,228
1a548869f66c2e7c,2,0.0,228
1a548869f66c2e7c,3,0.0,228
1a548869f66c2e7c,4,0.0,228
491ca705673fd562,0,1.0,228
491ca705673fd562,1,0.0,228
491ca705673fd562,2,0.0,228
491ca705673fd562,3,0.0,228
491ca705673fd562,4,0.0,228
8959232792ca88b1,0,1.0,228
8959232792ca88b1,1,1.0,228
8959232792ca88b1,2,1.0,228
8959232792ca88b1,3,1.0,228
8959232792ca88b1,4,1.0,228
d53de0fdf9ed6571,0,1.0,227
d53de0fdf9ed6571,1,1.0,227
d53de0fdf9ed6571,2,0.5,227
d53de0fdf9ed6571,3,0.5,227
d53de0fdf9ed6571,4,0.5,227
fdb58ef9a852cbdf,0,1.0,227
fdb58ef9a852cbdf,1,0.5,227
fdb58ef9a852cbdf,2,0.5,227
fdb58ef9a852cbdf,3,0.5,227
fdb58ef9a852cbdf,4,0.5,227
3eda75dd3fd8193e,0,1.0,226
3eda75dd3fd8193e,1,0.0,226
3eda75dd3fd8193e,2,0.0,226
3eda75dd3fd8193e,3,0.0,226
3eda75dd3fd8193e,4,0.0,226
6ebac04a743cc80e,0,1.0,226
6ebac04a743cc80e,1,1.0,226
6ebac04a743cc80e,2,1.0,226
6ebac04a743cc80e,3,1.0,226
6ebac04a743cc80e,4,1.0,226
d92bdf13def8dec0,0,1.0,226
d92bdf13def8dec0,1,1.0,226
d92bdf13def8dec0,2,0.0,226
d92bdf13def8dec0,3,0.0,226
d92bdf13def8dec0,4,0.0,226
e0b81fb890105b24,0,1.0,226
e0b81fb890105b24,1,0.0,226
e0b81fb890105b24,2,0.0,226
e0b81fb890105b24,3,0.0,226
e0b81fb890105b24,4,0.0,226
62a1047c5866c2f9,0,1.0,224
62a1047c5866c2f9,1,0.0,224
62a1047c5866c2f9,2,0.0,224
62a1047c5866c2f9,3,0.0,224
62a1047c5866c2f9,4,0.0,224
6b74b81c77ab30a8,0,1.0,224
6b74b81c77ab30a8,1,0.0,224
6b74b81c77ab30a8,2,0.0,224
6b74b81c77ab30a8,3,0.0,224
6b74b81c77ab30a8,4,0.0,224
85f86af669d48f90,0,1.0,224
85f86af669d48f90,1,1.0,224
85f86af669d48f90,2,0.5,224
85f86af669d48f90,3,0.5,224
85f86af669d48f90,4,0.0,224
9255006dc40fdc78,0,1.0,224
9255006dc40fdc78,1,1.0,224
9255006dc40fdc78,2,1.0,224
9255006dc40fdc78,3,1.0,224
9255006dc40fdc78,4,1.0,224
a91cd87936d8548d,0,1.0,223
a91cd87936d8548d,1,0.0,223
a91cd87936d8548d,2,0.0,223
a91cd87936d8548d,3,0.0,223
a91cd87936d8548d,4,0.0,223
d622539aadbdefcc,0,1.0,223
d622539aadbdefcc,1,1.0,223
d622539aadbdefcc,2,0.0,223
d622539aadbdefcc,3,0.0,223
d622539aadbdefcc,4,0.0,223
ac3d178dae40cba0,0,1.0,220
ac3d178dae40cba0,1,1.0,220
ac3d178dae40cba0,2,1.0,220
ac3d178dae40cba0,3,1.0,220
ac3d178dae40cba0,4,1.0,220
57fa86a7b4840e85,0,1.0,217
57fa86a7b4840e85,1,0.0,217
57fa86a7b4840e85,2,0.0,217
57fa86a7b4840e85,3,0.0,217
57fa86a7b4840e85,4,0.0,217
5e5220eb2a7fab00,0,1.0,217
5e5220eb2a7fab00,1,1.0,217
5e5220eb2a7fab00,2,1.0,217
5e5220eb2a7fab00,3,0.0,217
5e5220eb2a7fab00,4,0.0,217
d201c023f52bc1c3,0,1.0,217
d201c023f52bc1c3,1,0.0,217
d201c023f52bc1c3,2,0.0,217
d201c023f52bc1c3,3,0.0,217
d201c023f52bc1c3,4,0.0,217
5ea08d3f215b4b00,0,1.0,216
5ea08d3f215b4b00,1,0.5,216
5ea08d3f215b4b00,2,0.0,216
5ea08d3f215b4b00,3,0.0,216
5ea08d3f215b4b00,4,0.0,216
90cefc9b766e431f,0,1.0,216
90cefc9b766e431f,1,0.0,216
90cefc9b766e431f,2,0.0,216
90cefc9b766e431f,3,0.0,216
90cefc9b766e431f,4,0.0,216
a74053cd9fbcdf58,0,1.0,216
a74053cd9fbcdf58,1,0.0,216
a74053cd9fbcdf58,2,0.0,216
a74053cd9fbcdf58,3,0.0,216
a74053cd9fbcdf58,4,0.0,216
1459edfd8986a239,0,1.0,215
1459edfd8986a239,1,1.0,215
1459edfd8986a239,2,0.0,215
1459edfd8986a239,3,0.0,215
1459edfd8986a239,4,0.0,215
3dbce805a0b141a8,0,1.0,215
3dbce805a0b141a8,1,0.0,215
3dbce805a0b141a8,2,0.0,215
3dbce805a0b141a8,3,0.0,215
3dbce805a0b141a8,4,0.0,215
54905406f96b37ba,0,1.0,215
54905406f96b37ba,1,1.0,215
54905406f96b37ba,2,1.0,215
54905406f96b37ba,3,1.0,215
54905406f96b37ba,4,1.0,215
952059cd0404cb5f,0,1.0,215
952059cd0404cb5f,1,0.0,215
952059cd0404cb5f,2,0.0,215
952059cd0404cb5f,3,0.0,215
952059cd0404cb5f,4,0.0,215
cb760f4a09447a8f,0,1.0,215
cb760f4a09447a8f,1,1.0,215
cb760f4a09447a8f,2,1.0,215
cb760f4a09447a8f,3,1.0,215
cb760f4a09447a8f,4,1.0,215
b3993b8e57f8a169,0,1.0,214
b3993b8e57f8a169,1,0.0,214
b3993b8e57f8a169,2,0.0,214
b3993b8e57f8a169,3,0.0,214
b3993b8e57f8a169,4,0.0,214
3e1359b0723bcff4,0,1.0,213
3e1359b0723bcff4,1,0.5,213
3e1359b0723bcff4,2,0.5,213
3e1359b0723bcff4,3,0.5,213
3e1359b0723bcff4,4,0.5,213
deb58f5ea5753fb1,0,1.0,213
deb58f5ea5753fb1,1,0.0,213
deb58f5ea5753fb1,2,0.0,213
deb58f5ea5753fb1,3,0.0,213
deb58f5ea5753fb1,4,0.0,213
1d67abcf23151a94,0,1.0,212
1d67abcf23151a94,1,1.0,212
1d67abcf23151a94,2,0.5,212
1d67abcf23151a94,3,0.5,212
1d67abcf23151a94,4,0.5,212
23d692927ea19a6c,0,1.0,212
23d692927ea19a6c,1,0.0,212
23d692927ea19a6c,2,0.0,212
23d692927ea19a6c,3,0.0,212
23d692927ea19a6c,4,0.0,212
3cdaebde575c5b37,0,1.0,212
3cdaebde575c5b37,1,0.0,212
3cdaebde575c5b37,2,0.0,212
3cdaebde575c5b37,3,0.0,212
3cdaebde575c5b37,4,0.0,212
6820c5d670a6d1b8,0,1.0,212
6820c5d670a6d1b8,1,0.0,212
6820c5d670a6d1b8,2,0.0,212
6820c5d670a6d1b8,3,0.0,212
6820c5d670a6d1b8,4,0.0,212
ee1b864a704f7369,0,1.0,211
ee1b864a704f7369,1,1.0,211
ee1b864a704f7369,2,1.0,211
ee1b864a704f7369,3,1.0,211
ee1b864a704f7369,4,1.0,211
50435e826defda84,0,1.0,209
50435e826defda84,1,0.0,209
50435e826defda84,2,0.0,209
50435e826defda84,3,0.0,209
50435e826defda84,4,0.0,209
ea9ccc8c09fa75d7,0,1.0,207
ea9ccc8c09fa75d7,1,1.0,207
ea9ccc8c09fa75d7,2,1.0,207
ea9ccc8c09fa75d7,3,1.0,207
ea9ccc8c09fa75d7,4,0.5,207
cb94e7d7e1f7d083,0,1.0,206
cb94e7d7e1f7d083,1,0.5,206
cb94e7d7e1f7d083,2,0.0,206
cb94e7d7e1f7d083,3,0.0,206
cb94e7d7e1f7d083,4,0.0,206
5a84018b7ada0f76,0,1.0,205
5a84018b7ada0f76,1,1.0,205
5a84018b7ada0f76,2,0.0,205
5a84018b7ada0f76,3,0.0,205
5a84018b7ada0f76,4,0.0,205
5af5480f52cf5615,0,1.0,204
5af5480f52cf5615,1,1.0,204
5af5480f52cf5615,2,0.5,204
5af5480f52cf5615,3,0.5,204
5af5480f52cf5615,4,0.5,204
3d44c118bbff65e9,0,1.0,203
3d44c118bbff65e9,1,1.0,203
3d44c118bbff65e9,2,0.0,203
3d44c118bbff65e9,3,0.0,203
3d44c118bbff65e9,4,0.0,203
bd14af00f41da381,0,1.0,203
bd14af00f41da381,1,1.0,203
bd14af00f41da381,2,0.0,203
bd14af00f41da381,3,0.0,203
bd14af00f41da381,4,0.0,203
4453fc0896b211ea,0,1.0,202
4453fc0896b211ea,1,1.0,202
4453fc0896b211ea,2,0.0,202
4453fc0896b211ea,3,0.0,202
4453fc0896b211ea,4,0.0,202
b49119c13665cce9,0,1.0,202
b49119c13665cce9,1,0.0,202
b49119c13665cce9,2,0.0,202
b49119c13665cce9,3,0.0,202
b49119c13665cce9,4,0.0,202
3e20939de73aa357,0,1.0,201
3e20939de73aa357,1,0.0,201
3e20939de73aa357,2,0.0,201
3e20939de73aa357,3,0.0,201
3e20939de73aa357,4,0.0,201
02045ee32d053013,0,1.0,197
02045ee32d053013,1,0.0,197
02045ee32d053013,2,0.0,197
02045ee32d053013,3,0.0,197
02045ee32d053013,4,0.0,197
b480fbcf99aa331c,0,1.0,197
b480fbcf99aa331c,1,0.5,197
b480fbcf99aa331c,2,0.5,197
b480fbcf99aa331c,3,0.5,197
b480fbcf99aa331c,4,0.5,197
3106fdec81eb7cf2,0,1.0,196
3106fdec81eb7cf2,1,0.0,196
3106fdec81eb7cf2,2,0.0,196
3106fdec81eb7cf2,3,0.0,196
3106fdec81eb7cf2,4,0.0,196
a11c2863198aa93b,0,1.0,195
a11c2863198aa93b,1,0.0,195
a11c2863198aa93b,2,0.0,195
a11c2863198aa93b,3,0.0,195
a11c2863198aa93b,4,0.0,195
cb7d67388749b3b5,0,1.0,195
cb7d67388749b3b5,1,0.0,195
cb7d67388749b3b5,2,0.0,195
cb7d67388749b3b5,3,0.0,195
cb7d67388749b3b5,4,0.0,195
e9fa4024f8762230,0,1.0,195
e9fa4024f8762230,1,0.5,195
e9fa4024f8762230,2,0.5,195
e9fa4024f8762230,3,0.5,195
e9fa4024f8762230,4,0.5,195
2b7f0d4e6e6eae6e,0,1.0,194
2b7f0d4e6e6eae6e,1,0.5,194
2b7f0d4e6e6eae6e,2,0.5,194
2b7f0d4e6e6eae6e,3,0.5,194
2b7f0d4e6e6eae6e,4,0.5,194
4c081c59a3909c3f,0,1.0,194
4c081c59a3909c3f,1,0.5,194
4c081c59a3909c3f,2,0.5,194
4c081c59a3909c3f,3,0.5,194
4c081c59a3909c3f,4,0.5,194
9ef5790eada8a129,0,1.0,194
9ef5790eada8a129,1,0.5,194
9ef5790eada8a129,2,0.5,194
9ef5790eada8a129,3,0.5,194
9ef5790eada8a129,4,0.5,194
4b5d05947b62026f,0,1.0,193
4b5d05947b62026f,1,1.0,193
4b5d05947b62026f,2,1.0,193
4b5d05947b62026f,3,1.0,193
4b5d05947b62026f,4,1.0,193
2b69a96860905434,0,1.0,192
2b69a96860905434,1,0.5,192
2b69a96860905434,2,0.5,192
2b69a96860905434,3,0.5,192
2b69a96860905434,4,0.5,192
87c14dd4a70303a3,0,1.0,192
87c14dd4a70303a3,1,0.0,192
87c14dd4a70303a3,2,0.0,192
87c14dd4a70303a3,3,0.0,192
87c14dd4a70303a3,4,0.0,192
87e639f5c9ed4c90,0,1.0,190
87e639f5c9ed4c90,1,0.5,190
87e639f5c9ed4c90,2,0.5,190
87e639f5c9ed4c90,3,0.5,190
87e639f5c9ed4c90,4,0.5,190
885e0775dbe82fcc,0,1.0,190
885e0775dbe82fcc,1,1.0,190
885e0775dbe82fcc,2,1.0,190
885e0775dbe82fcc,3,1.0,190
885e0775dbe82fcc,4,1.0,190
4499febacc3f222f,0,1.0,189
4499febacc3f222f,1,0.5,189
4499febacc3f222f,2,0.5,189
4499febacc3f222f,3,0.5,189
4499febacc3f222f,4,0.0,189
54ef6082de2ef264,0,1.0,189
54ef6082de2ef264,1,0.0,189
54ef6082de2ef264,2,0.0,189
54ef6082de2ef264,3,0.0,189
54ef6082de2ef264,4,0.0,189
65d48fb1aa39b3e1,0,1.0,189
65d48fb1aa39b3e1,1,0.5,189
65d48fb1aa39b3e1,2,0.5,189
65d48fb1aa39b3e1,3,0.5,189
65d48fb1aa39b3e1,4,0.5,189
05894539fcdf4840,0,1.0,188
05894539fcdf4840,1,0.5,188
05894539fcdf4840,2,0.5,188
05894539fcdf4840,3,0.5,188
05894539fcdf4840,4,0.5,188
9b800db4670e2be1,0,1.0,187
9b800db4670e2be1,1,0.0,187
9b800db4670e2be1,2,0.0,187
9b800db4670e2be1,3,0.0,187
9b800db4670e2be1,4,0.0,187
fcadfa2dbea901bf,0,1.0,187
fcadfa2dbea901bf,1,0.5,187
fcadfa2dbea901bf,2,0.5,187
fcadfa2dbea901bf,3,0.5,187
fcadfa2dbea901bf,4,0.5,187
a16e3db210295541,0,1.0,186
a16e3db210295541,1,0.5,186
a16e3db210295541,2,0.5,186
a16e3db210295541,3,0.5,186
a16e3db210295541,4,0.5,186
6a2060297152f5d7,0,1.0,183
6a2060297152f5d7,1,0.5,183
6a2060297152f5d7,2,0.5,183
6a2060297152f5d7,3,0.5,183
6a2060297152f5d7,4,0.5,183
59a8881b96fb5ada,0,1.0,182
59a8881b96fb5ada,1,1.0,182
59a8881b96fb5ada,2,1.0,182
59a8881b96fb5ada,3,1.0,182
59a8881b96fb5ada,4,1.0,182
5a5194b943ca7fb0,0,1.0,181
5a5194b943ca7fb0,1,0.5,181
5a5194b943ca7fb0,2,0.5,181
5a5194b943ca7fb0,3,0.5,181
5a5194b943ca7fb0,4,0.5,181
9cf1065f26518c10,0,1.0,181
9cf1065f26518c10,1,0.5,181
9cf1065f26518c10,2,0.5,181
9cf1065f26518c10,3,0.5,181
9cf1065f26518c10,4,0.5,181
c595b30162c25e08,0,1.0,178
c595b30162c25e08,1,0.5,178
c595b30162c25e08,2,0.5,178
c595b30162c25e08,3,0.5,178
c595b30162c25e08,4,0.5,178
5c765713553f954a,0,1.0,175
5c765713553f954a,1,0.5,175
5c765713553f954a,2,0.5,175
5c765713553f954a,3,0.5,175
5c765713553f954a,4,0.5,175
a3de368c5fdff3c3,0,1.0,175
a3de368c5fdff3c3,1,1.0,175
a3de368c5fdff3c3,2,1.0,175
a3de368c5fdff3c3,3,0.5,175
a3de368c5fdff3c3,4,0.5,175
07bc49e1c055f3b2,0,1.0,174
07bc49e1c055f3b2,1,0.5,174
07bc49e1c055f3b2,2,0.5,174
07bc49e1c055f3b2,3,0.5,174
07bc49e1c055f3b2,4,0.5,174
749b3152bc4c62b7,0,1.0,174
749b3152bc4c62b7,1,1.0,174
749b3152bc4c62b7,2,0.0,174
749b3152bc4c62b7,3,0.0,174
749b3152bc4c62b7,4,0.0,174
68e277f026e4f333,0,1.0,173
68e277f026e4f333,1,1.0,173
68e277f026e4f333,2,0.0,173
68e277f026e4f333,3,0.0,173
68e277f026e4f333,4,0.0,173
bc0d4043cdbf6ab1,0,1.0,172
bc0d4043cdbf6ab1,1,0.5,172
bc0d4043cdbf6ab1,2,0.5,172
bc0d4043cdbf6ab1,3,0.5,172
bc0d4043cdbf6ab1,4,0.5,172
25572c9e75be476a,0,1.0,171
25572c9e75be476a,1,0.5,171
25572c9e75be476a,2,0.5,171
25572c9e75be476a,3,0.5,171
25572c9e75be476a,4,0.5,171
218c9377835c7fdd,0,1.0,170
218c9377835c7fdd,1,0.5,170
218c9377835c7fdd,2,0.5,170
218c9377835c7fdd,3,0.5,170
218c9377835c7fdd,4,0.5,170
20441710b6474ee5,0,1.0,169
20441710b6474ee5,1,0.5,169
20441710b6474ee5,2,0.5,169
20441710b6474ee5,3,0.5,169
20441710b6474ee5,4,0.5,169
33c20b0013778993,0,1.0,169
33c20b0013778993,1,0.0,169
33c20b0013778993,2,0.0,169
33c20b0013778993,3,0.0,169
33c20b0013778993,4,0.0,169
ca5a0d4466da3a0f,0,1.0,169
ca5a0d4466da3a0f,1,0.5,169
ca5a0d4466da3a0f,2,0.5,169
ca5a0d4466da3a0f,3,0.5,169
ca5a0d4466da3a0f,4,0.5,169
0d7619ef3e57cb35,0,1.0,167
0d7619ef3e57cb35,1,0.0,167
0d7619ef3e57cb35,2,0.0,167
0d7619ef3e57cb35,3,0.0,167
0d7619ef3e57cb35,4,0.0,167
16590d791998de04,0,1.0,165
16590d791998de04,1,0.5,165
16590d791998de04,2,0.5,165
16590d791998de04,3,0.5,165
16590d791998de04,4,0.5,165
3b2aba26cd86dc2f,0,1.0,165
3b2aba26cd86dc2f,1,0.5,165
3b2aba26cd86dc2f,2,0.5,165
3b2aba26cd86dc2f,3,0.5,165
3b2aba26cd86dc2f,4,0.5,165
e207c9cbf8393e9b,0,1.0,165
e207c9cbf8393e9b,1,0.5,165
e207c9cbf8393e9b,2,0.5,165
e207c9cbf8393e9b,3,0.5,165
e207c9cbf8393e9b,4,0.5,165
1d7a1ac1513eb48c,0,1.0,164
1d7a1ac1513eb48c,1,1.0,164
1d7a1ac1513eb48c,2,0.5,164
1d7a1ac1513eb48c,3,0.5,164
1d7a1ac1513eb48c,4,0.5,164
27e26d2341e697ad,0,1.0,164
27e26d2341e697ad,1,0.5,164
27e26d2341e697ad,2,0.5,164
27e26d2341e697ad,3,0.5,164
27e26d2341e697ad,4,0.5,164
cd253129c9a24d43,0,1.0,164
cd253129c9a24d43,1,0.0,164
cd253129c9a24d43,2,0.0,164
cd253129c9a24d43,3,0.0,164
cd253129c9a24d43,4,0.0,164
d594b4a2418a7382,0,1.0,164
d594b4a2418a7382,1,1.0,164
d594b4a2418a7382,2,0.5,164
d594b4a2418a7382,3,0.5,164
d594b4a2418a7382,4,0.5,164
06dfbbfb6d453364,0,1.0,163
06dfbbfb6d453364,1,0.5,163
06dfbbfb6d453364,2,0.5,163
06dfbbfb6d453364,3,0.5,163
06dfbbfb6d453364,4,0.5,163
76f1e10c1ce66b59,0,1.0,162
76f1e10c1ce66b59,1,0.0,162
76f1e10c1ce66b59,2,0.0,162
76f1e10c1ce66b59,3,0.0,162
76f1e10c1ce66b59,4,0.0,162
cb0f642a6861499d,0,1.0,162
cb0f642a6861499d,1,0.5,162
cb0f642a6861499d,2,0.5,162
cb0f642a6861499d,3,0.5,162
cb0f642a6861499d,4,0.5,162
e4cf54dbc3cdf299,0,1.0,162
e4cf54dbc3cdf299,1,0.5,162
e4cf54dbc3cdf299,2,0.5,162
e4cf54dbc3cdf299,3,0.5,162
e4cf54dbc3cdf299,4,0.5,162
276ad787af6a299e,0,1.0,161
276ad787af6a299e,1,0.5,161
276ad787af6a299e,2,0.5,161
276ad787af6a299e,3,0.5,161
276ad787af6a299e,4,0.5,161
8229ab2f44578101,0,1.0,161
8229ab2f44578101,1,0.5,161
8229ab2f44578101,2,0.5,161
8229ab2f44578101,3,0.5,161
8229ab2f44578101,4,0.5,161
069dc362cc83fb7a,0,1.0,160
069dc362cc83fb7a,1,0.0,160
069dc362cc83fb7a,2,0.0,160
069dc362cc83fb7a,3,0.0,160
069dc362cc83fb7a,4,0.0,160
141c19060cd9bcd7,0,1.0,159
141c19060cd9bcd7,1,0.0,159
141c19060cd9bcd7,2,0.0,159
141c19060cd9bcd7,3,0.0,159
141c19060cd9bcd7,4,0.0,159
2c3ab647caa1215c,0,1.0,159
2c3ab647caa1215c,1,0.5,159
2c3ab647caa1215c,2,0.5,159
2c3ab647caa1215c,3,0.5,159
2c3ab647caa1215c,4,0.5,159
4d776f2e423c4353,0,1.0,159
4d776f2e423c4353,1,0.0,159
4d776f2e423c4353,2,0.0,159
4d776f2e423c4353,3,0.0,159
4d776f2e423c4353,4,0.0,159
c98e7ce7bea5dc46,0,1.0,159
c98e7ce7bea5dc46,1,1.0,159
c98e7ce7bea5dc46,2,0.5,159
c98e7ce7bea5dc46,3,0.5,159
c98e7ce7bea5dc46,4,0.5,159
d0778f255b2af544,0,1.0,159
d0778f255b2af544,1,0.0,159
d0778f255b2af544,2,0.0,159
d0778f255b2af544,3,0.0,159
d0778f255b2af544,4,0.0,159
1014ee8f64ca04ec,0,1.0,158
1014ee8f64ca04ec,1,0.0,158
1014ee8f64ca04ec,2,0.0,158
1014ee8f64ca04ec,3,0.0,158
1014ee8f64ca04ec,4,0.0,158
a75cb0b1f9c7f780,0,1.0,158
a75cb0b1f9c7f780,1,0.5,158
a75cb0b1f9c7f780,2,0.5,158
a75cb0b1f9c7f780,3,0.5,158
a75cb0b1f9c7f780,4,0.5,158
6ec1dde5bf01adde,0,1.0,157
6ec1dde5bf01adde,1,1.0,157
6ec1dde5bf01adde,2,0.0,157
6ec1dde5bf01adde,3,0.0,157
6ec1dde5bf01adde,4,0.0,157
c9729f40e5f3069d,0,1.0,157
c9729f40e5f3069d,1,0.5,157
c9729f40e5f3069d,2,0.5,157
c9729f40e5f3069d,3,0.5,157
c9729f40e5f3069d,4,0.5,157
27046f7fbc9a85cb,0,1.0,156
27046f7fbc9a85cb,1,0.5,156
27046f7fbc9a85cb,2,0.5,156
27046f7fbc9a85cb,3,0.5,156
27046f7fbc9a85cb,4,0.5,156
7b6740531b41e33e,0,1.0,156
7b6740531b41e33e,1,1.0,156
7b6740531b41e33e,2,0.5,156
7b6740531b41e33e,3,0.5,156
7b6740531b41e33e,4,0.5,156
3ab07d974c2c13c9,0,1.0,155
3ab07d974c2c13c9,1,1.0,155
3ab07d974c2c13c9,2,0.0,155
3ab07d974c2c13c9,3,0.0,155
3ab07d974c2c13c9,4,0.0,155
e29313ae73b8a98a,0,1.0,155
e29313ae73b8a98a,1,0.5,155
e29313ae73b8a98a,2,0.5,155
e29313ae73b8a98a,3,0.5,155
e29313ae73b8a98a,4,0.5,155
f0fe9658e96aaa33,0,1.0,154
f0fe9658e96aaa33,1,0.5,154
f0fe9658e96aaa33,2,0.5,154
f0fe9658e96aaa33,3,0.5,154
f0fe9658e96aaa33,4,0.5,154
265c28c7520c434f,0,1.0,153
265c28c7520c434f,1,0.75,153
265c28c7520c434f,2,0.75,153
265c28c7520c434f,3,0.5,153
265c28c7520c434f,4,0.5,153
857b3c27b5df4d12,0,1.0,153
857b3c27b5df4d12,1,0.5,153
857b3c27b5df4d12,2,0.5,153
857b3c27b5df4d12,3,0.5,153
857b3c27b5df4d12,4,0.5,153
749dcca641c13156,0,1.0,152
749dcca641c13156,1,1.0,152
749dcca641c13156,2,0.5,152
749dcca641c13156,3,0.5,152
749dcca641c13156,4,0.5,152
78c7835cabe2a424,0,1.0,152
78c7835cabe2a424,1,1.0,152
78c7835cabe2a424,2,0.5,152
78c7835cabe2a424,3,0.5,152
78c7835cabe2a424,4,0.5,152
c657e99ca35a3b1c,0,1.0,152
c657e99ca35a3b1c,1,0.5,152
c657e99ca35a3b1c,2,0.5,152
c657e99ca35a3b1c,3,0.5,152
c657e99ca35a3b1c,4,0.5,152
d5004a458d5a5de6,0,1.0,151
d5004a458d5a5de6,1,0.5,151
d5004a458d5a5de6,2,0.5,151
d5004a458d5a5de6,3,0.5,151
d5004a458d5a5de6,4,0.5,151
4cfe54014cfc790e,0,1.0,150
4cfe54014cfc790e,1,0.0,150
4cfe54014cfc790e,2,0.0,150
4cfe54014cfc790e,3,0.0,150
4cfe54014cfc790e,4,0.0,150
ba97020b93362854,0,1.0,149
ba97020b93362854,1,0.0,149
ba97020b93362854,2,0.0,149
ba97020b93362854,3,0.0,149
ba97020b93362854,4,0.0,149
c27f06f97add8be0,0,1.0,147
c27f06f97add8be0,1,0.0,147
c27f06f97add8be0,2,0.0,147
c27f06f97add8be0,3,0.0,147
c27f06f97add8be0,4,0.0,147
6b6dd43bb4c3d2bc,0,1.0,146
6b6dd43bb4c3d2bc,1,0.0,146
6b6dd43bb4c3d2bc,2,0.0,146
6b6dd43bb4c3d2bc,3,0.0,146
6b6dd43bb4c3d2bc,4,0.0,146
a74c3ae53c430b3b,0,1.0,146
a74c3ae53c430b3b,1,0.5,146
a74c3ae53c430b3b,2,0.5,146
a74c3ae53c430b3b,3,0.5,146
a74c3ae53c430b3b,4,0.5,146
d02eaeb87d9b35d8,0,1.0,144
d02eaeb87d9b35d8,1,0.5,144
d02eaeb87d9b35d8,2,0.5,144
d02eaeb87d9b35d8,3,0.5,144
d02eaeb87d9b35d8,4,0.5,144
c35e11d293d91169,0,1.0,142
c35e11d293d91169,1,0.5,142
c35e11d293d91169,2,0.5,142
c35e11d293d91169,3,0.5,142
c35e11d293d91169,4,0.5,142
53fa109b722d8860,0,1.0,141
53fa109b722d8860,1,0.5,141
53fa109b722d8860,2,0.5,141
53fa109b722d8860,3,0.5,141
53fa109b722d8860,4,0.5,141
adb6b0bcabeab64f,0,1.0,138
adb6b0bcabeab64f,1,0.5,138
adb6b0bcabeab64f,2,0.5,138
adb6b0bcabeab64f,3,0.5,138
adb6b0bcabeab64f,4,0.5,138
df3aa1cdf382f132,0,1.0,138
df3aa1cdf382f132,1,0.5,138
df3aa1cdf382f132,2,0.5,138
df3aa1cdf382f132,3,0.5,138
df3aa1cdf382f132,4,0.5,138
df9dfb656b51ec72,0,1.0,138
df9dfb656b51ec72,1,0.0,138
df9dfb656b51ec72,2,0.0,138
df9dfb656b51ec72,3,0.0,138
df9dfb656b51ec72,4,0.0,138
ec0d746a50f71661,0,1.0,136
ec0d746a50f71661,1,0.5,136
ec0d746a50f71661,2,0.5,136
ec0d746a50f71661,3,0.5,136
ec0d746a50f71661,4,0.5,136
05105ed5b9c8b7e1,0,1.0,133
05105ed5b9c8b7e1,1,0.0,133
05105ed5b9c8b7e1,2,0.0,133
05105ed5b9c8b7e1,3,0.0,133
05105ed5b9c8b7e1,4,0.0,133
2944e7104a653621,0,1.0,133
2944e7104a653621,1,0.5,133
2944e7104a653621,2,0.5,133
2944e7104a653621,3,0.5,133
2944e7104a653621,4,0.5,133
543eed61464807ec,0,1.0,133
543eed61464807ec,1,0.5,133
543eed61464807ec,2,0.5,133
543eed61464807ec,3,0.5,133
543eed61464807ec,4,0.5,133
0f2f893b845d1cf6,0,1.0,132
0f2f893b845d1cf6,1,0.5,132
0f2f893b845d1cf6,2,0.5,132
0f2f893b845d1cf6,3,0.5,132
0f2f893b845d1cf6,4,0.5,132
36eaf3ea3917a058,0,1.0,132
36eaf3ea3917a058,1,1.0,132
36eaf3ea3917a058,2,1.0,132
36eaf3ea3917a058,3,1.0,132
36eaf3ea3917a058,4,1.0,132
aacf1b660b608287,0,1.0,131
aacf1b660b608287,1,0.5,131
aacf1b660b608287,2,0.5,131
aacf1b660b608287,3,0.5,131
aacf1b660b608287,4,0.5,131
08ec7aa12f5a9d83,0,1.0,129
08ec7aa12f5a9d83,1,1.0,129
08ec7aa12f5a9d83,2,1.0,129
08ec7aa12f5a9d83,3,1.0,129
08ec7aa12f5a9d83,4,1.0,129
4888e4fe0cd53d6a,0,1.0,129
4888e4fe0cd53d6a,1,0.0,129
4888e4fe0cd53d6a,2,0.0,129
4888e4fe0cd53d6a,3,0.0,129
4888e4fe0cd53d6a,4,0.0,129
ab7b4b08ede83c0d,0,1.0,129
ab7b4b08ede83c0d,1,0.75,129
ab7b4b08ede83c0d,2,0.5,129
ab7b4b08ede83c0d,3,0.5,129
ab7b4b08ede83c0d,4,0.5,129
d92e8806b74ccd4a,0,1.0,129
d92e8806b74ccd4a,1,0.0,129
d92e8806b74ccd4a,2,0.0,129
d92e8806b74ccd4a,3,0.0,129
d92e8806b74ccd4a,4,0.0,129
2560fba0bc93a1cf,0,1.0,128
2560fba0bc93a1cf,1,0.5,128
2560fba0bc93a1cf,2,0.5,128
2560fba0bc93a1cf,3,0.5,128
2560fba0bc93a1cf,4,0.5,128
3593af66f00142f2,0,1.0,128
3593af66f00142f2,1,0.0,128
3593af66f00142f2,2,0.0,128
3593af66f00142f2,3,0.0,128
3593af66f00142f2,4,0.0,128
39b2afd93581c5bb,0,1.0,128
39b2afd93581c5bb,1,0.0,128
39b2afd93581c5bb,2,0.0,128
39b2afd93581c5bb,3,0.0,128
39b2afd93581c5bb,4,0.0,128
5065ce10f5436114,0,1.0,128
5065ce10f5436114,1,1.0,128
5065ce10f5436114,2,1.0,128
5065ce10f5436114,3,1.0,128
5065ce10f5436114,4,1.0,128
43218941d64aa8e0,0,1.0,127
43218941d64aa8e0,1,0.0,127
43218941d64aa8e0,2,0.0,127
43218941d64aa8e0,3,0.0,127
43218941d64aa8e0,4,0.0,127
6f0b9874b0d45a86,0,1.0,127
6f0b9874b0d45a86,1,1.0,127
6f0b9874b0d45a86,2,0.5,127
6f0b9874b0d45a86,3,0.5,127
6f0b9874b0d45a86,4,0.5,127
b31d9ae6ec21ffb7,0,1.0,127
b31d9ae6ec21ffb7,1,0.5,127
b31d9ae6ec21ffb7,2,0.0,127
b31d9ae6ec21ffb7,3,0.0,127
b31d9ae6ec21ffb7,4,0.0,127
07d6ec22de700779,0,1.0,126
07d6ec22de700779,1,0.5,126
07d6ec22de700779,2,0.5,126
07d6ec22de700779,3,0.5,126
07d6ec22de700779,4,0.5,126
11d905138b1b186a,0,1.0,126
11d905138b1b186a,1,0.5,126
11d905138b1b186a,2,0.5,126
11d905138b1b186a,3,0.5,126
11d905138b1b186a,4,0.5,126
078a85e3ddc78640,0,1.0,125
078a85e3ddc78640,1,0.0,125
078a85e3ddc78640,2,0.0,125
078a85e3ddc78640,3,0.0,125
078a85e3ddc78640,4,0.0,125
62d60895b47b258a,0,1.0,125
62d60895b47b258a,1,0.0,125
62d60895b47b258a,2,0.0,125
62d60895b47b258a,3,0.0,125
62d60895b47b258a,4,0.0,125
3fbe1f86d8fcf3bd,0,1.0,124
3fbe1f86d8fcf3bd,1,0.5,124
3fbe1f86d8fcf3bd,2,0.5,124
3fbe1f86d8fcf3bd,3,0.5,124
3fbe1f86d8fcf3bd,4,0.5,124
6b923a0c168e488b,0,1.0,124
6b923a0c168e488b,1,0.0,124
6b923a0c168e488b,2,0.0,124
6b923a0c168e488b,3,0.0,124
6b923a0c168e488b,4,0.0,124
857d7973568d6d75,0,1.0,124
857d7973568d6d75,1,1.0,124
857d7973568d6d75,2,1.0,124
857d7973568d6d75,3,1.0,124
857d7973568d6d75,4,1.0,124
c07918bfa1fe894e,0,1.0,124
c07918bfa1fe894e,1,1.0,124
c07918bfa1fe894e,2,0.5,124
c07918bfa1fe894e,3,0.5,124
c07918bfa1fe894e,4,0.5,124
887571efd2a5c81a,0,1.0,123
887571efd2a5c81a,1,0.5,123
887571efd2a5c81a,2,0.5,123
887571efd2a5c81a,3,0.5,123
887571efd2a5c81a,4,0.5,123
0f84d4e97b6e5aa6,0,1.0,122
0f84d4e97b6e5aa6,1,0.5,122
0f84d4e97b6e5aa6,2,0.5,122
0f84d4e97b6e5aa6,3,0.5,122
0f84d4e97b6e5aa6,4,0.5,122
395f5e12314263ad,0,1.0,122
395f5e12314263ad,1,0.0,122
395f5e12314263ad,2,0.0,122
395f5e12314263ad,3,0.0,122
395f5e12314263ad,4,0.0,122
bd08b5afd4100cdf,0,1.0,122
bd08b5afd4100cdf,1,0.0,122
bd08b5afd4100cdf,2,0.0,122
bd08b5afd4100cdf,3,0.0,122
bd08b5afd4100cdf,4,0.0,122
c042fcbeb35388e1,0,1.0,122
c042fcbeb35388e1,1,1.0,122
c042fcbeb35388e1,2,1.0,122
c042fcbeb35388e1,3,1.0,122
c042fcbeb35388e1,4,0.0,122
c27db25ce54c22b5,0,1.0,122
c27db25ce54c22b5,1,0.5,122
c27db25ce54c22b5,2,0.5,122
c27db25ce54c22b5,3,0.5,122
c27db25ce54c22b5,4,0.5,122
faf5a5055675342a,0,1.0,122
faf5a5055675342a,1,0.0,122
faf5a5055675342a,2,0.0,122
faf5a5055675342a,3,0.0,122
faf5a5055675342a,4,0.0,122
1a685eb760c42f2d,0,1.0,121
1a685eb760c42f2d,1,1.0,121
1a685eb760c42f2d,2,0.5,121
1a685eb760c42f2d,3,0.5,121
1a685eb760c42f2d,4,0.5,121
e0fb9578095c1a71,0,1.0,121
e0fb9578095c1a71,1,0.5,121
e0fb9578095c1a71,2,0.5,121
e0fb9578095c1a71,3,0.5,121
e0fb9578095c1a71,4,0.5,121
f30de8f6ccdf2d3a,0,1.0,121
f30de8f6ccdf2d3a,1,0.0,121
f30de8f6ccdf2d3a,2,0.0,121
f30de8f6ccdf2d3a,3,0.0,121
f30de8f6ccdf2d3a,4,0.0,121
4857789f48d884fb,0,1.0,120
4857789f48d884fb,1,0.0,120
4857789f48d884fb,2,0.0,120
4857789f48d884fb,3,0.0,120
4857789f48d884fb,4,0.0,120
54a68425ad800fb7,0,1.0,120
54a68425ad800fb7,1,0.0,120
54a68425ad800fb7,2,0.0,120
54a68425ad800fb7,3,0.0,120
54a68425ad800fb7,4,0.0,120
5791b0acad463990,0,1.0,120
5791b0acad463990,1,1.0,120
5791b0acad463990,2,0.5,120
5791b0acad463990,3,0.5,120
5791b0acad463990,4,0.5,120
6b4b9a5e058e86d9,0,1.0,120
6b4b9a5e058e86d9,1,0.0,120
6b4b9a5e058e86d9,2,0.0,120
6b4b9a5e058e86d9,3,0.0,120
6b4b9a5e058e86d9,4,0.0,120
6f278f0d08806579,0,1.0,120
6f278f0d08806579,1,0.0,120
6f278f0d08806579,2,0.0,120
6f278f0d08806579,3,0.0,120
6f278f0d08806579,4,0.0,120
091bf0ad75d65bb4,0,1.0,119
091bf0ad75d65bb4,1,1.0,119
091bf0ad75d65bb4,2,0.0,119
091bf0ad75d65bb4,3,0.0,119
091bf0ad75d65bb4,4,0.0,119
7fca0b221d4df82d,0,1.0,119
7fca0b221d4df82d,1,0.0,119
7fca0b221d4df82d,2,0.0,119
7fca0b221d4df82d,3,0.0,119
7fca0b221d4df82d,4,0.0,119
8e2c0fa415ccba4f,0,1.0,119
8e2c0fa415ccba4f,1,0.5,119
8e2c0fa415ccba4f,2,0.5,119
8e2c0fa415ccba4f,3,0.5,119
8e2c0fa415ccba4f,4,0.5,119
cf63e254acd519cb,0,1.0,119
cf63e254acd519cb,1,0.5,119
cf63e254acd519cb,2,0.5,119
cf63e254acd519cb,3,0.5,119
cf63e254acd519cb,4,0.5,119
de1ec6ec4fd282ed,0,1.0,119
de1ec6ec4fd282ed,1,0.5,119
de1ec6ec4fd282ed,2,0.5,119
de1ec6ec4fd282ed,3,0.5,119
de1ec6ec4fd282ed,4,0.5,119
f289674768fa65af,0,1.0,119
f289674768fa65af,1,1.0,119
f289674768fa65af,2,0.5,119
f289674768fa65af,3,0.5,119
f289674768fa65af,4,0.5,119
050088987e60dfbf,0,1.0,118
050088987e60dfbf,1,0.5,118
050088987e60dfbf,2,0.5,118
050088987e60dfbf,3,0.5,118
050088987e60dfbf,4,0.5,118
4b7081483f0f9d80,0,1.0,118
4b7081483f0f9d80,1,0.5,118
4b7081483f0f9d80,2,0.5,118
4b7081483f0f9d80,3,0.5,118
4b7081483f0f9d80,4,0.5,118
777bb1fe4c10213d,0,1.0,118
777bb1fe4c10213d,1,0.0,118
777bb1fe4c10213d,2,0.0,118
777bb1fe4c10213d,3,0.0,118
777bb1fe4c10213d,4,0.0,118
9428d6484a633ced,0,1.0,118
9428d6484a633ced,1,1.0,118
9428d6484a633ced,2,1.0,118
9428d6484a633ced,3,1.0,118
9428d6484a633ced,4,0.0,118
d2acdf0d788ab530,0,1.0,118
d2acdf0d788ab530,1,0.0,118
d2acdf0d788ab530,2,0.0,118
d2acdf0d788ab530,3,0.0,118
d2acdf0d788ab530,4,0.0,118
f8dc1b8fb8226cee,0,1.0,118
f8dc1b8fb8226cee,1,0.0,118
f8dc1b8fb8226cee,2,0.0,118
f8dc1b8fb8226cee,3,0.0,118
f8dc1b8fb8226cee,4,0.0,118
018a76962705dd37,0,1.0,117
018a76962705dd37,1,0.5,117
018a76962705dd37,2,0.5,117
018a76962705dd37,3,0.5,117
018a76962705dd37,4,0.5,117
4a681fe4b0cd497d,0,1.0,117
4a681fe4b0cd497d,1,0.0,117
4a681fe4b0cd497d,2,0.0,117
4a681fe4b0cd497d,3,0.0,117
4a681fe4b0cd497d,4,0.0,117
82627b49adb24fc2,0,1.0,117
82627b49adb24fc2,1,0.0,117
82627b49adb24fc2,2,0.0,117
82627b49adb24fc2,3,0.0,117
82627b49adb24fc2,4,0.0,117
9c379f16497a1fcc,0,1.0,117
9c379f16497a1fcc,1,1.0,117
9c379f16497a1fcc,2,0.0,117
9c379f16497a1fcc,3,0.0,117
9c379f16497a1fcc,4,0.0,117
02a6d1331db9e5b5,0,1.0,116
02a6d1331db9e5b5,1,1.0,116
02a6d1331db9e5b5,2,1.0,116
02a6d1331db9e5b5,3,1.0,116
02a6d1331db9e5b5,4,1.0,116
32630ef4656ab47c,0,1.0,116
32630ef4656ab47c,1,0.5,116
32630ef4656ab47c,2,0.5,116
32630ef4656ab47c,3,0.5,116
32630ef4656ab47c,4,0.5,116
61f651ba26bb7ae3,0,1.0,116
61f651ba26bb7ae3,1,1.0,116
61f651ba26bb7ae3,2,0.0,116
61f651ba26bb7ae3,3,0.0,116
61f651ba26bb7ae3,4,0.0,116
750aca7124f3c40b,0,1.0,116
750aca7124f3c40b,1,0.0,116
750aca7124f3c40b,2,0.0,116
750aca7124f3c40b,3,0.0,116
750aca7124f3c40b,4,0.0,116
7787642c9b00671b,0,1.0,116
7787642c9b00671b,1,0.0,116
7787642c9b00671b,2,0.0,116
7787642c9b00671b,3,0.0,116
7787642c9b00671b,4,0.0,116
7a209e4be61a0a4a,0,1.0,116
7a209e4be61a0a4a,1,0.0,116
7a209e4be61a0a4a,2,0.0,116
7a209e4be61a0a4a,3,0.0,116
7a209e4be61a0a4a,4,0.0,116
9a548e3bd9206aad,0,1.0,116
9a548e3bd9206aad,1,0.5,116
9a548e3bd9206aad,2,0.5,116
9a548e3bd9206aad,3,0.5,116
9a548e3bd9206aad,4,0.5,116
e2e01f33e86bf520,0,1.0,116
e2e01f33e86bf520,1,0.0,116
e2e01f33e86bf520,2,0.0,116
e2e01f33e86bf520,3,0.0,116
e2e01f33e86bf520,4,0.0,116
19749d53077fd0a7,0,1.0,115
19749d53077fd0a7,1,0.0,115
19749d53077fd0a7,2,0.0,115
19749d53077fd0a7,3,0.0,115
19749d53077fd0a7,4,0.0,115
3cb8e25f1e9211c6,0,1.0,115
3cb8e25f1e9211c6,1,0.0,115
3cb8e25f1e9211c6,2,0.0,115
3cb8e25f1e9211c6,3,0.0,115
3cb8e25f1e9211c6,4,0.0,115
76fe4b465499b07c,0,1.0,115
76fe4b465499b07c,1,1.0,115
76fe4b465499b07c,2,1.0,115
76fe4b465499b07c,3,1.0,115
76fe4b465499b07c,4,1.0,115
ad41e02cbafaaaaf,0,1.0,115
ad41e02cbafaaaaf,1,0.5,115
ad41e02cbafaaaaf,2,0.5,115
ad41e02cbafaaaaf,3,0.5,115
ad41e02cbafaaaaf,4,0.5,115
b9d4e7d447578b52,0,1.0,115
b9d4e7d447578b52,1,0.0,115
b9d4e7d447578b52,2,0.0,115
b9d4e7d447578b52,3,0.0,115
b9d4e7d447578b52,4,0.0,115
c7daf17b48a916d5,0,1.0,115
c7daf17b48a916d5,1,0.5,115
c7daf17b48a916d5,2,0.5,115
c7daf17b48a916d5,3,0.5,115
c7daf17b48a916d5,4,0.5,115
2c1342e255ddaa7c,0,1.0,114
2c1342e255ddaa7c,1,1.0,114
2c1342e255ddaa7c,2,1.0,114
2c1342e255ddaa7c,3,0.0,114
2c1342e255ddaa7c,4,0.0,114
41fcef1e2c990c20,0,1.0,114
41fcef1e2c990c20,1,0.0,114
41fcef1e2c990c20,2,0.0,114
41fcef1e2c990c20,3,0.0,114
41fcef1e2c990c20,4,0.0,114
5d1ca8b7c39d1c88,0,1.0,114
5d1ca8b7c39d1c88,1,1.0,114
5d1ca8b7c39d1c88,2,1.0,114
5d1ca8b7c39d1c88,3,1.0,114
5d1ca8b7c39d1c88,4,1.0,114
96b2b6066caa702b,0,1.0,114
96b2b6066caa702b,1,0.0,114
96b2b6066caa702b,2,0.0,114
96b2b6066caa702b,3,0.0,114
96b2b6066caa702b,4,0.0,114
e43eb3a316b33037,0,1.0,114
e43eb3a316b33037,1,1.0,114
e43eb3a316b33037,2,1.0,114
e43eb3a316b33037,3,0.0,114
e43eb3a316b33037,4,0.0,114
f130aa9acbd20355,0,1.0,114
f130aa9acbd20355,1,0.0,114
f130aa9acbd20355,2,0.0,114
f130aa9acbd20355,3,0.0,114
f130aa9acbd20355,4,0.0,114
f5abbb8868a4e852,0,1.0,114
f5abbb8868a4e852,1,1.0,114
f5abbb8868a4e852,2,1.0,114
f5abbb8868a4e852,3,1.0,114
f5abbb8868a4e852,4,0.5,114
74d0103e838aa36d,0,1.0,113
74d0103e838aa36d,1,0.0,113
74d0103e838aa36d,2,0.0,113
74d0103e838aa36d,3,0.0,113
74d0103e838aa36d,4,0.0,113
77b6a1021cf1a462,0,1.0,113
77b6a1021cf1a462,1,0.5,113
77b6a1021cf1a462,2,0.5,113
77b6a1021cf1a462,3,0.5,113
77b6a1021cf1a462,4,0.5,113
a36666a1fdfbd6fe,0,1.0,113
a36666a1fdfbd6fe,1,0.0,113
a36666a1fdfbd6fe,2,0.0,113
a36666a1fdfbd6fe,3,0.0,113
a36666a1fdfbd6fe,4,0.0,113
c956020212186038,0,1.0,113
c956020212186038,1,0.0,113
c956020212186038,2,0.0,113
c956020212186038,3,0.0,113
c956020212186038,4,0.0,113
de87665367a2b6c2,0,1.0,113
de87665367a2b6c2,1,0.0,113
de87665367a2b6c2,2,0.0,113
de87665367a2b6c2,3,0.0,113
de87665367a2b6c2,4,0.0,113
022ea0865d780b69,0,1.0,112
022ea0865d780b69,1,0.0,112
022ea0865d780b69,2,0.0,112
022ea0865d780b69,3,0.0,112
022ea0865d780b69,4,0.0,112
20d77ec6974b1f6e,0,1.0,112
20d77ec6974b1f6e,1,0.5,112
20d77ec6974b1f6e,2,0.5,112
20d77ec6974b1f6e,3,0.5,112
20d77ec6974b1f6e,4,0.5,112
4e222580e0f7a6b8,0,1.0,112
4e222580e0f7a6b8,1,0.0,112
4e222580e0f7a6b8,2,0.0,112
4e222580e0f7a6b8,3,0.0,112
4e222580e0f7a6b8,4,0.0,112
939f964afacaca90,0,1.0,112
939f964afacaca90,1,0.0,112
939f964afacaca90,2,0.0,112
939f964afacaca90,3,0.0,112
939f964afacaca90,4,0.0,112
970d2a69e69e0222,0,1.0,112
970d2a69e69e0222,1,0.0,112
970d2a69e69e0222,2,0.0,112
970d2a69e69e0222,3,0.0,112
970d2a69e69e0222,4,0.0,112
a8faccc412d618f4,0,1.0,112
a8faccc412d618f4,1,1.0,112
a8faccc412d618f4,2,1.0,112
a8faccc412d618f4,3,1.0,112
a8faccc412d618f4,4,1.0,112
c7991651448fa26d,0,1.0,112
c7991651448fa26d,1,1.0,112
c7991651448fa26d,2,1.0,112
c7991651448fa26d,3,0.0,112
c7991651448fa26d,4,0.0,112
c901173368173056,0,1.0,112
c901173368173056,1,0.5,112
c901173368173056,2,0.5,112
c901173368173056,3,0.5,112
c901173368173056,4,0.5,112
e4f4f85261586267,0,1.0,112
e4f4f85261586267,1,1.0,112
e4f4f85261586267,2,0.5,112
e4f4f85261586267,3,0.5,112
e4f4f85261586267,4,0.5,112
f5e02243fe17432c,0,1.0,112
f5e02243fe17432c,1,0.5,112
f5e02243fe17432c,2,0.5,112
f5e02243fe17432c,3,0.5,112
f5e02243fe17432c,4,0.5,112
17e289b3c332294d,0,1.0,111
17e289b3c332294d,1,0.5,111
17e289b3c332294d,2,0.5,111
17e289b3c332294d,3,0.5,111
17e289b3c332294d,4,0.5,111
30cf8098b2047150,0,1.0,111
30cf8098b2047150,1,0.5,111
30cf8098b2047150,2,0.5,111
30cf8098b2047150,3,0.5,111
30cf8098b2047150,4,0.5,111
4435072886c94aa8,0,1.0,111
4435072886c94aa8,1,0.0,111
4435072886c94aa8,2,0.0,111
4435072886c94aa8,3,0.0,111
4435072886c94aa8,4,0.0,111
78a056287cab4d7a,0,1.0,111
78a056287cab4d7a,1,1.0,111
78a056287cab4d7a,2,1.0,111
78a056287cab4d7a,3,1.0,111
78a056287cab4d7a,4,0.0,111
7dfa1dffc285acf1,0,1.0,111
7dfa1dffc285acf1,1,0.0,111
7dfa1dffc285acf1,2,0.0,111
7dfa1dffc285acf1,3,0.0,111
7dfa1dffc285acf1,4,0.0,111
9ba73e6751977abb,0,1.0,111
9ba73e6751977abb,1,1.0,111
9ba73e6751977abb,2,1.0,111
9ba73e6751977abb,3,1.0,111
9ba73e6751977abb,4,1.0,111
fc0ef0d63ac6a111,0,1.0,111
fc0ef0d63ac6a111,1,1.0,111
fc0ef0d63ac6a111,2,1.0,111
fc0ef0d63ac6a111,3,0.0,111
fc0ef0d63ac6a111,4,0.0,111
1d0cdf54c289290f,0,1.0,110
1d0cdf54c289290f,1,0.0,110
1d0cdf54c289290f,2,0.0,110
1d0cdf54c289290f,3,0.0,110
1d0cdf54c289290f,4,0.0,110
63c9bcc3f1570df4,0,1.0,110
63c9bcc3f1570df4,1,0.5,110
63c9bcc3f1570df4,2,0.0,110
63c9bcc3f1570df4,3,0.0,110
63c9bcc3f1570df4,4,0.0,110
775d6f86f21aa07e,0,1.0,110
775d6f86f21aa07e,1,1.0,110
775d6f86f21aa07e,2,0.0,110
775d6f86f21aa07e,3,0.0,110
775d6f86f21aa07e,4,0.0,110
91e598a8ba5ae552,0,1.0,110
91e598a8ba5ae552,1,0.0,110
91e598a8ba5ae552,2,0.0,110
91e598a8ba5ae552,3,0.0,110
91e598a8ba5ae552,4,0.0,110
9a34b24908a2e282,0,1.0,110
9a34b24908a2e282,1,0.5,110
9a34b24908a2e282,2,0.5,110
9a34b24908a2e282,3,0.5,110
9a34b24908a2e282,4,0.5,110
ab9c0e0c3c7a7e6f,0,1.0,110
ab9c0e0c3c7a7e6f,1,1.0,110
ab9c0e0c3c7a7e6f,2,1.0,110
ab9c0e0c3c7a7e6f,3,1.0,110
ab9c0e0c3c7a7e6f,4,0.5,110
b6fb5ff3f4269208,0,1.0,110
b6fb5ff3f4269208,1,1.0,110
b6fb5ff3f4269208,2,1.0,110
b6fb5ff3f4269208,3,0.0,110
b6fb5ff3f4269208,4,0.0,110
b70200eecba73fae,0,1.0,110
b70200eecba73fae,1,0.0,110
b70200eecba73fae,2,0.0,110
b70200eecba73fae,3,0.0,110
b70200eecba73fae,4,0.0,110
20ce0fa312bc7124,0,1.0,109
20ce0fa312bc7124,1,0.5,109
20ce0fa312bc7124,2,0.5,109
20ce0fa312bc7124,3,0.5,109
20ce0fa312bc7124,4,0.5,109
25218f5687d29274,0,1.0,109
25218f5687d29274,1,1.0,109
25218f5687d29274,2,1.0,109
25218f5687d29274,3,1.0,109
25218f5687d29274,4,1.0,109
50abdfca27d73898,0,1.0,109
50abdfca27d73898,1,0.0,109
50abdfca27d73898,2,0.0,109
50abdfca27d73898,3,0.0,109
50abdfca27d73898,4,0.0,109
693848cfd627416c,0,1.0,109
693848cfd627416c,1,0.5,109
693848cfd627416c,2,0.5,109
693848cfd627416c,3,0.5,109
693848cfd627416c,4,0.5,109
cb6f9f05f1dba6c8,0,1.0,109
cb6f9f05f1dba6c8,1,0.0,109
cb6f9f05f1dba6c8,2,0.0,109
cb6f9f05f1dba6c8,3,0.0,109
cb6f9f05f1dba6c8,4,0.0,109
e4734377bddbb032,0,1.0,109
e4734377bddbb032,1,0.0,109
e4734377bddbb032,2,0.0,109
e4734377bddbb032,3,0.0,109
e4734377bddbb032,4,0.0,109
efe94d049572c238,0,1.0,109
efe94d049572c238,1,0.0,109
efe94d049572c238,2,0.0,109
efe94d049572c238,3,0.0,109
efe94d049572c238,4,0.0,109
03b5f399baaf191a,0,1.0,108
03b5f399baaf191a,1,1.0,108
03b5f399baaf191a,2,0.0,108
03b5f399baaf191a,3,0.0,108
03b5f399baaf191a,4,0.0,108
790deb8b1a58a82f,0,1.0,108
790deb8b1a58a82f,1,0.0,108
790deb8b1a58a82f,2,0.0,108
790deb8b1a58a82f,3,0.0,108
790deb8b1a58a82f,4,0.0,108
bba6391b04c1fff7,0,1.0,108
bba6391b04c1fff7,1,1.0,108
bba6391b04c1fff7,2,1.0,108
bba6391b04c1fff7,3,1.0,108
bba6391b04c1fff7,4,0.0,108
ce568b41e555c521,0,1.0,108
ce568b41e555c521,1,1.0,108
ce568b41e555c521,2,0.5,108
ce568b41e555c521,3,0.5,108
ce568b41e555c521,4,0.5,108
d8730d74142d945a,0,1.0,108
d8730d74142d945a,1,0.5,108
d8730d74142d945a,2,0.5,108
d8730d74142d945a,3,0.5,108
d8730d74142d945a,4,0.5,108
d91455e75ff999b6,0,1.0,108
d91455e75ff999b6,1,0.0,108
d91455e75ff999b6,2,0.0,108
d91455e75ff999b6,3,0.0,108
d91455e75ff999b6,4,0.0,108
efa738fc4a4ac5cc,0,1.0,108
efa738fc4a4ac5cc,1,0.5,108
efa738fc4a4ac5cc,2,0.5,108
efa738fc4a4ac5cc,3,0.5,108
efa738fc4a4ac5cc,4,0.5,108
16c537f56d998e2f,0,1.0,107
16c537f56d998e2f,1,1.0,107
16c537f56d998e2f,2,1.0,107
16c537f56d998e2f,3,1.0,107
16c537f56d998e2f,4,1.0,107
2bd93f4db6bf4ab6,0,1.0,107
2bd93f4db6bf4ab6,1,0.5,107
2bd93f4db6bf4ab6,2,0.5,107
2bd93f4db6bf4ab6,3,0.5,107
2bd93f4db6bf4ab6,4,0.5,107
35c37b63941c7713,0,1.0,107
35c37b63941c7713,1,0.0,107
35c37b63941c7713,2,0.0,107
35c37b63941c7713,3,0.0,107
35c37b63941c7713,4,0.0,107
3b0fd7ab34ba241e,0,1.0,107
3b0fd7ab34ba241e,1,0.0,107
3b0fd7ab34ba241e,2,0.0,107
3b0fd7ab34ba241e,3,0.0,107
3b0fd7ab34ba241e,4,0.0,107
3cb21b3cf01fbff1,0,1.0,107
3cb21b3cf01fbff1,1,1.0,107
3cb21b3cf01fbff1,2,1.0,107
3cb21b3cf01fbff1,3,1.0,107
3cb21b3cf01fbff1,4,1.0,107
9625036aa1b90fb6,0,1.0,107
9625036aa1b90fb6,1,1.0,107
9625036aa1b90fb6,2,1.0,107
9625036aa1b90fb6,3,0.0,107
9625036aa1b90fb6,4,0.0,107
aca0c0f8f9952ee3,0,1.0,107
aca0c0f8f9952ee3,1,1.0,107
aca0c0f8f9952ee3,2,1.0,107
aca0c0f8f9952ee3,3,1.0,107
aca0c0f8f9952ee3,4,1.0,107
f17ab7314f600b11,0,1.0,107
f17ab7314f600b11,1,0.0,107
f17ab7314f600b11,2,0.0,107
f17ab7314f600b11,3,0.0,107
f17ab7314f600b11,4,0.0,107
01c8968fd0f30e16,0,1.0,106
01c8968fd0f30e16,1,1.0,106
01c8968fd0f30e16,2,1.0,106
01c8968fd0f30e16,3,0.5,106
01c8968fd0f30e16,4,0.5,106
2484caa5d255d994,0,1.0,106
2484caa5d255d994,1,0.5,106
2484caa5d255d994,2,0.5,106
2484caa5d255d994,3,0.5,106
2484caa5d255d994,4,0.5,106
3f7e891e8ef49e9d,0,1.0,106
3f7e891e8ef49e9d,1,0.0,106
3f7e891e8ef49e9d,2,0.0,106
3f7e891e8ef49e9d,3,0.0,106
3f7e891e8ef49e9d,4,0.0,106
64d06954828e13e9,0,1.0,106
64d06954828e13e9,1,0.5,106
64d06954828e13e9,2,0.5,106
64d06954828e13e9,3,0.5,106
64d06954828e13e9,4,0.5,106
7461cd33e630797b,0,1.0,106
7461cd33e630797b,1,0.0,106
7461cd33e630797b,2,0.0,106
7461cd33e630797b,3,0.0,106
7461cd33e630797b,4,0.0,106
95924e6eb5919609,0,1.0,106
95924e6eb5919609,1,0.0,106
95924e6eb5919609,2,0.0,106
95924e6eb5919609,3,0.0,106
95924e6eb5919609,4,0.0,106
a83354d3cedbe160,0,1.0,106
a83354d3cedbe160,1,0.5,106
a83354d3cedbe160,2,0.5,106
a83354d3cedbe160,3,0.5,106
a83354d3cedbe160,4,0.5,106
1ae4c786afa69918,0,1.0,105
1ae4c786afa69918,1,1.0,105
1ae4c786afa69918,2,1.0,105
1ae4c786afa69918,3,1.0,105
1ae4c786afa69918,4,1.0,105
55596538d4de2784,0,1.0,105
55596538d4de2784,1,1.0,105
55596538d4de2784,2,1.0,105
55596538d4de2784,3,1.0,105
55596538d4de2784,4,1.0,105
60d47367517a5a62,0,1.0,105
60d47367517a5a62,1,0.5,105
60d47367517a5a62,2,0.5,105
60d47367517a5a62,3,0.5,105
60d47367517a5a62,4,0.5,105
695a9df52153f354,0,1.0,105
695a9df52153f354,1,0.5,105
695a9df52153f354,2,0.5,105
695a9df52153f354,3,0.5,105
695a9df52153f354,4,0.5,105
9d8a4262ca9cfd4f,0,1.0,105
9d8a4262ca9cfd4f,1,0.0,105
9d8a4262ca9cfd4f,2,0.0,105
9d8a4262ca9cfd4f,3,0.0,105
9d8a4262ca9cfd4f,4,0.0,105
aec33b85993bec38,0,1.0,105
aec33b85993bec38,1,0.5,105
aec33b85993bec38,2,0.5,105
aec33b85993bec38,3,0.5,105
aec33b85993bec38,4,0.5,105
b2e7b5049005c23e,0,1.0,105
b2e7b5049005c23e,1,0.0,105
b2e7b5049005c23e,2,0.0,105
b2e7b5049005c23e,3,0.0,105
b2e7b5049005c23e,4,0.0,105
f91c1bf89522a3a0,0,1.0,105
f91c1bf89522a3a0,1,0.0,105
f91c1bf89522a3a0,2,0.0,105
f91c1bf89522a3a0,3,0.0,105
f91c1bf89522a3a0,4,0.0,105
3248f0ab5394b3f7,0,1.0,104
3248f0ab5394b3f7,1,0.0,104
3248f0ab5394b3f7,2,0.0,104
3248f0ab5394b3f7,3,0.0,104
3248f0ab5394b3f7,4,0.0,104
3a09fe2b6793a89f,0,1.0,104
3a09fe2b6793a89f,1,0.0,104
3a09fe2b6793a89f,2,0.0,104
3a09fe2b6793a89f,3,0.0,104
3a09fe2b6793a89f,4,0.0,104
78fc0fa6fe1b7e3d,0,1.0,104
78fc0fa6fe1b7e3d,1,1.0,104
78fc0fa6fe1b7e3d,2,1.0,104
78fc0fa6fe1b7e3d,3,0.5,104
78fc0fa6fe1b7e3d,4,0.5,104
79edc1dfe73c6f19,0,1.0,104
79edc1dfe73c6f19,1,0.5,104
79edc1dfe73c6f19,2,0.5,104
79edc1dfe73c6f19,3,0.5,104
79edc1dfe73c6f19,4,0.5,104
df2643b3b6ff4c31,0,1.0,104
df2643b3b6ff4c31,1,1.0,104
df2643b3b6ff4c31,2,1.0,104
df2643b3b6ff4c31,3,1.0,104
df2643b3b6ff4c31,4,1.0,104
e7999c0055fa2dd5,0,1.0,104
e7999c0055fa2dd5,1,0.0,104
e7999c0055fa2dd5,2,0.0,104
e7999c0055fa2dd5,3,0.0,104
e7999c0055fa2dd5,4,0.0,104
e9045f0f6ec24613,0,1.0,104
e9045f0f6ec24613,1,0.0,104
e9045f0f6ec24613,2,0.0,104
e9045f0f6ec24613,3,0.0,104
e9045f0f6ec24613,4,0.0,104
267e1d05ab9d988c,0,1.0,103
267e1d05ab9d988c,1,0.5,103
267e1d05ab9d988c,2,0.5,103
267e1d05ab9d988c,3,0.5,103
267e1d05ab9d988c,4,0.5,103
d34ee4c2c0f1cec7,0,1.0,103
d34ee4c2c0f1cec7,1,0.0,103
d34ee4c2c0f1cec7,2,0.0,103
d34ee4c2c0f1cec7,3,0.0,103
d34ee4c2c0f1cec7,4,0.0,103
32a33cca94733276,0,1.0,102
32a33cca94733276,1,0.0,102
32a33cca94733276,2,0.0,102
32a33cca94733276,3,0.0,102
32a33cca94733276,4,0.0,102
4b5cddf390319edb,0,1.0,102
4b5cddf390319edb,1,0.5,102
4b5cddf390319edb,2,0.5,102
4b5cddf390319edb,3,0.5,102
4b5cddf390319edb,4,0.5,102
50822c6173307e9a,0,1.0,102
50822c6173307e9a,1,0.5,102
50822c6173307e9a,2,0.5,102
50822c6173307e9a,3,0.5,102
50822c6173307e9a,4,0.5,102
66e9fe0ad7ab9685,0,1.0,102
66e9fe0ad7ab9685,1,0.0,102
66e9fe0ad7ab9685,2,0.0,102
66e9fe0ad7ab9685,3,0.0,102
66e9fe0ad7ab9685,4,0.0,102
7585f89f592aab2b,0,1.0,102
7585f89f592aab2b,1,0.0,102
7585f89f592aab2b,2,0.0,102
7585f89f592aab2b,3,0.0,102
7585f89f592aab2b,4,0.0,102
915e5ea2e7f67f0e,0,1.0,102
915e5ea2e7f67f0e,1,0.0,102
915e5ea2e7f67f0e,2,0.0,102
915e5ea2e7f67f0e,3,0.0,102
915e5ea2e7f67f0e,4,0.0,102
b68c5f1fb75de82f,0,1.0,102
b68c5f1fb75de82f,1,1.0,102
b68c5f1fb75de82f,2,0.0,102
b68c5f1fb75de82f,3,0.0,102
b68c5f1fb75de82f,4,0.0,102
c1187f49d8677fa0,0,1.0,102
c1187f49d8677fa0,1,1.0,102
c1187f49d8677fa0,2,1.0,102
c1187f49d8677fa0,3,1.0,102
c1187f49d8677fa0,4,1.0,102
f233f66a9c4585a5,0,1.0,102
f233f66a9c4585a5,1,1.0,102
f233f66a9c4585a5,2,0.0,102
f233f66a9c4585a5,3,0.0,102
f233f66a9c4585a5,4,0.0,102
f84de65bbeb3ccab,0,1.0,102
f84de65bbeb3ccab,1,1.0,102
f84de65bbeb3ccab,2,1.0,102
f84de65bbeb3ccab,3,1.0,102
f84de65bbeb3ccab,4,1.0,102
12e01b638aad530d,0,1.0,101
12e01b638aad530d,1,0.0,101
12e01b638aad530d,2,0.0,101
12e01b638aad530d,3,0.0,101
12e01b638aad530d,4,0.0,101
6663bc4876a75531,0,1.0,101
6663bc4876a75531,1,0.0,101
6663bc4876a75531,2,0.0,101
6663bc4876a75531,3,0.0,101
6663bc4876a75531,4,0.0,101
6a8f5782706e1232,0,1.0,101
6a8f5782706e1232,1,0.5,101
6a8f5782706e1232,2,0.5,101
6a8f5782706e1232,3,0.5,101
6a8f5782706e1232,4,0.5,101
75b39afa4648a41d,0,1.0,101
75b39afa4648a41d,1,1.0,101
75b39afa4648a41d,2,1.0,101
75b39afa4648a41d,3,1.0,101
75b39afa4648a41d,4,1.0,101
93716563584676cd,0,1.0,101
93716563584676cd,1,0.0,101
93716563584676cd,2,0.0,101
93716563584676cd,3,0.0,101
93716563584676cd,4,0.0,101
dd0f36ef259210c8,0,1.0,101
dd0f36ef259210c8,1,0.5,101
dd0f36ef259210c8,2,0.5,101
dd0f36ef259210c8,3,0.5,101
dd0f36ef259210c8,4,0.5,101
dfcf64c41378966a,0,1.0,101
dfcf64c41378966a,1,0.0,101
dfcf64c41378966a,2,0.0,101
dfcf64c41378966a,3,0.0,101
dfcf64c41378966a,4,0.0,101
f6a4cf3ed77b36bc,0,1.0,101
f6a4cf3ed77b36bc,1,0.5,101
f6a4cf3ed77b36bc,2,0.5,101
f6a4cf3ed77b36bc,3,0.5,101
f6a4cf3ed77b36bc,4,0.5,101
020fc7970debc94f,0,1.0,100
020fc7970debc94f,1,1.0,100
020fc7970debc94f,2,0.5,100
020fc7970debc94f,3,0.5,100
020fc7970debc94f,4,0.5,100
163cbdb6514059dd,0,1.0,100
163cbdb6514059dd,1,0.0,100
163cbdb6514059dd,2,0.0,100
163cbdb6514059dd,3,0.0,100
163cbdb6514059dd,4,0.0,100
2e3f468c9e105a2b,0,1.0,100
2e3f468c9e105a2b,1,1.0,100
2e3f468c9e105a2b,2,0.0,100
2e3f468c9e105a2b,3,0.0,100
2e3f468c9e105a2b,4,0.0,100
5c94e8378ab8a68e,0,1.0,100
5c94e8378ab8a68e,1,0.5,100
5c94e8378ab8a68e,2,0.5,100
5c94e8378ab8a68e,3,0.5,100
5c94e8378ab8a68e,4,0.5,100
7ae83086e8564f38,0,1.0,100
7ae83086e8564f38,1,0.0,100
7ae83086e8564f38,2,0.0,100
7ae83086e8564f38,3,0.0,100
7ae83086e8564f38,4,0.0,100
9a2845d35028b968,0,1.0,100
9a2845d35028b968,1,0.0,100
9a2845d35028b968,2,0.0,100
9a2845d35028b968,3,0.0,100
9a2845d35028b968,4,0.0,100
bd1b3c44f26b54cb,0,1.0,100
bd1b3c44f26b54cb,1,1.0,100
bd1b3c44f26b54cb,2,0.0,100
bd1b3c44f26b54cb,3,0.0,100
bd1b3c44f26b54cb,4,0.0,100
d1c86ceed85c0c86,0,1.0,100
d1c86ceed85c0c86,1,1.0,100
d1c86ceed85c0c86,2,1.0,100
d1c86ceed85c0c86,3,1.0,100
d1c86ceed85c0c86,4,1.0,100
dc4f8558c415cdbb,0,1.0,100
dc4f8558c415cdbb,1,0.5,100
dc4f8558c415cdbb,2,0.5,100
dc4f8558c415cdbb,3,0.5,100
dc4f8558c415cdbb,4,0.5,100
e869d9adcb5cdf37,0,1.0,100
e869d9adcb5cdf37,1,0.0,100
e869d9adcb5cdf37,2,0.0,100
e869d9adcb5cdf37,3,0.0,100
e869d9adcb5cdf37,4,0.0,100
f3f200976023b897,0,1.0,100
f3f200976023b897,1,0.0,100
f3f200976023b897,2,0.0,100
f3f200976023b897,3,0.0,100
f3f200976023b897,4,0.0,100
1887a25ae7a473dc,0,1.0,99
1887a25ae7a473dc,1,0.5,99
1887a25ae7a473dc,2,0.5,99
1887a25ae7a473dc,3,0.5,99
1887a25ae7a473dc,4,0.0,99
21b834da31a44d01,0,1.0,99
21b834da31a44d01,1,0.0,99
21b834da31a44d01,2,0.0,99
21b834da31a44d01,3,0.0,99
21b834da31a44d01,4,0.0,99
298a004c1ba730c3,0,1.0,99
298a004c1ba730c3,1,0.0,99
298a004c1ba730c3,2,0.0,99
298a004c1ba730c3,3,0.0,99
298a004c1ba730c3,4,0.0,99
4ee67d6b5bf2fad8,0,1.0,99
4ee67d6b5bf2fad8,1,0.5,99
4ee67d6b5bf2fad8,2,0.5,99
4ee67d6b5bf2fad8,3,0.5,99
4ee67d6b5bf2fad8,4,0.5,99
a66a5ad80a504934,0,1.0,99
a66a5ad80a504934,1,0.0,99
a66a5ad80a504934,2,0.0,99
a66a5ad80a504934,3,0.0,99
a66a5ad80a504934,4,0.0,99
aa15fa050c3298e9,0,1.0,99
aa15fa050c3298e9,1,0.5,99
aa15fa050c3298e9,2,0.5,99
aa15fa050c3298e9,3,0.5,99
aa15fa050c3298e9,4,0.5,99
c31b1000b059ef5c,0,1.0,99
c31b1000b059ef5c,1,0.0,99
c31b1000b059ef5c,2,0.0,99
c31b1000b059ef5c,3,0.0,99
c31b1000b059ef5c,4,0.0,99
3baccd794ae907ef,0,1.0,98
3baccd794ae907ef,1,0.0,98
3baccd794ae907ef,2,0.0,98
3baccd794ae907ef,3,0.0,98
3baccd794ae907ef,4,0.0,98
51596134e31be259,0,1.0,98
51596134e31be259,1,1.0,98
51596134e31be259,2,1.0,98
51596134e31be259,3,1.0,98
51596134e31be259,4,0.0,98
51e8740f909c88ad,0,1.0,98
51e8740f909c88ad,1,1.0,98
51e8740f909c88ad,2,1.0,98
51e8740f909c88ad,3,1.0,98
51e8740f909c88ad,4,1.0,98
6bcf0d9e3c753d05,0,1.0,98
6bcf0d9e3c753d05,1,0.0,98
6bcf0d9e3c753d05,2,0.0,98
6bcf0d9e3c753d05,3,0.0,98
6bcf0d9e3c753d05,4,0.0,98
70f9ebddf09ebf04,0,1.0,98
70f9ebddf09ebf04,1,0.0,98
70f9ebddf09ebf04,2,0.0,98
70f9ebddf09ebf04,3,0.0,98
70f9ebddf09ebf04,4,0.0,98
75dd5e62ad098e57,0,1.0,98
75dd5e62ad098e57,1,1.0,98
75dd5e62ad098e57,2,1.0,98
75dd5e62ad098e57,3,1.0,98
75dd5e62ad098e57,4,1.0,98
ab7bfb2581864a12,0,1.0,98
ab7bfb2581864a12,1,0.0,98
ab7bfb2581864a12,2,0.0,98
ab7bfb2581864a12,3,0.0,98
ab7bfb2581864a12,4,0.0,98
e31496b2ad042438,0,1.0,98
e31496b2ad042438,1,0.0,98
e31496b2ad042438,2,0.0,98
e31496b2ad042438,3,0.0,98
e31496b2ad042438,4,0.0,98
ec5d9eb826b6271f,0,1.0,98
ec5d9eb826b6271f,1,0.0,98
ec5d9eb826b6271f,2,0.0,98
ec5d9eb826b6271f,3,0.0,98
ec5d9eb826b6271f,4,0.0,98
edab001865ad7fc8,0,1.0,98
edab001865ad7fc8,1,0.0,98
edab001865ad7fc8,2,0.0,98
edab001865ad7fc8,3,0.0,98
edab001865ad7fc8,4,0.0,98
ff85de9c7d763b5b,0,1.0,98
ff85de9c7d763b5b,1,1.0,98
ff85de9c7d763b5b,2,1.0,98
ff85de9c7d763b5b,3,1.0,98
ff85de9c7d763b5b,4,1.0,98
0075bb92efd32195,0,1.0,97
0075bb92efd32195,1,0.5,97
0075bb92efd32195,2,0.5,97
0075bb92efd32195,3,0.5,97
0075bb92efd32195,4,0.5,97
01963a539f82eb4d,0,1.0,97
01963a539f82eb4d,1,1.0,97
01963a539f82eb4d,2,1.0,97
01963a539f82eb4d,3,1.0,97
01963a539f82eb4d,4,1.0,97
12b2622546947e66,0,1.0,97
12b2622546947e66,1,0.5,97
12b2622546947e66,2,0.5,97
12b2622546947e66,3,0.5,97
12b2622546947e66,4,0.5,97
a69b6cf50c8186da,0,1.0,97
a69b6cf50c8186da,1,1.0,97
a69b6cf50c8186da,2,0.5,97
a69b6cf50c8186da,3,0.5,97
a69b6cf50c8186da,4,0.5,97
a92a0bbb08ede8ca,0,1.0,97
a92a0bbb08ede8ca,1,0.0,97
a92a0bbb08ede8ca,2,0.0,97
a92a0bbb08ede8ca,3,0.0,97
a92a0bbb08ede8ca,4,0.0,97
d259543a3b27a289,0,1.0,97
d259543a3b27a289,1,1.0,97
d259543a3b27a289,2,0.0,97
d259543a3b27a289,3,0.0,97
d259543a3b27a289,4,0.0,97
d94caddbb75215b3,0,1.0,97
d94caddbb75215b3,1,1.0,97
d94caddbb75215b3,2,1.0,97
d94caddbb75215b3,3,1.0,97
d94caddbb75215b3,4,1.0,97
db84e9aeb0a907b8,0,1.0,97
db84e9aeb0a907b8,1,1.0,97
db84e9aeb0a907b8,2,0.0,97
db84e9aeb0a907b8,3,0.0,97
db84e9aeb0a907b8,4,0.0,97
0c57eb6d78c86555,0,1.0,96
0c57eb6d78c86555,1,0.0,96
0c57eb6d78c86555,2,0.0,96
0c57eb6d78c86555,3,0.0,96
0c57eb6d78c86555,4,0.0,96
18832a1741342697,0,1.0,96
18832a1741342697,1,1.0,96
18832a1741342697,2,1.0,96
18832a1741342697,3,1.0,96
18832a1741342697,4,1.0,96
6a7c768bb733662b,0,1.0,96
6a7c768bb733662b,1,0.5,96
6a7c768bb733662b,2,0.5,96
6a7c768bb733662b,3,0.5,96
6a7c768bb733662b,4,0.5,96
71041ceeac8e055f,0,1.0,96
71041ceeac8e055f,1,1.0,96
71041ceeac8e055f,2,1.0,96
71041ceeac8e055f,3,1.0,96
71041ceeac8e055f,4,1.0,96
79840e0cfceb2634,0,1.0,96
79840e0cfceb2634,1,0.0,96
79840e0cfceb2634,2,0.0,96
79840e0cfceb2634,3,0.0,96
79840e0cfceb2634,4,0.0,96
820712b00e76526f,0,1.0,96
820712b00e76526f,1,1.0,96
820712b00e76526f,2,0.5,96
820712b00e76526f,3,0.5,96
820712b00e76526f,4,0.5,96
85bd88404fb80da0,0,1.0,96
85bd88404fb80da0,1,0.5,96
85bd88404fb80da0,2,0.5,96
85bd88404fb80da0,3,0.5,96
85bd88404fb80da0,4,0.5,96
870d838329f0b33f,0,1.0,96
870d838329f0b33f,1,0.5,96
870d838329f0b33f,2,0.5,96
870d838329f0b33f,3,0.5,96
870d838329f0b33f,4,0.5,96
8b3ea0be2f3b6a3d,0,1.0,96
8b3ea0be2f3b6a3d,1,0.0,96
8b3ea0be2f3b6a3d,2,0.0,96
8b3ea0be2f3b6a3d,3,0.0,96
8b3ea0be2f3b6a3d,4,0.0,96
c0310f827190f8ca,0,1.0,96
c0310f827190f8ca,1,0.5,96
c0310f827190f8ca,2,0.5,96
c0310f827190f8ca,3,0.5,96
c0310f827190f8ca,4,0.5,96
fcad5c8d2d1b819a,0,1.0,96
fcad5c8d2d1b819a,1,0.0,96
fcad5c8d2d1b819a,2,0.0,96
fcad5c8d2d1b819a,3,0.0,96
fcad5c8d2d1b819a,4,0.0,96
1ad43b276f1b492d,0,1.0,95
1ad43b276f1b492d,1,1.0,95
1ad43b276f1b492d,2,0.0,95
1ad43b276f1b492d,3,0.0,95
1ad43b276f1b492d,4,0.0,95
409f6f665cc32738,0,1.0,95
409f6f665cc32738,1,0.5,95
409f6f665cc32738,2,0.5,95
409f6f665cc32738,3,0.5,95
409f6f665cc32738,4,0.5,95
68f90e93dae9b5fb,0,1.0,95
68f90e93dae9b5fb,1,0.0,95
68f90e93dae9b5fb,2,0.0,95
68f90e93dae9b5fb,3,0.0,95
68f90e93dae9b5fb,4,0.0,95
7c0693e04c558e63,0,1.0,95
7c0693e04c558e63,1,0.0,95
7c0693e04c558e63,2,0.0,95
7c0693e04c558e63,3,0.0,95
7c0693e04c558e63,4,0.0,95
819b92e001336f42,0,1.0,95
819b92e001336f42,1,1.0,95
819b92e001336f42,2,1.0,95
819b92e001336f42,3,1.0,95
819b92e001336f42,4,1.0,95
93b596c3aa0ea50a,0,1.0,95
93b596c3aa0ea50a,1,1.0,95
93b596c3aa0ea50a,2,0.5,95
93b596c3aa0ea50a,3,0.5,95
93b596c3aa0ea50a,4,0.5,95
99ac6b2ff8b860b0,0,1.0,95
99ac6b2ff8b860b0,1,0.5,95
99ac6b2ff8b860b0,2,0.0,95
99ac6b2ff8b860b0,3,0.0,95
99ac6b2ff8b860b0,4,0.0,95
9d3930526e566071,0,1.0,95
9d3930526e566071,1,0.5,95
9d3930526e566071,2,0.5,95
9d3930526e566071,3,0.0,95
9d3930526e566071,4,0.0,95
aa95f6825f45d357,0,1.0,95
aa95f6825f45d357,1,1.0,95
aa95f6825f45d357,2,0.0,95
aa95f6825f45d357,3,0.0,95
aa95f6825f45d357,4,0.0,95
d58c3a0652610662,0,1.0,95
d58c3a0652610662,1,0.0,95
d58c3a0652610662,2,0.0,95
d58c3a0652610662,3,0.0,95
d58c3a0652610662,4,0.0,95
0002b39161df4061,0,1.0,94
0002b39161df4061,1,0.5,94
0002b39161df4061,2,0.5,94
0002b39161df4061,3,0.5,94
0002b39161df4061,4,0.5,94
0961069fec03ff85,0,1.0,94
0961069fec03ff85,1,0.0,94
0961069fec03ff85,2,0.0,94
0961069fec03ff85,3,0.0,94
0961069fec03ff85,4,0.0,94
22f7ca722629e2c7,0,1.0,94
22f7ca722629e2c7,1,1.0,94
22f7ca722629e2c7,2,1.0,94
22f7ca722629e2c7,3,0.0,94
22f7ca722629e2c7,4,0.0,94
49ec1e1bad3b8644,0,1.0,94
49ec1e1bad3b8644,1,0.5,94
49ec1e1bad3b8644,2,0.5,94
49ec1e1bad3b8644,3,0.5,94
49ec1e1bad3b8644,4,0.5,94
5946d2fd389a788a,0,1.0,94
5946d2fd389a788a,1,0.0,94
5946d2fd389a788a,2,0.0,94
5946d2fd389a788a,3,0.0,94
5946d2fd389a788a,4,0.0,94
a79778948941b933,0,1.0,94
a79778948941b933,1,1.0,94
a79778948941b933,2,1.0,94
a79778948941b933,3,1.0,94
a79778948941b933,4,1.0,94
ce655dbe4d6c414b,0,1.0,94
ce655dbe4d6c414b,1,0.5,94
ce655dbe4d6c414b,2,0.5,94
ce655dbe4d6c414b,3,0.5,94
ce655dbe4d6c414b,4,0.5,94
dca5063f6d713be8,0,1.0,94
dca5063f6d713be8,1,0.0,94
dca5063f6d713be8,2,0.0,94
dca5063f6d713be8,3,0.0,94
dca5063f6d713be8,4,0.0,94
eba78261a974dc47,0,1.0,94
eba78261a974dc47,1,0.0,94
eba78261a974dc47,2,0.0,94
eba78261a974dc47,3,0.0,94
eba78261a974dc47,4,0.0,94
303591b6605addb1,0,1.0,93
303591b6605addb1,1,0.0,93
303591b6605addb1,2,0.0,93
303591b6605addb1,3,0.0,93
303591b6605addb1,4,0.0,93
67ce0638aba19a22,0,1.0,93
67ce0638aba19a22,1,0.5,93
67ce0638aba19a22,2,0.5,93
67ce0638aba19a22,3,0.5,93
67ce0638aba19a22,4,0.5,93
8671ca92de2cc639,0,1.0,93
8671ca92de2cc639,1,0.0,93
8671ca92de2cc639,2,0.0,93
8671ca92de2cc639,3,0.0,93
8671ca92de2cc639,4,0.0,93
c25e25d519cf7fee,0,1.0,93
c25e25d519cf7fee,1,1.0,93
c25e25d519cf7fee,2,1.0,93
c25e25d519cf7fee,3,1.0,93
c25e25d519cf7fee,4,1.0,93
d9311a7efdc3d2d1,0,1.0,93
d9311a7efdc3d2d1,1,0.5,93
d9311a7efdc3d2d1,2,0.5,93
d9311a7efdc3d2d1,3,0.5,93
d9311a7efdc3d2d1,4,0.5,93
1f9c5109c2d9af59,0,1.0,92
1f9c5109c2d9af59,1,0.0,92
1f9c5109c2d9af59,2,0.0,92
1f9c5109c2d9af59,3,0.0,92
1f9c5109c2d9af59,4,0.0,92
39fca43a4e009d13,0,1.0,92
39fca43a4e009d13,1,0.5,92
39fca43a4e009d13,2,0.5,92
39fca43a4e009d13,3,0.5,92
39fca43a4e009d13,4,0.5,92
75dab016769e0f43,0,1.0,92
75dab016769e0f43,1,1.0,92
75dab016769e0f43,2,1.0,92
75dab016769e0f43,3,1.0,92
75dab016769e0f43,4,1.0,92
93c142b2a4c52935,0,1.0,92
93c142b2a4c52935,1,0.0,92
93c142b2a4c52935,2,0.0,92
93c142b2a4c52935,3,0.0,92
93c142b2a4c52935,4,0.0,92
d9bf7427d46b9040,0,1.0,92
d9bf7427d46b9040,1,0.0,92
d9bf7427d46b9040,2,0.0,92
d9bf7427d46b9040,3,0.0,92
d9bf7427d46b9040,4,0.0,92
f4d81470ae001413,0,1.0,92
f4d81470ae001413,1,1.0,92
f4d81470ae001413,2,1.0,92
f4d81470ae001413,3,1.0,92
f4d81470ae001413,4,1.0,92
184bc5bc2d701bf8,0,1.0,91
184bc5bc2d701bf8,1,0.0,91
184bc5bc2d701bf8,2,0.0,91
184bc5bc2d701bf8,3,0.0,91
184bc5bc2d701bf8,4,0.0,91
a47e03a95d815b23,0,1.0,91
a47e03a95d815b23,1,0.0,91
a47e03a95d815b23,2,0.0,91
a47e03a95d815b23,3,0.0,91
a47e03a95d815b23,4,0.0,91
e103fd0d469698fb,0,1.0,91
e103fd0d469698fb,1,1.0,91
e103fd0d469698fb,2,0.0,91
e103fd0d469698fb,3,0.0,91
e103fd0d469698fb,4,0.0,91
e24f0ad4dec57387,0,1.0,91
e24f0ad4dec57387,1,0.0,91
e24f0ad4dec57387,2,0.0,91
e24f0ad4dec57387,3,0.0,91
e24f0ad4dec57387,4,0.0,91
1a4f3eaebcc68d73,0,1.0,90
1a4f3eaebcc68d73,1,0.0,90
1a4f3eaebcc68d73,2,0.0,90
1a4f3eaebcc68d73,3,0.0,90
1a4f3eaebcc68d73,4,0.0,90
31746e0d66255986,0,1.0,90
31746e0d66255986,1,1.0,90
31746e0d66255986,2,0.5,90
31746e0d66255986,3,0.5,90
31746e0d66255986,4,0.5,90
7de572334dd160fc,0,1.0,90
7de572334dd160fc,1,1.0,90
7de572334dd160fc,2,0.0,90
7de572334dd160fc,3,0.0,90
7de572334dd160fc,4,0.0,90
d62062c30d38c995,0,1.0,90
d62062c30d38c995,1,0.5,90
d62062c30d38c995,2,0.5,90
d62062c30d38c995,3,0.5,90
d62062c30d38c995,4,0.5,90
dd24ab168765de64,0,1.0,90
dd24ab168765de64,1,0.0,90
dd24ab168765de64,2,0.0,90
dd24ab168765de64,3,0.0,90
dd24ab168765de64,4,0.0,90
275e896bf4cb93df,0,1.0,89
275e896bf4cb93df,1,0.0,89
275e896bf4cb93df,2,0.0,89
275e896bf4cb93df,3,0.0,89
275e896bf4cb93df,4,0.0,89
444d4bc366976068,0,1.0,89
444d4bc366976068,1,1.0,89
444d4bc366976068,2,1.0,89
444d4bc366976068,3,1.0,89
444d4bc366976068,4,1.0,89
45f7e0b6dcef908d,0,1.0,89
45f7e0b6dcef908d,1,0.0,89
45f7e0b6dcef908d,2,0.0,89
45f7e0b6dcef908d,3,0.0,89
45f7e0b6dcef908d,4,0.0,89
706cf08a5049d81a,0,1.0,89
706cf08a5049d81a,1,1.0,89
706cf08a5049d81a,2,1.0,89
706cf08a5049d81a,3,1.0,89
706cf08a5049d81a,4,1.0,89
2b387bae148b5b1a,0,1.0,88
2b387bae148b5b1a,1,0.5,88
2b387bae148b5b1a,2,0.5,88
2b387bae148b5b1a,3,0.5,88
2b387bae148b5b1a,4,0.5,88
6c13c877eb131a7f,0,1.0,88
6c13c877eb131a7f,1,0.5,88
6c13c877eb131a7f,2,0.5,88
6c13c877eb131a7f,3,0.5,88
6c13c877eb131a7f,4,0.5,88
727966235a4ec90a,0,1.0,88
727966235a4ec90a,1,0.0,88
727966235a4ec90a,2,0.0,88
727966235a4ec90a,3,0.0,88
727966235a4ec90a,4,0.0,88
cc78428b84f9c77d,0,1.0,88
cc78428b84f9c77d,1,0.5,88
cc78428b84f9c77d,2,0.5,88
cc78428b84f9c77d,3,0.5,88
cc78428b84f9c77d,4,0.5,88
35731fd683c2b40d,0,1.0,87
35731fd683c2b40d,1,0.5,87
35731fd683c2b40d,2,0.5,87
35731fd683c2b40d,3,0.5,87
35731fd683c2b40d,4,0.5,87
66821197d414cec1,0,1.0,87
66821197d414cec1,1,0.0,87
66821197d414cec1,2,0.0,87
66821197d414cec1,3,0.0,87
66821197d414cec1,4,0.0,87
af37d4d69fd7d015,0,1.0,87
af37d4d69fd7d015,1,0.0,87
af37d4d69fd7d015,2,0.0,87
af37d4d69fd7d015,3,0.0,87
af37d4d69fd7d015,4,0.0,87
d8a032e00c3e50f6,0,1.0,87
d8a032e00c3e50f6,1,0.5,87
d8a032e00c3e50f6,2,0.5,87
d8a032e00c3e50f6,3,0.5,87
d8a032e00c3e50f6,4,0.5,87
020f7f853a61d2a5,0,1.0,86
020f7f853a61d2a5,1,0.0,86
020f7f853a61d2a5,2,0.0,86
020f7f853a61d2a5,3,0.0,86
020f7f853a61d2a5,4,0.0,86
477ed62913779ccb,0,1.0,86
477ed62913779ccb,1,0.5,86
477ed62913779ccb,2,0.5,86
477ed62913779ccb,3,0.5,86
477ed62913779ccb,4,0.5,86
b8112efe346c2103,0,1.0,86
b8112efe346c2103,1,0.5,86
b8112efe346c2103,2,0.5,86
b8112efe346c2103,3,0.5,86
b8112efe346c2103,4,0.5,86
14b5464d618b7780,0,1.0,85
14b5464d618b7780,1,0.5,85
14b5464d618b7780,2,0.5,85
14b5464d618b7780,3,0.5,85
14b5464d618b7780,4,0.5,85
453caed3274ea14f,0,1.0,85
453caed3274ea14f,1,0.5,85
453caed3274ea14f,2,0.5,85
453caed3274ea14f,3,0.5,85
453caed3274ea14f,4,0.5,85
49e60a26428108d0,0,1.0,85
49e60a26428108d0,1,0.5,85
49e60a26428108d0,2,0.5,85
49e60a26428108d0,3,0.5,85
49e60a26428108d0,4,0.5,85
72c40d7028571a6d,0,1.0,85
72c40d7028571a6d,1,0.5,85
72c40d7028571a6d,2,0.5,85
72c40d7028571a6d,3,0.0,85
72c40d7028571a6d,4,0.0,85
adda5a44eeb78f05,0,1.0,85
adda5a44eeb78f05,1,0.5,85
adda5a44eeb78f05,2,0.0,85
adda5a44eeb78f05,3,0.0,85
adda5a44eeb78f05,4,0.0,85
bec8a25c1e8964d8,0,1.0,85
bec8a25c1e8964d8,1,0.0,85
bec8a25c1e8964d8,2,0.0,85
bec8a25c1e8964d8,3,0.0,85
bec8a25c1e8964d8,4,0.0,85
d38965440f88d744,0,1.0,85
d38965440f88d744,1,0.5,85
d38965440f88d744,2,0.5,85
d38965440f88d744,3,0.5,85
d38965440f88d744,4,0.5,85
ffcf7b7269b035e3,0,1.0,85
ffcf7b7269b035e3,1,0.5,85
ffcf7b7269b035e3,2,0.5,85
ffcf7b7269b035e3,3,0.5,85
ffcf7b7269b035e3,4,0.5,85
30208bff9d7b4777,0,1.0,84
30208bff9d7b4777,1,0.0,84
30208bff9d7b4777,2,0.0,84
30208bff9d7b4777,3,0.0,84
30208bff9d7b4777,4,0.0,84
905cc044d2f11f7e,0,1.0,84
905cc044d2f11f7e,1,1.0,84
905cc044d2f11f7e,2,0.0,84
905cc044d2f11f7e,3,0.0,84
905cc044d2f11f7e,4,0.0,84
9f61429b5a9a09da,0,1.0,84
9f61429b5a9a09da,1,0.0,84
9f61429b5a9a09da,2,0.0,84
9f61429b5a9a09da,3,0.0,84
9f61429b5a9a09da,4,0.0,84
1db13d3c15f32024,0,1.0,83
1db13d3c15f32024,1,0.5,83
1db13d3c15f32024,2,0.5,83
1db13d3c15f32024,3,0.5,83
1db13d3c15f32024,4,0.5,83
20ba60e44044f987,0,1.0,83
20ba60e44044f987,1,0.5,83
20ba60e44044f987,2,0.5,83
20ba60e44044f987,3,0.5,83
20ba60e44044f987,4,0.5,83
73e0a1077aae63f6,0,1.0,83
73e0a1077aae63f6,1,0.0,83
73e0a1077aae63f6,2,0.0,83
73e0a1077aae63f6,3,0.0,83
73e0a1077aae63f6,4,0.0,83
a41037b2d482b57b,0,1.0,83
a41037b2d482b57b,1,0.5,83
a41037b2d482b57b,2,0.5,83
a41037b2d482b57b,3,0.5,83
a41037b2d482b57b,4,0.5,83
b34302fee1684bb1,0,1.0,83
b34302fee1684bb1,1,0.5,83
b34302fee1684bb1,2,0.5,83
b34302fee1684bb1,3,0.5,83
b34302fee1684bb1,4,0.5,83
fba61d948ac424a2,0,1.0,83
fba61d948ac424a2,1,1.0,83
fba61d948ac424a2,2,0.0,83
fba61d948ac424a2,3,0.0,83
fba61d948ac424a2,4,0.0,83
5c55067dffc9ede0,0,1.0,82
5c55067dffc9ede0,1,1.0,82
5c55067dffc9ede0,2,1.0,82
5c55067dffc9ede0,3,1.0,82
5c55067dffc9ede0,4,1.0,82
23ff66bccc190bf8,0,1.0,81
23ff66bccc190bf8,1,0.5,81
23ff66bccc190bf8,2,0.5,81
23ff66bccc190bf8,3,0.5,81
23ff66bccc190bf8,4,0.5,81
e948b12c967f621b,0,1.0,81
e948b12c967f621b,1,0.0,81
e948b12c967f621b,2,0.0,81
e948b12c967f621b,3,0.0,81
e948b12c967f621b,4,0.0,81
1ae396282c7ef300,0,1.0,80
1ae396282c7ef300,1,1.0,80
1ae396282c7ef300,2,0.0,80
1ae396282c7ef300,3,0.0,80
1ae396282c7ef300,4,0.0,80
3cd92f8b54bb0724,0,1.0,79
3cd92f8b54bb0724,1,0.0,79
3cd92f8b54bb0724,2,0.0,79
3cd92f8b54bb0724,3,0.0,79
3cd92f8b54bb0724,4,0.0,79
62a874d0b403449c,0,1.0,79
62a874d0b403449c,1,0.0,79
62a874d0b403449c,2,0.0,79
62a874d0b403449c,3,0.0,79
62a874d0b403449c,4,0.0,79
8e5d1ff2953544fe,0,1.0,79
8e5d1ff2953544fe,1,0.5,79
8e5d1ff2953544fe,2,0.5,79
8e5d1ff2953544fe,3,0.5,79
8e5d1ff2953544fe,4,0.5,79
7833f4a2541cfefe,0,1.0,78
7833f4a2541cfefe,1,0.0,78
7833f4a2541cfefe,2,0.0,78
7833f4a2541cfefe,3,0.0,78
7833f4a2541cfefe,4,0.0,78
81f85c879126ecee,0,1.0,78
81f85c879126ecee,1,0.0,78
81f85c879126ecee,2,0.0,78
81f85c879126ecee,3,0.0,78
81f85c879126ecee,4,0.0,78
875c52be041846c8,0,1.0,78
875c52be041846c8,1,0.0,78
875c52be041846c8,2,0.0,78
875c52be041846c8,3,0.0,78
875c52be041846c8,4,0.0,78
9032bee791188bf6,0,1.0,78
9032bee791188bf6,1,0.0,78
9032bee791188bf6,2,0.0,78
9032bee791188bf6,3,0.0,78
9032bee791188bf6,4,0.0,78
aec1d025a7c8cadc,0,1.0,78
aec1d025a7c8cadc,1,0.0,78
aec1d025a7c8cadc,2,0.0,78
aec1d025a7c8cadc,3,0.0,78
aec1d025a7c8cadc,4,0.0,78
086fd017905204a2,0,1.0,77
086fd017905204a2,1,0.5,77
086fd017905204a2,2,0.5,77
086fd017905204a2,3,0.5,77
086fd017905204a2,4,0.5,77
15db7edd02fe8580,0,1.0,77
15db7edd02fe8580,1,0.5,77
15db7edd02fe8580,2,0.5,77
15db7edd02fe8580,3,0.5,77
15db7edd02fe8580,4,0.5,77
362b6de213df9f67,0,1.0,77
362b6de213df9f67,1,0.5,77
362b6de213df9f67,2,0.5,77
362b6de213df9f67,3,0.5,77
362b6de213df9f67,4,0.5,77
648f95a006d64b8a,0,1.0,77
648f95a006d64b8a,1,0.5,77
648f95a006d64b8a,2,0.5,77
648f95a006d64b8a,3,0.5,77
648f95a006d64b8a,4,0.5,77
665f357a9ee1a4d4,0,1.0,77
665f357a9ee1a4d4,1,0.5,77
665f357a9ee1a4d4,2,0.5,77
665f357a9ee1a4d4,3,0.5,77
665f357a9ee1a4d4,4,0.5,77
6d15cb5ce5ffde8b,0,1.0,77
6d15cb5ce5ffde8b,1,0.5,77
6d15cb5ce5ffde8b,2,0.5,77
6d15cb5ce5ffde8b,3,0.5,77
6d15cb5ce5ffde8b,4,0.5,77
e8de81867fec6836,0,1.0,77
e8de81867fec6836,1,0.0,77
e8de81867fec6836,2,0.0,77
e8de81867fec6836,3,0.0,77
e8de81867fec6836,4,0.0,77
f6499917f76b9cad,0,1.0,77
f6499917f76b9cad,1,1.0,77
f6499917f76b9cad,2,0.0,77
f6499917f76b9cad,3,0.0,77
f6499917f76b9cad,4,0.0,77
54000b099d64ca49,0,1.0,76
54000b099d64ca49,1,0.5,76
54000b099d64ca49,2,0.5,76
54000b099d64ca49,3,0.5,76
54000b099d64ca49,4,0.5,76
56fb872112996a6a,0,1.0,76
56fb872112996a6a,1,0.5,76
56fb872112996a6a,2,0.5,76
56fb872112996a6a,3,0.5,76
56fb872112996a6a,4,0.5,76
cacb310f2e09a0dd,0,1.0,76
cacb310f2e09a0dd,1,0.5,76
cacb310f2e09a0dd,2,0.5,76
cacb310f2e09a0dd,3,0.5,76
cacb310f2e09a0dd,4,0.5,76
f4acbdb5aeded86b,0,1.0,76
f4acbdb5aeded86b,1,0.0,76
f4acbdb5aeded86b,2,0.0,76
f4acbdb5aeded86b,3,0.0,76
f4acbdb5aeded86b,4,0.0,76
077567325cccd3b1,0,1.0,75
077567325cccd3b1,1,0.0,75
077567325cccd3b1,2,0.0,75
077567325cccd3b1,3,0.0,75
077567325cccd3b1,4,0.0,75
49e64086134d5f68,0,1.0,75
49e64086134d5f68,1,0.5,75
49e64086134d5f68,2,0.5,75
49e64086134d5f68,3,0.5,75
49e64086134d5f68,4,0.5,75
9d2c5de3fca02e17,0,1.0,75
9d2c5de3fca02e17,1,0.5,75
9d2c5de3fca02e17,2,0.5,75
9d2c5de3fca02e17,3,0.5,75
9d2c5de3fca02e17,4,0.5,75
9ed9d0204d1e2de6,0,1.0,74
9ed9d0204d1e2de6,1,0.0,74
9ed9d0204d1e2de6,2,0.0,74
9ed9d0204d1e2de6,3,0.0,74
9ed9d0204d1e2de6,4,0.0,74
a1abef07e56658dd,0,1.0,74
a1abef07e56658dd,1,0.0,74
a1abef07e56658dd,2,0.0,74
a1abef07e56658dd,3,0.0,74
a1abef07e56658dd,4,0.0,74
bad75f8936100621,0,1.0,73
bad75f8936100621,1,0.0,73
bad75f8936100621,2,0.0,73
bad75f8936100621,3,0.0,73
bad75f8936100621,4,0.0,73
0e143e6744034d6e,0,1.0,72
0e143e6744034d6e,1,0.5,72
0e143e6744034d6e,2,0.5,72
0e143e6744034d6e,3,0.5,72
0e143e6744034d6e,4,0.5,72
236beb0ae491c676,0,1.0,72
236beb0ae491c676,1,0.5,72
236beb0ae491c676,2,0.5,72
236beb0ae491c676,3,0.5,72
236beb0ae491c676,4,0.5,72
8335e6cb51dcc7c9,0,1.0,72
8335e6cb51dcc7c9,1,0.5,72
8335e6cb51dcc7c9,2,0.5,72
8335e6cb51dcc7c9,3,0.5,72
8335e6cb51dcc7c9,4,0.5,72
a5139a445e104744,0,1.0,72
a5139a445e104744,1,0.0,72
a5139a445e104744,2,0.0,72
a5139a445e104744,3,0.0,72
a5139a445e104744,4,0.0,72
05adc0d50f11cd6b,0,1.0,71
05adc0d50f11cd6b,1,0.5,71
05adc0d50f11cd6b,2,0.5,71
05adc0d50f11cd6b,3,0.5,71
05adc0d50f11cd6b,4,0.5,71
4c3bc72cf61eee06,0,1.0,71
4c3bc72cf61eee06,1,0.0,71
4c3bc72cf61eee06,2,0.0,71
4c3bc72cf61eee06,3,0.0,71
4c3bc72cf61eee06,4,0.0,71
89fe1994a342a713,0,1.0,71
89fe1994a342a713,1,0.0,71
89fe1994a342a713,2,0.0,71
89fe1994a342a713,3,0.0,71
89fe1994a342a713,4,0.0,71
b6886eff8778de9e,0,1.0,71
b6886eff8778de9e,1,0.5,71
b6886eff8778de9e,2,0.5,71
b6886eff8778de9e,3,0.5,71
b6886eff8778de9e,4,0.5,71
26194cd4808aa51b,0,1.0,70
26194cd4808aa51b,1,1.0,70
26194cd4808aa51b,2,0.0,70
26194cd4808aa51b,3,0.0,70
26194cd4808aa51b,4,0.0,70
78d6e19286583d34,0,1.0,70
78d6e19286583d34,1,0.5,70
78d6e19286583d34,2,0.5,70
78d6e19286583d34,3,0.5,70
78d6e19286583d34,4,0.5,70
c7cd3b1fd1524f85,0,1.0,70
c7cd3b1fd1524f85,1,0.5,70
c7cd3b1fd1524f85,2,0.5,70
c7cd3b1fd1524f85,3,0.5,70
c7cd3b1fd1524f85,4,0.5,70
fd2f6664d4d89ed3,0,1.0,69
fd2f6664d4d89ed3,1,0.5,69
fd2f6664d4d89ed3,2,0.5,69
fd2f6664d4d89ed3,3,0.5,69
fd2f6664d4d89ed3,4,0.5,69
3f6ce7e58e9f0eff,0,1.0,68
3f6ce7e58e9f0eff,1,0.0,68
3f6ce7e58e9f0eff,2,0.0,68
3f6ce7e58e9f0eff,3,0.0,68
3f6ce7e58e9f0eff,4,0.0,68
789273306a9f68f4,0,1.0,68
789273306a9f68f4,1,0.5,68
789273306a9f68f4,2,0.5,68
789273306a9f68f4,3,0.5,68
789273306a9f68f4,4,0.5,68
5d9ac2aed18c8888,0,1.0,67
5d9ac2aed18c8888,1,0.0,67
5d9ac2aed18c8888,2,0.0,67
5d9ac2aed18c8888,3,0.0,67
5d9ac2aed18c8888,4,0.0,67
83a0053c8bdacc22,0,1.0,67
83a0053c8bdacc22,1,0.5,67
83a0053c8bdacc22,2,0.5,67
83a0053c8bdacc22,3,0.5,67
83a0053c8bdacc22,4,0.5,67
1e22bd0554b3fb40,0,1.0,66
1e22bd0554b3fb40,1,0.5,66
1e22bd0554b3fb40,2,0.5,66
1e22bd0554b3fb40,3,0.5,66
1e22bd0554b3fb40,4,0.5,66
2b45772c418f98d0,0,1.0,66
2b45772c418f98d0,1,0.5,66
2b45772c418f98d0,2,0.5,66
2b45772c418f98d0,3,0.5,66
2b45772c418f98d0,4,0.5,66
6f2921884359553c,0,1.0,66
6f2921884359553c,1,0.75,66
6f2921884359553c,2,0.75,66
6f2921884359553c,3,0.5,66
6f2921884359553c,4,0.5,66
c79f14a8b0a19379,0,1.0,66
c79f14a8b0a19379,1,0.5,66
c79f14a8b0a19379,2,0.5,66
c79f14a8b0a19379,3,0.5,66
c79f14a8b0a19379,4,0.5,66
c9c8228db1cea8e3,0,1.0,66
c9c8228db1cea8e3,1,0.5,66
c9c8228db1cea8e3,2,0.5,66
c9c8228db1cea8e3,3,0.5,66
c9c8228db1cea8e3,4,0.5,66
d43b54e451ff8634,0,1.0,66
d43b54e451ff8634,1,0.5,66
d43b54e451ff8634,2,0.5,66
d43b54e451ff8634,3,0.5,66
d43b54e451ff8634,4,0.5,66
1a640f47997922dc,0,1.0,65
1a640f47997922dc,1,0.5,65
1a640f47997922dc,2,0.5,65
1a640f47997922dc,3,0.5,65
1a640f47997922dc,4,0.5,65
254866c58ce013eb,0,1.0,65
254866c58ce013eb,1,0.5,65
254866c58ce013eb,2,0.5,65
254866c58ce013eb,3,0.5,65
254866c58ce013eb,4,0.5,65
47f55c29cfaa8049,0,1.0,65
47f55c29cfaa8049,1,0.5,65
47f55c29cfaa8049,2,0.5,65
47f55c29cfaa8049,3,0.5,65
47f55c29cfaa8049,4,0.5,65
637629121efabc70,0,1.0,65
637629121efabc70,1,0.5,65
637629121efabc70,2,0.5,65
637629121efabc70,3,0.5,65
637629121efabc70,4,0.5,65
f0ae0032f48e9ad9,0,1.0,65
f0ae0032f48e9ad9,1,1.0,65
f0ae0032f48e9ad9,2,0.5,65
f0ae0032f48e9ad9,3,0.5,65
f0ae0032f48e9ad9,4,0.5,65
3a13bfd114b1cbf8,0,1.0,64
3a13bfd114b1cbf8,1,0.5,64
3a13bfd114b1cbf8,2,0.5,64
3a13bfd114b1cbf8,3,0.5,64
3a13bfd114b1cbf8,4,0.5,64
65c22d615940cf57,0,1.0,64
65c22d615940cf57,1,0.5,64
65c22d615940cf57,2,0.5,64
65c22d615940cf57,3,0.5,64
65c22d615940cf57,4,0.5,64
767775f7fe716e0b,0,1.0,64
767775f7fe716e0b,1,0.5,64
767775f7fe716e0b,2,0.5,64
767775f7fe716e0b,3,0.5,64
767775f7fe716e0b,4,0.5,64
870cdc764fa66d02,0,1.0,64
870cdc764fa66d02,1,0.5,64
870cdc764fa66d02,2,0.5,64
870cdc764fa66d02,3,0.5,64
870cdc764fa66d02,4,0.5,64
908819d3c7614b50,0,1.0,64
908819d3c7614b50,1,0.5,64
908819d3c7614b50,2,0.5,64
908819d3c7614b50,3,0.5,64
908819d3c7614b50,4,0.5,64
cc8c966d1f92cbfd,0,1.0,64
cc8c966d1f92cbfd,1,0.0,64
cc8c966d1f92cbfd,2,0.0,64
cc8c966d1f92cbfd,3,0.0,64
cc8c966d1f92cbfd,4,0.0,64
00936b6b636bc015,0,1.0,63
00936b6b636bc015,1,0.5,63
00936b6b636bc015,2,0.5,63
00936b6b636bc015,3,0.5,63
00936b6b636bc015,4,0.5,63
05aebe6e164eaf90,0,1.0,63
05aebe6e164eaf90,1,0.0,63
05aebe6e164eaf90,2,0.0,63
05aebe6e164eaf90,3,0.0,63
05aebe6e164eaf90,4,0.0,63
740db4f85bc8066f,0,1.0,63
740db4f85bc8066f,1,0.5,63
740db4f85bc8066f,2,0.5,63
740db4f85bc8066f,3,0.5,63
740db4f85bc8066f,4,0.5,63
8060ad241da4cc19,0,1.0,63
8060ad241da4cc19,1,0.5,63
8060ad241da4cc19,2,0.5,63
8060ad241da4cc19,3,0.5,63
8060ad241da4cc19,4,0.5,63
82459aed94986517,0,1.0,63
82459aed94986517,1,0.5,63
82459aed94986517,2,0.5,63
82459aed94986517,3,0.5,63
82459aed94986517,4,0.5,63
c37e9257b5db5507,0,1.0,63
c37e9257b5db5507,1,0.5,63
c37e9257b5db5507,2,0.5,63
c37e9257b5db5507,3,0.5,63
c37e9257b5db5507,4,0.5,63
d3272a4a1e704d68,0,1.0,63
d3272a4a1e704d68,1,0.5,63
d3272a4a1e704d68,2,0.5,63
d3272a4a1e704d68,3,0.5,63
d3272a4a1e704d68,4,0.5,63
e663c53c2caf0bd8,0,1.0,63
e663c53c2caf0bd8,1,0.75,63
e663c53c2caf0bd8,2,0.5,63
e663c53c2caf0bd8,3,0.5,63
e663c53c2caf0bd8,4,0.5,63
0755c2eb8c213677,0,1.0,62
0755c2eb8c213677,1,0.5,62
0755c2eb8c213677,2,0.5,62
0755c2eb8c213677,3,0.5,62
0755c2eb8c213677,4,0.5,62
1396e91ba0293f39,0,1.0,62
1396e91ba0293f39,1,0.5,62
1396e91ba0293f39,2,0.5,62
1396e91ba0293f39,3,0.5,62
1396e91ba0293f39,4,0.5,62
3942568ebd5eb8db,0,1.0,62
3942568ebd5eb8db,1,0.5,62
3942568ebd5eb8db,2,0.5,62
3942568ebd5eb8db,3,0.5,62
3942568ebd5eb8db,4,0.5,62
3e3ae35ba02ab249,0,1.0,62
3e3ae35ba02ab249,1,0.5,62
3e3ae35ba02ab249,2,0.5,62
3e3ae35ba02ab249,3,0.5,62
3e3ae35ba02ab249,4,0.5,62
3f7ab9843f95651e,0,1.0,62
3f7ab9843f95651e,1,0.5,62
3f7ab9843f95651e,2,0.5,62
3f7ab9843f95651e,3,0.5,62
3f7ab9843f95651e,4,0.5,62
48c98eaeb47c6683,0,1.0,62
48c98eaeb47c6683,1,1.0,62
48c98eaeb47c6683,2,0.75,62
48c98eaeb47c6683,3,0.75,62
48c98eaeb47c6683,4,0.75,62
522253af50b7f228,0,1.0,62
522253af50b7f228,1,0.5,62
522253af50b7f228,2,0.5,62
522253af50b7f228,3,0.5,62
522253af50b7f228,4,0.5,62
5d141836aa670fb8,0,1.0,62
5d141836aa670fb8,1,0.5,62
5d141836aa670fb8,2,0.5,62
5d141836aa670fb8,3,0.5,62
5d141836aa670fb8,4,0.5,62
d8c7780a7c23aca4,0,1.0,62
d8c7780a7c23aca4,1,0.5,62
d8c7780a7c23aca4,2,0.5,62
d8c7780a7c23aca4,3,0.5,62
d8c7780a7c23aca4,4,0.5,62
01056645f130ef71,0,1.0,61
01056645f130ef71,1,0.5,61
01056645f130ef71,2,0.5,61
01056645f130ef71,3,0.5,61
01056645f130ef71,4,0.5,61
02d514e9ea446d65,0,1.0,61
02d514e9ea446d65,1,0.75,61
02d514e9ea446d65,2,0.75,61
02d514e9ea446d65,3,0.5,61
02d514e9ea446d65,4,0.5,61
06e2ace14b074539,0,1.0,61
06e2ace14b074539,1,0.5,61
06e2ace14b074539,2,0.5,61
06e2ace14b074539,3,0.5,61
06e2ace14b074539,4,0.5,61
2cfefbd7db02084a,0,1.0,61
2cfefbd7db02084a,1,0.5,61
2cfefbd7db02084a,2,0.5,61
2cfefbd7db02084a,3,0.5,61
2cfefbd7db02084a,4,0.5,61
6050378ae3d1f574,0,1.0,61
6050378ae3d1f574,1,0.5,61
6050378ae3d1f574,2,0.5,61
6050378ae3d1f574,3,0.5,61
6050378ae3d1f574,4,0.5,61
74c273b4ad25789f,0,1.0,61
74c273b4ad25789f,1,0.5,61
74c273b4ad25789f,2,0.5,61
74c273b4ad25789f,3,0.5,61
74c273b4ad25789f,4,0.5,61
b2594fc2be5eea60,0,1.0,61
b2594fc2be5eea60,1,0.5,61
b2594fc2be5eea60,2,0.5,61
b2594fc2be5eea60,3,0.5,61
b2594fc2be5eea60,4,0.5,61
cada75286b3f0056,0,1.0,61
cada75286b3f0056,1,0.5,61
cada75286b3f0056,2,0.5,61
cada75286b3f0056,3,0.5,61
cada75286b3f0056,4,0.5,61
d5902d15bdffe594,0,1.0,61
d5902d15bdffe594,1,0.5,61
d5902d15bdffe594,2,0.5,61
d5902d15bdffe594,3,0.5,61
d5902d15bdffe594,4,0.5,61
d83d0605245b810a,0,1.0,61
d83d0605245b810a,1,0.5,61
d83d0605245b810a,2,0.5,61
d83d0605245b810a,3,0.5,61
d83d0605245b810a,4,0.5,61
e867c6bf52d9b57a,0,1.0,61
e867c6bf52d9b57a,1,0.5,61
e867c6bf52d9b57a,2,0.5,61
e867c6bf52d9b57a,3,0.5,61
e867c6bf52d9b57a,4,0.5,61
f46221d04f5bac89,0,1.0,61
f46221d04f5bac89,1,0.5,61
f46221d04f5bac89,2,0.5,61
f46221d04f5bac89,3,0.5,61
f46221d04f5bac89,4,0.5,61
f4651d37de18d3a2,0,1.0,61
f4651d37de18d3a2,1,1.0,61
f4651d37de18d3a2,2,0.5,61
f4651d37de18d3a2,3,0.5,61
f4651d37de18d3a2,4,0.5,61
2ca2a1b64975c739,0,1.0,60
2ca2a1b64975c739,1,0.75,60
2ca2a1b64975c739,2,0.5,60
2ca2a1b64975c739,3,0.5,60
2ca2a1b64975c739,4,0.5,60
3517590aa219edf3,0,1.0,60
3517590aa219edf3,1,1.0,60
3517590aa219edf3,2,0.5,60
3517590aa219edf3,3,0.5,60
3517590aa219edf3,4,0.5,60
37a2778aa2c10a05,0,1.0,60
37a2778aa2c10a05,1,0.0,60
37a2778aa2c10a05,2,0.0,60
37a2778aa2c10a05,3,0.0,60
37a2778aa2c10a05,4,0.0,60
384b6be6540fdc55,0,1.0,60
384b6be6540fdc55,1,1.0,60
384b6be6540fdc55,2,0.5,60
384b6be6540fdc55,3,0.5,60
384b6be6540fdc55,4,0.5,60
3a91a2ed615ac19c,0,1.0,60
3a91a2ed615ac19c,1,0.5,60
3a91a2ed615ac19c,2,0.5,60
3a91a2ed615ac19c,3,0.5,60
3a91a2ed615ac19c,4,0.5,60
5a405e514d4554ea,0,1.0,60
5a405e514d4554ea,1,0.0,60
5a405e514d4554ea,2,0.0,60
5a405e514d4554ea,3,0.0,60
5a405e514d4554ea,4,0.0,60
6d7269c3021b1fd9,0,1.0,60
6d7269c3021b1fd9,1,0.5,60
6d7269c3021b1fd9,2,0.5,60
6d7269c3021b1fd9,3,0.5,60
6d7269c3021b1fd9,4,0.5,60
72e3111bf62267ff,0,1.0,60
72e3111bf62267ff,1,0.5,60
72e3111bf62267ff,2,0.5,60
72e3111bf62267ff,3,0.5,60
72e3111bf62267ff,4,0.5,60
21ddbb3a4e085e8a,0,1.0,59
21ddbb3a4e085e8a,1,0.5,59
21ddbb3a4e085e8a,2,0.5,59
21ddbb3a4e085e8a,3,0.5,59
21ddbb3a4e085e8a,4,0.5,59
6148d95ae2ff452c,0,1.0,59
6148d95ae2ff452c,1,0.5,59
6148d95ae2ff452c,2,0.5,59
6148d95ae2ff452c,3,0.5,59
6148d95ae2ff452c,4,0.5,59
9ab412be63f4a9ee,0,1.0,59
9ab412be63f4a9ee,1,0.5,59
9ab412be63f4a9ee,2,0.5,59
9ab412be63f4a9ee,3,0.5,59
9ab412be63f4a9ee,4,0.5,59
a8b94d55144b9a8e,0,1.0,59
a8b94d55144b9a8e,1,0.5,59
a8b94d55144b9a8e,2,0.5,59
a8b94d55144b9a8e,3,0.5,59
a8b94d55144b9a8e,4,0.5,59
c53822f9dcb1c4e7,0,1.0,59
c53822f9dcb1c4e7,1,0.5,59
c53822f9dcb1c4e7,2,0.0,59
c53822f9dcb1c4e7,3,0.0,59
c53822f9dcb1c4e7,4,0.0,59
e8c8be80f133ca5f,0,1.0,59
e8c8be80f133ca5f,1,0.5,59
e8c8be80f133ca5f,2,0.5,59
e8c8be80f133ca5f,3,0.5,59
e8c8be80f133ca5f,4,0.5,59
f9d5283f6534f160,0,1.0,59
f9d5283f6534f160,1,0.5,59
f9d5283f6534f160,2,0.5,59
f9d5283f6534f160,3,0.5,59
f9d5283f6534f160,4,0.5,59
07328633e416da56,0,1.0,58
07328633e416da56,1,0.5,58
07328633e416da56,2,0.5,58
07328633e416da56,3,0.5,58
07328633e416da56,4,0.5,58
29c7c2d5b153080f,0,1.0,58
29c7c2d5b153080f,1,0.5,58
29c7c2d5b153080f,2,0.5,58
29c7c2d5b153080f,3,0.5,58
29c7c2d5b153080f,4,0.5,58
491ca18b0b67a4d0,0,1.0,58
491ca18b0b67a4d0,1,0.0,58
491ca18b0b67a4d0,2,0.0,58
491ca18b0b67a4d0,3,0.0,58
491ca18b0b67a4d0,4,0.0,58
580edb407508220e,0,1.0,58
580edb407508220e,1,0.5,58
580edb407508220e,2,0.5,58
580edb407508220e,3,0.5,58
580edb407508220e,4,0.5,58
6325528709ddc79c,0,1.0,58
6325528709ddc79c,1,0.5,58
6325528709ddc79c,2,0.5,58
6325528709ddc79c,3,0.5,58
6325528709ddc79c,4,0.5,58
991367e8923f3bd4,0,1.0,58
991367e8923f3bd4,1,0.5,58
991367e8923f3bd4,2,0.5,58
991367e8923f3bd4,3,0.5,58
991367e8923f3bd4,4,0.5,58
afb4ef6b0624be47,0,1.0,58
afb4ef6b0624be47,1,0.5,58
afb4ef6b0624be47,2,0.5,58
afb4ef6b0624be47,3,0.5,58
afb4ef6b0624be47,4,0.5,58
b4b0654b492609dd,0,1.0,58
b4b0654b492609dd,1,0.5,58
b4b0654b492609dd,2,0.5,58
b4b0654b492609dd,3,0.5,58
b4b0654b492609dd,4,0.5,58
e256a234c710a519,0,1.0,58
e256a234c710a519,1,0.5,58
e256a234c710a519,2,0.5,58
e256a234c710a519,3,0.5,58
e256a234c710a519,4,0.5,58
e6801aded2cc12e5,0,1.0,58
e6801aded2cc12e5,1,0.5,58
e6801aded2cc12e5,2,0.5,58
e6801aded2cc12e5,3,0.5,58
e6801aded2cc12e5,4,0.5,58
22aaf5c1c5000f4a,0,1.0,57
22aaf5c1c5000f4a,1,0.75,57
22aaf5c1c5000f4a,2,0.5,57
22aaf5c1c5000f4a,3,0.5,57
22aaf5c1c5000f4a,4,0.5,57
4bba1b9b2b3ce8c0,0,1.0,57
4bba1b9b2b3ce8c0,1,0.5,57
4bba1b9b2b3ce8c0,2,0.5,57
4bba1b9b2b3ce8c0,3,0.5,57
4bba1b9b2b3ce8c0,4,0.5,57
55768f76722199fa,0,1.0,57
55768f76722199fa,1,0.5,57
55768f76722199fa,2,0.5,57
55768f76722199fa,3,0.5,57
55768f76722199fa,4,0.5,57
75cf997a8ea90d4a,0,1.0,57
75cf997a8ea90d4a,1,0.5,57
75cf997a8ea90d4a,2,0.5,57
75cf997a8ea90d4a,3,0.5,57
75cf997a8ea90d4a,4,0.5,57
76e2f188461d1ded,0,1.0,57
76e2f188461d1ded,1,0.5,57
76e2f188461d1ded,2,0.5,57
76e2f188461d1ded,3,0.5,57
76e2f188461d1ded,4,0.5,57
82cb9d69b50a2669,0,1.0,57
82cb9d69b50a2669,1,0.5,57
82cb9d69b50a2669,2,0.5,57
82cb9d69b50a2669,3,0.5,57
82cb9d69b50a2669,4,0.5,57
9a836da84f4aa898,0,1.0,57
9a836da84f4aa898,1,0.5,57
9a836da84f4aa898,2,0.5,57
9a836da84f4aa898,3,0.5,57
9a836da84f4aa898,4,0.5,57
c55df85c454ce966,0,1.0,57
c55df85c454ce966,1,0.5,57
c55df85c454ce966,2,0.5,57
c55df85c454ce966,3,0.5,57
c55df85c454ce966,4,0.5,57
e7b53a0abee530b5,0,1.0,57
e7b53a0abee530b5,1,0.5,57
e7b53a0abee530b5,2,0.5,57
e7b53a0abee530b5,3,0.5,57
e7b53a0abee530b5,4,0.5,57
f2885dafa1391fc9,0,1.0,57
f2885dafa1391fc9,1,0.75,57
f2885dafa1391fc9,2,0.5,57
f2885dafa1391fc9,3,0.5,57
f2885dafa1391fc9,4,0.5,57
f88514d26db6a359,0,1.0,57
f88514d26db6a359,1,0.5,57
f88514d26db6a359,2,0.5,57
f88514d26db6a359,3,0.5,57
f88514d26db6a359,4,0.5,57
fa309145a213efb6,0,1.0,57
fa309145a213efb6,1,0.5,57
fa309145a213efb6,2,0.5,57
fa309145a213efb6,3,0.5,57
fa309145a213efb6,4,0.5,57
fea82713cde5a4ce,0,1.0,57
fea82713cde5a4ce,1,0.5,57
fea82713cde5a4ce,2,0.5,57
fea82713cde5a4ce,3,0.5,57
fea82713cde5a4ce,4,0.5,57
11067e9ee392f365,0,1.0,56
11067e9ee392f365,1,0.5,56
11067e9ee392f365,2,0.5,56
11067e9ee392f365,3,0.5,56
11067e9ee392f365,4,0.5,56
20c17a164aff860a,0,1.0,56
20c17a164aff860a,1,0.5,56
20c17a164aff860a,2,0.5,56
20c17a164aff860a,3,0.5,56
20c17a164aff860a,4,0.5,56
6b4ade50f163f3eb,0,1.0,56
6b4ade50f163f3eb,1,0.5,56
6b4ade50f163f3eb,2,0.5,56
6b4ade50f163f3eb,3,0.5,56
6b4ade50f163f3eb,4,0.5,56
7f64f41dd3ccffc9,0,1.0,56
7f64f41dd3ccffc9,1,0.5,56
7f64f41dd3ccffc9,2,0.5,56
7f64f41dd3ccffc9,3,0.5,56
7f64f41dd3ccffc9,4,0.5,56
daae47212a4b7ad6,0,1.0,56
daae47212a4b7ad6,1,0.5,56
daae47212a4b7ad6,2,0.5,56
daae47212a4b7ad6,3,0.5,56
daae47212a4b7ad6,4,0.5,56
19d02a084389edb9,0,1.0,55
19d02a084389edb9,1,0.5,55
19d02a084389edb9,2,0.5,55
19d02a084389edb9,3,0.5,55
19d02a084389edb9,4,0.5,55
1b22131d18231bae,0,1.0,55
1b22131d18231bae,1,1.0,55
1b22131d18231bae,2,1.0,55
1b22131d18231bae,3,1.0,55
1b22131d18231bae,4,0.5,55
36408538cc55159e,0,1.0,55
36408538cc55159e,1,0.5,55
36408538cc55159e,2,0.5,55
36408538cc55159e,3,0.5,55
36408538cc55159e,4,0.5,55
57fe66fb24a13b91,0,1.0,55
57fe66fb24a13b91,1,0.0,55
57fe66fb24a13b91,2,0.0,55
57fe66fb24a13b91,3,0.0,55
57fe66fb24a13b91,4,0.0,55
6299074455827443,0,1.0,55
6299074455827443,1,0.5,55
6299074455827443,2,0.5,55
6299074455827443,3,0.5,55
6299074455827443,4,0.5,55
8b0a6f549e36f591,0,1.0,55
8b0a6f549e36f591,1,0.5,55
8b0a6f549e36f591,2,0.5,55
8b0a6f549e36f591,3,0.5,55
8b0a6f549e36f591,4,0.5,55
a1cc7d298dcdac37,0,1.0,55
a1cc7d298dcdac37,1,0.0,55
a1cc7d298dcdac37,2,0.0,55
a1cc7d298dcdac37,3,0.0,55
a1cc7d298dcdac37,4,0.0,55
ead610af2d943b96,0,1.0,55
ead610af2d943b96,1,0.5,55
ead610af2d943b96,2,0.5,55
ead610af2d943b96,3,0.5,55
ead610af2d943b96,4,0.5,55
01e7c5204a45bc0e,0,1.0,54
01e7c5204a45bc0e,1,0.5,54
01e7c5204a45bc0e,2,0.5,54
01e7c5204a45bc0e,3,0.5,54
01e7c5204a45bc0e,4,0.5,54
1af7e1815054c7e2,0,1.0,54
1af7e1815054c7e2,1,1.0,54
1af7e1815054c7e2,2,0.5,54
1af7e1815054c7e2,3,0.5,54
1af7e1815054c7e2,4,0.5,54
2c703ec0fa5ce328,0,1.0,54
2c703ec0fa5ce328,1,1.0,54
2c703ec0fa5ce328,2,1.0,54
2c703ec0fa5ce328,3,1.0,54
2c703ec0fa5ce328,4,0.5,54
404523787f34a62b,0,1.0,54
404523787f34a62b,1,0.5,54
404523787f34a62b,2,0.5,54
404523787f34a62b,3,0.5,54
404523787f34a62b,4,0.5,54
6a26f58bc555a074,0,1.0,54
6a26f58bc555a074,1,0.5,54
6a26f58bc555a074,2,0.5,54
6a26f58bc555a074,3,0.5,54
6a26f58bc555a074,4,0.5,54
6aee6138df63cb31,0,1.0,54
6aee6138df63cb31,1,0.5,54
6aee6138df63cb31,2,0.5,54
6aee6138df63cb31,3,0.5,54
6aee6138df63cb31,4,0.5,54
957f9583418b507e,0,1.0,54
957f9583418b507e,1,0.5,54
957f9583418b507e,2,0.5,54
957f9583418b507e,3,0.5,54
957f9583418b507e,4,0.5,54
96587f530be77631,0,1.0,54
96587f530be77631,1,0.5,54
96587f530be77631,2,0.5,54
96587f530be77631,3,0.5,54
96587f530be77631,4,0.5,54
9c96bfafe046c408,0,1.0,54
9c96bfafe046c408,1,0.5,54
9c96bfafe046c408,2,0.5,54
9c96bfafe046c408,3,0.5,54
9c96bfafe046c408,4,0.5,54
a077bdaf8052e43d,0,1.0,54
a077bdaf8052e43d,1,0.5,54
a077bdaf8052e43d,2,0.5,54
a077bdaf8052e43d,3,0.5,54
a077bdaf8052e43d,4,0.5,54
adf266573bf7109d,0,1.0,54
adf266573bf7109d,1,0.5,54
adf266573bf7109d,2,0.5,54
adf266573bf7109d,3,0.5,54
adf266573bf7109d,4,0.5,54
b2bfaa0a47cdef1d,0,1.0,54
b2bfaa0a47cdef1d,1,1.0,54
b2bfaa0a47cdef1d,2,0.5,54
b2bfaa0a47cdef1d,3,0.5,54
b2bfaa0a47cdef1d,4,0.5,54
ef71571ac29769f5,0,1.0,54
ef71571ac29769f5,1,0.5,54
ef71571ac29769f5,2,0.5,54
ef71571ac29769f5,3,0.5,54
ef71571ac29769f5,4,0.5,54
f66221685d26ff9e,0,1.0,54
f66221685d26ff9e,1,0.5,54
f66221685d26ff9e,2,0.5,54
f66221685d26ff9e,3,0.5,54
f66221685d26ff9e,4,0.5,54
f72d5ad2a173fdd9,0,1.0,54
f72d5ad2a173fdd9,1,0.5,54
f72d5ad2a173fdd9,2,0.5,54
f72d5ad2a173fdd9,3,0.5,54
f72d5ad2a173fdd9,4,0.5,54
170b4ea24331c5a4,0,1.0,53
170b4ea24331c5a4,1,0.5,53
170b4ea24331c5a4,2,0.5,53
170b4ea24331c5a4,3,0.5,53
170b4ea24331c5a4,4,0.5,53
83804df1e043a1c3,0,1.0,53
83804df1e043a1c3,1,0.5,53
83804df1e043a1c3,2,0.5,53
83804df1e043a1c3,3,0.5,53
83804df1e043a1c3,4,0.5,53
856892f28835ca79,0,1.0,53
856892f28835ca79,1,1.0,53
856892f28835ca79,2,0.5,53
856892f28835ca79,3,0.5,53
856892f28835ca79,4,0.5,53
d2338702ddaa5623,0,1.0,53
d2338702ddaa5623,1,0.5,53
d2338702ddaa5623,2,0.5,53
d2338702ddaa5623,3,0.5,53
d2338702ddaa5623,4,0.5,53
6ac80d0c2d693821,0,1.0,52
6ac80d0c2d693821,1,0.5,52
6ac80d0c2d693821,2,0.5,52
6ac80d0c2d693821,3,0.5,52
6ac80d0c2d693821,4,0.5,52
82fad9e9200b3eb3,0,1.0,52
82fad9e9200b3eb3,1,0.0,52
82fad9e9200b3eb3,2,0.0,52
82fad9e9200b3eb3,3,0.0,52
82fad9e9200b3eb3,4,0.0,52
918d9935932a3fea,0,1.0,52
918d9935932a3fea,1,1.0,52
918d9935932a3fea,2,1.0,52
918d9935932a3fea,3,0.0,52
918d9935932a3fea,4,0.0,52
c30b3b741db499ae,0,1.0,52
c30b3b741db499ae,1,0.5,52
c30b3b741db499ae,2,0.5,52
c30b3b741db499ae,3,0.5,52
c30b3b741db499ae,4,0.5,52
d34283f682fb5db5,0,1.0,52
d34283f682fb5db5,1,0.0,52
d34283f682fb5db5,2,0.0,52
d34283f682fb5db5,3,0.0,52
d34283f682fb5db5,4,0.0,52
dabe6be0e260b262,0,1.0,52
dabe6be0e260b262,1,0.5,52
dabe6be0e260b262,2,0.5,52
dabe6be0e260b262,3,0.5,52
dabe6be0e260b262,4,0.5,52
dcb88b59b4e1e470,0,1.0,52
dcb88b59b4e1e470,1,0.5,52
dcb88b59b4e1e470,2,0.5,52
dcb88b59b4e1e470,3,0.5,52
dcb88b59b4e1e470,4,0.5,52
0bd443680d8bc298,0,1.0,51
0bd443680d8bc298,1,0.5,51
0bd443680d8bc298,2,0.5,51
0bd443680d8bc298,3,0.5,51
0bd443680d8bc298,4,0.5,51
0f44f2627e455894,0,1.0,51
0f44f2627e455894,1,0.75,51
0f44f2627e455894,2,0.75,51
0f44f2627e455894,3,0.75,51
0f44f2627e455894,4,0.75,51
34ad32a5b977f6a7,0,1.0,51
34ad32a5b977f6a7,1,0.0,51
34ad32a5b977f6a7,2,0.0,51
34ad32a5b977f6a7,3,0.0,51
34ad32a5b977f6a7,4,0.0,51
60f7a80a7ffe3d1a,0,1.0,51
60f7a80a7ffe3d1a,1,0.5,51
60f7a80a7ffe3d1a,2,0.5,51
60f7a80a7ffe3d1a,3,0.5,51
60f7a80a7ffe3d1a,4,0.5,51
9d17e7b97f8c8dc6,0,1.0,51
9d17e7b97f8c8dc6,1,0.5,51
9d17e7b97f8c8dc6,2,0.5,51
9d17e7b97f8c8dc6,3,0.5,51
9d17e7b97f8c8dc6,4,0.5,51
a78668044e13a686,0,1.0,51
a78668044e13a686,1,0.5,51
a78668044e13a686,2,0.5,51
a78668044e13a686,3,0.5,51
a78668044e13a686,4,0.5,51
b6f70aaec077d500,0,1.0,51
b6f70aaec077d500,1,0.5,51
b6f70aaec077d500,2,0.5,51
b6f70aaec077d500,3,0.5,51
b6f70aaec077d500,4,0.5,51
d221d9b5e05b2607,0,1.0,51
d221d9b5e05b2607,1,0.0,51
d221d9b5e05b2607,2,0.0,51
d221d9b5e05b2607,3,0.0,51
d221d9b5e05b2607,4,0.0,51
d607429e8a09d1b8,0,1.0,51
d607429e8a09d1b8,1,0.0,51
d607429e8a09d1b8,2,0.0,51
d607429e8a09d1b8,3,0.0,51
d607429e8a09d1b8,4,0.0,51
d7be5ca6c386bbdd,0,1.0,51
d7be5ca6c386bbdd,1,0.5,51
d7be5ca6c386bbdd,2,0.5,51
d7be5ca6c386bbdd,3,0.5,51
d7be5ca6c386bbdd,4,0.5,51
e69efc5f799ffa48,0,1.0,51
e69efc5f799ffa48,1,0.0,51
e69efc5f799ffa48,2,0.0,51
e69efc5f799ffa48,3,0.0,51
e69efc5f799ffa48,4,0.0,51
04218f1a6e23777f,0,1.0,50
04218f1a6e23777f,1,0.5,50
04218f1a6e23777f,2,0.5,50
04218f1a6e23777f,3,0.5,50
04218f1a6e23777f,4,0.5,50
141984ff137158d6,0,1.0,50
141984ff137158d6,1,1.0,50
141984ff137158d6,2,1.0,50
141984ff137158d6,3,1.0,50
141984ff137158d6,4,1.0,50
30457c48f4bf11da,0,1.0,50
30457c48f4bf11da,1,0.0,50
30457c48f4bf11da,2,0.0,50
30457c48f4bf11da,3,0.0,50
30457c48f4bf11da,4,0.0,50
325347815665d8a9,0,1.0,50
325347815665d8a9,1,0.5,50
325347815665d8a9,2,0.5,50
325347815665d8a9,3,0.5,50
325347815665d8a9,4,0.5,50
39a1498ac731e5d3,0,1.0,50
39a1498ac731e5d3,1,0.0,50
39a1498ac731e5d3,2,0.0,50
39a1498ac731e5d3,3,0.0,50
39a1498ac731e5d3,4,0.0,50
39a917e19d927110,0,1.0,50
39a917e19d927110,1,0.0,50
39a917e19d927110,2,0.0,50
39a917e19d927110,3,0.0,50
39a917e19d927110,4,0.0,50
4955c64e148a70f2,0,1.0,50
4955c64e148a70f2,1,0.0,50
4955c64e148a70f2,2,0.0,50
4955c64e148a70f2,3,0.0,50
4955c64e148a70f2,4,0.0,50
5edcc351475cdf02,0,1.0,50
5edcc351475cdf02,1,1.0,50
5edcc351475cdf02,2,1.0,50
5edcc351475cdf02,3,1.0,50
5edcc351475cdf02,4,0.5,50
8d384d5d5c2dfb69,0,1.0,50
8d384d5d5c2dfb69,1,0.5,50
8d384d5d5c2dfb69,2,0.5,50
8d384d5d5c2dfb69,3,0.5,50
8d384d5d5c2dfb69,4,0.5,50
adc608b7896bb705,0,1.0,50
adc608b7896bb705,1,0.5,50
adc608b7896bb705,2,0.5,50
adc608b7896bb705,3,0.5,50
adc608b7896bb705,4,0.5,50
b89d1821974d0f4b,0,1.0,50
b89d1821974d0f4b,1,0.5,50
b89d1821974d0f4b,2,0.5,50
b89d1821974d0f4b,3,0.5,50
b89d1821974d0f4b,4,0.5,50
bcea12b37895f54f,0,1.0,50
bcea12b37895f54f,1,0.5,50
bcea12b37895f54f,2,0.5,50
bcea12b37895f54f,3,0.5,50
bcea12b37895f54f,4,0.5,50
d70b2d638b366fe2,0,1.0,50
d70b2d638b366fe2,1,1.0,50
d70b2d638b366fe2,2,0.5,50
d70b2d638b366fe2,3,0.5,50
d70b2d638b366fe2,4,0.5,50
e98db7bb226cdbaa,0,1.0,50
e98db7bb226cdbaa,1,1.0,50
e98db7bb226cdbaa,2,0.5,50
e98db7bb226cdbaa,3,0.5,50
e98db7bb226cdbaa,4,0.5,50
f54f46e216891a7b,0,1.0,50
f54f46e216891a7b,1,0.5,50
f54f46e216891a7b,2,0.5,50
f54f46e216891a7b,3,0.5,50
f54f46e216891a7b,4,0.5,50
0ee90c9aa518812d,0,1.0,49
0ee90c9aa518812d,1,0.5,49
0ee90c9aa518812d,2,0.5,49
0ee90c9aa518812d,3,0.5,49
0ee90c9aa518812d,4,0.5,49
2f10f682ed11029b,0,1.0,49
2f10f682ed11029b,1,0.0,49
2f10f682ed11029b,2,0.0,49
2f10f682ed11029b,3,0.0,49
2f10f682ed11029b,4,0.0,49
46434ed840c2c19b,0,1.0,49
46434ed840c2c19b,1,0.5,49
46434ed840c2c19b,2,0.5,49
46434ed840c2c19b,3,0.5,49
46434ed840c2c19b,4,0.5,49
55e25390138dc623,0,1.0,49
55e25390138dc623,1,0.5,49
55e25390138dc623,2,0.5,49
55e25390138dc623,3,0.5,49
55e25390138dc623,4,0.5,49
72583b260a68e20a,0,1.0,49
72583b260a68e20a,1,0.0,49
72583b260a68e20a,2,0.0,49
72583b260a68e20a,3,0.0,49
72583b260a68e20a,4,0.0,49
77675054447de0e7,0,1.0,49
77675054447de0e7,1,1.0,49
77675054447de0e7,2,0.0,49
77675054447de0e7,3,0.0,49
77675054447de0e7,4,0.0,49
c0a9debff24c409a,0,1.0,49
c0a9debff24c409a,1,0.5,49
c0a9debff24c409a,2,0.5,49
c0a9debff24c409a,3,0.5,49
c0a9debff24c409a,4,0.5,49
d673ea2307885c33,0,1.0,49
d673ea2307885c33,1,0.0,49
d673ea2307885c33,2,0.0,49
d673ea2307885c33,3,0.0,49
d673ea2307885c33,4,0.0,49
f0040bd7d3375fef,0,1.0,49
f0040bd7d3375fef,1,0.5,49
f0040bd7d3375fef,2,0.5,49
f0040bd7d3375fef,3,0.5,49
f0040bd7d3375fef,4,0.5,49
f4882fcff54fc3e4,0,1.0,49
f4882fcff54fc3e4,1,0.5,49
f4882fcff54fc3e4,2,0.5,49
f4882fcff54fc3e4,3,0.5,49
f4882fcff54fc3e4,4,0.5,49
f8c63ef0ad84e779,0,1.0,49
f8c63ef0ad84e779,1,1.0,49
f8c63ef0ad84e779,2,1.0,49
f8c63ef0ad84e779,3,1.0,49
f8c63ef0ad84e779,4,1.0,49
06596913c7cf0e07,0,1.0,48
06596913c7cf0e07,1,1.0,48
06596913c7cf0e07,2,1.0,48
06596913c7cf0e07,3,1.0,48
06596913c7cf0e07,4,1.0,48
073f492ba2e9546b,0,1.0,48
073f492ba2e9546b,1,0.5,48
073f492ba2e9546b,2,0.5,48
073f492ba2e9546b,3,0.5,48
073f492ba2e9546b,4,0.5,48
0a57e15f8278a066,0,1.0,48
0a57e15f8278a066,1,0.0,48
0a57e15f8278a066,2,0.0,48
0a57e15f8278a066,3,0.0,48
0a57e15f8278a066,4,0.0,48
0a6d6208603728dd,0,1.0,48
0a6d6208603728dd,1,1.0,48
0a6d6208603728dd,2,0.0,48
0a6d6208603728dd,3,0.0,48
0a6d6208603728dd,4,0.0,48
318970c387b9e81a,0,1.0,48
318970c387b9e81a,1,0.5,48
318970c387b9e81a,2,0.0,48
318970c387b9e81a,3,0.0,48
318970c387b9e81a,4,0.0,48
343f4579493bdd5b,0,1.0,48
343f4579493bdd5b,1,0.75,48
343f4579493bdd5b,2,0.5,48
343f4579493bdd5b,3,0.5,48
343f4579493bdd5b,4,0.5,48
38b8e8007fa9161a,0,1.0,48
38b8e8007fa9161a,1,0.0,48
38b8e8007fa9161a,2,0.0,48
38b8e8007fa9161a,3,0.0,48
38b8e8007fa9161a,4,0.0,48
3c0317bf2ed55193,0,1.0,48
3c0317bf2ed55193,1,0.5,48
3c0317bf2ed55193,2,0.5,48
3c0317bf2ed55193,3,0.5,48
3c0317bf2ed55193,4,0.5,48
429afd28f828374f,0,1.0,48
429afd28f828374f,1,0.5,48
429afd28f828374f,2,0.5,48
429afd28f828374f,3,0.5,48
429afd28f828374f,4,0.5,48
5118d86abab1c84e,0,1.0,48
5118d86abab1c84e,1,0.0,48
5118d86abab1c84e,2,0.0,48
5118d86abab1c84e,3,0.0,48
5118d86abab1c84e,4,0.0,48
53b16c30a7f9d314,0,1.0,48
53b16c30a7f9d314,1,0.0,48
53b16c30a7f9d314,2,0.0,48
53b16c30a7f9d314,3,0.0,48
53b16c30a7f9d314,4,0.0,48
5aaf14bb81bc04dc,0,1.0,48
5aaf14bb81bc04dc,1,0.0,48
5aaf14bb81bc04dc,2,0.0,48
5aaf14bb81bc04dc,3,0.0,48
5aaf14bb81bc04dc,4,0.0,48
5aea6c574094cdfc,0,1.0,48
5aea6c574094cdfc,1,0.5,48
5aea6c574094cdfc,2,0.5,48
5aea6c574094cdfc,3,0.5,48
5aea6c574094cdfc,4,0.5,48
5c81ea6efb0368ff,0,1.0,48
5c81ea6efb0368ff,1,1.0,48
5c81ea6efb0368ff,2,1.0,48
5c81ea6efb0368ff,3,0.5,48
5c81ea6efb0368ff,4,0.5,48
67a98a0c21baeca2,0,1.0,48
67a98a0c21baeca2,1,0.5,48
67a98a0c21baeca2,2,0.5,48
67a98a0c21baeca2,3,0.5,48
67a98a0c21baeca2,4,0.5,48
6f1556a192bb96d8,0,1.0,48
6f1556a192bb96d8,1,0.0,48
6f1556a192bb96d8,2,0.0,48
6f1556a192bb96d8,3,0.0,48
6f1556a192bb96d8,4,0.0,48
74518dbc6b5920fb,0,1.0,48
74518dbc6b5920fb,1,1.0,48
74518dbc6b5920fb,2,0.5,48
74518dbc6b5920fb,3,0.5,48
74518dbc6b5920fb,4,0.5,48
9a78a83728d8b9b9,0,1.0,48
9a78a83728d8b9b9,1,1.0,48
9a78a83728d8b9b9,2,0.5,48
9a78a83728d8b9b9,3,0.5,48
9a78a83728d8b9b9,4,0.5,48
add0401001168563,0,1.0,48
add0401001168563,1,0.5,48
add0401001168563,2,0.5,48
add0401001168563,3,0.5,48
add0401001168563,4,0.5,48
bd692552ba39df25,0,1.0,48
bd692552ba39df25,1,0.5,48
bd692552ba39df25,2,0.5,48
bd692552ba39df25,3,0.5,48
bd692552ba39df25,4,0.5,48
de373ef2829d3135,0,1.0,48
de373ef2829d3135,1,1.0,48
de373ef2829d3135,2,0.5,48
de373ef2829d3135,3,0.5,48
de373ef2829d3135,4,0.5,48
e33475a06a60c7f8,0,1.0,48
e33475a06a60c7f8,1,0.0,48
e33475a06a60c7f8,2,0.0,48
e33475a06a60c7f8,3,0.0,48
e33475a06a60c7f8,4,0.0,48
19a350797da49c63,0,1.0,47
19a350797da49c63,1,0.0,47
19a350797da49c63,2,0.0,47
19a350797da49c63,3,0.0,47
19a350797da49c63,4,0.0,47
4a580ea2abd543b8,0,1.0,47
4a580ea2abd543b8,1,0.5,47
4a580ea2abd543b8,2,0.5,47
4a580ea2abd543b8,3,0.5,47
4a580ea2abd543b8,4,0.5,47
6ee41ef1f6a0a3c0,0,1.0,47
6ee41ef1f6a0a3c0,1,0.5,47
6ee41ef1f6a0a3c0,2,0.5,47
6ee41ef1f6a0a3c0,3,0.5,47
6ee41ef1f6a0a3c0,4,0.5,47
908f8edb3f79affa,0,1.0,47
908f8edb3f79affa,1,0.5,47
908f8edb3f79affa,2,0.5,47
908f8edb3f79affa,3,0.5,47
908f8edb3f79affa,4,0.5,47
a442dd32e1e1c430,0,1.0,47
a442dd32e1e1c430,1,0.5,47
a442dd32e1e1c430,2,0.5,47
a442dd32e1e1c430,3,0.5,47
a442dd32e1e1c430,4,0.5,47
bb5a0375ea02f1d5,0,1.0,47
bb5a0375ea02f1d5,1,1.0,47
bb5a0375ea02f1d5,2,0.5,47
bb5a0375ea02f1d5,3,0.5,47
bb5a0375ea02f1d5,4,0.5,47
ce57ef12c4a6419a,0,1.0,47
ce57ef12c4a6419a,1,1.0,47
ce57ef12c4a6419a,2,1.0,47
ce57ef12c4a6419a,3,1.0,47
ce57ef12c4a6419a,4,0.5,47
dc1cf62e6e94708a,0,1.0,47
dc1cf62e6e94708a,1,0.0,47
dc1cf62e6e94708a,2,0.0,47
dc1cf62e6e94708a,3,0.0,47
dc1cf62e6e94708a,4,0.0,47
f053f95ac28e0b8b,0,1.0,47
f053f95ac28e0b8b,1,0.0,47
f053f95ac28e0b8b,2,0.0,47
f053f95ac28e0b8b,3,0.0,47
f053f95ac28e0b8b,4,0.0,47
1a066aff2833ad6d,0,1.0,46
1a066aff2833ad6d,1,0.5,46
1a066aff2833ad6d,2,0.5,46
1a066aff2833ad6d,3,0.5,46
1a066aff2833ad6d,4,0.5,46
757155a934f5b7dc,0,1.0,46
757155a934f5b7dc,1,0.0,46
757155a934f5b7dc,2,0.0,46
757155a934f5b7dc,3,0.0,46
757155a934f5b7dc,4,0.0,46
8e660c45b5627730,0,1.0,46
8e660c45b5627730,1,0.0,46
8e660c45b5627730,2,0.0,46
8e660c45b5627730,3,0.0,46
8e660c45b5627730,4,0.0,46
ae1b3875d49b6367,0,1.0,46
ae1b3875d49b6367,1,0.5,46
ae1b3875d49b6367,2,0.5,46
ae1b3875d49b6367,3,0.5,46
ae1b3875d49b6367,4,0.5,46
f4bde60e9c0a9ea8,0,1.0,46
f4bde60e9c0a9ea8,1,1.0,46
f4bde60e9c0a9ea8,2,1.0,46
f4bde60e9c0a9ea8,3,0.5,46
f4bde60e9c0a9ea8,4,0.5,46
f790402ad996edb3,0,1.0,46
f790402ad996edb3,1,0.5,46
f790402ad996edb3,2,0.5,46
f790402ad996edb3,3,0.5,46
f790402ad996edb3,4,0.5,46
2cf228f89c52502f,0,1.0,45
2cf228f89c52502f,1,0.5,45
2cf228f89c52502f,2,0.5,45
2cf228f89c52502f,3,0.5,45
2cf228f89c52502f,4,0.5,45
32e5584e11de19a6,0,1.0,45
32e5584e11de19a6,1,0.0,45
32e5584e11de19a6,2,0.0,45
32e5584e11de19a6,3,0.0,45
32e5584e11de19a6,4,0.0,45
333d4ad2334fa474,0,1.0,45
333d4ad2334fa474,1,0.0,45
333d4ad2334fa474,2,0.0,45
333d4ad2334fa474,3,0.0,45
333d4ad2334fa474,4,0.0,45
3eec7cd8557c22ad,0,1.0,45
3eec7cd8557c22ad,1,0.0,45
3eec7cd8557c22ad,2,0.0,45
3eec7cd8557c22ad,3,0.0,45
3eec7cd8557c22ad,4,0.0,45
4db0c90fdf0acb73,0,1.0,45
4db0c90fdf0acb73,1,0.5,45
4db0c90fdf0acb73,2,0.5,45
4db0c90fdf0acb73,3,0.5,45
4db0c90fdf0acb73,4,0.5,45
5eef51a25b003d4e,0,1.0,45
5eef51a25b003d4e,1,1.0,45
5eef51a25b003d4e,2,0.0,45
5eef51a25b003d4e,3,0.0,45
5eef51a25b003d4e,4,0.0,45
8490cc87ffd7df90,0,1.0,45
8490cc87ffd7df90,1,1.0,45
8490cc87ffd7df90,2,0.0,45
8490cc87ffd7df90,3,0.0,45
8490cc87ffd7df90,4,0.0,45
89575e35be739026,0,1.0,45
89575e35be739026,1,1.0,45
89575e35be739026,2,0.5,45
89575e35be739026,3,0.5,45
89575e35be739026,4,0.5,45
8a9616136ed4af33,0,1.0,45
8a9616136ed4af33,1,0.0,45
8a9616136ed4af33,2,0.0,45
8a9616136ed4af33,3,0.0,45
8a9616136ed4af33,4,0.0,45
8def91ef5847af5a,0,1.0,45
8def91ef5847af5a,1,0.0,45
8def91ef5847af5a,2,0.0,45
8def91ef5847af5a,3,0.0,45
8def91ef5847af5a,4,0.0,45
917644520a340b49,0,1.0,45
917644520a340b49,1,1.0,45
917644520a340b49,2,1.0,45
917644520a340b49,3,1.0,45
917644520a340b49,4,1.0,45
a6dc1f7f22c31699,0,1.0,45
a6dc1f7f22c31699,1,0.5,45
a6dc1f7f22c31699,2,0.5,45
a6dc1f7f22c31699,3,0.5,45
a6dc1f7f22c31699,4,0.5,45
b1a57eb203f45eda,0,1.0,45
b1a57eb203f45eda,1,0.0,45
b1a57eb203f45eda,2,0.0,45
b1a57eb203f45eda,3,0.0,45
b1a57eb203f45eda,4,0.0,45
b5b2fb602d9fc52e,0,1.0,45
b5b2fb602d9fc52e,1,1.0,45
b5b2fb602d9fc52e,2,1.0,45
b5b2fb602d9fc52e,3,0.5,45
b5b2fb602d9fc52e,4,0.5,45
b957122507d551c7,0,1.0,45
b957122507d551c7,1,0.5,45
b957122507d551c7,2,0.5,45
b957122507d551c7,3,0.5,45
b957122507d551c7,4,0.5,45
c863cb7e6210f94a,0,1.0,45
c863cb7e6210f94a,1,0.0,45
c863cb7e6210f94a,2,0.0,45
c863cb7e6210f94a,3,0.0,45
c863cb7e6210f94a,4,0.0,45
d7dbbf1256cb46e4,0,1.0,45
d7dbbf1256cb46e4,1,0.0,45
d7dbbf1256cb46e4,2,0.0,45
d7dbbf1256cb46e4,3,0.0,45
d7dbbf1256cb46e4,4,0.0,45
ec00257b27932151,0,1.0,45
ec00257b27932151,1,0.0,45
ec00257b27932151,2,0.0,45
ec00257b27932151,3,0.0,45
ec00257b27932151,4,0.0,45
f2400457c55ff4a2,0,1.0,45
f2400457c55ff4a2,1,0.5,45
f2400457c55ff4a2,2,0.5,45
f2400457c55ff4a2,3,0.5,45
f2400457c55ff4a2,4,0.5,45
f937144f7ce51614,0,1.0,45
f937144f7ce51614,1,0.5,45
f937144f7ce51614,2,0.5,45
f937144f7ce51614,3,0.5,45
f937144f7ce51614,4,0.5,45
f96e064ba4ec3244,0,1.0,45
f96e064ba4ec3244,1,0.5,45
f96e064ba4ec3244,2,0.5,45
f96e064ba4ec3244,3,0.5,45
f96e064ba4ec3244,4,0.5,45
febbbb49a55775b1,0,1.0,45
febbbb49a55775b1,1,0.5,45
febbbb49a55775b1,2,0.5,45
febbbb49a55775b1,3,0.5,45
febbbb49a55775b1,4,0.5,45
025d748256a6347e,0,1.0,44
025d748256a6347e,1,1.0,44
025d748256a6347e,2,0.5,44
025d748256a6347e,3,0.5,44
025d748256a6347e,4,0.5,44
0d94c52d6b7aa932,0,1.0,44
0d94c52d6b7aa932,1,0.0,44
0d94c52d6b7aa932,2,0.0,44
0d94c52d6b7aa932,3,0.0,44
0d94c52d6b7aa932,4,0.0,44
0ea947357d7ed7f7,0,1.0,44
0ea947357d7ed7f7,1,0.0,44
0ea947357d7ed7f7,2,0.0,44
0ea947357d7ed7f7,3,0.0,44
0ea947357d7ed7f7,4,0.0,44
14c797bb9f73e45f,0,1.0,44
14c797bb9f73e45f,1,0.5,44
14c797bb9f73e45f,2,0.5,44
14c797bb9f73e45f,3,0.5,44
14c797bb9f73e45f,4,0.5,44
210dc2e782ce6534,0,1.0,44
210dc2e782ce6534,1,0.0,44
210dc2e782ce6534,2,0.0,44
210dc2e782ce6534,3,0.0,44
210dc2e782ce6534,4,0.0,44
3fe0a0b8cc845199,0,1.0,44
3fe0a0b8cc845199,1,0.0,44
3fe0a0b8cc845199,2,0.0,44
3fe0a0b8cc845199,3,0.0,44
3fe0a0b8cc845199,4,0.0,44
4f453172a8426bab,0,1.0,44
4f453172a8426bab,1,0.5,44
4f453172a8426bab,2,0.5,44
4f453172a8426bab,3,0.5,44
4f453172a8426bab,4,0.5,44
5a066ebdbd318c69,0,1.0,44
5a066ebdbd318c69,1,1.0,44
5a066ebdbd318c69,2,0.5,44
5a066ebdbd318c69,3,0.5,44
5a066ebdbd318c69,4,0.5,44
678f98ee2e7f9c8b,0,1.0,44
678f98ee2e7f9c8b,1,0.5,44
678f98ee2e7f9c8b,2,0.5,44
678f98ee2e7f9c8b,3,0.5,44
678f98ee2e7f9c8b,4,0.5,44
7d9b057d74de858b,0,1.0,44
7d9b057d74de858b,1,1.0,44
7d9b057d74de858b,2,0.0,44
7d9b057d74de858b,3,0.0,44
7d9b057d74de858b,4,0.0,44
8b9af0670cc3f27c,0,1.0,44
8b9af0670cc3f27c,1,1.0,44
8b9af0670cc3f27c,2,1.0,44
8b9af0670cc3f27c,3,1.0,44
8b9af0670cc3f27c,4,1.0,44
8c47e46e0807a79b,0,1.0,44
8c47e46e0807a79b,1,0.0,44
8c47e46e0807a79b,2,0.0,44
8c47e46e0807a79b,3,0.0,44
8c47e46e0807a79b,4,0.0,44
8ec86fb0b3d4817f,0,1.0,44
8ec86fb0b3d4817f,1,0.5,44
8ec86fb0b3d4817f,2,0.5,44
8ec86fb0b3d4817f,3,0.5,44
8ec86fb0b3d4817f,4,0.5,44
8f3d72235e3221bc,0,1.0,44
8f3d72235e3221bc,1,0.0,44
8f3d72235e3221bc,2,0.0,44
8f3d72235e3221bc,3,0.0,44
8f3d72235e3221bc,4,0.0,44
9e4ed1038f097ccf,0,1.0,44
9e4ed1038f097ccf,1,0.5,44
9e4ed1038f097ccf,2,0.5,44
9e4ed1038f097ccf,3,0.5,44
9e4ed1038f097ccf,4,0.5,44
b4e0b199b0141562,0,1.0,44
b4e0b199b0141562,1,0.0,44
b4e0b199b0141562,2,0.0,44
b4e0b199b0141562,3,0.0,44
b4e0b199b0141562,4,0.0,44
b9cec39a02f08a31,0,1.0,44
b9cec39a02f08a31,1,0.0,44
b9cec39a02f08a31,2,0.0,44
b9cec39a02f08a31,3,0.0,44
b9cec39a02f08a31,4,0.0,44
c94a6b6406620b62,0,1.0,44
c94a6b6406620b62,1,0.5,44
c94a6b6406620b62,2,0.5,44
c94a6b6406620b62,3,0.5,44
c94a6b6406620b62,4,0.5,44
da90947f1780706a,0,1.0,44
da90947f1780706a,1,0.5,44
da90947f1780706a,2,0.5,44
da90947f1780706a,3,0.5,44
da90947f1780706a,4,0.5,44
e1b5b30ad9c78faf,0,1.0,44
e1b5b30ad9c78faf,1,1.0,44
e1b5b30ad9c78faf,2,0.5,44
e1b5b30ad9c78faf,3,0.5,44
e1b5b30ad9c78faf,4,0.5,44
fb929282347e51f7,0,1.0,44
fb929282347e51f7,1,0.0,44
fb929282347e51f7,2,0.0,44
fb929282347e51f7,3,0.0,44
fb929282347e51f7,4,0.0,44
fccec98bb59716d3,0,1.0,44
fccec98bb59716d3,1,0.0,44
fccec98bb59716d3,2,0.0,44
fccec98bb59716d3,3,0.0,44
fccec98bb59716d3,4,0.0,44
1006c10b490212e1,0,1.0,43
1006c10b490212e1,1,0.5,43
1006c10b490212e1,2,0.5,43
1006c10b490212e1,3,0.5,43
1006c10b490212e1,4,0.5,43
1bfb1ae05c49204c,0,1.0,43
1bfb1ae05c49204c,1,0.5,43
1bfb1ae05c49204c,2,0.5,43
1bfb1ae05c49204c,3,0.5,43
1bfb1ae05c49204c,4,0.5,43
2e3585bf561a7033,0,1.0,43
2e3585bf561a7033,1,0.5,43
2e3585bf561a7033,2,0.5,43
2e3585bf561a7033,3,0.5,43
2e3585bf561a7033,4,0.5,43
4330d121c856340b,0,1.0,43
4330d121c856340b,1,0.0,43
4330d121c856340b,2,0.0,43
4330d121c856340b,3,0.0,43
4330d121c856340b,4,0.0,43
45e54137ad749d4a,0,1.0,43
45e54137ad749d4a,1,0.0,43
45e54137ad749d4a,2,0.0,43
45e54137ad749d4a,3,0.0,43
45e54137ad749d4a,4,0.0,43
4b9cb97d6c92c396,0,1.0,43
4b9cb97d6c92c396,1,1.0,43
4b9cb97d6c92c396,2,1.0,43
4b9cb97d6c92c396,3,1.0,43
4b9cb97d6c92c396,4,1.0,43
4c45fbf6573a0190,0,1.0,43
4c45fbf6573a0190,1,1.0,43
4c45fbf6573a0190,2,1.0,43
4c45fbf6573a0190,3,1.0,43
4c45fbf6573a0190,4,1.0,43
52b11f53c548af0f,0,1.0,43
52b11f53c548af0f,1,0.5,43
52b11f53c548af0f,2,0.5,43
52b11f53c548af0f,3,0.5,43
52b11f53c548af0f,4,0.5,43
718129c8bed453b1,0,1.0,43
718129c8bed453b1,1,0.5,43
718129c8bed453b1,2,0.0,43
718129c8bed453b1,3,0.0,43
718129c8bed453b1,4,0.0,43
78ce8ff5b0d7e3e3,0,1.0,43
78ce8ff5b0d7e3e3,1,0.5,43
78ce8ff5b0d7e3e3,2,0.5,43
78ce8ff5b0d7e3e3,3,0.5,43
78ce8ff5b0d7e3e3,4,0.5,43
7c048f91578b0c81,0,1.0,43
7c048f91578b0c81,1,0.5,43
7c048f91578b0c81,2,0.5,43
7c048f91578b0c81,3,0.5,43
7c048f91578b0c81,4,0.5,43
8de1740364c27558,0,1.0,43
8de1740364c27558,1,1.0,43
8de1740364c27558,2,1.0,43
8de1740364c27558,3,0.0,43
8de1740364c27558,4,0.0,43
9aa40fd5d5003b98,0,1.0,43
9aa40fd5d5003b98,1,0.5,43
9aa40fd5d5003b98,2,0.5,43
9aa40fd5d5003b98,3,0.5,43
9aa40fd5d5003b98,4,0.5,43
9bfdda2a952d2f16,0,1.0,43
9bfdda2a952d2f16,1,0.5,43
9bfdda2a952d2f16,2,0.5,43
9bfdda2a952d2f16,3,0.5,43
9bfdda2a952d2f16,4,0.5,43
a23ed826db33f06e,0,1.0,43
a23ed826db33f06e,1,0.5,43
a23ed826db33f06e,2,0.5,43
a23ed826db33f06e,3,0.5,43
a23ed826db33f06e,4,0.5,43
a2598a2a908de074,0,1.0,43
a2598a2a908de074,1,0.0,43
a2598a2a908de074,2,0.0,43
a2598a2a908de074,3,0.0,43
a2598a2a908de074,4,0.0,43
b31e7688d6334e5f,0,1.0,43
b31e7688d6334e5f,1,0.5,43
b31e7688d6334e5f,2,0.5,43
b31e7688d6334e5f,3,0.5,43
b31e7688d6334e5f,4,0.5,43
bc4e1a8460b81296,0,1.0,43
bc4e1a8460b81296,1,1.0,43
bc4e1a8460b81296,2,1.0,43
bc4e1a8460b81296,3,0.5,43
bc4e1a8460b81296,4,0.5,43
c3cb20392b0b99fb,0,1.0,43
c3cb20392b0b99fb,1,0.5,43
c3cb20392b0b99fb,2,0.5,43
c3cb20392b0b99fb,3,0.5,43
c3cb20392b0b99fb,4,0.5,43
cfd3c60fdb66f005,0,1.0,43
cfd3c60fdb66f005,1,1.0,43
cfd3c60fdb66f005,2,0.0,43
cfd3c60fdb66f005,3,0.0,43
cfd3c60fdb66f005,4,0.0,43
cfe3b453c2d85ccb,0,1.0,43
cfe3b453c2d85ccb,1,0.5,43
cfe3b453c2d85ccb,2,0.5,43
cfe3b453c2d85ccb,3,0.5,43
cfe3b453c2d85ccb,4,0.5,43
f2c7243bb22318fe,0,1.0,43
f2c7243bb22318fe,1,1.0,43
f2c7243bb22318fe,2,1.0,43
f2c7243bb22318fe,3,0.0,43
f2c7243bb22318fe,4,0.0,43
f94aaa0eb0938b1a,0,1.0,43
f94aaa0eb0938b1a,1,0.0,43
f94aaa0eb0938b1a,2,0.0,43
f94aaa0eb0938b1a,3,0.0,43
f94aaa0eb0938b1a,4,0.0,43
fd17b16a28c62025,0,1.0,43
fd17b16a28c62025,1,1.0,43
fd17b16a28c62025,2,1.0,43
fd17b16a28c62025,3,1.0,43
fd17b16a28c62025,4,1.0,43
fd901ac787df1f2d,0,1.0,43
fd901ac787df1f2d,1,1.0,43
fd901ac787df1f2d,2,0.5,43
fd901ac787df1f2d,3,0.5,43
fd901ac787df1f2d,4,0.5,43
069d32ca4c99fa88,0,1.0,42
069d32ca4c99fa88,1,0.0,42
069d32ca4c99fa88,2,0.0,42
069d32ca4c99fa88,3,0.0,42
069d32ca4c99fa88,4,0.0,42
0b7727cded33f0f6,0,1.0,42
0b7727cded33f0f6,1,0.0,42
0b7727cded33f0f6,2,0.0,42
0b7727cded33f0f6,3,0.0,42
0b7727cded33f0f6,4,0.0,42
148030aba632c060,0,1.0,42
148030aba632c060,1,0.5,42
148030aba632c060,2,0.5,42
148030aba632c060,3,0.5,42
148030aba632c060,4,0.5,42
1e565464cbc3b2f5,0,1.0,42
1e565464cbc3b2f5,1,1.0,42
1e565464cbc3b2f5,2,1.0,42
1e565464cbc3b2f5,3,1.0,42
1e565464cbc3b2f5,4,1.0,42
418268609c663190,0,1.0,42
418268609c663190,1,0.0,42
418268609c663190,2,0.0,42
418268609c663190,3,0.0,42
418268609c663190,4,0.0,42
42a8a4caf78a1c0a,0,1.0,42
42a8a4caf78a1c0a,1,0.0,42
42a8a4caf78a1c0a,2,0.0,42
42a8a4caf78a1c0a,3,0.0,42
42a8a4caf78a1c0a,4,0.0,42
4438cc90f769802e,0,1.0,42
4438cc90f769802e,1,0.0,42
4438cc90f769802e,2,0.0,42
4438cc90f769802e,3,0.0,42
4438cc90f769802e,4,0.0,42
6feb3744c86fcddb,0,1.0,42
6feb3744c86fcddb,1,0.5,42
6feb3744c86fcddb,2,0.5,42
6feb3744c86fcddb,3,0.5,42
6feb3744c86fcddb,4,0.5,42
7872c4c377df79a1,0,1.0,42
7872c4c377df79a1,1,1.0,42
7872c4c377df79a1,2,0.5,42
7872c4c377df79a1,3,0.5,42
7872c4c377df79a1,4,0.5,42
7c16d1aadca429cf,0,1.0,42
7c16d1aadca429cf,1,0.0,42
7c16d1aadca429cf,2,0.0,42
7c16d1aadca429cf,3,0.0,42
7c16d1aadca429cf,4,0.0,42
86460e85d7e6a763,0,1.0,42
86460e85d7e6a763,1,0.0,42
86460e85d7e6a763,2,0.0,42
86460e85d7e6a763,3,0.0,42
86460e85d7e6a763,4,0.0,42
8999fde84148adb5,0,1.0,42
8999fde84148adb5,1,0.5,42
8999fde84148adb5,2,0.0,42
8999fde84148adb5,3,0.0,42
8999fde84148adb5,4,0.0,42
bf6cbe15411a3e81,0,1.0,42
bf6cbe15411a3e81,1,0.0,42
bf6cbe15411a3e81,2,0.0,42
bf6cbe15411a3e81,3,0.0,42
bf6cbe15411a3e81,4,0.0,42
c1f5b16955c5bae8,0,1.0,42
c1f5b16955c5bae8,1,1.0,42
c1f5b16955c5bae8,2,1.0,42
c1f5b16955c5bae8,3,1.0,42
c1f5b16955c5bae8,4,1.0,42
c2cba1d29e94ddde,0,1.0,42
c2cba1d29e94ddde,1,0.0,42
c2cba1d29e94ddde,2,0.0,42
c2cba1d29e94ddde,3,0.0,42
c2cba1d29e94ddde,4,0.0,42
c53d5600115f602d,0,1.0,42
c53d5600115f602d,1,0.0,42
c53d5600115f602d,2,0.0,42
c53d5600115f602d,3,0.0,42
c53d5600115f602d,4,0.0,42
c6b1abaa6b929831,0,1.0,42
c6b1abaa6b929831,1,0.5,42
c6b1abaa6b929831,2,0.5,42
c6b1abaa6b929831,3,0.5,42
c6b1abaa6b929831,4,0.5,42
d4381cfaeb3b384f,0,1.0,42
d4381cfaeb3b384f,1,0.5,42
d4381cfaeb3b384f,2,0.5,42
d4381cfaeb3b384f,3,0.5,42
d4381cfaeb3b384f,4,0.5,42
dea25b21d4a3f142,0,1.0,42
dea25b21d4a3f142,1,0.0,42
dea25b21d4a3f142,2,0.0,42
dea25b21d4a3f142,3,0.0,42
dea25b21d4a3f142,4,0.0,42
0c9a89c3163a0960,0,1.0,41
0c9a89c3163a0960,1,0.0,41
0c9a89c3163a0960,2,0.0,41
0c9a89c3163a0960,3,0.0,41
0c9a89c3163a0960,4,0.0,41
0f7eb6b38a07e024,0,1.0,41
0f7eb6b38a07e024,1,0.5,41
0f7eb6b38a07e024,2,0.5,41
0f7eb6b38a07e024,3,0.5,41
0f7eb6b38a07e024,4,0.5,41
1f3da9ec1bbe4b9e,0,1.0,41
1f3da9ec1bbe4b9e,1,0.0,41
1f3da9ec1bbe4b9e,2,0.0,41
1f3da9ec1bbe4b9e,3,0.0,41
1f3da9ec1bbe4b9e,4,0.0,41
2b5b4112a5c472cd,0,1.0,41
2b5b4112a5c472cd,1,1.0,41
2b5b4112a5c472cd,2,0.0,41
2b5b4112a5c472cd,3,0.0,41
2b5b4112a5c472cd,4,0.0,41
34aeb55c3d38743d,0,1.0,41
34aeb55c3d38743d,1,0.0,41
34aeb55c3d38743d,2,0.0,41
34aeb55c3d38743d,3,0.0,41
34aeb55c3d38743d,4,0.0,41
448bcef6de9db23e,0,1.0,41
448bcef6de9db23e,1,1.0,41
448bcef6de9db23e,2,1.0,41
448bcef6de9db23e,3,1.0,41
448bcef6de9db23e,4,1.0,41
59a7eb8059280265,0,1.0,41
59a7eb8059280265,1,0.5,41
59a7eb8059280265,2,0.5,41
59a7eb8059280265,3,0.5,41
59a7eb8059280265,4,0.5,41
5b1e40303130495f,0,1.0,41
5b1e40303130495f,1,1.0,41
5b1e40303130495f,2,0.0,41
5b1e40303130495f,3,0.0,41
5b1e40303130495f,4,0.0,41
5b25e41614561248,0,1.0,41
5b25e41614561248,1,0.5,41
5b25e41614561248,2,0.5,41
5b25e41614561248,3,0.5,41
5b25e41614561248,4,0.5,41
68680cb73b80a0bb,0,1.0,41
68680cb73b80a0bb,1,1.0,41
68680cb73b80a0bb,2,1.0,41
68680cb73b80a0bb,3,1.0,41
68680cb73b80a0bb,4,1.0,41
6b9d075603ed56be,0,1.0,41
6b9d075603ed56be,1,0.5,41
6b9d075603ed56be,2,0.5,41
6b9d075603ed56be,3,0.5,41
6b9d075603ed56be,4,0.5,41
7ce9bcb9120bf9d7,0,1.0,41
7ce9bcb9120bf9d7,1,0.5,41
7ce9bcb9120bf9d7,2,0.5,41
7ce9bcb9120bf9d7,3,0.5,41
7ce9bcb9120bf9d7,4,0.5,41
92ce8c7bcb269148,0,1.0,41
92ce8c7bcb269148,1,0.0,41
92ce8c7bcb269148,2,0.0,41
92ce8c7bcb269148,3,0.0,41
92ce8c7bcb269148,4,0.0,41
94b6ac832ea1d42c,0,1.0,41
94b6ac832ea1d42c,1,1.0,41
94b6ac832ea1d42c,2,1.0,41
94b6ac832ea1d42c,3,1.0,41
94b6ac832ea1d42c,4,1.0,41
a2db31cf44c5d0bb,0,1.0,41
a2db31cf44c5d0bb,1,0.0,41
a2db31cf44c5d0bb,2,0.0,41
a2db31cf44c5d0bb,3,0.0,41
a2db31cf44c5d0bb,4,0.0,41
b34cfb3dca3fcd92,0,1.0,41
b34cfb3dca3fcd92,1,0.5,41
b34cfb3dca3fcd92,2,0.5,41
b34cfb3dca3fcd92,3,0.5,41
b34cfb3dca3fcd92,4,0.5,41
ba713f992760a275,0,1.0,41
ba713f992760a275,1,0.0,41
ba713f992760a275,2,0.0,41
ba713f992760a275,3,0.0,41
ba713f992760a275,4,0.0,41
c5b5bde41579f813,0,1.0,41
c5b5bde41579f813,1,0.0,41
c5b5bde41579f813,2,0.0,41
c5b5bde41579f813,3,0.0,41
c5b5bde41579f813,4,0.0,41
d2e603c10f1a2256,0,1.0,41
d2e603c10f1a2256,1,1.0,41
d2e603c10f1a2256,2,1.0,41
d2e603c10f1a2256,3,1.0,41
d2e603c10f1a2256,4,1.0,41
d9433ab1ef0a2903,0,1.0,41
d9433ab1ef0a2903,1,0.5,41
d9433ab1ef0a2903,2,0.5,41
d9433ab1ef0a2903,3,0.5,41
d9433ab1ef0a2903,4,0.5,41
f650428f496f830f,0,1.0,41
f650428f496f830f,1,0.0,41
f650428f496f830f,2,0.0,41
f650428f496f830f,3,0.0,41
f650428f496f830f,4,0.0,41
f8dfe97ae400c291,0,1.0,41
f8dfe97ae400c291,1,0.5,41
f8dfe97ae400c291,2,0.5,41
f8dfe97ae400c291,3,0.5,41
f8dfe97ae400c291,4,0.5,41
f97fe8edc7a7f210,0,1.0,41
f97fe8edc7a7f210,1,0.5,41
f97fe8edc7a7f210,2,0.5,41
f97fe8edc7a7f210,3,0.5,41
f97fe8edc7a7f210,4,0.5,41
fc4a4cd5ce73d21e,0,1.0,41
fc4a4cd5ce73d21e,1,0.5,41
fc4a4cd5ce73d21e,2,0.5,41
fc4a4cd5ce73d21e,3,0.5,41
fc4a4cd5ce73d21e,4,0.5,41
ffa41687be23a52f,0,1.0,41
ffa41687be23a52f,1,0.0,41
ffa41687be23a52f,2,0.0,41
ffa41687be23a52f,3,0.0,41
ffa41687be23a52f,4,0.0,41
0e3c5b91c7654c4b,0,1.0,40
0e3c5b91c7654c4b,1,0.0,40
0e3c5b91c7654c4b,2,0.0,40
0e3c5b91c7654c4b,3,0.0,40
0e3c5b91c7654c4b,4,0.0,40
119799a7fdaed7ba,0,1.0,40
119799a7fdaed7ba,1,0.5,40
119799a7fdaed7ba,2,0.5,40
119799a7fdaed7ba,3,0.5,40
119799a7fdaed7ba,4,0.5,40
13bd445287a0c106,0,1.0,40
13bd445287a0c106,1,0.0,40
13bd445287a0c106,2,0.0,40
13bd445287a0c106,3,0.0,40
13bd445287a0c106,4,0.0,40
16f6f3c2fee174e0,0,1.0,40
16f6f3c2fee174e0,1,1.0,40
16f6f3c2fee174e0,2,0.0,40
16f6f3c2fee174e0,3,0.0,40
16f6f3c2fee174e0,4,0.0,40
17effc0a335b0f0c,0,1.0,40
17effc0a335b0f0c,1,0.0,40
17effc0a335b0f0c,2,0.0,40
17effc0a335b0f0c,3,0.0,40
17effc0a335b0f0c,4,0.0,40
272709d97d70f87a,0,1.0,40
272709d97d70f87a,1,0.5,40
272709d97d70f87a,2,0.5,40
272709d97d70f87a,3,0.5,40
272709d97d70f87a,4,0.5,40
293d1b42c638d321,0,1.0,40
293d1b42c638d321,1,0.5,40
293d1b42c638d321,2,0.5,40
293d1b42c638d321,3,0.5,40
293d1b42c638d321,4,0.5,40
2e24d3ebbfd39352,0,1.0,40
2e24d3ebbfd39352,1,0.0,40
2e24d3ebbfd39352,2,0.0,40
2e24d3ebbfd39352,3,0.0,40
2e24d3ebbfd39352,4,0.0,40
3813d280edd1aea9,0,1.0,40
3813d280edd1aea9,1,1.0,40
3813d280edd1aea9,2,0.0,40
3813d280edd1aea9,3,0.0,40
3813d280edd1aea9,4,0.0,40
40af71eeca99721f,0,1.0,40
40af71eeca99721f,1,1.0,40
40af71eeca99721f,2,1.0,40
40af71eeca99721f,3,1.0,40
40af71eeca99721f,4,1.0,40
49f60e64ec11094c,0,1.0,40
49f60e64ec11094c,1,0.0,40
49f60e64ec11094c,2,0.0,40
49f60e64ec11094c,3,0.0,40
49f60e64ec11094c,4,0.0,40
5fd2125dc7ee12cf,0,1.0,40
5fd2125dc7ee12cf,1,1.0,40
5fd2125dc7ee12cf,2,0.5,40
5fd2125dc7ee12cf,3,0.5,40
5fd2125dc7ee12cf,4,0.5,40
6b0bff4f691511da,0,1.0,40
6b0bff4f691511da,1,0.0,40
6b0bff4f691511da,2,0.0,40
6b0bff4f691511da,3,0.0,40
6b0bff4f691511da,4,0.0,40
80ab367f5e79b072,0,1.0,40
80ab367f5e79b072,1,1.0,40
80ab367f5e79b072,2,1.0,40
80ab367f5e79b072,3,1.0,40
80ab367f5e79b072,4,1.0,40
8258b89dbb94223f,0,1.0,40
8258b89dbb94223f,1,0.5,40
8258b89dbb94223f,2,0.5,40
8258b89dbb94223f,3,0.5,40
8258b89dbb94223f,4,0.5,40
a0cb2eee4d4e8739,0,1.0,40
a0cb2eee4d4e8739,1,0.0,40
a0cb2eee4d4e8739,2,0.0,40
a0cb2eee4d4e8739,3,0.0,40
a0cb2eee4d4e8739,4,0.0,40
a5e142921d3aaba4,0,1.0,40
a5e142921d3aaba4,1,0.0,40
a5e142921d3aaba4,2,0.0,40
a5e142921d3aaba4,3,0.0,40
a5e142921d3aaba4,4,0.0,40
a71ddb782f6d2be0,0,1.0,40
a71ddb782f6d2be0,1,0.5,40
a71ddb782f6d2be0,2,0.5,40
a71ddb782f6d2be0,3,0.5,40
a71ddb782f6d2be0,4,0.5,40
c009d1ee390ee134,0,1.0,40
c009d1ee390ee134,1,0.0,40
c009d1ee390ee134,2,0.0,40
c009d1ee390ee134,3,0.0,40
c009d1ee390ee134,4,0.0,40
e3a09325796ac254,0,1.0,40
e3a09325796ac254,1,0.5,40
e3a09325796ac254,2,0.5,40
e3a09325796ac254,3,0.5,40
e3a09325796ac254,4,0.5,40
eca020354a8f48cb,0,1.0,40
eca020354a8f48cb,1,1.0,40
eca020354a8f48cb,2,0.0,40
eca020354a8f48cb,3,0.0,40
eca020354a8f48cb,4,0.0,40
007ab83162e57b3e,0,1.0,39
007ab83162e57b3e,1,0.5,39
007ab83162e57b3e,2,0.0,39
007ab83162e57b3e,3,0.0,39
007ab83162e57b3e,4,0.0,39
07f3f8fb0442bd12,0,1.0,39
07f3f8fb0442bd12,1,1.0,39
07f3f8fb0442bd12,2,0.0,39
07f3f8fb0442bd12,3,0.0,39
07f3f8fb0442bd12,4,0.0,39
08ae699d954c689d,0,1.0,39
08ae699d954c689d,1,0.0,39
08ae699d954c689d,2,0.0,39
08ae699d954c689d,3,0.0,39
08ae699d954c689d,4,0.0,39
0e14c1ea8e072b33,0,1.0,39
0e14c1ea8e072b33,1,0.0,39
0e14c1ea8e072b33,2,0.0,39
0e14c1ea8e072b33,3,0.0,39
0e14c1ea8e072b33,4,0.0,39
1398bbeb17e695a1,0,1.0,39
1398bbeb17e695a1,1,0.0,39
1398bbeb17e695a1,2,0.0,39
1398bbeb17e695a1,3,0.0,39
1398bbeb17e695a1,4,0.0,39
13ce6a2916d974d1,0,1.0,39
13ce6a2916d974d1,1,0.5,39
13ce6a2916d974d1,2,0.5,39
13ce6a2916d974d1,3,0.5,39
13ce6a2916d974d1,4,0.5,39
1e286a6ec3257e77,0,1.0,39
1e286a6ec3257e77,1,0.5,39
1e286a6ec3257e77,2,0.5,39
1e286a6ec3257e77,3,0.5,39
1e286a6ec3257e77,4,0.5,39
245636c7170a1f93,0,1.0,39
245636c7170a1f93,1,0.0,39
245636c7170a1f93,2,0.0,39
245636c7170a1f93,3,0.0,39
245636c7170a1f93,4,0.0,39
2920154d4fff0c95,0,1.0,39
2920154d4fff0c95,1,1.0,39
2920154d4fff0c95,2,1.0,39
2920154d4fff0c95,3,1.0,39
2920154d4fff0c95,4,1.0,39
2f1b250bcc58da2c,0,1.0,39
2f1b250bcc58da2c,1,1.0,39
2f1b250bcc58da2c,2,1.0,39
2f1b250bcc58da2c,3,1.0,39
2f1b250bcc58da2c,4,1.0,39
36277d6b1f4cecba,0,1.0,39
36277d6b1f4cecba,1,1.0,39
36277d6b1f4cecba,2,1.0,39
36277d6b1f4cecba,3,1.0,39
36277d6b1f4cecba,4,1.0,39
39c9bb80f1ad0fab,0,1.0,39
39c9bb80f1ad0fab,1,1.0,39
39c9bb80f1ad0fab,2,1.0,39
39c9bb80f1ad0fab,3,1.0,39
39c9bb80f1ad0fab,4,1.0,39
435531c96a24d75b,0,1.0,39
435531c96a24d75b,1,0.0,39
435531c96a24d75b,2,0.0,39
435531c96a24d75b,3,0.0,39
435531c96a24d75b,4,0.0,39
443276ff8b465f66,0,1.0,39
443276ff8b465f66,1,0.0,39
443276ff8b465f66,2,0.0,39
443276ff8b465f66,3,0.0,39
443276ff8b465f66,4,0.0,39
4f7e7704a0dbabd3,0,1.0,39
4f7e7704a0dbabd3,1,0.0,39
4f7e7704a0dbabd3,2,0.0,39
4f7e7704a0dbabd3,3,0.0,39
4f7e7704a0dbabd3,4,0.0,39
4fb1c3885530560e,0,1.0,39
4fb1c3885530560e,1,0.5,39
4fb1c3885530560e,2,0.5,39
4fb1c3885530560e,3,0.5,39
4fb1c3885530560e,4,0.5,39
51a18d02c7c6e587,0,1.0,39
51a18d02c7c6e587,1,0.0,39
51a18d02c7c6e587,2,0.0,39
51a18d02c7c6e587,3,0.0,39
51a18d02c7c6e587,4,0.0,39
6b0eb82d60bdd4b5,0,1.0,39
6b0eb82d60bdd4b5,1,0.5,39
6b0eb82d60bdd4b5,2,0.5,39
6b0eb82d60bdd4b5,3,0.5,39
6b0eb82d60bdd4b5,4,0.5,39
6d9d79c6cf09ae01,0,1.0,39
6d9d79c6cf09ae01,1,1.0,39
6d9d79c6cf09ae01,2,1.0,39
6d9d79c6cf09ae01,3,1.0,39
6d9d79c6cf09ae01,4,1.0,39
77411db99e1918a5,0,1.0,39
77411db99e1918a5,1,0.5,39
77411db99e1918a5,2,0.5,39
77411db99e1918a5,3,0.5,39
77411db99e1918a5,4,0.5,39
906225a3a7872467,0,1.0,39
906225a3a7872467,1,0.0,39
906225a3a7872467,2,0.0,39
906225a3a7872467,3,0.0,39
906225a3a7872467,4,0.0,39
9510b49fe7c05b17,0,1.0,39
9510b49fe7c05b17,1,0.0,39
9510b49fe7c05b17,2,0.0,39
9510b49fe7c05b17,3,0.0,39
9510b49fe7c05b17,4,0.0,39
9d6e50cb6190afd5,0,1.0,39
9d6e50cb6190afd5,1,1.0,39
9d6e50cb6190afd5,2,1.0,39
9d6e50cb6190afd5,3,0.0,39
9d6e50cb6190afd5,4,0.0,39
a06b7c4e9ef24382,0,1.0,39
a06b7c4e9ef24382,1,0.5,39
a06b7c4e9ef24382,2,0.5,39
a06b7c4e9ef24382,3,0.5,39
a06b7c4e9ef24382,4,0.5,39
b878d8a565fd20c8,0,1.0,39
b878d8a565fd20c8,1,1.0,39
b878d8a565fd20c8,2,1.0,39
b878d8a565fd20c8,3,1.0,39
b878d8a565fd20c8,4,1.0,39
cf066abb741ab2cf,0,1.0,39
cf066abb741ab2cf,1,1.0,39
cf066abb741ab2cf,2,1.0,39
cf066abb741ab2cf,3,0.5,39
cf066abb741ab2cf,4,0.5,39
cf0c22b503907e5e,0,1.0,39
cf0c22b503907e5e,1,0.0,39
cf0c22b503907e5e,2,0.0,39
cf0c22b503907e5e,3,0.0,39
cf0c22b503907e5e,4,0.0,39
db74624f15e9e298,0,1.0,39
db74624f15e9e298,1,0.0,39
db74624f15e9e298,2,0.0,39
db74624f15e9e298,3,0.0,39
db74624f15e9e298,4,0.0,39
dbf040b90f97cfdd,0,1.0,39
dbf040b90f97cfdd,1,0.0,39
dbf040b90f97cfdd,2,0.0,39
dbf040b90f97cfdd,3,0.0,39
dbf040b90f97cfdd,4,0.0,39
ea23e225b75b0313,0,1.0,39
ea23e225b75b0313,1,1.0,39
ea23e225b75b0313,2,1.0,39
ea23e225b75b0313,3,1.0,39
ea23e225b75b0313,4,1.0,39
eabf6e7934b192f9,0,1.0,39
eabf6e7934b192f9,1,0.0,39
eabf6e7934b192f9,2,0.0,39
eabf6e7934b192f9,3,0.0,39
eabf6e7934b192f9,4,0.0,39
fc957f9290c35f93,0,1.0,39
fc957f9290c35f93,1,0.5,39
fc957f9290c35f93,2,0.5,39
fc957f9290c35f93,3,0.5,39
fc957f9290c35f93,4,0.5,39
00a13ad5e53b8c27,0,1.0,38
00a13ad5e53b8c27,1,0.0,38
00a13ad5e53b8c27,2,0.0,38
00a13ad5e53b8c27,3,0.0,38
00a13ad5e53b8c27,4,0.0,38
0b52b6805b0d535f,0,1.0,38
0b52b6805b0d535f,1,0.5,38
0b52b6805b0d535f,2,0.5,38
0b52b6805b0d535f,3,0.5,38
0b52b6805b0d535f,4,0.5,38
1e1e6318b15c67a1,0,1.0,38
1e1e6318b15c67a1,1,1.0,38
1e1e6318b15c67a1,2,1.0,38
1e1e6318b15c67a1,3,1.0,38
1e1e6318b15c67a1,4,1.0,38
20275260b367c959,0,1.0,38
20275260b367c959,1,0.0,38
20275260b367c959,2,0.0,38
20275260b367c959,3,0.0,38
20275260b367c959,4,0.0,38
293ec371db4f1faa,0,1.0,38
293ec371db4f1faa,1,0.5,38
293ec371db4f1faa,2,0.5,38
293ec371db4f1faa,3,0.5,38
293ec371db4f1faa,4,0.5,38
2ad7a97f175dbd83,0,1.0,38
2ad7a97f175dbd83,1,0.5,38
2ad7a97f175dbd83,2,0.5,38
2ad7a97f175dbd83,3,0.5,38
2ad7a97f175dbd83,4,0.5,38
38d3f11000f82f76,0,1.0,38
38d3f11000f82f76,1,0.5,38
38d3f11000f82f76,2,0.5,38
38d3f11000f82f76,3,0.5,38
38d3f11000f82f76,4,0.5,38
3e42409a5a302ce8,0,1.0,38
3e42409a5a302ce8,1,0.5,38
3e42409a5a302ce8,2,0.5,38
3e42409a5a302ce8,3,0.5,38
3e42409a5a302ce8,4,0.5,38
3e93480b32b4357d,0,1.0,38
3e93480b32b4357d,1,0.0,38
3e93480b32b4357d,2,0.0,38
3e93480b32b4357d,3,0.0,38
3e93480b32b4357d,4,0.0,38
4873650212640f20,0,1.0,38
4873650212640f20,1,1.0,38
4873650212640f20,2,1.0,38
4873650212640f20,3,1.0,38
4873650212640f20,4,1.0,38
5f4e421072de1e9f,0,1.0,38
5f4e421072de1e9f,1,0.0,38
5f4e421072de1e9f,2,0.0,38
5f4e421072de1e9f,3,0.0,38
5f4e421072de1e9f,4,0.0,38
63b08a1b86a1899a,0,1.0,38
63b08a1b86a1899a,1,0.0,38
63b08a1b86a1899a,2,0.0,38
63b08a1b86a1899a,3,0.0,38
63b08a1b86a1899a,4,0.0,38
66bd73a243915e60,0,1.0,38
66bd73a243915e60,1,0.0,38
66bd73a243915e60,2,0.0,38
66bd73a243915e60,3,0.0,38
66bd73a243915e60,4,0.0,38
6870df21f4b8dfbc,0,1.0,38
6870df21f4b8dfbc,1,0.0,38
6870df21f4b8dfbc,2,0.0,38
6870df21f4b8dfbc,3,0.0,38
6870df21f4b8dfbc,4,0.0,38
7e9d34f09376bd35,0,1.0,38
7e9d34f09376bd35,1,1.0,38
7e9d34f09376bd35,2,1.0,38
7e9d34f09376bd35,3,1.0,38
7e9d34f09376bd35,4,1.0,38
85d1d319ce588b6b,0,1.0,38
85d1d319ce588b6b,1,1.0,38
85d1d319ce588b6b,2,1.0,38
85d1d319ce588b6b,3,1.0,38
85d1d319ce588b6b,4,1.0,38
8803fe16d305cfae,0,1.0,38
8803fe16d305cfae,1,0.0,38
8803fe16d305cfae,2,0.0,38
8803fe16d305cfae,3,0.0,38
8803fe16d305cfae,4,0.0,38
89c3895220c745d4,0,1.0,38
89c3895220c745d4,1,0.0,38
89c3895220c745d4,2,0.0,38
89c3895220c745d4,3,0.0,38
89c3895220c745d4,4,0.0,38
920b9038dd13dfd0,0,1.0,38
920b9038dd13dfd0,1,0.0,38
920b9038dd13dfd0,2,0.0,38
920b9038dd13dfd0,3,0.0,38
920b9038dd13dfd0,4,0.0,38
94d2cc8e1cfd6439,0,1.0,38
94d2cc8e1cfd6439,1,0.5,38
94d2cc8e1cfd6439,2,0.0,38
94d2cc8e1cfd6439,3,0.0,38
94d2cc8e1cfd6439,4,0.0,38
99be36f2b843b6a9,0,1.0,38
99be36f2b843b6a9,1,0.0,38
99be36f2b843b6a9,2,0.0,38
99be36f2b843b6a9,3,0.0,38
99be36f2b843b6a9,4,0.0,38
abad9379e4cd1237,0,1.0,38
abad9379e4cd1237,1,0.5,38
abad9379e4cd1237,2,0.5,38
abad9379e4cd1237,3,0.5,38
abad9379e4cd1237,4,0.5,38
b13afbff8e8d7970,0,1.0,38
b13afbff8e8d7970,1,0.5,38
b13afbff8e8d7970,2,0.5,38
b13afbff8e8d7970,3,0.5,38
b13afbff8e8d7970,4,0.5,38
c5e02e5b55ace2fa,0,1.0,38
c5e02e5b55ace2fa,1,1.0,38
c5e02e5b55ace2fa,2,0.0,38
c5e02e5b55ace2fa,3,0.0,38
c5e02e5b55ace2fa,4,0.0,38
cbf93b31948049a2,0,1.0,38
cbf93b31948049a2,1,1.0,38
cbf93b31948049a2,2,0.0,38
cbf93b31948049a2,3,0.0,38
cbf93b31948049a2,4,0.0,38
d1c3535c325c3d1d,0,1.0,38
d1c3535c325c3d1d,1,0.5,38
d1c3535c325c3d1d,2,0.5,38
d1c3535c325c3d1d,3,0.5,38
d1c3535c325c3d1d,4,0.5,38
dc09e0bb4f511440,0,1.0,38
dc09e0bb4f511440,1,0.5,38
dc09e0bb4f511440,2,0.5,38
dc09e0bb4f511440,3,0.5,38
dc09e0bb4f511440,4,0.5,38
e33e48f2e4af6281,0,1.0,38
e33e48f2e4af6281,1,1.0,38
e33e48f2e4af6281,2,1.0,38
e33e48f2e4af6281,3,1.0,38
e33e48f2e4af6281,4,1.0,38
e97b57c07c077349,0,1.0,38
e97b57c07c077349,1,0.0,38
e97b57c07c077349,2,0.0,38
e97b57c07c077349,3,0.0,38
e97b57c07c077349,4,0.0,38
f4a73b4f536cd9dc,0,1.0,38
f4a73b4f536cd9dc,1,0.5,38
f4a73b4f536cd9dc,2,0.5,38
f4a73b4f536cd9dc,3,0.5,38
f4a73b4f536cd9dc,4,0.5,38
0ce3cf7f2ea88baf,0,1.0,37
0ce3cf7f2ea88baf,1,0.0,37
0ce3cf7f2ea88baf,2,0.0,37
0ce3cf7f2ea88baf,3,0.0,37
0ce3cf7f2ea88baf,4,0.0,37
1971551d4e954708,0,1.0,37
1971551d4e954708,1,0.0,37
1971551d4e954708,2,0.0,37
1971551d4e954708,3,0.0,37
1971551d4e954708,4,0.0,37
1ed67705c01350e5,0,1.0,37
1ed67705c01350e5,1,0.5,37
1ed67705c01350e5,2,0.5,37
1ed67705c01350e5,3,0.5,37
1ed67705c01350e5,4,0.5,37
269c3e1b03a1f7d2,0,1.0,37
269c3e1b03a1f7d2,1,0.0,37
269c3e1b03a1f7d2,2,0.0,37
269c3e1b03a1f7d2,3,0.0,37
269c3e1b03a1f7d2,4,0.0,37
2936ed830a7be498,0,1.0,37
2936ed830a7be498,1,1.0,37
2936ed830a7be498,2,1.0,37
2936ed830a7be498,3,1.0,37
2936ed830a7be498,4,1.0,37
2a0a6879fede334a,0,1.0,37
2a0a6879fede334a,1,0.0,37
2a0a6879fede334a,2,0.0,37
2a0a6879fede334a,3,0.0,37
2a0a6879fede334a,4,0.0,37
37713ebf4c170dd2,0,1.0,37
37713ebf4c170dd2,1,0.0,37
37713ebf4c170dd2,2,0.0,37
37713ebf4c170dd2,3,0.0,37
37713ebf4c170dd2,4,0.0,37
48234c592ce1fb48,0,1.0,37
48234c592ce1fb48,1,0.0,37
48234c592ce1fb48,2,0.0,37
48234c592ce1fb48,3,0.0,37
48234c592ce1fb48,4,0.0,37
497cede9de1d9c59,0,1.0,37
497cede9de1d9c59,1,0.0,37
497cede9de1d9c59,2,0.0,37
497cede9de1d9c59,3,0.0,37
497cede9de1d9c59,4,0.0,37
522327d4201b52bd,0,1.0,37
522327d4201b52bd,1,0.0,37
522327d4201b52bd,2,0.0,37
522327d4201b52bd,3,0.0,37
522327d4201b52bd,4,0.0,37
635c0d3f889a072b,0,1.0,37
635c0d3f889a072b,1,1.0,37
635c0d3f889a072b,2,1.0,37
635c0d3f889a072b,3,1.0,37
635c0d3f889a072b,4,0.0,37
74dbb45f9e71629e,0,1.0,37
74dbb45f9e71629e,1,0.5,37
74dbb45f9e71629e,2,0.5,37
74dbb45f9e71629e,3,0.5,37
74dbb45f9e71629e,4,0.5,37
807d8b3d34854df5,0,1.0,37
807d8b3d34854df5,1,0.0,37
807d8b3d34854df5,2,0.0,37
807d8b3d34854df5,3,0.0,37
807d8b3d34854df5,4,0.0,37
8a5dee3b9fe29aaa,0,1.0,37
8a5dee3b9fe29aaa,1,1.0,37
8a5dee3b9fe29aaa,2,0.5,37
8a5dee3b9fe29aaa,3,0.5,37
8a5dee3b9fe29aaa,4,0.0,37
8b1ce6b9508532b0,0,1.0,37
8b1ce6b9508532b0,1,1.0,37
8b1ce6b9508532b0,2,0.0,37
8b1ce6b9508532b0,3,0.0,37
8b1ce6b9508532b0,4,0.0,37
9503d979832ad077,0,1.0,37
9503d979832ad077,1,0.0,37
9503d979832ad077,2,0.0,37
9503d979832ad077,3,0.0,37
9503d979832ad077,4,0.0,37
a055bb47d5f72bb1,0,1.0,37
a055bb47d5f72bb1,1,0.5,37
a055bb47d5f72bb1,2,0.5,37
a055bb47d5f72bb1,3,0.5,37
a055bb47d5f72bb1,4,0.5,37
aac23afd1be90b50,0,1.0,37
aac23afd1be90b50,1,0.5,37
aac23afd1be90b50,2,0.5,37
aac23afd1be90b50,3,0.5,37
aac23afd1be90b50,4,0.5,37
b2728c7b7bcb49cd,0,1.0,37
b2728c7b7bcb49cd,1,0.0,37
b2728c7b7bcb49cd,2,0.0,37
b2728c7b7bcb49cd,3,0.0,37
b2728c7b7bcb49cd,4,0.0,37
b7df40b797fa104c,0,1.0,37
b7df40b797fa104c,1,0.0,37
b7df40b797fa104c,2,0.0,37
b7df40b797fa104c,3,0.0,37
b7df40b797fa104c,4,0.0,37
b8567a95f753d74d,0,1.0,37
b8567a95f753d74d,1,1.0,37
b8567a95f753d74d,2,1.0,37
b8567a95f753d74d,3,1.0,37
b8567a95f753d74d,4,1.0,37
c1c9744c9961ecef,0,1.0,37
c1c9744c9961ecef,1,1.0,37
c1c9744c9961ecef,2,0.0,37
c1c9744c9961ecef,3,0.0,37
c1c9744c9961ecef,4,0.0,37
c58971ed018679bc,0,1.0,37
c58971ed018679bc,1,0.0,37
c58971ed018679bc,2,0.0,37
c58971ed018679bc,3,0.0,37
c58971ed018679bc,4,0.0,37
c64e0eb696379445,0,1.0,37
c64e0eb696379445,1,0.5,37
c64e0eb696379445,2,0.5,37
c64e0eb696379445,3,0.5,37
c64e0eb696379445,4,0.5,37
c83155f961ae0e28,0,1.0,37
c83155f961ae0e28,1,0.5,37
c83155f961ae0e28,2,0.5,37
c83155f961ae0e28,3,0.5,37
c83155f961ae0e28,4,0.5,37
d7574fc2454b783d,0,1.0,37
d7574fc2454b783d,1,0.0,37
d7574fc2454b783d,2,0.0,37
d7574fc2454b783d,3,0.0,37
d7574fc2454b783d,4,0.0,37
e4b39904e7210e7d,0,1.0,37
e4b39904e7210e7d,1,1.0,37
e4b39904e7210e7d,2,0.0,37
e4b39904e7210e7d,3,0.0,37
e4b39904e7210e7d,4,0.0,37
e75ceabeb8aff03d,0,1.0,37
e75ceabeb8aff03d,1,0.5,37
e75ceabeb8aff03d,2,0.5,37
e75ceabeb8aff03d,3,0.5,37
e75ceabeb8aff03d,4,0.5,37
f0fbc45f0d12c9ed,0,1.0,37
f0fbc45f0d12c9ed,1,1.0,37
f0fbc45f0d12c9ed,2,1.0,37
f0fbc45f0d12c9ed,3,0.5,37
f0fbc45f0d12c9ed,4,0.5,37
fa82d26d17e05049,0,1.0,37
fa82d26d17e05049,1,0.5,37
fa82d26d17e05049,2,0.5,37
fa82d26d17e05049,3,0.5,37
fa82d26d17e05049,4,0.5,37
06488a860d6b4852,0,1.0,36
06488a860d6b4852,1,0.5,36
06488a860d6b4852,2,0.5,36
06488a860d6b4852,3,0.5,36
06488a860d6b4852,4,0.5,36
06c5675e06923cf3,0,1.0,36
06c5675e06923cf3,1,0.0,36
06c5675e06923cf3,2,0.0,36
06c5675e06923cf3,3,0.0,36
06c5675e06923cf3,4,0.0,36
0788c1f5e0941401,0,1.0,36
0788c1f5e0941401,1,0.0,36
0788c1f5e0941401,2,0.0,36
0788c1f5e0941401,3,0.0,36
0788c1f5e0941401,4,0.0,36
0865c64c797ff672,0,1.0,36
0865c64c797ff672,1,1.0,36
0865c64c797ff672,2,1.0,36
0865c64c797ff672,3,1.0,36
0865c64c797ff672,4,1.0,36
1f5974fee6358a54,0,1.0,36
1f5974fee6358a54,1,0.0,36
1f5974fee6358a54,2,0.0,36
1f5974fee6358a54,3,0.0,36
1f5974fee6358a54,4,0.0,36
21c0823d23c7fc2b,0,1.0,36
21c0823d23c7fc2b,1,0.0,36
21c0823d23c7fc2b,2,0.0,36
21c0823d23c7fc2b,3,0.0,36
21c0823d23c7fc2b,4,0.0,36
2b52fc7225bd53aa,0,1.0,36
2b52fc7225bd53aa,1,0.5,36
2b52fc7225bd53aa,2,0.5,36
2b52fc7225bd53aa,3,0.5,36
2b52fc7225bd53aa,4,0.5,36
3a10a6c666a7a554,0,1.0,36
3a10a6c666a7a554,1,0.5,36
3a10a6c666a7a554,2,0.5,36
3a10a6c666a7a554,3,0.5,36
3a10a6c666a7a554,4,0.5,36
41952c1f4b4847e4,0,1.0,36
41952c1f4b4847e4,1,0.0,36
41952c1f4b4847e4,2,0.0,36
41952c1f4b4847e4,3,0.0,36
41952c1f4b4847e4,4,0.0,36
449668f34d394393,0,1.0,36
449668f34d394393,1,0.0,36
449668f34d394393,2,0.0,36
449668f34d394393,3,0.0,36
449668f34d394393,4,0.0,36
47027c38c137d365,0,1.0,36
47027c38c137d365,1,1.0,36
47027c38c137d365,2,1.0,36
47027c38c137d365,3,1.0,36
47027c38c137d365,4,1.0,36
4c3d5953d039490f,0,1.0,36
4c3d5953d039490f,1,1.0,36
4c3d5953d039490f,2,1.0,36
4c3d5953d039490f,3,1.0,36
4c3d5953d039490f,4,1.0,36
4cdc0fce27e5ae65,0,1.0,36
4cdc0fce27e5ae65,1,0.5,36
4cdc0fce27e5ae65,2,0.5,36
4cdc0fce27e5ae65,3,0.5,36
4cdc0fce27e5ae65,4,0.5,36
4e1515d1c308893c,0,1.0,36
4e1515d1c308893c,1,0.5,36
4e1515d1c308893c,2,0.5,36
4e1515d1c308893c,3,0.5,36
4e1515d1c308893c,4,0.5,36
532ec3dbca1485fa,0,1.0,36
532ec3dbca1485fa,1,0.0,36
532ec3dbca1485fa,2,0.0,36
532ec3dbca1485fa,3,0.0,36
532ec3dbca1485fa,4,0.0,36
5a1d31e5b6114ace,0,1.0,36
5a1d31e5b6114ace,1,1.0,36
5a1d31e5b6114ace,2,0.5,36
5a1d31e5b6114ace,3,0.5,36
5a1d31e5b6114ace,4,0.5,36
5d7c363f8c317011,0,1.0,36
5d7c363f8c317011,1,1.0,36
5d7c363f8c317011,2,0.0,36
5d7c363f8c317011,3,0.0,36
5d7c363f8c317011,4,0.0,36
6bd935553e3b5345,0,1.0,36
6bd935553e3b5345,1,0.0,36
6bd935553e3b5345,2,0.0,36
6bd935553e3b5345,3,0.0,36
6bd935553e3b5345,4,0.0,36
6ce8605eb101664c,0,1.0,36
6ce8605eb101664c,1,0.5,36
6ce8605eb101664c,2,0.5,36
6ce8605eb101664c,3,0.5,36
6ce8605eb101664c,4,0.5,36
6db693a9ffa5359c,0,1.0,36
6db693a9ffa5359c,1,1.0,36
6db693a9ffa5359c,2,0.0,36
6db693a9ffa5359c,3,0.0,36
6db693a9ffa5359c,4,0.0,36
7daa47cbdc1810ae,0,1.0,36
7daa47cbdc1810ae,1,0.0,36
7daa47cbdc1810ae,2,0.0,36
7daa47cbdc1810ae,3,0.0,36
7daa47cbdc1810ae,4,0.0,36
7dac2d91d2024e82,0,1.0,36
7dac2d91d2024e82,1,1.0,36
7dac2d91d2024e82,2,1.0,36
7dac2d91d2024e82,3,0.5,36
7dac2d91d2024e82,4,0.5,36
8e9add9b8fa27945,0,1.0,36
8e9add9b8fa27945,1,1.0,36
8e9add9b8fa27945,2,1.0,36
8e9add9b8fa27945,3,1.0,36
8e9add9b8fa27945,4,1.0,36
908e06e1b8701df2,0,1.0,36
908e06e1b8701df2,1,0.0,36
908e06e1b8701df2,2,0.0,36
908e06e1b8701df2,3,0.0,36
908e06e1b8701df2,4,0.0,36
9481301ccd04e29d,0,1.0,36
9481301ccd04e29d,1,0.5,36
9481301ccd04e29d,2,0.5,36
9481301ccd04e29d,3,0.0,36
9481301ccd04e29d,4,0.0,36
9576619177c77900,0,1.0,36
9576619177c77900,1,1.0,36
9576619177c77900,2,1.0,36
9576619177c77900,3,1.0,36
9576619177c77900,4,1.0,36
96b125c260037bd7,0,1.0,36
96b125c260037bd7,1,0.0,36
96b125c260037bd7,2,0.0,36
96b125c260037bd7,3,0.0,36
96b125c260037bd7,4,0.0,36
9d7dbdb0d3d166c3,0,1.0,36
9d7dbdb0d3d166c3,1,0.0,36
9d7dbdb0d3d166c3,2,0.0,36
9d7dbdb0d3d166c3,3,0.0,36
9d7dbdb0d3d166c3,4,0.0,36
a760a92b37922d07,0,1.0,36
a760a92b37922d07,1,0.0,36
a760a92b37922d07,2,0.0,36
a760a92b37922d07,3,0.0,36
a760a92b37922d07,4,0.0,36
a97febf4dcc33ac8,0,1.0,36
a97febf4dcc33ac8,1,1.0,36
a97febf4dcc33ac8,2,0.5,36
a97febf4dcc33ac8,3,0.5,36
a97febf4dcc33ac8,4,0.5,36
adb9b6d84b068900,0,1.0,36
adb9b6d84b068900,1,0.0,36
adb9b6d84b068900,2,0.0,36
adb9b6d84b068900,3,0.0,36
adb9b6d84b068900,4,0.0,36
c1d79e982447aae7,0,1.0,36
c1d79e982447aae7,1,0.5,36
c1d79e982447aae7,2,0.5,36
c1d79e982447aae7,3,0.5,36
c1d79e982447aae7,4,0.5,36
d9046022de2965ad,0,1.0,36
d9046022de2965ad,1,0.0,36
d9046022de2965ad,2,0.0,36
d9046022de2965ad,3,0.0,36
d9046022de2965ad,4,0.0,36
e2488f033572956c,0,1.0,36
e2488f033572956c,1,1.0,36
e2488f033572956c,2,1.0,36
e2488f033572956c,3,1.0,36
e2488f033572956c,4,1.0,36
e9bd19092ad0b527,0,1.0,36
e9bd19092ad0b527,1,0.0,36
e9bd19092ad0b527,2,0.0,36
e9bd19092ad0b527,3,0.0,36
e9bd19092ad0b527,4,0.0,36
ec7a3dc629ee5817,0,1.0,36
ec7a3dc629ee5817,1,1.0,36
ec7a3dc629ee5817,2,1.0,36
ec7a3dc629ee5817,3,1.0,36
ec7a3dc629ee5817,4,1.0,36
ef06efe6e7ed5180,0,1.0,36
ef06efe6e7ed5180,1,0.0,36
ef06efe6e7ed5180,2,0.0,36
ef06efe6e7ed5180,3,0.0,36
ef06efe6e7ed5180,4,0.0,36
f84fba68f454ef29,0,1.0,36
f84fba68f454ef29,1,1.0,36
f84fba68f454ef29,2,0.0,36
f84fba68f454ef29,3,0.0,36
f84fba68f454ef29,4,0.0,36
f99cdcb9d76427b5,0,1.0,36
f99cdcb9d76427b5,1,1.0,36
f99cdcb9d76427b5,2,1.0,36
f99cdcb9d76427b5,3,1.0,36
f99cdcb9d76427b5,4,1.0,36
0674ba00f35818b1,0,1.0,35
0674ba00f35818b1,1,0.0,35
0674ba00f35818b1,2,0.0,35
0674ba00f35818b1,3,0.0,35
0674ba00f35818b1,4,0.0,35
0ada4d82999163e6,0,1.0,35
0ada4d82999163e6,1,1.0,35
0ada4d82999163e6,2,1.0,35
0ada4d82999163e6,3,0.0,35
0ada4d82999163e6,4,0.0,35
0cc3159cf502db9a,0,1.0,35
0cc3159cf502db9a,1,0.0,35
0cc3159cf502db9a,2,0.0,35
0cc3159cf502db9a,3,0.0,35
0cc3159cf502db9a,4,0.0,35
0e8274bba4add51c,0,1.0,35
0e8274bba4add51c,1,1.0,35
0e8274bba4add51c,2,1.0,35
0e8274bba4add51c,3,1.0,35
0e8274bba4add51c,4,1.0,35
0fc8d47b2e60b7fb,0,1.0,35
0fc8d47b2e60b7fb,1,0.0,35
0fc8d47b2e60b7fb,2,0.0,35
0fc8d47b2e60b7fb,3,0.0,35
0fc8d47b2e60b7fb,4,0.0,35
10fa65bc3b879d21,0,1.0,35
10fa65bc3b879d21,1,0.5,35
10fa65bc3b879d21,2,0.5,35
10fa65bc3b879d21,3,0.5,35
10fa65bc3b879d21,4,0.5,35
11bc037d61c57dc3,0,1.0,35
11bc037d61c57dc3,1,0.5,35
11bc037d61c57dc3,2,0.5,35
11bc037d61c57dc3,3,0.5,35
11bc037d61c57dc3,4,0.5,35
12600cb02f722506,0,1.0,35
12600cb02f722506,1,0.5,35
12600cb02f722506,2,0.5,35
12600cb02f722506,3,0.5,35
12600cb02f722506,4,0.5,35
15880cfb75cfe2a9,0,1.0,35
15880cfb75cfe2a9,1,0.0,35
15880cfb75cfe2a9,2,0.0,35
15880cfb75cfe2a9,3,0.0,35
15880cfb75cfe2a9,4,0.0,35
19e882ff48e20154,0,1.0,35
19e882ff48e20154,1,0.0,35
19e882ff48e20154,2,0.0,35
19e882ff48e20154,3,0.0,35
19e882ff48e20154,4,0.0,35
1c437836c129c708,0,1.0,35
1c437836c129c708,1,1.0,35
1c437836c129c708,2,1.0,35
1c437836c129c708,3,1.0,35
1c437836c129c708,4,1.0,35
2fc174114738f0ea,0,1.0,35
2fc174114738f0ea,1,0.0,35
2fc174114738f0ea,2,0.0,35
2fc174114738f0ea,3,0.0,35
2fc174114738f0ea,4,0.0,35
386da6dfcf050dc7,0,1.0,35
386da6dfcf050dc7,1,0.0,35
386da6dfcf050dc7,2,0.0,35
386da6dfcf050dc7,3,0.0,35
386da6dfcf050dc7,4,0.0,35
41eb3a7c9064c36e,0,1.0,35
41eb3a7c9064c36e,1,0.0,35
41eb3a7c9064c36e,2,0.0,35
41eb3a7c9064c36e,3,0.0,35
41eb3a7c9064c36e,4,0.0,35
434d49e3c549d90e,0,1.0,35
434d49e3c549d90e,1,0.0,35
434d49e3c549d90e,2,0.0,35
434d49e3c549d90e,3,0.0,35
434d49e3c549d90e,4,0.0,35
52b52c952d0305e9,0,1.0,35
52b52c952d0305e9,1,0.0,35
52b52c952d0305e9,2,0.0,35
52b52c952d0305e9,3,0.0,35
52b52c952d0305e9,4,0.0,35
54ff915ff4be7a89,0,1.0,35
54ff915ff4be7a89,1,0.5,35
54ff915ff4be7a89,2,0.5,35
54ff915ff4be7a89,3,0.5,35
54ff915ff4be7a89,4,0.5,35
5ee88cccd0e7cc60,0,1.0,35
5ee88cccd0e7cc60,1,0.0,35
5ee88cccd0e7cc60,2,0.0,35
5ee88cccd0e7cc60,3,0.0,35
5ee88cccd0e7cc60,4,0.0,35
5fc24d3bd363a61e,0,1.0,35
5fc24d3bd363a61e,1,0.0,35
5fc24d3bd363a61e,2,0.0,35
5fc24d3bd363a61e,3,0.0,35
5fc24d3bd363a61e,4,0.0,35
611281d7495f8f3a,0,1.0,35
611281d7495f8f3a,1,1.0,35
611281d7495f8f3a,2,1.0,35
611281d7495f8f3a,3,1.0,35
611281d7495f8f3a,4,1.0,35
6632543f386bbd31,0,1.0,35
6632543f386bbd31,1,0.0,35
6632543f386bbd31,2,0.0,35
6632543f386bbd31,3,0.0,35
6632543f386bbd31,4,0.0,35
6dc894a81cab6084,0,1.0,35
6dc894a81cab6084,1,0.0,35
6dc894a81cab6084,2,0.0,35
6dc894a81cab6084,3,0.0,35
6dc894a81cab6084,4,0.0,35
74c82a54c2d09b1f,0,1.0,35
74c82a54c2d09b1f,1,0.0,35
74c82a54c2d09b1f,2,0.0,35
74c82a54c2d09b1f,3,0.0,35
74c82a54c2d09b1f,4,0.0,35
7c84049e804c1c22,0,1.0,35
7c84049e804c1c22,1,0.5,35
7c84049e804c1c22,2,0.5,35
7c84049e804c1c22,3,0.5,35
7c84049e804c1c22,4,0.5,35
8a9cbbc76f333827,0,1.0,35
8a9cbbc76f333827,1,1.0,35
8a9cbbc76f333827,2,1.0,35
8a9cbbc76f333827,3,1.0,35
8a9cbbc76f333827,4,1.0,35
993897ac159b8723,0,1.0,35
993897ac159b8723,1,0.0,35
993897ac159b8723,2,0.0,35
993897ac159b8723,3,0.0,35
993897ac159b8723,4,0.0,35
9b68664913c1ff23,0,1.0,35
9b68664913c1ff23,1,1.0,35
9b68664913c1ff23,2,1.0,35
9b68664913c1ff23,3,1.0,35
9b68664913c1ff23,4,1.0,35
a3d99ab189596bbb,0,1.0,35
a3d99ab189596bbb,1,0.5,35
a3d99ab189596bbb,2,0.5,35
a3d99ab189596bbb,3,0.5,35
a3d99ab189596bbb,4,0.5,35
a82b4bab91a1e170,0,1.0,35
a82b4bab91a1e170,1,0.5,35
a82b4bab91a1e170,2,0.5,35
a82b4bab91a1e170,3,0.5,35
a82b4bab91a1e170,4,0.5,35
b309a6d42d44aa52,0,1.0,35
b309a6d42d44aa52,1,0.0,35
b309a6d42d44aa52,2,0.0,35
b309a6d42d44aa52,3,0.0,35
b309a6d42d44aa52,4,0.0,35
bf841b4ccf015c30,0,1.0,35
bf841b4ccf015c30,1,0.0,35
bf841b4ccf015c30,2,0.0,35
bf841b4ccf015c30,3,0.0,35
bf841b4ccf015c30,4,0.0,35
c5b07365d3344a65,0,1.0,35
c5b07365d3344a65,1,0.5,35
c5b07365d3344a65,2,0.5,35
c5b07365d3344a65,3,0.5,35
c5b07365d3344a65,4,0.5,35
c86e9cec2e7bcf65,0,1.0,35
c86e9cec2e7bcf65,1,0.0,35
c86e9cec2e7bcf65,2,0.0,35
c86e9cec2e7bcf65,3,0.0,35
c86e9cec2e7bcf65,4,0.0,35
c9a907d44b1a3581,0,1.0,35
c9a907d44b1a3581,1,0.5,35
c9a907d44b1a3581,2,0.5,35
c9a907d44b1a3581,3,0.5,35
c9a907d44b1a3581,4,0.5,35
cd9363d1bc11038f,0,1.0,35
cd9363d1bc11038f,1,0.0,35
cd9363d1bc11038f,2,0.0,35
cd9363d1bc11038f,3,0.0,35
cd9363d1bc11038f,4,0.0,35
d13934fd1ca5c473,0,1.0,35
d13934fd1ca5c473,1,0.5,35
d13934fd1ca5c473,2,0.5,35
d13934fd1ca5c473,3,0.0,35
d13934fd1ca5c473,4,0.0,35
df4382eb23628e71,0,1.0,35
df4382eb23628e71,1,1.0,35
df4382eb23628e71,2,0.0,35
df4382eb23628e71,3,0.0,35
df4382eb23628e71,4,0.0,35
e02dca6df65a31a9,0,1.0,35
e02dca6df65a31a9,1,0.5,35
e02dca6df65a31a9,2,0.5,35
e02dca6df65a31a9,3,0.5,35
e02dca6df65a31a9,4,0.5,35
e2c5c0d1c5a9c0dc,0,1.0,35
e2c5c0d1c5a9c0dc,1,0.5,35
e2c5c0d1c5a9c0dc,2,0.5,35
e2c5c0d1c5a9c0dc,3,0.5,35
e2c5c0d1c5a9c0dc,4,0.5,35
e43c9cd92d084e77,0,1.0,35
e43c9cd92d084e77,1,0.5,35
e43c9cd92d084e77,2,0.5,35
e43c9cd92d084e77,3,0.5,35
e43c9cd92d084e77,4,0.5,35
ec0d1ffa8788818d,0,1.0,35
ec0d1ffa8788818d,1,0.0,35
ec0d1ffa8788818d,2,0.0,35
ec0d1ffa8788818d,3,0.0,35
ec0d1ffa8788818d,4,0.0,35
ec482a507540b808,0,1.0,35
ec482a507540b808,1,0.0,35
ec482a507540b808,2,0.0,35
ec482a507540b808,3,0.0,35
ec482a507540b808,4,0.0,35
f441c10d8bdbbbc8,0,1.0,35
f441c10d8bdbbbc8,1,1.0,35
f441c10d8bdbbbc8,2,1.0,35
f441c10d8bdbbbc8,3,1.0,35
f441c10d8bdbbbc8,4,1.0,35
fac8d4eb17dda1f4,0,1.0,35
fac8d4eb17dda1f4,1,0.5,35
fac8d4eb17dda1f4,2,0.5,35
fac8d4eb17dda1f4,3,0.5,35
fac8d4eb17dda1f4,4,0.5,35
0103dd170352e326,0,1.0,34
0103dd170352e326,1,0.5,34
0103dd170352e326,2,0.5,34
0103dd170352e326,3,0.5,34
0103dd170352e326,4,0.5,34
011a73c0e8d27973,0,1.0,34
011a73c0e8d27973,1,1.0,34
011a73c0e8d27973,2,1.0,34
011a73c0e8d27973,3,1.0,34
011a73c0e8d27973,4,0.0,34
0add9d3aa4f2488c,0,1.0,34
0add9d3aa4f2488c,1,0.0,34
0add9d3aa4f2488c,2,0.0,34
0add9d3aa4f2488c,3,0.0,34
0add9d3aa4f2488c,4,0.0,34
1712e922cba71e91,0,1.0,34
1712e922cba71e91,1,0.5,34
1712e922cba71e91,2,0.5,34
1712e922cba71e91,3,0.5,34
1712e922cba71e91,4,0.5,34
1836a72ed9fe6beb,0,1.0,34
1836a72ed9fe6beb,1,0.0,34
1836a72ed9fe6beb,2,0.0,34
1836a72ed9fe6beb,3,0.0,34
1836a72ed9fe6beb,4,0.0,34
1b5fa7e9dbae8b9d,0,1.0,34
1b5fa7e9dbae8b9d,1,0.5,34
1b5fa7e9dbae8b9d,2,0.5,34
1b5fa7e9dbae8b9d,3,0.5,34
1b5fa7e9dbae8b9d,4,0.5,34
23ccc85e2b964e88,0,1.0,34
23ccc85e2b964e88,1,1.0,34
23ccc85e2b964e88,2,1.0,34
23ccc85e2b964e88,3,1.0,34
23ccc85e2b964e88,4,1.0,34
23fbc412bd7675d8,0,1.0,34
23fbc412bd7675d8,1,0.0,34
23fbc412bd7675d8,2,0.0,34
23fbc412bd7675d8,3,0.0,34
23fbc412bd7675d8,4,0.0,34
2727b2986dfe0643,0,1.0,34
2727b2986dfe0643,1,1.0,34
2727b2986dfe0643,2,0.5,34
2727b2986dfe0643,3,0.5,34
2727b2986dfe0643,4,0.5,34
2af9318c183b033d,0,1.0,34
2af9318c183b033d,1,1.0,34
2af9318c183b033d,2,1.0,34
2af9318c183b033d,3,1.0,34
2af9318c183b033d,4,1.0,34
301330bfe86d9ed1,0,1.0,34
301330bfe86d9ed1,1,1.0,34
301330bfe86d9ed1,2,1.0,34
301330bfe86d9ed1,3,1.0,34
301330bfe86d9ed1,4,1.0,34
34b1ef0dd4a8c01b,0,1.0,34
34b1ef0dd4a8c01b,1,1.0,34
34b1ef0dd4a8c01b,2,0.5,34
34b1ef0dd4a8c01b,3,0.5,34
34b1ef0dd4a8c01b,4,0.5,34
3d8dcbf41724079e,0,1.0,34
3d8dcbf41724079e,1,0.5,34
3d8dcbf41724079e,2,0.5,34
3d8dcbf41724079e,3,0.5,34
3d8dcbf41724079e,4,0.5,34
3dc0c549581091fc,0,1.0,34
3dc0c549581091fc,1,0.0,34
3dc0c549581091fc,2,0.0,34
3dc0c549581091fc,3,0.0,34
3dc0c549581091fc,4,0.0,34
41168bf06f409b8b,0,1.0,34
41168bf06f409b8b,1,0.5,34
41168bf06f409b8b,2,0.5,34
41168bf06f409b8b,3,0.5,34
41168bf06f409b8b,4,0.5,34
46dda7bd0dc29c55,0,1.0,34
46dda7bd0dc29c55,1,1.0,34
46dda7bd0dc29c55,2,1.0,34
46dda7bd0dc29c55,3,1.0,34
46dda7bd0dc29c55,4,1.0,34
473a8b00066c2c5c,0,1.0,34
473a8b00066c2c5c,1,0.5,34
473a8b00066c2c5c,2,0.5,34
473a8b00066c2c5c,3,0.5,34
473a8b00066c2c5c,4,0.5,34
5733661c87c5f2ad,0,1.0,34
5733661c87c5f2ad,1,0.0,34
5733661c87c5f2ad,2,0.0,34
5733661c87c5f2ad,3,0.0,34
5733661c87c5f2ad,4,0.0,34
59ee63802bede7aa,0,1.0,34
59ee63802bede7aa,1,0.0,34
59ee63802bede7aa,2,0.0,34
59ee63802bede7aa,3,0.0,34
59ee63802bede7aa,4,0.0,34
624beb9ba988f915,0,1.0,34
624beb9ba988f915,1,1.0,34
624beb9ba988f915,2,0.0,34
624beb9ba988f915,3,0.0,34
624beb9ba988f915,4,0.0,34
6f20ff1183301701,0,1.0,34
6f20ff1183301701,1,0.5,34
6f20ff1183301701,2,0.5,34
6f20ff1183301701,3,0.5,34
6f20ff1183301701,4,0.5,34
7b2f26bf4c7c0463,0,1.0,34
7b2f26bf4c7c0463,1,0.5,34
7b2f26bf4c7c0463,2,0.5,34
7b2f26bf4c7c0463,3,0.5,34
7b2f26bf4c7c0463,4,0.5,34
7ca40f67ba8cbf38,0,1.0,34
7ca40f67ba8cbf38,1,0.5,34
7ca40f67ba8cbf38,2,0.5,34
7ca40f67ba8cbf38,3,0.5,34
7ca40f67ba8cbf38,4,0.5,34
8040a94e6a98be9d,0,1.0,34
8040a94e6a98be9d,1,1.0,34
8040a94e6a98be9d,2,1.0,34
8040a94e6a98be9d,3,1.0,34
8040a94e6a98be9d,4,1.0,34
84d65ed80a99fd0f,0,1.0,34
84d65ed80a99fd0f,1,0.0,34
84d65ed80a99fd0f,2,0.0,34
84d65ed80a99fd0f,3,0.0,34
84d65ed80a99fd0f,4,0.0,34
860f4f3ec83cd5a5,0,1.0,34
860f4f3ec83cd5a5,1,0.5,34
860f4f3ec83cd5a5,2,0.5,34
860f4f3ec83cd5a5,3,0.5,34
860f4f3ec83cd5a5,4,0.5,34
87e7e4b6ca62adc8,0,1.0,34
87e7e4b6ca62adc8,1,0.0,34
87e7e4b6ca62adc8,2,0.0,34
87e7e4b6ca62adc8,3,0.0,34
87e7e4b6ca62adc8,4,0.0,34
8a20047837866b42,0,1.0,34
8a20047837866b42,1,0.5,34
8a20047837866b42,2,0.5,34
8a20047837866b42,3,0.5,34
8a20047837866b42,4,0.5,34
8a3748b6b6cedb9e,0,1.0,34
8a3748b6b6cedb9e,1,0.0,34
8a3748b6b6cedb9e,2,0.0,34
8a3748b6b6cedb9e,3,0.0,34
8a3748b6b6cedb9e,4,0.0,34
905cf8becb73c0ca,0,1.0,34
905cf8becb73c0ca,1,1.0,34
905cf8becb73c0ca,2,1.0,34
905cf8becb73c0ca,3,0.0,34
905cf8becb73c0ca,4,0.0,34
95e8b5648854ca3e,0,1.0,34
95e8b5648854ca3e,1,0.0,34
95e8b5648854ca3e,2,0.0,34
95e8b5648854ca3e,3,0.0,34
95e8b5648854ca3e,4,0.0,34
9bda833cc44dd793,0,1.0,34
9bda833cc44dd793,1,0.5,34
9bda833cc44dd793,2,0.5,34
9bda833cc44dd793,3,0.5,34
9bda833cc44dd793,4,0.5,34
ac0c534c42d9b751,0,1.0,34
ac0c534c42d9b751,1,0.0,34
ac0c534c42d9b751,2,0.0,34
ac0c534c42d9b751,3,0.0,34
ac0c534c42d9b751,4,0.0,34
b1e4c0bd33aee0c4,0,1.0,34
b1e4c0bd33aee0c4,1,0.0,34
b1e4c0bd33aee0c4,2,0.0,34
b1e4c0bd33aee0c4,3,0.0,34
b1e4c0bd33aee0c4,4,0.0,34
b3ccd7ca77e3b9a2,0,1.0,34
b3ccd7ca77e3b9a2,1,0.5,34
b3ccd7ca77e3b9a2,2,0.5,34
b3ccd7ca77e3b9a2,3,0.5,34
b3ccd7ca77e3b9a2,4,0.5,34
b85b64bf65d04ed1,0,1.0,34
b85b64bf65d04ed1,1,0.5,34
b85b64bf65d04ed1,2,0.5,34
b85b64bf65d04ed1,3,0.5,34
b85b64bf65d04ed1,4,0.5,34
b8b4c8577b1309ea,0,1.0,34
b8b4c8577b1309ea,1,0.5,34
b8b4c8577b1309ea,2,0.5,34
b8b4c8577b1309ea,3,0.5,34
b8b4c8577b1309ea,4,0.5,34
bc8ac4eeae23f2a8,0,1.0,34
bc8ac4eeae23f2a8,1,0.5,34
bc8ac4eeae23f2a8,2,0.0,34
bc8ac4eeae23f2a8,3,0.0,34
bc8ac4eeae23f2a8,4,0.0,34
cc0167f4f01c76a4,0,1.0,34
cc0167f4f01c76a4,1,0.0,34
cc0167f4f01c76a4,2,0.0,34
cc0167f4f01c76a4,3,0.0,34
cc0167f4f01c76a4,4,0.0,34
d0ba4ea43f0d14e9,0,1.0,34
d0ba4ea43f0d14e9,1,0.5,34
d0ba4ea43f0d14e9,2,0.5,34
d0ba4ea43f0d14e9,3,0.5,34
d0ba4ea43f0d14e9,4,0.5,34
d21366378fc2c5be,0,1.0,34
d21366378fc2c5be,1,0.5,34
d21366378fc2c5be,2,0.5,34
d21366378fc2c5be,3,0.5,34
d21366378fc2c5be,4,0.5,34
db84d349a8564c37,0,1.0,34
db84d349a8564c37,1,0.0,34
db84d349a8564c37,2,0.0,34
db84d349a8564c37,3,0.0,34
db84d349a8564c37,4,0.0,34
dd847a1528521f2f,0,1.0,34
dd847a1528521f2f,1,0.0,34
dd847a1528521f2f,2,0.0,34
dd847a1528521f2f,3,0.0,34
dd847a1528521f2f,4,0.0,34
ece8869d21450983,0,1.0,34
ece8869d21450983,1,0.5,34
ece8869d21450983,2,0.5,34
ece8869d21450983,3,0.5,34
ece8869d21450983,4,0.5,34
f1bdf7a28d670204,0,1.0,34
f1bdf7a28d670204,1,0.5,34
f1bdf7a28d670204,2,0.5,34
f1bdf7a28d670204,3,0.5,34
f1bdf7a28d670204,4,0.5,34
f7df848e3f9397a0,0,1.0,34
f7df848e3f9397a0,1,1.0,34
f7df848e3f9397a0,2,1.0,34
f7df848e3f9397a0,3,1.0,34
f7df848e3f9397a0,4,0.0,34
01272c975344cc89,0,1.0,33
01272c975344cc89,1,0.0,33
01272c975344cc89,2,0.0,33
01272c975344cc89,3,0.0,33
01272c975344cc89,4,0.0,33
042261ce81c362bf,0,1.0,33
042261ce81c362bf,1,0.5,33
042261ce81c362bf,2,0.5,33
042261ce81c362bf,3,0.5,33
042261ce81c362bf,4,0.5,33
05f380997678b62c,0,1.0,33
05f380997678b62c,1,1.0,33
05f380997678b62c,2,0.0,33
05f380997678b62c,3,0.0,33
05f380997678b62c,4,0.0,33
0a0737c2240d2528,0,1.0,33
0a0737c2240d2528,1,0.0,33
0a0737c2240d2528,2,0.0,33
0a0737c2240d2528,3,0.0,33
0a0737c2240d2528,4,0.0,33
0b43ca56373bb641,0,1.0,33
0b43ca56373bb641,1,1.0,33
0b43ca56373bb641,2,1.0,33
0b43ca56373bb641,3,1.0,33
0b43ca56373bb641,4,1.0,33
0ef78785eff43530,0,1.0,33
0ef78785eff43530,1,0.0,33
0ef78785eff43530,2,0.0,33
0ef78785eff43530,3,0.0,33
0ef78785eff43530,4,0.0,33
1951ca3b19e3c633,0,1.0,33
1951ca3b19e3c633,1,1.0,33
1951ca3b19e3c633,2,0.0,33
1951ca3b19e3c633,3,0.0,33
1951ca3b19e3c633,4,0.0,33
1d35e81b82e699fb,0,1.0,33
1d35e81b82e699fb,1,0.0,33
1d35e81b82e699fb,2,0.0,33
1d35e81b82e699fb,3,0.0,33
1d35e81b82e699fb,4,0.0,33
21cf5c82538252a2,0,1.0,33
21cf5c82538252a2,1,0.0,33
21cf5c82538252a2,2,0.0,33
21cf5c82538252a2,3,0.0,33
21cf5c82538252a2,4,0.0,33
25f939ae48ffd040,0,1.0,33
25f939ae48ffd040,1,0.0,33
25f939ae48ffd040,2,0.0,33
25f939ae48ffd040,3,0.0,33
25f939ae48ffd040,4,0.0,33
265d76f34cb6ded5,0,1.0,33
265d76f34cb6ded5,1,0.0,33
265d76f34cb6ded5,2,0.0,33
265d76f34cb6ded5,3,0.0,33
265d76f34cb6ded5,4,0.0,33
2765ecca7fa7e93a,0,1.0,33
2765ecca7fa7e93a,1,0.5,33
2765ecca7fa7e93a,2,0.5,33
2765ecca7fa7e93a,3,0.5,33
2765ecca7fa7e93a,4,0.5,33
31af4dd77a013d5a,0,1.0,33
31af4dd77a013d5a,1,0.0,33
31af4dd77a013d5a,2,0.0,33
31af4dd77a013d5a,3,0.0,33
31af4dd77a013d5a,4,0.0,33
3e3d63131fc0cc60,0,1.0,33
3e3d63131fc0cc60,1,0.0,33
3e3d63131fc0cc60,2,0.0,33
3e3d63131fc0cc60,3,0.0,33
3e3d63131fc0cc60,4,0.0,33
42bc4d982877810b,0,1.0,33
42bc4d982877810b,1,0.0,33
42bc4d982877810b,2,0.0,33
42bc4d982877810b,3,0.0,33
42bc4d982877810b,4,0.0,33
4c97067d3a9c1d94,0,1.0,33
4c97067d3a9c1d94,1,0.0,33
4c97067d3a9c1d94,2,0.0,33
4c97067d3a9c1d94,3,0.0,33
4c97067d3a9c1d94,4,0.0,33
53c7757417a31c28,0,1.0,33
53c7757417a31c28,1,1.0,33
53c7757417a31c28,2,0.0,33
53c7757417a31c28,3,0.0,33
53c7757417a31c28,4,0.0,33
605d17485fb9b321,0,1.0,33
605d17485fb9b321,1,1.0,33
605d17485fb9b321,2,0.0,33
605d17485fb9b321,3,0.0,33
605d17485fb9b321,4,0.0,33
632a42765685133e,0,1.0,33
632a42765685133e,1,0.0,33
632a42765685133e,2,0.0,33
632a42765685133e,3,0.0,33
632a42765685133e,4,0.0,33
6b9454dd956afa73,0,1.0,33
6b9454dd956afa73,1,0.5,33
6b9454dd956afa73,2,0.5,33
6b9454dd956afa73,3,0.5,33
6b9454dd956afa73,4,0.5,33
6cb57e24a4d0db13,0,1.0,33
6cb57e24a4d0db13,1,0.0,33
6cb57e24a4d0db13,2,0.0,33
6cb57e24a4d0db13,3,0.0,33
6cb57e24a4d0db13,4,0.0,33
6cf22a687dc57b64,0,1.0,33
6cf22a687dc57b64,1,1.0,33
6cf22a687dc57b64,2,0.0,33
6cf22a687dc57b64,3,0.0,33
6cf22a687dc57b64,4,0.0,33
6d1d42d12a68d0a4,0,1.0,33
6d1d42d12a68d0a4,1,0.0,33
6d1d42d12a68d0a4,2,0.0,33
6d1d42d12a68d0a4,3,0.0,33
6d1d42d12a68d0a4,4,0.0,33
6d3d220061fb0785,0,1.0,33
6d3d220061fb0785,1,0.0,33
6d3d220061fb0785,2,0.0,33
6d3d220061fb0785,3,0.0,33
6d3d220061fb0785,4,0.0,33
6de29444cd567c1b,0,1.0,33
6de29444cd567c1b,1,0.0,33
6de29444cd567c1b,2,0.0,33
6de29444cd567c1b,3,0.0,33
6de29444cd567c1b,4,0.0,33
6f244dea1f866eea,0,1.0,33
6f244dea1f866eea,1,0.0,33
6f244dea1f866eea,2,0.0,33
6f244dea1f866eea,3,0.0,33
6f244dea1f866eea,4,0.0,33
74adf952cd769b57,0,1.0,33
74adf952cd769b57,1,1.0,33
74adf952cd769b57,2,1.0,33
74adf952cd769b57,3,1.0,33
74adf952cd769b57,4,1.0,33
88b0fb0b674d02bb,0,1.0,33
88b0fb0b674d02bb,1,0.0,33
88b0fb0b674d02bb,2,0.0,33
88b0fb0b674d02bb,3,0.0,33
88b0fb0b674d02bb,4,0.0,33
8a17c60b940148e6,0,1.0,33
8a17c60b940148e6,1,0.5,33
8a17c60b940148e6,2,0.5,33
8a17c60b940148e6,3,0.5,33
8a17c60b940148e6,4,0.5,33
96d238e542374d4a,0,1.0,33
96d238e542374d4a,1,0.5,33
96d238e542374d4a,2,0.5,33
96d238e542374d4a,3,0.5,33
96d238e542374d4a,4,0.5,33
a38354554de49a58,0,1.0,33
a38354554de49a58,1,0.0,33
a38354554de49a58,2,0.0,33
a38354554de49a58,3,0.0,33
a38354554de49a58,4,0.0,33
a8d2f0f2221c57bf,0,1.0,33
a8d2f0f2221c57bf,1,0.0,33
a8d2f0f2221c57bf,2,0.0,33
a8d2f0f2221c57bf,3,0.0,33
a8d2f0f2221c57bf,4,0.0,33
ac3da2cbd641e9f9,0,1.0,33
ac3da2cbd641e9f9,1,0.0,33
ac3da2cbd641e9f9,2,0.0,33
ac3da2cbd641e9f9,3,0.0,33
ac3da2cbd641e9f9,4,0.0,33
bb420ab282160f19,0,1.0,33
bb420ab282160f19,1,0.0,33
bb420ab282160f19,2,0.0,33
bb420ab282160f19,3,0.0,33
bb420ab282160f19,4,0.0,33
bee838cbd63185f4,0,1.0,33
bee838cbd63185f4,1,0.0,33
bee838cbd63185f4,2,0.0,33
bee838cbd63185f4,3,0.0,33
bee838cbd63185f4,4,0.0,33
c2715e1262b00dcd,0,1.0,33
c2715e1262b00dcd,1,0.0,33
c2715e1262b00dcd,2,0.0,33
c2715e1262b00dcd,3,0.0,33
c2715e1262b00dcd,4,0.0,33
d1a350561be0291c,0,1.0,33
d1a350561be0291c,1,0.0,33
d1a350561be0291c,2,0.0,33
d1a350561be0291c,3,0.0,33
d1a350561be0291c,4,0.0,33
d33440863b7f08af,0,1.0,33
d33440863b7f08af,1,0.0,33
d33440863b7f08af,2,0.0,33
d33440863b7f08af,3,0.0,33
d33440863b7f08af,4,0.0,33
d8b9f8bb14584223,0,1.0,33
d8b9f8bb14584223,1,0.5,33
d8b9f8bb14584223,2,0.5,33
d8b9f8bb14584223,3,0.5,33
d8b9f8bb14584223,4,0.5,33
db1d6204236a4c10,0,1.0,33
db1d6204236a4c10,1,0.0,33
db1d6204236a4c10,2,0.0,33
db1d6204236a4c10,3,0.0,33
db1d6204236a4c10,4,0.0,33
e6834664d1d97ada,0,1.0,33
e6834664d1d97ada,1,0.0,33
e6834664d1d97ada,2,0.0,33
e6834664d1d97ada,3,0.0,33
e6834664d1d97ada,4,0.0,33
e8990747b7970021,0,1.0,33
e8990747b7970021,1,0.5,33
e8990747b7970021,2,0.5,33
e8990747b7970021,3,0.5,33
e8990747b7970021,4,0.5,33
ea39e74291255574,0,1.0,33
ea39e74291255574,1,0.5,33
ea39e74291255574,2,0.5,33
ea39e74291255574,3,0.5,33
ea39e74291255574,4,0.5,33
f0a9fbbe6db27634,0,1.0,33
f0a9fbbe6db27634,1,1.0,33
f0a9fbbe6db27634,2,0.5,33
f0a9fbbe6db27634,3,0.5,33
f0a9fbbe6db27634,4,0.5,33
fcae66177668920c,0,1.0,33
fcae66177668920c,1,0.5,33
fcae66177668920c,2,0.5,33
fcae66177668920c,3,0.5,33
fcae66177668920c,4,0.5,33
03a9ed233637e19f,0,1.0,32
03a9ed233637e19f,1,0.5,32
03a9ed233637e19f,2,0.5,32
03a9ed233637e19f,3,0.5,32
03a9ed233637e19f,4,0.5,32
0439b626b517cc38,0,1.0,32
0439b626b517cc38,1,1.0,32
0439b626b517cc38,2,0.0,32
0439b626b517cc38,3,0.0,32
0439b626b517cc38,4,0.0,32
062cc9e374ee5f11,0,1.0,32
062cc9e374ee5f11,1,0.5,32
062cc9e374ee5f11,2,0.5,32
062cc9e374ee5f11,3,0.5,32
062cc9e374ee5f11,4,0.5,32
0d23013352667f2b,0,1.0,32
0d23013352667f2b,1,1.0,32
0d23013352667f2b,2,1.0,32
0d23013352667f2b,3,1.0,32
0d23013352667f2b,4,1.0,32
0fb09f591e79fac2,0,1.0,32
0fb09f591e79fac2,1,1.0,32
0fb09f591e79fac2,2,0.0,32
0fb09f591e79fac2,3,0.0,32
0fb09f591e79fac2,4,0.0,32
0fd2ecdb5b763082,0,1.0,32
0fd2ecdb5b763082,1,0.0,32
0fd2ecdb5b763082,2,0.0,32
0fd2ecdb5b763082,3,0.0,32
0fd2ecdb5b763082,4,0.0,32
12c6d94ea4102d04,0,1.0,32
12c6d94ea4102d04,1,1.0,32
12c6d94ea4102d04,2,1.0,32
12c6d94ea4102d04,3,1.0,32
12c6d94ea4102d04,4,1.0,32
1518289c6075fd04,0,1.0,32
1518289c6075fd04,1,1.0,32
1518289c6075fd04,2,1.0,32
1518289c6075fd04,3,1.0,32
1518289c6075fd04,4,1.0,32
1820ec0d4926ebaf,0,1.0,32
1820ec0d4926ebaf,1,0.0,32
1820ec0d4926ebaf,2,0.0,32
1820ec0d4926ebaf,3,0.0,32
1820ec0d4926ebaf,4,0.0,32
1f96e5c6b72bb75c,0,1.0,32
1f96e5c6b72bb75c,1,0.5,32
1f96e5c6b72bb75c,2,0.5,32
1f96e5c6b72bb75c,3,0.5,32
1f96e5c6b72bb75c,4,0.5,32
1fa38d2dd855592d,0,1.0,32
1fa38d2dd855592d,1,0.0,32
1fa38d2dd855592d,2,0.0,32
1fa38d2dd855592d,3,0.0,32
1fa38d2dd855592d,4,0.0,32
212441cc9d845264,0,1.0,32
212441cc9d845264,1,1.0,32
212441cc9d845264,2,1.0,32
212441cc9d845264,3,1.0,32
212441cc9d845264,4,1.0,32
2614e4e8f9294546,0,1.0,32
2614e4e8f9294546,1,0.0,32
2614e4e8f9294546,2,0.0,32
2614e4e8f9294546,3,0.0,32
2614e4e8f9294546,4,0.0,32
2e9608985596bd5e,0,1.0,32
2e9608985596bd5e,1,0.5,32
2e9608985596bd5e,2,0.5,32
2e9608985596bd5e,3,0.5,32
2e9608985596bd5e,4,0.5,32
31d7de1ed03746f4,0,1.0,32
31d7de1ed03746f4,1,0.5,32
31d7de1ed03746f4,2,0.5,32
31d7de1ed03746f4,3,0.5,32
31d7de1ed03746f4,4,0.5,32
325798502cbfa539,0,1.0,32
325798502cbfa539,1,0.0,32
325798502cbfa539,2,0.0,32
325798502cbfa539,3,0.0,32
325798502cbfa539,4,0.0,32
36049ef8977acd49,0,1.0,32
36049ef8977acd49,1,1.0,32
36049ef8977acd49,2,0.0,32
36049ef8977acd49,3,0.0,32
36049ef8977acd49,4,0.0,32
378ddd03ce9187b0,0,1.0,32
378ddd03ce9187b0,1,0.0,32
378ddd03ce9187b0,2,0.0,32
378ddd03ce9187b0,3,0.0,32
378ddd03ce9187b0,4,0.0,32
3a519fe78fc553c6,0,1.0,32
3a519fe78fc553c6,1,0.5,32
3a519fe78fc553c6,2,0.5,32
3a519fe78fc553c6,3,0.5,32
3a519fe78fc553c6,4,0.5,32
4a8ec118a9f8007c,0,1.0,32
4a8ec118a9f8007c,1,0.0,32
4a8ec118a9f8007c,2,0.0,32
4a8ec118a9f8007c,3,0.0,32
4a8ec118a9f8007c,4,0.0,32
4e7877e37937b0ad,0,1.0,32
4e7877e37937b0ad,1,1.0,32
4e7877e37937b0ad,2,1.0,32
4e7877e37937b0ad,3,1.0,32
4e7877e37937b0ad,4,1.0,32
59bf87696024332c,0,1.0,32
59bf87696024332c,1,0.5,32
59bf87696024332c,2,0.5,32
59bf87696024332c,3,0.5,32
59bf87696024332c,4,0.5,32
5ab25c0e51e03661,0,1.0,32
5ab25c0e51e03661,1,0.0,32
5ab25c0e51e03661,2,0.0,32
5ab25c0e51e03661,3,0.0,32
5ab25c0e51e03661,4,0.0,32
5edac9c57bac0763,0,1.0,32
5edac9c57bac0763,1,0.0,32
5edac9c57bac0763,2,0.0,32
5edac9c57bac0763,3,0.0,32
5edac9c57bac0763,4,0.0,32
6073a18f1b8936c0,0,1.0,32
6073a18f1b8936c0,1,0.0,32
6073a18f1b8936c0,2,0.0,32
6073a18f1b8936c0,3,0.0,32
6073a18f1b8936c0,4,0.0,32
6800f4f0bf5fe109,0,1.0,32
6800f4f0bf5fe109,1,0.0,32
6800f4f0bf5fe109,2,0.0,32
6800f4f0bf5fe109,3,0.0,32
6800f4f0bf5fe109,4,0.0,32
6bf94bb44d5f5b5d,0,1.0,32
6bf94bb44d5f5b5d,1,0.5,32
6bf94bb44d5f5b5d,2,0.5,32
6bf94bb44d5f5b5d,3,0.5,32
6bf94bb44d5f5b5d,4,0.5,32
7292e93d3ee5d540,0,1.0,32
7292e93d3ee5d540,1,0.5,32
7292e93d3ee5d540,2,0.5,32
7292e93d3ee5d540,3,0.5,32
7292e93d3ee5d540,4,0.5,32
797c2dfcb3931e31,0,1.0,32
797c2dfcb3931e31,1,1.0,32
797c2dfcb3931e31,2,1.0,32
797c2dfcb3931e31,3,1.0,32
797c2dfcb3931e31,4,1.0,32
7aa72a677ad257bb,0,1.0,32
7aa72a677ad257bb,1,0.5,32
7aa72a677ad257bb,2,0.5,32
7aa72a677ad257bb,3,0.5,32
7aa72a677ad257bb,4,0.5,32
859f6695f663d624,0,1.0,32
859f6695f663d624,1,0.0,32
859f6695f663d624,2,0.0,32
859f6695f663d624,3,0.0,32
859f6695f663d624,4,0.0,32
87ea7b31797ad3a1,0,1.0,32
87ea7b31797ad3a1,1,0.5,32
87ea7b31797ad3a1,2,0.5,32
87ea7b31797ad3a1,3,0.5,32
87ea7b31797ad3a1,4,0.5,32
8d3871998c067bf1,0,1.0,32
8d3871998c067bf1,1,1.0,32
8d3871998c067bf1,2,1.0,32
8d3871998c067bf1,3,1.0,32
8d3871998c067bf1,4,1.0,32
8fd08a7868c2a752,0,1.0,32
8fd08a7868c2a752,1,0.5,32
8fd08a7868c2a752,2,0.5,32
8fd08a7868c2a752,3,0.5,32
8fd08a7868c2a752,4,0.5,32
a5f828f65bc731b5,0,1.0,32
a5f828f65bc731b5,1,0.0,32
a5f828f65bc731b5,2,0.0,32
a5f828f65bc731b5,3,0.0,32
a5f828f65bc731b5,4,0.0,32
ab334b6c8a7965f9,0,1.0,32
ab334b6c8a7965f9,1,1.0,32
ab334b6c8a7965f9,2,1.0,32
ab334b6c8a7965f9,3,1.0,32
ab334b6c8a7965f9,4,0.0,32
ac908d04fc29eae9,0,1.0,32
ac908d04fc29eae9,1,0.0,32
ac908d04fc29eae9,2,0.0,32
ac908d04fc29eae9,3,0.0,32
ac908d04fc29eae9,4,0.0,32
afaa9493782b9614,0,1.0,32
afaa9493782b9614,1,0.0,32
afaa9493782b9614,2,0.0,32
afaa9493782b9614,3,0.0,32
afaa9493782b9614,4,0.0,32
b4715e061e7a47b6,0,1.0,32
b4715e061e7a47b6,1,1.0,32
b4715e061e7a47b6,2,1.0,32
b4715e061e7a47b6,3,1.0,32
b4715e061e7a47b6,4,1.0,32
b4f8130d00b42e2e,0,1.0,32
b4f8130d00b42e2e,1,0.0,32
b4f8130d00b42e2e,2,0.0,32
b4f8130d00b42e2e,3,0.0,32
b4f8130d00b42e2e,4,0.0,32
c15e92f8bff61cf6,0,1.0,32
c15e92f8bff61cf6,1,0.0,32
c15e92f8bff61cf6,2,0.0,32
c15e92f8bff61cf6,3,0.0,32
c15e92f8bff61cf6,4,0.0,32
c45b5822285eecd9,0,1.0,32
c45b5822285eecd9,1,1.0,32
c45b5822285eecd9,2,0.0,32
c45b5822285eecd9,3,0.0,32
c45b5822285eecd9,4,0.0,32
c8a69e5bafc543c9,0,1.0,32
c8a69e5bafc543c9,1,0.5,32
c8a69e5bafc543c9,2,0.5,32
c8a69e5bafc543c9,3,0.5,32
c8a69e5bafc543c9,4,0.5,32
cca1730165b44d1d,0,1.0,32
cca1730165b44d1d,1,1.0,32
cca1730165b44d1d,2,1.0,32
cca1730165b44d1d,3,1.0,32
cca1730165b44d1d,4,1.0,32
d4a1b5eb9f9cdc43,0,1.0,32
d4a1b5eb9f9cdc43,1,0.0,32
d4a1b5eb9f9cdc43,2,0.0,32
d4a1b5eb9f9cdc43,3,0.0,32
d4a1b5eb9f9cdc43,4,0.0,32
d6790396798fc6ad,0,1.0,32
d6790396798fc6ad,1,0.5,32
d6790396798fc6ad,2,0.5,32
d6790396798fc6ad,3,0.5,32
d6790396798fc6ad,4,0.5,32
e66c154964a6d9ce,0,1.0,32
e66c154964a6d9ce,1,0.0,32
e66c154964a6d9ce,2,0.0,32
e66c154964a6d9ce,3,0.0,32
e66c154964a6d9ce,4,0.0,32
ea3eacec6cbe1858,0,1.0,32
ea3eacec6cbe1858,1,1.0,32
ea3eacec6cbe1858,2,0.0,32
ea3eacec6cbe1858,3,0.0,32
ea3eacec6cbe1858,4,0.0,32
eb6a66102227e797,0,1.0,32
eb6a66102227e797,1,0.5,32
eb6a66102227e797,2,0.5,32
eb6a66102227e797,3,0.5,32
eb6a66102227e797,4,0.5,32
eb9d64c31077274c,0,1.0,32
eb9d64c31077274c,1,0.5,32
eb9d64c31077274c,2,0.5,32
eb9d64c31077274c,3,0.5,32
eb9d64c31077274c,4,0.5,32
f34794341f27b3e9,0,1.0,32
f34794341f27b3e9,1,0.0,32
f34794341f27b3e9,2,0.0,32
f34794341f27b3e9,3,0.0,32
f34794341f27b3e9,4,0.0,32
f3de0a5c7dde8aeb,0,1.0,32
f3de0a5c7dde8aeb,1,0.5,32
f3de0a5c7dde8aeb,2,0.5,32
f3de0a5c7dde8aeb,3,0.5,32
f3de0a5c7dde8aeb,4,0.5,32
f51293571badeeeb,0,1.0,32
f51293571badeeeb,1,0.0,32
f51293571badeeeb,2,0.0,32
f51293571badeeeb,3,0.0,32
f51293571badeeeb,4,0.0,32
01bb8b45b86edcb8,0,1.0,31
01bb8b45b86edcb8,1,1.0,31
01bb8b45b86edcb8,2,0.0,31
01bb8b45b86edcb8,3,0.0,31
01bb8b45b86edcb8,4,0.0,31
0245ca31d3917f7d,0,1.0,31
0245ca31d3917f7d,1,0.0,31
0245ca31d3917f7d,2,0.0,31
0245ca31d3917f7d,3,0.0,31
0245ca31d3917f7d,4,0.0,31
095c594b144786fb,0,1.0,31
095c594b144786fb,1,1.0,31
095c594b144786fb,2,0.0,31
095c594b144786fb,3,0.0,31
095c594b144786fb,4,0.0,31
0c3d1c6eccb6d4b6,0,1.0,31
0c3d1c6eccb6d4b6,1,0.5,31
0c3d1c6eccb6d4b6,2,0.5,31
0c3d1c6eccb6d4b6,3,0.5,31
0c3d1c6eccb6d4b6,4,0.5,31
118ac77e1bba5ff7,0,1.0,31
118ac77e1bba5ff7,1,0.0,31
118ac77e1bba5ff7,2,0.0,31
118ac77e1bba5ff7,3,0.0,31
118ac77e1bba5ff7,4,0.0,31
156624c2724a46a2,0,1.0,31
156624c2724a46a2,1,0.0,31
156624c2724a46a2,2,0.0,31
156624c2724a46a2,3,0.0,31
156624c2724a46a2,4,0.0,31
161deb7acc8aa86c,0,1.0,31
161deb7acc8aa86c,1,0.0,31
161deb7acc8aa86c,2,0.0,31
161deb7acc8aa86c,3,0.0,31
161deb7acc8aa86c,4,0.0,31
2498ccc85ad0dc09,0,1.0,31
2498ccc85ad0dc09,1,0.0,31
2498ccc85ad0dc09,2,0.0,31
2498ccc85ad0dc09,3,0.0,31
2498ccc85ad0dc09,4,0.0,31
26dad0609a684bef,0,1.0,31
26dad0609a684bef,1,0.5,31
26dad0609a684bef,2,0.5,31
26dad0609a684bef,3,0.5,31
26dad0609a684bef,4,0.5,31
2aa88dca21a9ad03,0,1.0,31
2aa88dca21a9ad03,1,0.0,31
2aa88dca21a9ad03,2,0.0,31
2aa88dca21a9ad03,3,0.0,31
2aa88dca21a9ad03,4,0.0,31
31a26ad598e52512,0,1.0,31
31a26ad598e52512,1,1.0,31
31a26ad598e52512,2,1.0,31
31a26ad598e52512,3,1.0,31
31a26ad598e52512,4,1.0,31
3e865ee6ce069a31,0,1.0,31
3e865ee6ce069a31,1,0.5,31
3e865ee6ce069a31,2,0.5,31
3e865ee6ce069a31,3,0.5,31
3e865ee6ce069a31,4,0.5,31
3f08cab84d524bfa,0,1.0,31
3f08cab84d524bfa,1,0.0,31
3f08cab84d524bfa,2,0.0,31
3f08cab84d524bfa,3,0.0,31
3f08cab84d524bfa,4,0.0,31
3fbc05489f0032cb,0,1.0,31
3fbc05489f0032cb,1,0.0,31
3fbc05489f0032cb,2,0.0,31
3fbc05489f0032cb,3,0.0,31
3fbc05489f0032cb,4,0.0,31
40d840a3ada8c21b,0,1.0,31
40d840a3ada8c21b,1,0.0,31
40d840a3ada8c21b,2,0.0,31
40d840a3ada8c21b,3,0.0,31
40d840a3ada8c21b,4,0.0,31
43a5875f8374d6a1,0,1.0,31
43a5875f8374d6a1,1,0.0,31
43a5875f8374d6a1,2,0.0,31
43a5875f8374d6a1,3,0.0,31
43a5875f8374d6a1,4,0.0,31
4fcbf77dae2182e7,0,1.0,31
4fcbf77dae2182e7,1,0.0,31
4fcbf77dae2182e7,2,0.0,31
4fcbf77dae2182e7,3,0.0,31
4fcbf77dae2182e7,4,0.0,31
51613b3901ed85a2,0,1.0,31
51613b3901ed85a2,1,0.0,31
51613b3901ed85a2,2,0.0,31
51613b3901ed85a2,3,0.0,31
51613b3901ed85a2,4,0.0,31
5186442993aecc67,0,1.0,31
5186442993aecc67,1,0.5,31
5186442993aecc67,2,0.0,31
5186442993aecc67,3,0.0,31
5186442993aecc67,4,0.0,31
5403407c2ebd9831,0,1.0,31
5403407c2ebd9831,1,0.0,31
5403407c2ebd9831,2,0.0,31
5403407c2ebd9831,3,0.0,31
5403407c2ebd9831,4,0.0,31
67ab2729a45e1100,0,1.0,31
67ab2729a45e1100,1,0.5,31
67ab2729a45e1100,2,0.5,31
67ab2729a45e1100,3,0.5,31
67ab2729a45e1100,4,0.5,31
6a284c1a7e1174f1,0,1.0,31
6a284c1a7e1174f1,1,1.0,31
6a284c1a7e1174f1,2,0.0,31
6a284c1a7e1174f1,3,0.0,31
6a284c1a7e1174f1,4,0.0,31
6abcd42d33366056,0,1.0,31
6abcd42d33366056,1,0.0,31
6abcd42d33366056,2,0.0,31
6abcd42d33366056,3,0.0,31
6abcd42d33366056,4,0.0,31
6e0801d94f9d5f96,0,1.0,31
6e0801d94f9d5f96,1,0.5,31
6e0801d94f9d5f96,2,0.5,31
6e0801d94f9d5f96,3,0.5,31
6e0801d94f9d5f96,4,0.5,31
