class_id,broken,attack_cost,mode,alias_pair,operations
3763d524e609c5a0,True,1.0,left_only,True,P3_reverse_edge
3763d524e609c5a0,True,1.0,left_only,True,P3_reverse_edge
60466c6446f76f07,True,1.0,left_only,True,P8_merge_internal_nodes
60466c6446f76f07,True,1.0,left_only,True,P8_merge_internal_nodes
f06dc8aafaee6a0a,True,1.0,left_only,True,P3_reverse_edge
f06dc8aafaee6a0a,True,1.0,left_only,True,P3_reverse_edge
41546aa101ee86db,True,1.0,left_only,True,P2_add_edge
41546aa101ee86db,True,1.0,left_only,True,P2_add_edge
44cb71513a7afb4d,True,1.0,left_only,True,P3_reverse_edge
44cb71513a7afb4d,True,1.0,left_only,True,P3_reverse_edge
9661609533bdfcb4,True,1.0,left_only,True,P2_add_edge
9661609533bdfcb4,True,1.0,left_only,True,P2_add_edge
9bc6ba0c3dc6afe7,True,1.0,left_only,True,P8_merge_internal_nodes
9bc6ba0c3dc6afe7,True,1.0,left_only,True,P8_merge_internal_nodes
3565b8aaa8bf8450,True,2.0,left_only,True,P8_merge_internal_nodes;P8_merge_internal_nodes
3565b8aaa8bf8450,True,2.0,left_only,True,P8_merge_internal_nodes;P8_merge_internal_nodes
5961ca3dd5952899,True,1.0,left_only,True,P8_merge_internal_nodes
5961ca3dd5952899,True,1.0,left_only,True,P8_merge_internal_nodes
1c190318372b2dbe,True,1.0,right_only,True,P8_merge_internal_nodes
1c190318372b2dbe,True,1.0,right_only,True,P8_merge_internal_nodes
57a8c160fd4fd10b,True,1.0,left_only,True,P2_add_edge
57a8c160fd4fd10b,True,1.0,left_only,True,P2_add_edge
59aedb85463f5af4,True,2.0,left_only,True,P8_merge_internal_nodes;P2_add_edge
59aedb85463f5af4,True,2.0,left_only,True,P8_merge_internal_nodes;P2_add_edge
48aee7c8bbd92059,True,1.0,right_only,True,P8_merge_internal_nodes
48aee7c8bbd92059,True,1.0,right_only,True,P3_reverse_edge
f9bba2c615ac1262,True,2.0,right_only,True,P8_merge_internal_nodes;P8_merge_internal_nodes
f9bba2c615ac1262,True,2.0,right_only,True,P8_merge_internal_nodes;P8_merge_internal_nodes
801deb2b9ea182d1,True,2.0,right_only,True,P8_merge_internal_nodes;P8_merge_internal_nodes
801deb2b9ea182d1,True,1.0,right_only,True,P8_merge_internal_nodes
62675f7f509bc627,True,1.0,left_only,True,P2_add_edge
62675f7f509bc627,True,1.0,left_only,True,P2_add_edge
6d6102308ec6a212,True,1.0,left_only,True,P2_add_edge
6d6102308ec6a212,True,1.0,left_only,True,P2_add_edge
01835177404ee03d,True,1.0,left_only,True,P2_add_edge
01835177404ee03d,True,1.0,left_only,True,P2_add_edge
5efbd02805d9d21b,True,1.0,left_only,True,P2_add_edge
5efbd02805d9d21b,True,1.0,left_only,True,P2_add_edge
bb1b7bc9d74e5bd4,True,1.0,left_only,True,P8_merge_internal_nodes
bb1b7bc9d74e5bd4,True,1.0,left_only,True,P8_merge_internal_nodes
4a1870c1c07b3acf,True,1.0,left_only,True,P2_add_edge
4a1870c1c07b3acf,True,1.0,left_only,True,P2_add_edge
c343797fefb52184,True,1.0,left_only,True,P8_merge_internal_nodes
c343797fefb52184,True,1.0,left_only,True,P8_merge_internal_nodes
6ed62e6193bc3040,True,1.0,left_only,True,P8_merge_internal_nodes
6ed62e6193bc3040,True,1.0,left_only,True,P8_merge_internal_nodes
bcd16b88418b30b5,True,1.0,left_only,True,P8_merge_internal_nodes
bcd16b88418b30b5,True,1.0,left_only,True,P8_merge_internal_nodes
39f1cf0cb64a3125,True,1.0,left_only,True,P8_merge_internal_nodes
39f1cf0cb64a3125,True,1.0,left_only,True,P8_merge_internal_nodes
5f4862fddb23ab67,True,2.0,left_only,True,P8_merge_internal_nodes;P8_merge_internal_nodes
5f4862fddb23ab67,True,2.0,left_only,True,P8_merge_internal_nodes;P8_merge_internal_nodes
8d702122b4da0ead,True,1.0,left_only,True,P11_swap_branches
8d702122b4da0ead,True,1.0,left_only,True,P11_swap_branches
ef6d17f31b02b012,True,1.0,left_only,True,P2_add_edge
ef6d17f31b02b012,True,1.0,left_only,True,P2_add_edge
47042025abe88cbf,True,1.0,left_only,True,P2_add_edge
47042025abe88cbf,True,1.0,left_only,True,P2_add_edge
5e258fa8c2710ec8,False,,left_only,False,P6_delete_path;P1_remove_edge;P1_remove_edge;P8_merge_internal_nodes
5e258fa8c2710ec8,True,1.0,right_only,False,P8_merge_internal_nodes
a1e49f1c94433d63,True,2.0,left_only,False,P6_delete_path;P2_add_edge
a1e49f1c94433d63,True,2.0,left_only,False,P6_delete_path;P2_add_edge
3100693433eb8c2d,True,1.0,left_only,False,P8_merge_internal_nodes
3100693433eb8c2d,True,1.0,left_only,False,P8_merge_internal_nodes
a59afeaf3d0749cb,False,,left_only,False,P8_merge_internal_nodes;P6_delete_path;P6_delete_path;P4_alpha_rename
a59afeaf3d0749cb,False,,left_only,False,P8_merge_internal_nodes;P6_delete_path;P6_delete_path;P4_alpha_rename
1305089c20abcf01,True,1.0,left_only,False,P2_add_edge
1305089c20abcf01,True,1.0,left_only,False,P2_add_edge
bc9c853b1e75c157,True,2.0,left_only,False,P6_delete_path;P2_add_edge
bc9c853b1e75c157,True,2.0,left_only,False,P6_delete_path;P2_add_edge
00d4be19dbcb5225,False,,left_only,True,P8_merge_internal_nodes;P8_merge_internal_nodes;P6_delete_path;P8_merge_internal_nodes
00d4be19dbcb5225,True,1.0,right_only,True,P2_add_edge
8d380d339234504a,False,,left_only,False,P8_merge_internal_nodes;P8_merge_internal_nodes;P8_merge_internal_nodes;P3_reverse_edge
8d380d339234504a,False,,left_only,False,P8_merge_internal_nodes;P8_merge_internal_nodes;P8_merge_internal_nodes;P3_reverse_edge
a0b2c1117b29c0f8,True,1.0,left_only,False,P8_merge_internal_nodes
a0b2c1117b29c0f8,True,1.0,left_only,False,P8_merge_internal_nodes
d09f8b496df512b4,True,1.0,right_only,False,P3_reverse_edge
d09f8b496df512b4,False,,left_only,False,P6_delete_path;P8_merge_internal_nodes;P1_remove_edge;P8_merge_internal_nodes
53210ae1cecdcf64,True,1.0,left_only,False,P3_reverse_edge
53210ae1cecdcf64,True,1.0,left_only,False,P3_reverse_edge
f21bcd69efbaa656,False,,left_only,False,P6_delete_path;P8_merge_internal_nodes;P1_remove_edge;P8_merge_internal_nodes
f21bcd69efbaa656,True,1.0,right_only,False,P2_add_edge
50460cde9bb67eb1,True,1.0,left_only,False,P3_reverse_edge
50460cde9bb67eb1,True,1.0,left_only,False,P3_reverse_edge
7104f16691a5d5bd,True,1.0,left_only,False,P8_merge_internal_nodes
7104f16691a5d5bd,True,1.0,left_only,False,P8_merge_internal_nodes
18e6d6ef5f48d5f1,True,1.0,left_only,False,P8_merge_internal_nodes
18e6d6ef5f48d5f1,True,1.0,left_only,False,P8_merge_internal_nodes
f45b62f7e22ed194,True,2.0,left_only,False,P8_merge_internal_nodes;P8_merge_internal_nodes
f45b62f7e22ed194,True,2.0,left_only,False,P8_merge_internal_nodes;P8_merge_internal_nodes
61de080f7a72632f,True,1.0,left_only,False,P11_swap_branches
61de080f7a72632f,True,1.0,left_only,False,P11_swap_branches
18238c7d4071f241,True,1.0,left_only,False,P3_reverse_edge
18238c7d4071f241,True,1.0,left_only,False,P3_reverse_edge
47deeed507786d18,True,1.0,left_only,False,P2_add_edge
47deeed507786d18,True,1.0,left_only,False,P2_add_edge
771831d01716c10e,True,1.0,left_only,False,P2_add_edge
771831d01716c10e,True,1.0,left_only,False,P2_add_edge
0c5ca47a06964983,True,1.0,left_only,False,P2_add_edge
0c5ca47a06964983,True,1.0,left_only,False,P2_add_edge
e52a73ec60adcfae,True,1.0,left_only,False,P11_swap_branches
e52a73ec60adcfae,True,1.0,left_only,False,P11_swap_branches
a1d78b2c6c71c63e,True,1.0,left_only,False,P8_merge_internal_nodes
a1d78b2c6c71c63e,True,1.0,left_only,False,P8_merge_internal_nodes
a9a0cc1d70da7a20,True,1.0,left_only,False,P3_reverse_edge
a9a0cc1d70da7a20,True,1.0,left_only,False,P3_reverse_edge
ec0211f2e790fff5,True,2.0,right_only,False,P8_merge_internal_nodes;P8_merge_internal_nodes
ec0211f2e790fff5,True,4.0,right_only,False,P8_merge_internal_nodes;P8_merge_internal_nodes;P8_merge_internal_nodes;P2_add_edge
0b88c10fc68d94f6,True,1.0,left_only,False,P2_add_edge
0b88c10fc68d94f6,True,1.0,left_only,False,P2_add_edge
0a60f33026596983,True,1.0,left_only,False,P3_reverse_edge
0a60f33026596983,True,1.0,left_only,False,P3_reverse_edge
0effd4a1f26a3c0d,True,1.0,left_only,False,P11_swap_branches
0effd4a1f26a3c0d,True,1.0,left_only,False,P11_swap_branches
8061f519a055e2f1,True,1.0,right_only,False,P3_reverse_edge
8061f519a055e2f1,True,1.0,right_only,False,P3_reverse_edge
061d51f8a43f53d2,True,1.0,left_only,False,P8_merge_internal_nodes
061d51f8a43f53d2,True,1.0,left_only,False,P8_merge_internal_nodes
d5261fa8638ea9f5,True,3.0,left_only,False,P8_merge_internal_nodes;P8_merge_internal_nodes;P2_add_edge
d5261fa8638ea9f5,True,3.0,left_only,False,P8_merge_internal_nodes;P8_merge_internal_nodes;P2_add_edge
1a548869f66c2e7c,True,1.0,left_only,False,P8_merge_internal_nodes
1a548869f66c2e7c,True,1.0,left_only,False,P8_merge_internal_nodes
491ca705673fd562,True,1.0,left_only,False,P11_swap_branches
491ca705673fd562,True,1.0,left_only,False,P11_swap_branches
8959232792ca88b1,False,,left_only,False,P8_merge_internal_nodes;P8_merge_internal_nodes;P6_delete_path;P8_merge_internal_nodes
8959232792ca88b1,False,,left_only,False,P8_merge_internal_nodes;P8_merge_internal_nodes;P6_delete_path;P8_merge_internal_nodes
d53de0fdf9ed6571,False,,left_only,False,P6_delete_path;P1_remove_edge;P1_remove_edge;P3_reverse_edge
d53de0fdf9ed6571,True,2.0,right_only,False,P8_merge_internal_nodes;P8_merge_internal_nodes
fdb58ef9a852cbdf,False,,left_only,False,P6_delete_path;P11_swap_branches;P1_remove_edge;P8_merge_internal_nodes
fdb58ef9a852cbdf,True,1.0,right_only,False,P3_reverse_edge
3eda75dd3fd8193e,True,1.0,left_only,False,P8_merge_internal_nodes
3eda75dd3fd8193e,True,1.0,left_only,False,P8_merge_internal_nodes
6ebac04a743cc80e,False,,left_only,False,P8_merge_internal_nodes;P8_merge_internal_nodes;P8_merge_internal_nodes;P3_reverse_edge
6ebac04a743cc80e,False,,left_only,False,P8_merge_internal_nodes;P8_merge_internal_nodes;P8_merge_internal_nodes;P3_reverse_edge
d92bdf13def8dec0,True,2.0,left_only,False,P8_merge_internal_nodes;P3_reverse_edge
d92bdf13def8dec0,True,2.0,left_only,False,P8_merge_internal_nodes;P3_reverse_edge
e0b81fb890105b24,True,1.0,left_only,False,P3_reverse_edge
e0b81fb890105b24,True,1.0,left_only,False,P3_reverse_edge
62a1047c5866c2f9,True,1.0,left_only,False,P3_reverse_edge
62a1047c5866c2f9,True,1.0,left_only,False,P3_reverse_edge
6b74b81c77ab30a8,True,1.0,left_only,False,P8_merge_internal_nodes
6b74b81c77ab30a8,True,1.0,left_only,False,P8_merge_internal_nodes
85f86af669d48f90,True,4.0,right_only,False,P6_delete_path;P8_merge_internal_nodes;P8_merge_internal_nodes;P2_add_edge
85f86af669d48f90,True,2.0,right_only,False,P8_merge_internal_nodes;P2_add_edge
9255006dc40fdc78,False,,left_only,False,P6_delete_path;P1_remove_edge;P1_remove_edge;P8_merge_internal_nodes
9255006dc40fdc78,False,,left_only,False,P6_delete_path;P1_remove_edge;P1_remove_edge;P8_merge_internal_nodes
a91cd87936d8548d,True,1.0,left_only,False,P3_reverse_edge
a91cd87936d8548d,True,1.0,left_only,False,P3_reverse_edge
d622539aadbdefcc,True,2.0,left_only,False,P8_merge_internal_nodes;P2_add_edge
d622539aadbdefcc,True,2.0,left_only,False,P8_merge_internal_nodes;P2_add_edge
ac3d178dae40cba0,False,,left_only,False,P6_delete_path;P8_merge_internal_nodes;P8_merge_internal_nodes;P4_alpha_rename
ac3d178dae40cba0,False,,left_only,False,P6_delete_path;P8_merge_internal_nodes;P8_merge_internal_nodes;P4_alpha_rename
57fa86a7b4840e85,True,1.0,left_only,False,P3_reverse_edge
57fa86a7b4840e85,True,1.0,left_only,False,P3_reverse_edge
5e5220eb2a7fab00,True,3.0,left_only,False,P6_delete_path;P8_merge_internal_nodes;P2_add_edge
5e5220eb2a7fab00,True,3.0,left_only,False,P6_delete_path;P8_merge_internal_nodes;P2_add_edge
d201c023f52bc1c3,True,1.0,left_only,False,P8_merge_internal_nodes
d201c023f52bc1c3,True,1.0,left_only,False,P8_merge_internal_nodes
5ea08d3f215b4b00,True,1.0,right_only,False,P3_reverse_edge
5ea08d3f215b4b00,True,2.0,right_only,False,P8_merge_internal_nodes;P8_merge_internal_nodes
90cefc9b766e431f,True,1.0,left_only,False,P2_add_edge
90cefc9b766e431f,True,1.0,left_only,False,P2_add_edge
a74053cd9fbcdf58,True,1.0,left_only,False,P3_reverse_edge
a74053cd9fbcdf58,True,1.0,left_only,False,P3_reverse_edge
1459edfd8986a239,True,2.0,left_only,False,P8_merge_internal_nodes;P2_add_edge
1459edfd8986a239,True,2.0,left_only,False,P8_merge_internal_nodes;P2_add_edge
3dbce805a0b141a8,True,1.0,right_only,False,P3_reverse_edge
3dbce805a0b141a8,True,1.0,right_only,False,P3_reverse_edge
54905406f96b37ba,False,,left_only,False,P6_delete_path;P6_delete_path;P8_merge_internal_nodes;P8_merge_internal_nodes
54905406f96b37ba,False,,left_only,False,P6_delete_path;P6_delete_path;P8_merge_internal_nodes;P8_merge_internal_nodes
952059cd0404cb5f,True,1.0,left_only,False,P2_add_edge
952059cd0404cb5f,True,1.0,left_only,False,P2_add_edge
cb760f4a09447a8f,False,,left_only,False,P6_delete_path;P8_merge_internal_nodes;P8_merge_internal_nodes;P4_alpha_rename
cb760f4a09447a8f,False,,left_only,False,P6_delete_path;P8_merge_internal_nodes;P8_merge_internal_nodes;P4_alpha_rename
b3993b8e57f8a169,True,1.0,left_only,False,P2_add_edge
b3993b8e57f8a169,True,1.0,left_only,False,P2_add_edge
3e1359b0723bcff4,False,,left_only,False,P6_delete_path;P6_delete_path;P1_remove_edge;P4_alpha_rename
3e1359b0723bcff4,True,1.0,right_only,False,P3_reverse_edge
deb58f5ea5753fb1,True,1.0,left_only,False,P8_merge_internal_nodes
deb58f5ea5753fb1,True,1.0,left_only,False,P8_merge_internal_nodes
1d67abcf23151a94,False,,left_only,False,P6_delete_path;P1_remove_edge;P8_merge_internal_nodes;P8_merge_internal_nodes
1d67abcf23151a94,True,2.0,right_only,False,P6_delete_path;P3_reverse_edge
23d692927ea19a6c,True,1.0,left_only,False,P3_reverse_edge
23d692927ea19a6c,True,1.0,left_only,False,P3_reverse_edge
3cdaebde575c5b37,True,1.0,left_only,False,P8_merge_internal_nodes
3cdaebde575c5b37,True,1.0,left_only,False,P8_merge_internal_nodes
6820c5d670a6d1b8,True,1.0,left_only,False,P2_add_edge
6820c5d670a6d1b8,True,1.0,left_only,False,P2_add_edge
ee1b864a704f7369,False,,left_only,False,P8_merge_internal_nodes;P6_delete_path;P1_remove_edge;P8_merge_internal_nodes
ee1b864a704f7369,False,,left_only,False,P8_merge_internal_nodes;P6_delete_path;P1_remove_edge;P8_merge_internal_nodes
50435e826defda84,True,1.0,left_only,False,P3_reverse_edge
50435e826defda84,True,1.0,left_only,False,P3_reverse_edge
ea9ccc8c09fa75d7,False,,left_only,False,P8_merge_internal_nodes;P8_merge_internal_nodes;P1_remove_edge;P4_alpha_rename
ea9ccc8c09fa75d7,True,4.0,right_only,False,P11_swap_branches;P6_delete_path;P8_merge_internal_nodes;P2_add_edge
cb94e7d7e1f7d083,True,2.0,right_only,False,P8_merge_internal_nodes;P3_reverse_edge
cb94e7d7e1f7d083,True,1.0,right_only,False,P3_reverse_edge
5a84018b7ada0f76,True,2.0,left_only,False,P6_delete_path;P2_add_edge
5a84018b7ada0f76,True,2.0,left_only,False,P6_delete_path;P2_add_edge
5af5480f52cf5615,True,2.0,right_only,False,P8_merge_internal_nodes;P2_add_edge
5af5480f52cf5615,False,,left_only,False,P8_merge_internal_nodes;P8_merge_internal_nodes;P8_merge_internal_nodes;P3_reverse_edge
3d44c118bbff65e9,True,2.0,left_only,False,P8_merge_internal_nodes;P2_add_edge
3d44c118bbff65e9,True,2.0,left_only,False,P8_merge_internal_nodes;P2_add_edge
bd14af00f41da381,True,2.0,left_only,False,P8_merge_internal_nodes;P2_add_edge
bd14af00f41da381,True,2.0,left_only,False,P8_merge_internal_nodes;P2_add_edge
4453fc0896b211ea,True,2.0,left_only,False,P8_merge_internal_nodes;P2_add_edge
4453fc0896b211ea,True,2.0,left_only,False,P8_merge_internal_nodes;P2_add_edge
b49119c13665cce9,True,1.0,left_only,False,P2_add_edge
b49119c13665cce9,True,1.0,left_only,False,P2_add_edge
3e20939de73aa357,True,1.0,right_only,False,P3_reverse_edge
3e20939de73aa357,True,1.0,right_only,False,P8_merge_internal_nodes
02045ee32d053013,True,1.0,right_only,False,P3_reverse_edge
02045ee32d053013,True,1.0,right_only,False,P3_reverse_edge
b480fbcf99aa331c,True,1.0,left_only,True,P2_add_edge
b480fbcf99aa331c,True,1.0,left_only,True,P2_add_edge
3106fdec81eb7cf2,True,1.0,left_only,False,P3_reverse_edge
3106fdec81eb7cf2,True,1.0,left_only,False,P3_reverse_edge
a11c2863198aa93b,True,1.0,left_only,False,P8_merge_internal_nodes
a11c2863198aa93b,True,1.0,left_only,False,P8_merge_internal_nodes
cb7d67388749b3b5,True,1.0,right_only,False,P2_add_edge
cb7d67388749b3b5,True,1.0,right_only,False,P2_add_edge
e9fa4024f8762230,False,,left_only,False,P8_merge_internal_nodes;P6_delete_path;P8_merge_internal_nodes;P4_alpha_rename
e9fa4024f8762230,True,1.0,right_only,False,P3_reverse_edge
2b7f0d4e6e6eae6e,True,1.0,left_only,True,P3_reverse_edge
2b7f0d4e6e6eae6e,True,1.0,left_only,True,P3_reverse_edge
4c081c59a3909c3f,True,1.0,left_only,True,P8_merge_internal_nodes
4c081c59a3909c3f,True,1.0,left_only,True,P8_merge_internal_nodes
9ef5790eada8a129,False,,left_only,False,P6_delete_path;P8_merge_internal_nodes;P8_merge_internal_nodes;P8_merge_internal_nodes
9ef5790eada8a129,True,1.0,right_only,False,P3_reverse_edge
4b5d05947b62026f,False,,left_only,False,P6_delete_path;P6_delete_path;P1_remove_edge;P4_alpha_rename
4b5d05947b62026f,False,,left_only,False,P6_delete_path;P6_delete_path;P1_remove_edge;P4_alpha_rename
2b69a96860905434,True,1.0,left_only,True,P2_add_edge
2b69a96860905434,True,1.0,left_only,True,P2_add_edge
87c14dd4a70303a3,True,1.0,left_only,False,P3_reverse_edge
87c14dd4a70303a3,True,1.0,left_only,False,P3_reverse_edge
87e639f5c9ed4c90,False,,left_only,False,P8_merge_internal_nodes;P8_merge_internal_nodes;P6_delete_path;P4_alpha_rename
87e639f5c9ed4c90,True,1.0,right_only,False,P2_add_edge
885e0775dbe82fcc,False,,left_only,False,P6_delete_path;P11_swap_branches;P1_remove_edge;P8_merge_internal_nodes
885e0775dbe82fcc,False,,left_only,False,P6_delete_path;P11_swap_branches;P1_remove_edge;P8_merge_internal_nodes
4499febacc3f222f,True,4.0,right_only,False,P6_delete_path;P8_merge_internal_nodes;P8_merge_internal_nodes;P2_add_edge
4499febacc3f222f,True,1.0,right_only,False,P2_add_edge
54ef6082de2ef264,True,1.0,left_only,False,P8_merge_internal_nodes
54ef6082de2ef264,True,1.0,left_only,False,P8_merge_internal_nodes
65d48fb1aa39b3e1,True,1.0,left_only,True,P2_add_edge
65d48fb1aa39b3e1,True,1.0,left_only,True,P2_add_edge
05894539fcdf4840,True,1.0,left_only,True,P8_merge_internal_nodes
05894539fcdf4840,True,1.0,left_only,True,P8_merge_internal_nodes
9b800db4670e2be1,True,1.0,right_only,False,P3_reverse_edge
9b800db4670e2be1,True,1.0,right_only,False,P3_reverse_edge
fcadfa2dbea901bf,True,1.0,left_only,True,P11_swap_branches
fcadfa2dbea901bf,True,1.0,left_only,True,P11_swap_branches
a16e3db210295541,True,1.0,left_only,True,P2_add_edge
a16e3db210295541,True,1.0,left_only,True,P2_add_edge
6a2060297152f5d7,True,1.0,left_only,True,P8_merge_internal_nodes
6a2060297152f5d7,True,1.0,left_only,True,P8_merge_internal_nodes
59a8881b96fb5ada,False,,left_only,False,P6_delete_path;P6_delete_path;P1_remove_edge;P4_alpha_rename
59a8881b96fb5ada,False,,left_only,False,P6_delete_path;P6_delete_path;P1_remove_edge;P4_alpha_rename
5a5194b943ca7fb0,True,1.0,left_only,True,P8_merge_internal_nodes
5a5194b943ca7fb0,True,1.0,left_only,True,P8_merge_internal_nodes
9cf1065f26518c10,True,1.0,left_only,True,P2_add_edge
9cf1065f26518c10,True,1.0,left_only,True,P2_add_edge
c595b30162c25e08,True,1.0,left_only,True,P8_merge_internal_nodes
c595b30162c25e08,True,1.0,left_only,True,P8_merge_internal_nodes
5c765713553f954a,True,1.0,left_only,True,P11_swap_branches
5c765713553f954a,True,1.0,left_only,True,P11_swap_branches
a3de368c5fdff3c3,True,3.0,left_only,True,P8_merge_internal_nodes;P8_merge_internal_nodes;P2_add_edge
a3de368c5fdff3c3,True,3.0,left_only,True,P8_merge_internal_nodes;P8_merge_internal_nodes;P2_add_edge
07bc49e1c055f3b2,True,1.0,right_only,False,P2_add_edge
07bc49e1c055f3b2,False,,left_only,False,P8_merge_internal_nodes;P6_delete_path;P8_merge_internal_nodes;P4_alpha_rename
749b3152bc4c62b7,True,2.0,left_only,False,P8_merge_internal_nodes;P8_merge_internal_nodes
749b3152bc4c62b7,True,2.0,left_only,False,P8_merge_internal_nodes;P8_merge_internal_nodes
68e277f026e4f333,True,2.0,left_only,False,P8_merge_internal_nodes;P8_merge_internal_nodes
68e277f026e4f333,True,2.0,left_only,False,P8_merge_internal_nodes;P8_merge_internal_nodes
bc0d4043cdbf6ab1,True,1.0,left_only,True,P2_add_edge
bc0d4043cdbf6ab1,True,1.0,left_only,True,P2_add_edge
25572c9e75be476a,True,1.0,left_only,True,P2_add_edge
25572c9e75be476a,True,1.0,left_only,True,P2_add_edge
218c9377835c7fdd,True,1.0,left_only,True,P3_reverse_edge
218c9377835c7fdd,True,1.0,left_only,True,P3_reverse_edge
20441710b6474ee5,True,1.0,left_only,True,P8_merge_internal_nodes
20441710b6474ee5,True,1.0,left_only,True,P8_merge_internal_nodes
33c20b0013778993,True,1.0,left_only,False,P8_merge_internal_nodes
33c20b0013778993,True,1.0,left_only,False,P8_merge_internal_nodes
ca5a0d4466da3a0f,True,1.0,left_only,True,P8_merge_internal_nodes
ca5a0d4466da3a0f,True,1.0,left_only,True,P8_merge_internal_nodes
0d7619ef3e57cb35,True,1.0,left_only,False,P8_merge_internal_nodes
0d7619ef3e57cb35,True,1.0,left_only,False,P8_merge_internal_nodes
16590d791998de04,True,1.0,left_only,True,P6_delete_path
16590d791998de04,True,1.0,left_only,True,P6_delete_path
3b2aba26cd86dc2f,True,1.0,left_only,True,P8_merge_internal_nodes
3b2aba26cd86dc2f,True,1.0,left_only,True,P8_merge_internal_nodes
e207c9cbf8393e9b,True,1.0,left_only,True,P2_add_edge
e207c9cbf8393e9b,True,1.0,left_only,True,P2_add_edge
1d7a1ac1513eb48c,True,2.0,left_only,True,P8_merge_internal_nodes;P2_add_edge
1d7a1ac1513eb48c,True,2.0,left_only,True,P8_merge_internal_nodes;P2_add_edge
27e26d2341e697ad,True,1.0,left_only,True,P2_add_edge
27e26d2341e697ad,True,1.0,left_only,True,P2_add_edge
cd253129c9a24d43,True,1.0,left_only,False,P11_swap_branches
cd253129c9a24d43,True,1.0,left_only,False,P11_swap_branches
d594b4a2418a7382,True,2.0,left_only,True,P8_merge_internal_nodes;P2_add_edge
d594b4a2418a7382,True,2.0,left_only,True,P8_merge_internal_nodes;P2_add_edge
06dfbbfb6d453364,True,1.0,left_only,True,P8_merge_internal_nodes
06dfbbfb6d453364,True,1.0,left_only,True,P8_merge_internal_nodes
76f1e10c1ce66b59,True,1.0,right_only,False,P8_merge_internal_nodes
76f1e10c1ce66b59,True,1.0,right_only,False,P8_merge_internal_nodes
cb0f642a6861499d,True,1.0,left_only,True,P3_reverse_edge
cb0f642a6861499d,True,1.0,left_only,True,P3_reverse_edge
e4cf54dbc3cdf299,True,1.0,left_only,True,P8_merge_internal_nodes
e4cf54dbc3cdf299,True,1.0,left_only,True,P8_merge_internal_nodes
276ad787af6a299e,True,1.0,left_only,True,P3_reverse_edge
276ad787af6a299e,True,1.0,left_only,True,P3_reverse_edge
8229ab2f44578101,True,1.0,left_only,True,P2_add_edge
8229ab2f44578101,True,1.0,left_only,True,P2_add_edge
069dc362cc83fb7a,True,1.0,right_only,False,P8_merge_internal_nodes
069dc362cc83fb7a,True,1.0,right_only,False,P3_reverse_edge
141c19060cd9bcd7,True,1.0,left_only,False,P2_add_edge
141c19060cd9bcd7,True,1.0,left_only,False,P2_add_edge
2c3ab647caa1215c,True,1.0,left_only,True,P2_add_edge
2c3ab647caa1215c,True,1.0,left_only,True,P2_add_edge
4d776f2e423c4353,True,1.0,left_only,False,P2_add_edge
4d776f2e423c4353,True,1.0,left_only,False,P2_add_edge
c98e7ce7bea5dc46,True,2.0,left_only,True,P8_merge_internal_nodes;P2_add_edge
c98e7ce7bea5dc46,True,2.0,left_only,True,P8_merge_internal_nodes;P2_add_edge
d0778f255b2af544,True,1.0,left_only,False,P2_add_edge
d0778f255b2af544,True,1.0,left_only,False,P2_add_edge
1014ee8f64ca04ec,True,1.0,left_only,False,P2_add_edge
1014ee8f64ca04ec,True,1.0,left_only,False,P2_add_edge
a75cb0b1f9c7f780,True,1.0,left_only,True,P3_reverse_edge
a75cb0b1f9c7f780,True,1.0,left_only,True,P3_reverse_edge
6ec1dde5bf01adde,True,2.0,left_only,False,P8_merge_internal_nodes;P8_merge_internal_nodes
6ec1dde5bf01adde,True,2.0,left_only,False,P8_merge_internal_nodes;P8_merge_internal_nodes
c9729f40e5f3069d,True,1.0,right_only,False,P2_add_edge
c9729f40e5f3069d,False,,left_only,False,P8_merge_internal_nodes;P8_merge_internal_nodes;P6_delete_path;P8_merge_internal_nodes
27046f7fbc9a85cb,True,1.0,left_only,True,P2_add_edge
27046f7fbc9a85cb,True,1.0,left_only,True,P2_add_edge
7b6740531b41e33e,True,2.0,left_only,True,P11_swap_branches;P2_add_edge
7b6740531b41e33e,True,2.0,left_only,True,P11_swap_branches;P2_add_edge
3ab07d974c2c13c9,True,2.0,left_only,False,P8_merge_internal_nodes;P8_merge_internal_nodes
3ab07d974c2c13c9,True,2.0,left_only,False,P8_merge_internal_nodes;P8_merge_internal_nodes
e29313ae73b8a98a,True,1.0,right_only,True,P3_reverse_edge
e29313ae73b8a98a,True,1.0,right_only,True,P8_merge_internal_nodes
f0fe9658e96aaa33,True,1.0,left_only,True,P3_reverse_edge
f0fe9658e96aaa33,True,1.0,left_only,True,P3_reverse_edge
265c28c7520c434f,True,1.0,right_only,True,P8_merge_internal_nodes
265c28c7520c434f,True,3.0,right_only,True,P8_merge_internal_nodes;P8_merge_internal_nodes;P2_add_edge
857b3c27b5df4d12,True,1.0,left_only,True,P6_delete_path
857b3c27b5df4d12,True,1.0,left_only,True,P6_delete_path
749dcca641c13156,True,2.0,left_only,True,P11_swap_branches;P2_add_edge
749dcca641c13156,True,2.0,left_only,True,P11_swap_branches;P2_add_edge
78c7835cabe2a424,True,2.0,left_only,True,P8_merge_internal_nodes;P8_merge_internal_nodes
78c7835cabe2a424,True,2.0,left_only,True,P8_merge_internal_nodes;P8_merge_internal_nodes
c657e99ca35a3b1c,True,1.0,right_only,True,P11_swap_branches
c657e99ca35a3b1c,True,1.0,right_only,True,P8_merge_internal_nodes
d5004a458d5a5de6,True,1.0,left_only,True,P3_reverse_edge
d5004a458d5a5de6,True,1.0,left_only,True,P3_reverse_edge
4cfe54014cfc790e,True,1.0,left_only,False,P2_add_edge
4cfe54014cfc790e,True,1.0,left_only,False,P2_add_edge
ba97020b93362854,True,1.0,left_only,False,P2_add_edge
ba97020b93362854,True,1.0,left_only,False,P2_add_edge
c27f06f97add8be0,True,1.0,left_only,False,P2_add_edge
c27f06f97add8be0,True,1.0,left_only,False,P2_add_edge
6b6dd43bb4c3d2bc,True,1.0,left_only,False,P2_add_edge
6b6dd43bb4c3d2bc,True,1.0,left_only,False,P2_add_edge
a74c3ae53c430b3b,True,1.0,left_only,True,P8_merge_internal_nodes
a74c3ae53c430b3b,True,1.0,left_only,True,P8_merge_internal_nodes
d02eaeb87d9b35d8,True,1.0,left_only,True,P8_merge_internal_nodes
d02eaeb87d9b35d8,True,1.0,left_only,True,P8_merge_internal_nodes
c35e11d293d91169,True,1.0,left_only,True,P3_reverse_edge
c35e11d293d91169,True,1.0,left_only,True,P3_reverse_edge
53fa109b722d8860,True,1.0,left_only,True,P6_delete_path
53fa109b722d8860,True,1.0,left_only,True,P6_delete_path
adb6b0bcabeab64f,True,1.0,left_only,True,P3_reverse_edge
adb6b0bcabeab64f,True,1.0,left_only,True,P3_reverse_edge
df3aa1cdf382f132,True,1.0,left_only,True,P11_swap_branches
df3aa1cdf382f132,True,1.0,left_only,True,P11_swap_branches
df9dfb656b51ec72,True,1.0,left_only,False,P3_reverse_edge
df9dfb656b51ec72,True,1.0,left_only,False,P3_reverse_edge
ec0d746a50f71661,True,1.0,left_only,True,P2_add_edge
ec0d746a50f71661,True,1.0,left_only,True,P2_add_edge
05105ed5b9c8b7e1,True,1.0,left_only,False,P3_reverse_edge
05105ed5b9c8b7e1,True,1.0,left_only,False,P3_reverse_edge
2944e7104a653621,True,1.0,left_only,True,P8_merge_internal_nodes
2944e7104a653621,True,1.0,left_only,True,P8_merge_internal_nodes
543eed61464807ec,True,1.0,left_only,True,P6_delete_path
543eed61464807ec,True,1.0,left_only,True,P6_delete_path
0f2f893b845d1cf6,True,1.0,left_only,True,P1_remove_edge
0f2f893b845d1cf6,True,1.0,left_only,True,P1_remove_edge
36eaf3ea3917a058,False,,left_only,False,P6_delete_path;P8_merge_internal_nodes;P1_remove_edge;P8_merge_internal_nodes
36eaf3ea3917a058,False,,left_only,False,P6_delete_path;P8_merge_internal_nodes;P1_remove_edge;P8_merge_internal_nodes
aacf1b660b608287,True,1.0,left_only,True,P8_merge_internal_nodes
aacf1b660b608287,True,1.0,left_only,True,P8_merge_internal_nodes
08ec7aa12f5a9d83,False,,left_only,False,P6_delete_path;P1_remove_edge;P1_remove_edge;P4_alpha_rename
08ec7aa12f5a9d83,False,,left_only,False,P6_delete_path;P1_remove_edge;P1_remove_edge;P4_alpha_rename
4888e4fe0cd53d6a,True,1.0,left_only,False,P2_add_edge
4888e4fe0cd53d6a,True,1.0,left_only,False,P2_add_edge
ab7b4b08ede83c0d,True,1.0,right_only,True,P3_reverse_edge
ab7b4b08ede83c0d,True,2.0,right_only,True,P8_merge_internal_nodes;P2_add_edge
d92e8806b74ccd4a,True,1.0,left_only,False,P3_reverse_edge
d92e8806b74ccd4a,True,1.0,left_only,False,P3_reverse_edge
2560fba0bc93a1cf,True,1.0,left_only,True,P6_delete_path
2560fba0bc93a1cf,True,1.0,left_only,True,P6_delete_path
3593af66f00142f2,True,1.0,left_only,False,P2_add_edge
3593af66f00142f2,True,1.0,left_only,False,P2_add_edge
39b2afd93581c5bb,True,1.0,left_only,False,P3_reverse_edge
39b2afd93581c5bb,True,1.0,left_only,False,P3_reverse_edge
5065ce10f5436114,False,,left_only,False,P6_delete_path;P6_delete_path;P1_remove_edge;P4_alpha_rename
5065ce10f5436114,False,,left_only,False,P6_delete_path;P6_delete_path;P1_remove_edge;P4_alpha_rename
43218941d64aa8e0,True,1.0,left_only,False,P8_merge_internal_nodes
43218941d64aa8e0,True,1.0,left_only,False,P8_merge_internal_nodes
6f0b9874b0d45a86,False,,left_only,False,P6_delete_path;P6_delete_path;P1_remove_edge;P8_merge_internal_nodes
6f0b9874b0d45a86,True,2.0,right_only,False,P6_delete_path;P8_merge_internal_nodes
b31d9ae6ec21ffb7,True,1.0,right_only,False,P3_reverse_edge
b31d9ae6ec21ffb7,True,2.0,right_only,False,P6_delete_path;P3_reverse_edge
07d6ec22de700779,True,1.0,left_only,True,P6_delete_path
07d6ec22de700779,True,1.0,left_only,True,P6_delete_path
11d905138b1b186a,True,1.0,left_only,True,P1_remove_edge
11d905138b1b186a,True,1.0,left_only,True,P1_remove_edge
078a85e3ddc78640,True,1.0,left_only,False,P8_merge_internal_nodes
078a85e3ddc78640,True,1.0,left_only,False,P8_merge_internal_nodes
62d60895b47b258a,True,1.0,left_only,False,P3_reverse_edge
62d60895b47b258a,True,1.0,left_only,False,P3_reverse_edge
3fbe1f86d8fcf3bd,True,1.0,left_only,True,P6_delete_path
3fbe1f86d8fcf3bd,True,1.0,left_only,True,P6_delete_path
6b923a0c168e488b,True,1.0,left_only,False,P3_reverse_edge
6b923a0c168e488b,True,1.0,left_only,False,P3_reverse_edge
857d7973568d6d75,False,,left_only,False,P6_delete_path;P1_remove_edge;P1_remove_edge;P3_reverse_edge
857d7973568d6d75,False,,left_only,False,P6_delete_path;P1_remove_edge;P1_remove_edge;P3_reverse_edge
c07918bfa1fe894e,True,2.0,left_only,True,P11_swap_branches;P2_add_edge
c07918bfa1fe894e,True,2.0,left_only,True,P11_swap_branches;P2_add_edge
887571efd2a5c81a,True,1.0,left_only,True,P2_add_edge
887571efd2a5c81a,True,1.0,left_only,True,P2_add_edge
0f84d4e97b6e5aa6,True,1.0,left_only,True,P6_delete_path
0f84d4e97b6e5aa6,True,1.0,left_only,True,P6_delete_path
395f5e12314263ad,True,1.0,left_only,False,P3_reverse_edge
395f5e12314263ad,True,1.0,left_only,False,P3_reverse_edge
bd08b5afd4100cdf,True,1.0,left_only,False,P2_add_edge
bd08b5afd4100cdf,True,1.0,left_only,False,P2_add_edge
c042fcbeb35388e1,True,4.0,left_only,False,P8_merge_internal_nodes;P8_merge_internal_nodes;P8_merge_internal_nodes;P2_add_edge
c042fcbeb35388e1,True,4.0,left_only,False,P8_merge_internal_nodes;P8_merge_internal_nodes;P8_merge_internal_nodes;P2_add_edge
c27db25ce54c22b5,True,1.0,left_only,True,P6_delete_path
c27db25ce54c22b5,True,1.0,left_only,True,P6_delete_path
faf5a5055675342a,True,1.0,right_only,False,P3_reverse_edge
faf5a5055675342a,True,1.0,right_only,False,P3_reverse_edge
1a685eb760c42f2d,False,,left_only,False,P8_merge_internal_nodes;P6_delete_path;P6_delete_path;P4_alpha_rename
1a685eb760c42f2d,True,2.0,right_only,False,P8_merge_internal_nodes;P3_reverse_edge
e0fb9578095c1a71,False,,left_only,False,P8_merge_internal_nodes;P8_merge_internal_nodes;P6_delete_path;P8_merge_internal_nodes
e0fb9578095c1a71,True,1.0,right_only,False,P3_reverse_edge
f30de8f6ccdf2d3a,True,1.0,right_only,False,P8_merge_internal_nodes
f30de8f6ccdf2d3a,True,1.0,right_only,False,P3_reverse_edge
4857789f48d884fb,True,1.0,left_only,False,P2_add_edge
4857789f48d884fb,True,1.0,left_only,False,P2_add_edge
54a68425ad800fb7,True,1.0,left_only,False,P3_reverse_edge
54a68425ad800fb7,True,1.0,left_only,False,P3_reverse_edge
5791b0acad463990,False,,left_only,False,P6_delete_path;P6_delete_path;P1_remove_edge;P8_merge_internal_nodes
5791b0acad463990,True,2.0,right_only,False,P6_delete_path;P8_merge_internal_nodes
6b4b9a5e058e86d9,True,1.0,left_only,False,P2_add_edge
6b4b9a5e058e86d9,True,1.0,left_only,False,P2_add_edge
6f278f0d08806579,True,1.0,left_only,False,P2_add_edge
6f278f0d08806579,True,1.0,left_only,False,P2_add_edge
091bf0ad75d65bb4,True,2.0,left_only,False,P6_delete_path;P3_reverse_edge
091bf0ad75d65bb4,True,2.0,left_only,False,P6_delete_path;P3_reverse_edge
7fca0b221d4df82d,True,1.0,left_only,False,P11_swap_branches
7fca0b221d4df82d,True,1.0,left_only,False,P11_swap_branches
8e2c0fa415ccba4f,True,1.0,left_only,True,P6_delete_path
8e2c0fa415ccba4f,True,1.0,left_only,True,P6_delete_path
cf63e254acd519cb,True,1.0,left_only,True,P6_delete_path
cf63e254acd519cb,True,1.0,left_only,True,P6_delete_path
de1ec6ec4fd282ed,True,1.0,right_only,False,P3_reverse_edge
de1ec6ec4fd282ed,False,,left_only,False,P6_delete_path;P1_remove_edge;P1_remove_edge;P11_swap_branches
f289674768fa65af,False,,left_only,False,P6_delete_path;P6_delete_path;P1_remove_edge;P3_reverse_edge
f289674768fa65af,True,2.0,right_only,False,P8_merge_internal_nodes;P2_add_edge
050088987e60dfbf,True,1.0,left_only,True,P11_swap_branches
050088987e60dfbf,True,1.0,left_only,True,P11_swap_branches
4b7081483f0f9d80,True,1.0,left_only,True,P3_reverse_edge
4b7081483f0f9d80,True,1.0,left_only,True,P3_reverse_edge
777bb1fe4c10213d,True,1.0,left_only,False,P3_reverse_edge
777bb1fe4c10213d,True,1.0,left_only,False,P3_reverse_edge
9428d6484a633ced,True,4.0,left_only,False,P6_delete_path;P8_merge_internal_nodes;P8_merge_internal_nodes;P8_merge_internal_nodes
9428d6484a633ced,True,4.0,left_only,False,P6_delete_path;P8_merge_internal_nodes;P8_merge_internal_nodes;P8_merge_internal_nodes
d2acdf0d788ab530,True,1.0,right_only,False,P3_reverse_edge
d2acdf0d788ab530,True,1.0,right_only,False,P3_reverse_edge
f8dc1b8fb8226cee,True,1.0,left_only,False,P3_reverse_edge
f8dc1b8fb8226cee,True,1.0,left_only,False,P3_reverse_edge
018a76962705dd37,True,1.0,left_only,True,P1_remove_edge
018a76962705dd37,True,1.0,left_only,True,P1_remove_edge
4a681fe4b0cd497d,True,1.0,left_only,False,P2_add_edge
4a681fe4b0cd497d,True,1.0,left_only,False,P2_add_edge
82627b49adb24fc2,True,1.0,left_only,False,P3_reverse_edge
82627b49adb24fc2,True,1.0,left_only,False,P3_reverse_edge
9c379f16497a1fcc,True,2.0,left_only,False,P8_merge_internal_nodes;P8_merge_internal_nodes
9c379f16497a1fcc,True,2.0,left_only,False,P8_merge_internal_nodes;P8_merge_internal_nodes
02a6d1331db9e5b5,False,,left_only,False,P6_delete_path;P6_delete_path;P8_merge_internal_nodes;P8_merge_internal_nodes
02a6d1331db9e5b5,False,,left_only,False,P6_delete_path;P6_delete_path;P8_merge_internal_nodes;P8_merge_internal_nodes
32630ef4656ab47c,True,1.0,left_only,True,P2_add_edge
32630ef4656ab47c,True,1.0,left_only,True,P2_add_edge
61f651ba26bb7ae3,True,2.0,left_only,False,P8_merge_internal_nodes;P3_reverse_edge
61f651ba26bb7ae3,True,2.0,left_only,False,P8_merge_internal_nodes;P3_reverse_edge
750aca7124f3c40b,True,1.0,left_only,False,P2_add_edge
750aca7124f3c40b,True,1.0,left_only,False,P2_add_edge
7787642c9b00671b,True,1.0,left_only,False,P2_add_edge
7787642c9b00671b,True,1.0,left_only,False,P2_add_edge
7a209e4be61a0a4a,True,1.0,left_only,False,P3_reverse_edge
7a209e4be61a0a4a,True,1.0,left_only,False,P3_reverse_edge
9a548e3bd9206aad,True,1.0,left_only,True,P6_delete_path
9a548e3bd9206aad,True,1.0,left_only,True,P6_delete_path
e2e01f33e86bf520,True,1.0,left_only,False,P11_swap_branches
e2e01f33e86bf520,True,1.0,left_only,False,P11_swap_branches
19749d53077fd0a7,True,1.0,left_only,False,P8_merge_internal_nodes
19749d53077fd0a7,True,1.0,left_only,False,P8_merge_internal_nodes
3cb8e25f1e9211c6,True,1.0,left_only,False,P3_reverse_edge
3cb8e25f1e9211c6,True,1.0,left_only,False,P3_reverse_edge
76fe4b465499b07c,False,,left_only,False,P6_delete_path;P6_delete_path;P1_remove_edge;P4_alpha_rename
76fe4b465499b07c,False,,left_only,False,P6_delete_path;P6_delete_path;P1_remove_edge;P4_alpha_rename
ad41e02cbafaaaaf,True,1.0,left_only,True,P2_add_edge
ad41e02cbafaaaaf,True,1.0,left_only,True,P2_add_edge
b9d4e7d447578b52,True,1.0,left_only,False,P2_add_edge
b9d4e7d447578b52,True,1.0,left_only,False,P2_add_edge
c7daf17b48a916d5,True,1.0,left_only,True,P6_delete_path
c7daf17b48a916d5,True,1.0,left_only,True,P6_delete_path
2c1342e255ddaa7c,True,3.0,left_only,False,P6_delete_path;P8_merge_internal_nodes;P3_reverse_edge
2c1342e255ddaa7c,True,3.0,left_only,False,P6_delete_path;P8_merge_internal_nodes;P3_reverse_edge
41fcef1e2c990c20,True,1.0,left_only,False,P2_add_edge
41fcef1e2c990c20,True,1.0,left_only,False,P2_add_edge
5d1ca8b7c39d1c88,False,,left_only,False,P6_delete_path;P6_delete_path;P1_remove_edge;P4_alpha_rename
5d1ca8b7c39d1c88,False,,left_only,False,P6_delete_path;P6_delete_path;P1_remove_edge;P4_alpha_rename
96b2b6066caa702b,True,1.0,left_only,False,P11_swap_branches
96b2b6066caa702b,True,1.0,left_only,False,P11_swap_branches
e43eb3a316b33037,True,3.0,left_only,False,P8_merge_internal_nodes;P8_merge_internal_nodes;P2_add_edge
e43eb3a316b33037,True,3.0,left_only,False,P8_merge_internal_nodes;P8_merge_internal_nodes;P2_add_edge
f130aa9acbd20355,True,1.0,left_only,False,P8_merge_internal_nodes
f130aa9acbd20355,True,1.0,left_only,False,P8_merge_internal_nodes
f5abbb8868a4e852,True,4.0,right_only,False,P8_merge_internal_nodes;P8_merge_internal_nodes;P8_merge_internal_nodes;P2_add_edge
f5abbb8868a4e852,False,,left_only,False,P8_merge_internal_nodes;P8_merge_internal_nodes;P8_merge_internal_nodes;P4_alpha_rename
74d0103e838aa36d,True,1.0,left_only,False,P2_add_edge
74d0103e838aa36d,True,1.0,left_only,False,P2_add_edge
77b6a1021cf1a462,True,1.0,left_only,True,P6_delete_path
77b6a1021cf1a462,True,1.0,left_only,True,P6_delete_path
a36666a1fdfbd6fe,True,1.0,left_only,False,P3_reverse_edge
a36666a1fdfbd6fe,True,1.0,left_only,False,P3_reverse_edge
c956020212186038,True,1.0,left_only,False,P8_merge_internal_nodes
c956020212186038,True,1.0,left_only,False,P8_merge_internal_nodes
de87665367a2b6c2,True,1.0,left_only,False,P3_reverse_edge
de87665367a2b6c2,True,1.0,left_only,False,P3_reverse_edge
022ea0865d780b69,True,1.0,left_only,False,P2_add_edge
022ea0865d780b69,True,1.0,left_only,False,P2_add_edge
20d77ec6974b1f6e,True,1.0,left_only,True,P3_reverse_edge
20d77ec6974b1f6e,True,1.0,left_only,True,P3_reverse_edge
4e222580e0f7a6b8,True,1.0,right_only,False,P3_reverse_edge
4e222580e0f7a6b8,True,1.0,right_only,False,P3_reverse_edge
939f964afacaca90,True,1.0,left_only,False,P3_reverse_edge
939f964afacaca90,True,1.0,left_only,False,P3_reverse_edge
970d2a69e69e0222,True,1.0,left_only,False,P2_add_edge
970d2a69e69e0222,True,1.0,left_only,False,P2_add_edge
a8faccc412d618f4,False,,left_only,False,P6_delete_path;P8_merge_internal_nodes;P8_merge_internal_nodes;P3_reverse_edge
a8faccc412d618f4,False,,left_only,False,P6_delete_path;P8_merge_internal_nodes;P8_merge_internal_nodes;P3_reverse_edge
c7991651448fa26d,True,3.0,left_only,False,P8_merge_internal_nodes;P8_merge_internal_nodes;P2_add_edge
c7991651448fa26d,True,3.0,left_only,False,P8_merge_internal_nodes;P8_merge_internal_nodes;P2_add_edge
c901173368173056,True,1.0,right_only,False,P3_reverse_edge
c901173368173056,False,,left_only,False,P8_merge_internal_nodes;P6_delete_path;P8_merge_internal_nodes;P8_merge_internal_nodes
e4f4f85261586267,False,,left_only,False,P6_delete_path;P1_remove_edge;P1_remove_edge;P8_merge_internal_nodes
e4f4f85261586267,True,2.0,right_only,False,P8_merge_internal_nodes;P8_merge_internal_nodes
f5e02243fe17432c,True,1.0,left_only,True,P3_reverse_edge
f5e02243fe17432c,True,1.0,left_only,True,P3_reverse_edge
17e289b3c332294d,True,1.0,left_only,True,P1_remove_edge
17e289b3c332294d,True,1.0,left_only,True,P1_remove_edge
30cf8098b2047150,True,1.0,left_only,True,P2_add_edge
30cf8098b2047150,True,1.0,left_only,True,P2_add_edge
4435072886c94aa8,True,1.0,left_only,False,P3_reverse_edge
4435072886c94aa8,True,1.0,left_only,False,P3_reverse_edge
78a056287cab4d7a,True,4.0,left_only,False,P8_merge_internal_nodes;P8_merge_internal_nodes;P8_merge_internal_nodes;P2_add_edge
78a056287cab4d7a,True,4.0,left_only,False,P8_merge_internal_nodes;P8_merge_internal_nodes;P8_merge_internal_nodes;P2_add_edge
7dfa1dffc285acf1,True,1.0,left_only,False,P3_reverse_edge
7dfa1dffc285acf1,True,1.0,left_only,False,P3_reverse_edge
9ba73e6751977abb,False,,left_only,False,P6_delete_path;P8_merge_internal_nodes;P6_delete_path;P2_add_edge
9ba73e6751977abb,False,,left_only,False,P6_delete_path;P8_merge_internal_nodes;P6_delete_path;P2_add_edge
fc0ef0d63ac6a111,True,3.0,left_only,False,P8_merge_internal_nodes;P8_merge_internal_nodes;P2_add_edge
fc0ef0d63ac6a111,True,3.0,left_only,False,P8_merge_internal_nodes;P8_merge_internal_nodes;P2_add_edge
1d0cdf54c289290f,True,1.0,left_only,False,P8_merge_internal_nodes
1d0cdf54c289290f,True,1.0,left_only,False,P8_merge_internal_nodes
63c9bcc3f1570df4,True,1.0,right_only,False,P2_add_edge
63c9bcc3f1570df4,True,2.0,right_only,False,P8_merge_internal_nodes;P2_add_edge
775d6f86f21aa07e,True,2.0,left_only,False,P8_merge_internal_nodes;P2_add_edge
775d6f86f21aa07e,True,2.0,left_only,False,P8_merge_internal_nodes;P2_add_edge
91e598a8ba5ae552,True,1.0,left_only,False,P3_reverse_edge
91e598a8ba5ae552,True,1.0,left_only,False,P3_reverse_edge
9a34b24908a2e282,True,1.0,left_only,True,P6_delete_path
9a34b24908a2e282,True,1.0,left_only,True,P6_delete_path
ab9c0e0c3c7a7e6f,False,,left_only,False,P6_delete_path;P6_delete_path;P1_remove_edge;P3_reverse_edge
ab9c0e0c3c7a7e6f,True,4.0,right_only,False,P11_swap_branches;P11_swap_branches;P8_merge_internal_nodes;P2_add_edge
b6fb5ff3f4269208,True,3.0,left_only,False,P8_merge_internal_nodes;P8_merge_internal_nodes;P8_merge_internal_nodes
b6fb5ff3f4269208,True,3.0,left_only,False,P8_merge_internal_nodes;P8_merge_internal_nodes;P8_merge_internal_nodes
b70200eecba73fae,True,1.0,left_only,False,P3_reverse_edge
b70200eecba73fae,True,1.0,left_only,False,P3_reverse_edge
20ce0fa312bc7124,True,1.0,right_only,False,P3_reverse_edge
20ce0fa312bc7124,False,,left_only,False,P1_remove_edge;P1_remove_edge;P8_merge_internal_nodes;P4_alpha_rename
25218f5687d29274,False,,left_only,False,P8_merge_internal_nodes;P6_delete_path;P1_remove_edge;P4_alpha_rename
25218f5687d29274,False,,left_only,False,P8_merge_internal_nodes;P6_delete_path;P1_remove_edge;P4_alpha_rename
50abdfca27d73898,True,1.0,left_only,False,P3_reverse_edge
50abdfca27d73898,True,1.0,left_only,False,P3_reverse_edge
693848cfd627416c,True,1.0,left_only,True,P3_reverse_edge
693848cfd627416c,True,1.0,left_only,True,P3_reverse_edge
cb6f9f05f1dba6c8,True,1.0,left_only,False,P8_merge_internal_nodes
cb6f9f05f1dba6c8,True,1.0,left_only,False,P8_merge_internal_nodes
e4734377bddbb032,True,1.0,left_only,False,P2_add_edge
e4734377bddbb032,True,1.0,left_only,False,P2_add_edge
efe94d049572c238,True,1.0,left_only,False,P2_add_edge
efe94d049572c238,True,1.0,left_only,False,P2_add_edge
03b5f399baaf191a,True,2.0,left_only,False,P6_delete_path;P2_add_edge
03b5f399baaf191a,True,2.0,left_only,False,P6_delete_path;P2_add_edge
790deb8b1a58a82f,True,1.0,left_only,False,P3_reverse_edge
790deb8b1a58a82f,True,1.0,left_only,False,P3_reverse_edge
bba6391b04c1fff7,True,4.0,left_only,False,P6_delete_path;P8_merge_internal_nodes;P8_merge_internal_nodes;P2_add_edge
bba6391b04c1fff7,True,4.0,left_only,False,P6_delete_path;P8_merge_internal_nodes;P8_merge_internal_nodes;P2_add_edge
ce568b41e555c521,False,,left_only,False,P6_delete_path;P6_delete_path;P8_merge_internal_nodes;P3_reverse_edge
ce568b41e555c521,True,2.0,right_only,False,P8_merge_internal_nodes;P2_add_edge
d8730d74142d945a,True,1.0,left_only,True,P1_remove_edge
d8730d74142d945a,True,1.0,left_only,True,P1_remove_edge
d91455e75ff999b6,True,1.0,left_only,False,P3_reverse_edge
d91455e75ff999b6,True,1.0,left_only,False,P3_reverse_edge
efa738fc4a4ac5cc,True,1.0,left_only,True,P2_add_edge
efa738fc4a4ac5cc,True,1.0,left_only,True,P2_add_edge
16c537f56d998e2f,False,,left_only,False,P6_delete_path;P8_merge_internal_nodes;P8_merge_internal_nodes;P3_reverse_edge
16c537f56d998e2f,False,,left_only,False,P6_delete_path;P8_merge_internal_nodes;P8_merge_internal_nodes;P3_reverse_edge
2bd93f4db6bf4ab6,True,1.0,right_only,False,P3_reverse_edge
2bd93f4db6bf4ab6,False,,left_only,False,P8_merge_internal_nodes;P8_merge_internal_nodes;P6_delete_path;P4_alpha_rename
35c37b63941c7713,True,1.0,left_only,False,P2_add_edge
35c37b63941c7713,True,1.0,left_only,False,P2_add_edge
3b0fd7ab34ba241e,True,1.0,left_only,False,P8_merge_internal_nodes
3b0fd7ab34ba241e,True,1.0,left_only,False,P8_merge_internal_nodes
3cb21b3cf01fbff1,False,,left_only,False,P6_delete_path;P6_delete_path;P1_remove_edge;P8_merge_internal_nodes
3cb21b3cf01fbff1,False,,left_only,False,P6_delete_path;P6_delete_path;P1_remove_edge;P8_merge_internal_nodes
9625036aa1b90fb6,True,3.0,left_only,False,P6_delete_path;P8_merge_internal_nodes;P2_add_edge
9625036aa1b90fb6,True,3.0,left_only,False,P6_delete_path;P8_merge_internal_nodes;P2_add_edge
aca0c0f8f9952ee3,False,,left_only,False,P6_delete_path;P6_delete_path;P1_remove_edge;P4_alpha_rename
aca0c0f8f9952ee3,False,,left_only,False,P6_delete_path;P6_delete_path;P1_remove_edge;P4_alpha_rename
f17ab7314f600b11,True,1.0,left_only,False,P3_reverse_edge
f17ab7314f600b11,True,1.0,left_only,False,P3_reverse_edge
01c8968fd0f30e16,True,3.0,right_only,False,P6_delete_path;P8_merge_internal_nodes;P2_add_edge
01c8968fd0f30e16,False,,left_only,False,P11_swap_branches;P1_remove_edge;P1_remove_edge;P4_alpha_rename
2484caa5d255d994,True,1.0,left_only,True,P6_delete_path
2484caa5d255d994,True,1.0,left_only,True,P6_delete_path
3f7e891e8ef49e9d,True,1.0,left_only,False,P8_merge_internal_nodes
3f7e891e8ef49e9d,True,1.0,left_only,False,P8_merge_internal_nodes
64d06954828e13e9,True,1.0,left_only,True,P6_delete_path
64d06954828e13e9,True,1.0,left_only,True,P6_delete_path
7461cd33e630797b,True,1.0,left_only,False,P2_add_edge
7461cd33e630797b,True,1.0,left_only,False,P2_add_edge
95924e6eb5919609,True,1.0,left_only,False,P3_reverse_edge
95924e6eb5919609,True,1.0,left_only,False,P3_reverse_edge
a83354d3cedbe160,True,1.0,right_only,False,P3_reverse_edge
a83354d3cedbe160,False,,left_only,False,P6_delete_path;P6_delete_path;P1_remove_edge;P4_alpha_rename
1ae4c786afa69918,False,,left_only,False,P6_delete_path;P1_remove_edge;P1_remove_edge;P8_merge_internal_nodes
1ae4c786afa69918,False,,left_only,False,P6_delete_path;P1_remove_edge;P1_remove_edge;P8_merge_internal_nodes
55596538d4de2784,False,,left_only,False,P6_delete_path;P6_delete_path;P8_merge_internal_nodes;P11_swap_branches
55596538d4de2784,False,,left_only,False,P6_delete_path;P6_delete_path;P8_merge_internal_nodes;P11_swap_branches
60d47367517a5a62,True,1.0,right_only,False,P8_merge_internal_nodes
60d47367517a5a62,False,,left_only,False,P6_delete_path;P6_delete_path;P1_remove_edge;P4_alpha_rename
695a9df52153f354,True,1.0,left_only,True,P6_delete_path
695a9df52153f354,True,1.0,left_only,True,P6_delete_path
9d8a4262ca9cfd4f,True,1.0,left_only,False,P3_reverse_edge
9d8a4262ca9cfd4f,True,1.0,left_only,False,P3_reverse_edge
aec33b85993bec38,True,1.0,right_only,False,P3_reverse_edge
aec33b85993bec38,False,,left_only,False,P6_delete_path;P8_merge_internal_nodes;P8_merge_internal_nodes;P3_reverse_edge
b2e7b5049005c23e,True,1.0,left_only,False,P2_add_edge
b2e7b5049005c23e,True,1.0,left_only,False,P2_add_edge
f91c1bf89522a3a0,True,1.0,left_only,False,P2_add_edge
f91c1bf89522a3a0,True,1.0,left_only,False,P2_add_edge
3248f0ab5394b3f7,True,1.0,left_only,False,P3_reverse_edge
3248f0ab5394b3f7,True,1.0,left_only,False,P3_reverse_edge
3a09fe2b6793a89f,True,1.0,left_only,False,P2_add_edge
3a09fe2b6793a89f,True,1.0,left_only,False,P2_add_edge
78fc0fa6fe1b7e3d,True,3.0,right_only,False,P6_delete_path;P8_merge_internal_nodes;P3_reverse_edge
78fc0fa6fe1b7e3d,False,,left_only,False,P6_delete_path;P1_remove_edge;P1_remove_edge;P3_reverse_edge
79edc1dfe73c6f19,True,1.0,right_only,False,P3_reverse_edge
79edc1dfe73c6f19,False,,left_only,False,P6_delete_path;P6_delete_path;P1_remove_edge;P4_alpha_rename
df2643b3b6ff4c31,False,,left_only,False,P6_delete_path;P6_delete_path;P1_remove_edge;P8_merge_internal_nodes
df2643b3b6ff4c31,False,,left_only,False,P6_delete_path;P6_delete_path;P1_remove_edge;P8_merge_internal_nodes
e7999c0055fa2dd5,True,1.0,left_only,False,P3_reverse_edge
e7999c0055fa2dd5,True,1.0,left_only,False,P3_reverse_edge
e9045f0f6ec24613,True,1.0,left_only,False,P2_add_edge
e9045f0f6ec24613,True,1.0,left_only,False,P2_add_edge
267e1d05ab9d988c,False,,left_only,False,P6_delete_path;P8_merge_internal_nodes;P8_merge_internal_nodes;P4_alpha_rename
267e1d05ab9d988c,True,1.0,right_only,False,P8_merge_internal_nodes
d34ee4c2c0f1cec7,True,1.0,left_only,False,P3_reverse_edge
d34ee4c2c0f1cec7,True,1.0,left_only,False,P3_reverse_edge
32a33cca94733276,True,1.0,left_only,False,P3_reverse_edge
32a33cca94733276,True,1.0,left_only,False,P3_reverse_edge
4b5cddf390319edb,True,1.0,right_only,False,P3_reverse_edge
4b5cddf390319edb,False,,left_only,False,P6_delete_path;P1_remove_edge;P1_remove_edge;P3_reverse_edge
50822c6173307e9a,True,1.0,left_only,True,P3_reverse_edge
50822c6173307e9a,True,1.0,left_only,True,P3_reverse_edge
66e9fe0ad7ab9685,True,1.0,left_only,False,P3_reverse_edge
66e9fe0ad7ab9685,True,1.0,left_only,False,P3_reverse_edge
7585f89f592aab2b,True,1.0,left_only,False,P2_add_edge
7585f89f592aab2b,True,1.0,left_only,False,P2_add_edge
915e5ea2e7f67f0e,True,1.0,left_only,False,P2_add_edge
915e5ea2e7f67f0e,True,1.0,left_only,False,P2_add_edge
b68c5f1fb75de82f,True,2.0,left_only,False,P8_merge_internal_nodes;P8_merge_internal_nodes
b68c5f1fb75de82f,True,2.0,left_only,False,P8_merge_internal_nodes;P8_merge_internal_nodes
c1187f49d8677fa0,False,,left_only,False,P8_merge_internal_nodes;P6_delete_path;P8_merge_internal_nodes;P8_merge_internal_nodes
c1187f49d8677fa0,False,,left_only,False,P8_merge_internal_nodes;P6_delete_path;P8_merge_internal_nodes;P8_merge_internal_nodes
f233f66a9c4585a5,True,2.0,left_only,False,P6_delete_path;P2_add_edge
f233f66a9c4585a5,True,2.0,left_only,False,P6_delete_path;P2_add_edge
f84de65bbeb3ccab,False,,left_only,False,P6_delete_path;P1_remove_edge;P1_remove_edge;P8_merge_internal_nodes
f84de65bbeb3ccab,False,,left_only,False,P6_delete_path;P1_remove_edge;P1_remove_edge;P8_merge_internal_nodes
12e01b638aad530d,True,1.0,left_only,False,P8_merge_internal_nodes
12e01b638aad530d,True,1.0,left_only,False,P8_merge_internal_nodes
6663bc4876a75531,True,1.0,left_only,False,P3_reverse_edge
6663bc4876a75531,True,1.0,left_only,False,P3_reverse_edge
6a8f5782706e1232,True,1.0,left_only,True,P2_add_edge
6a8f5782706e1232,True,1.0,left_only,True,P2_add_edge
75b39afa4648a41d,False,,left_only,False,P8_merge_internal_nodes;P6_delete_path;P8_merge_internal_nodes;P4_alpha_rename
75b39afa4648a41d,False,,left_only,False,P8_merge_internal_nodes;P6_delete_path;P8_merge_internal_nodes;P4_alpha_rename
93716563584676cd,True,1.0,left_only,False,P3_reverse_edge
93716563584676cd,True,1.0,left_only,False,P3_reverse_edge
dd0f36ef259210c8,True,1.0,left_only,True,P1_remove_edge
dd0f36ef259210c8,True,1.0,left_only,True,P1_remove_edge
dfcf64c41378966a,True,1.0,left_only,False,P3_reverse_edge
dfcf64c41378966a,True,1.0,left_only,False,P3_reverse_edge
f6a4cf3ed77b36bc,True,1.0,right_only,False,P8_merge_internal_nodes
f6a4cf3ed77b36bc,False,,left_only,False,P1_remove_edge;P1_remove_edge;P8_merge_internal_nodes;P4_alpha_rename
020fc7970debc94f,False,,left_only,False,P6_delete_path;P6_delete_path;P8_merge_internal_nodes;P4_alpha_rename
020fc7970debc94f,True,2.0,right_only,False,P8_merge_internal_nodes;P8_merge_internal_nodes
163cbdb6514059dd,True,1.0,right_only,False,P3_reverse_edge
163cbdb6514059dd,True,1.0,right_only,False,P3_reverse_edge
2e3f468c9e105a2b,True,2.0,left_only,False,P8_merge_internal_nodes;P2_add_edge
2e3f468c9e105a2b,True,2.0,left_only,False,P8_merge_internal_nodes;P2_add_edge
5c94e8378ab8a68e,True,1.0,left_only,True,P6_delete_path
5c94e8378ab8a68e,True,1.0,left_only,True,P6_delete_path
7ae83086e8564f38,True,1.0,right_only,False,P3_reverse_edge
7ae83086e8564f38,True,1.0,right_only,False,P3_reverse_edge
9a2845d35028b968,True,1.0,right_only,False,P3_reverse_edge
9a2845d35028b968,True,1.0,right_only,False,P3_reverse_edge
bd1b3c44f26b54cb,True,2.0,left_only,False,P8_merge_internal_nodes;P8_merge_internal_nodes
bd1b3c44f26b54cb,True,2.0,left_only,False,P8_merge_internal_nodes;P8_merge_internal_nodes
d1c86ceed85c0c86,False,,left_only,False,P6_delete_path;P1_remove_edge;P1_remove_edge;P8_merge_internal_nodes
d1c86ceed85c0c86,False,,left_only,False,P6_delete_path;P1_remove_edge;P1_remove_edge;P8_merge_internal_nodes
dc4f8558c415cdbb,True,1.0,right_only,False,P11_swap_branches
dc4f8558c415cdbb,False,,left_only,False,P6_delete_path;P6_delete_path;P1_remove_edge;P4_alpha_rename
e869d9adcb5cdf37,True,1.0,left_only,False,P3_reverse_edge
e869d9adcb5cdf37,True,1.0,left_only,False,P3_reverse_edge
f3f200976023b897,True,1.0,left_only,False,P8_merge_internal_nodes
f3f200976023b897,True,1.0,left_only,False,P8_merge_internal_nodes
1887a25ae7a473dc,True,1.0,right_only,False,P11_swap_branches
1887a25ae7a473dc,True,4.0,right_only,False,P8_merge_internal_nodes;P8_merge_internal_nodes;P8_merge_internal_nodes;P2_add_edge
21b834da31a44d01,True,1.0,left_only,False,P8_merge_internal_nodes
21b834da31a44d01,True,1.0,left_only,False,P8_merge_internal_nodes
298a004c1ba730c3,True,1.0,left_only,False,P3_reverse_edge
298a004c1ba730c3,True,1.0,left_only,False,P3_reverse_edge
4ee67d6b5bf2fad8,False,,left_only,False,P6_delete_path;P6_delete_path;P8_merge_internal_nodes;P8_merge_internal_nodes
4ee67d6b5bf2fad8,True,1.0,right_only,False,P3_reverse_edge
a66a5ad80a504934,True,1.0,left_only,False,P2_add_edge
a66a5ad80a504934,True,1.0,left_only,False,P2_add_edge
aa15fa050c3298e9,True,1.0,left_only,True,P8_merge_internal_nodes
aa15fa050c3298e9,True,1.0,left_only,True,P8_merge_internal_nodes
c31b1000b059ef5c,True,1.0,left_only,False,P3_reverse_edge
c31b1000b059ef5c,True,1.0,left_only,False,P3_reverse_edge
3baccd794ae907ef,True,1.0,left_only,False,P8_merge_internal_nodes
3baccd794ae907ef,True,1.0,left_only,False,P8_merge_internal_nodes
51596134e31be259,True,4.0,left_only,False,P6_delete_path;P8_merge_internal_nodes;P8_merge_internal_nodes;P2_add_edge
51596134e31be259,True,4.0,left_only,False,P6_delete_path;P8_merge_internal_nodes;P8_merge_internal_nodes;P2_add_edge
51e8740f909c88ad,False,,left_only,False,P8_merge_internal_nodes;P8_merge_internal_nodes;P1_remove_edge;P4_alpha_rename
51e8740f909c88ad,False,,left_only,False,P8_merge_internal_nodes;P8_merge_internal_nodes;P1_remove_edge;P4_alpha_rename
6bcf0d9e3c753d05,True,1.0,left_only,False,P2_add_edge
6bcf0d9e3c753d05,True,1.0,left_only,False,P2_add_edge
70f9ebddf09ebf04,True,1.0,left_only,False,P3_reverse_edge
70f9ebddf09ebf04,True,1.0,left_only,False,P3_reverse_edge
75dd5e62ad098e57,False,,left_only,False,P6_delete_path;P8_merge_internal_nodes;P8_merge_internal_nodes;P4_alpha_rename
75dd5e62ad098e57,False,,left_only,False,P6_delete_path;P8_merge_internal_nodes;P8_merge_internal_nodes;P4_alpha_rename
ab7bfb2581864a12,True,1.0,left_only,False,P3_reverse_edge
ab7bfb2581864a12,True,1.0,left_only,False,P3_reverse_edge
e31496b2ad042438,True,1.0,left_only,False,P2_add_edge
e31496b2ad042438,True,1.0,left_only,False,P2_add_edge
ec5d9eb826b6271f,True,1.0,left_only,False,P2_add_edge
ec5d9eb826b6271f,True,1.0,left_only,False,P2_add_edge
edab001865ad7fc8,True,1.0,left_only,False,P2_add_edge
edab001865ad7fc8,True,1.0,left_only,False,P2_add_edge
ff85de9c7d763b5b,False,,left_only,False,P8_merge_internal_nodes;P8_merge_internal_nodes;P6_delete_path;P8_merge_internal_nodes
ff85de9c7d763b5b,False,,left_only,False,P8_merge_internal_nodes;P8_merge_internal_nodes;P6_delete_path;P8_merge_internal_nodes
0075bb92efd32195,True,1.0,right_only,False,P8_merge_internal_nodes
0075bb92efd32195,False,,left_only,False,P6_delete_path;P8_merge_internal_nodes;P1_remove_edge;P8_merge_internal_nodes
01963a539f82eb4d,False,,left_only,False,P8_merge_internal_nodes;P6_delete_path;P8_merge_internal_nodes;P8_merge_internal_nodes
01963a539f82eb4d,False,,left_only,False,P8_merge_internal_nodes;P6_delete_path;P8_merge_internal_nodes;P8_merge_internal_nodes
12b2622546947e66,True,1.0,left_only,True,P6_delete_path
12b2622546947e66,True,1.0,left_only,True,P6_delete_path
a69b6cf50c8186da,True,2.0,right_only,False,P8_merge_internal_nodes;P2_add_edge
a69b6cf50c8186da,False,,left_only,False,P6_delete_path;P6_delete_path;P1_remove_edge;P3_reverse_edge
a92a0bbb08ede8ca,True,1.0,left_only,False,P8_merge_internal_nodes
a92a0bbb08ede8ca,True,1.0,left_only,False,P8_merge_internal_nodes
d259543a3b27a289,True,2.0,left_only,False,P8_merge_internal_nodes;P8_merge_internal_nodes
d259543a3b27a289,True,2.0,left_only,False,P8_merge_internal_nodes;P8_merge_internal_nodes
d94caddbb75215b3,False,,left_only,False,P6_delete_path;P8_merge_internal_nodes;P6_delete_path;P2_add_edge
d94caddbb75215b3,False,,left_only,False,P6_delete_path;P8_merge_internal_nodes;P6_delete_path;P2_add_edge
db84e9aeb0a907b8,True,2.0,left_only,False,P8_merge_internal_nodes;P2_add_edge
db84e9aeb0a907b8,True,2.0,left_only,False,P8_merge_internal_nodes;P2_add_edge
0c57eb6d78c86555,True,1.0,left_only,False,P3_reverse_edge
0c57eb6d78c86555,True,1.0,left_only,False,P3_reverse_edge
18832a1741342697,False,,left_only,False,P6_delete_path;P6_delete_path;P8_merge_internal_nodes;P11_swap_branches
18832a1741342697,False,,left_only,False,P6_delete_path;P6_delete_path;P8_merge_internal_nodes;P11_swap_branches
6a7c768bb733662b,True,1.0,right_only,False,P3_reverse_edge
6a7c768bb733662b,False,,left_only,False,P6_delete_path;P1_remove_edge;P1_remove_edge;P8_merge_internal_nodes
71041ceeac8e055f,False,,left_only,False,P8_merge_internal_nodes;P8_merge_internal_nodes;P1_remove_edge;P4_alpha_rename
71041ceeac8e055f,False,,left_only,False,P8_merge_internal_nodes;P8_merge_internal_nodes;P1_remove_edge;P4_alpha_rename
79840e0cfceb2634,True,1.0,left_only,False,P2_add_edge
79840e0cfceb2634,True,1.0,left_only,False,P2_add_edge
820712b00e76526f,True,2.0,right_only,False,P8_merge_internal_nodes;P3_reverse_edge
820712b00e76526f,False,,left_only,False,P8_merge_internal_nodes;P8_merge_internal_nodes;P1_remove_edge;P4_alpha_rename
85bd88404fb80da0,True,1.0,right_only,False,P3_reverse_edge
85bd88404fb80da0,False,,left_only,False,P6_delete_path;P6_delete_path;P8_merge_internal_nodes;P11_swap_branches
870d838329f0b33f,True,1.0,right_only,False,P11_swap_branches
870d838329f0b33f,False,,left_only,False,P6_delete_path;P6_delete_path;P8_merge_internal_nodes;P4_alpha_rename
8b3ea0be2f3b6a3d,True,1.0,left_only,False,P3_reverse_edge
8b3ea0be2f3b6a3d,True,1.0,left_only,False,P3_reverse_edge
c0310f827190f8ca,True,1.0,left_only,True,P6_delete_path
c0310f827190f8ca,True,1.0,left_only,True,P6_delete_path
fcad5c8d2d1b819a,True,1.0,left_only,False,P2_add_edge
fcad5c8d2d1b819a,True,1.0,left_only,False,P2_add_edge
1ad43b276f1b492d,True,2.0,left_only,False,P8_merge_internal_nodes;P3_reverse_edge
1ad43b276f1b492d,True,2.0,left_only,False,P8_merge_internal_nodes;P3_reverse_edge
409f6f665cc32738,True,1.0,left_only,True,P11_swap_branches
409f6f665cc32738,True,1.0,left_only,True,P11_swap_branches
68f90e93dae9b5fb,True,1.0,left_only,False,P3_reverse_edge
68f90e93dae9b5fb,True,1.0,left_only,False,P3_reverse_edge
7c0693e04c558e63,True,1.0,left_only,False,P3_reverse_edge
7c0693e04c558e63,True,1.0,left_only,False,P3_reverse_edge
819b92e001336f42,False,,left_only,False,P6_delete_path;P6_delete_path;P1_remove_edge;P8_merge_internal_nodes
819b92e001336f42,False,,left_only,False,P6_delete_path;P6_delete_path;P1_remove_edge;P8_merge_internal_nodes
93b596c3aa0ea50a,False,,left_only,False,P8_merge_internal_nodes;P8_merge_internal_nodes;P1_remove_edge;P8_merge_internal_nodes
93b596c3aa0ea50a,True,2.0,right_only,False,P8_merge_internal_nodes;P8_merge_internal_nodes
99ac6b2ff8b860b0,True,2.0,right_only,False,P6_delete_path;P2_add_edge
99ac6b2ff8b860b0,True,1.0,right_only,False,P3_reverse_edge
9d3930526e566071,True,3.0,right_only,False,P8_merge_internal_nodes;P8_merge_internal_nodes;P3_reverse_edge
9d3930526e566071,True,1.0,right_only,False,P3_reverse_edge
aa95f6825f45d357,True,2.0,left_only,False,P8_merge_internal_nodes;P2_add_edge
aa95f6825f45d357,True,2.0,left_only,False,P8_merge_internal_nodes;P2_add_edge
d58c3a0652610662,True,1.0,left_only,False,P2_add_edge
d58c3a0652610662,True,1.0,left_only,False,P2_add_edge
0002b39161df4061,True,1.0,left_only,True,P3_reverse_edge
0002b39161df4061,True,1.0,left_only,True,P3_reverse_edge
0961069fec03ff85,True,1.0,left_only,False,P2_add_edge
0961069fec03ff85,True,1.0,left_only,False,P2_add_edge
22f7ca722629e2c7,True,3.0,left_only,False,P6_delete_path;P8_merge_internal_nodes;P2_add_edge
22f7ca722629e2c7,True,3.0,left_only,False,P6_delete_path;P8_merge_internal_nodes;P2_add_edge
49ec1e1bad3b8644,True,1.0,right_only,False,P8_merge_internal_nodes
49ec1e1bad3b8644,False,,left_only,False,P8_merge_internal_nodes;P6_delete_path;P8_merge_internal_nodes;P11_swap_branches
5946d2fd389a788a,True,1.0,left_only,False,P3_reverse_edge
5946d2fd389a788a,True,1.0,left_only,False,P3_reverse_edge
a79778948941b933,False,,left_only,False,P6_delete_path;P8_merge_internal_nodes;P6_delete_path;P2_add_edge
a79778948941b933,False,,left_only,False,P6_delete_path;P8_merge_internal_nodes;P6_delete_path;P2_add_edge
ce655dbe4d6c414b,True,1.0,left_only,True,P6_delete_path
ce655dbe4d6c414b,True,1.0,left_only,True,P6_delete_path
dca5063f6d713be8,True,1.0,left_only,False,P3_reverse_edge
dca5063f6d713be8,True,1.0,left_only,False,P3_reverse_edge
eba78261a974dc47,True,1.0,left_only,False,P3_reverse_edge
eba78261a974dc47,True,1.0,left_only,False,P3_reverse_edge
303591b6605addb1,True,1.0,left_only,False,P3_reverse_edge
303591b6605addb1,True,1.0,left_only,False,P3_reverse_edge
67ce0638aba19a22,False,,left_only,False,P6_delete_path;P1_remove_edge;P8_merge_internal_nodes;P2_add_edge
67ce0638aba19a22,True,1.0,right_only,False,P3_reverse_edge
8671ca92de2cc639,True,1.0,left_only,False,P3_reverse_edge
8671ca92de2cc639,True,1.0,left_only,False,P3_reverse_edge
c25e25d519cf7fee,False,,left_only,False,P8_merge_internal_nodes;P8_merge_internal_nodes;P6_delete_path;P3_reverse_edge
c25e25d519cf7fee,False,,left_only,False,P8_merge_internal_nodes;P8_merge_internal_nodes;P6_delete_path;P3_reverse_edge
d9311a7efdc3d2d1,True,1.0,left_only,True,P6_delete_path
d9311a7efdc3d2d1,True,1.0,left_only,True,P6_delete_path
1f9c5109c2d9af59,True,1.0,left_only,False,P2_add_edge
1f9c5109c2d9af59,True,1.0,left_only,False,P2_add_edge
39fca43a4e009d13,True,1.0,left_only,True,P6_delete_path
39fca43a4e009d13,True,1.0,left_only,True,P6_delete_path
75dab016769e0f43,False,,left_only,False,P6_delete_path;P6_delete_path;P8_merge_internal_nodes;P2_add_edge
75dab016769e0f43,False,,left_only,False,P6_delete_path;P6_delete_path;P8_merge_internal_nodes;P2_add_edge
93c142b2a4c52935,True,1.0,left_only,False,P8_merge_internal_nodes
93c142b2a4c52935,True,1.0,left_only,False,P8_merge_internal_nodes
d9bf7427d46b9040,True,1.0,left_only,False,P3_reverse_edge
d9bf7427d46b9040,True,1.0,left_only,False,P3_reverse_edge
f4d81470ae001413,False,,left_only,False,P8_merge_internal_nodes;P6_delete_path;P8_merge_internal_nodes;P8_merge_internal_nodes
f4d81470ae001413,False,,left_only,False,P8_merge_internal_nodes;P6_delete_path;P8_merge_internal_nodes;P8_merge_internal_nodes
184bc5bc2d701bf8,True,1.0,left_only,False,P3_reverse_edge
184bc5bc2d701bf8,True,1.0,left_only,False,P3_reverse_edge
a47e03a95d815b23,True,1.0,left_only,False,P2_add_edge
a47e03a95d815b23,True,1.0,left_only,False,P2_add_edge
e103fd0d469698fb,True,2.0,left_only,False,P8_merge_internal_nodes;P8_merge_internal_nodes
e103fd0d469698fb,True,2.0,left_only,False,P8_merge_internal_nodes;P8_merge_internal_nodes
e24f0ad4dec57387,True,1.0,left_only,False,P8_merge_internal_nodes
e24f0ad4dec57387,True,1.0,left_only,False,P8_merge_internal_nodes
1a4f3eaebcc68d73,True,1.0,right_only,False,P3_reverse_edge
1a4f3eaebcc68d73,True,1.0,right_only,False,P11_swap_branches
31746e0d66255986,True,2.0,right_only,False,P8_merge_internal_nodes;P2_add_edge
31746e0d66255986,False,,left_only,False,P6_delete_path;P8_merge_internal_nodes;P1_remove_edge;P3_reverse_edge
7de572334dd160fc,True,2.0,left_only,False,P8_merge_internal_nodes;P2_add_edge
7de572334dd160fc,True,2.0,left_only,False,P8_merge_internal_nodes;P2_add_edge
d62062c30d38c995,False,,left_only,False,P6_delete_path;P6_delete_path;P8_merge_internal_nodes;P11_swap_branches
d62062c30d38c995,True,1.0,right_only,False,P8_merge_internal_nodes
dd24ab168765de64,True,1.0,left_only,False,P8_merge_internal_nodes
dd24ab168765de64,True,1.0,left_only,False,P8_merge_internal_nodes
275e896bf4cb93df,True,1.0,left_only,False,P8_merge_internal_nodes
275e896bf4cb93df,True,1.0,left_only,False,P8_merge_internal_nodes
444d4bc366976068,False,,left_only,False,P8_merge_internal_nodes;P8_merge_internal_nodes;P1_remove_edge;P4_alpha_rename
444d4bc366976068,False,,left_only,False,P8_merge_internal_nodes;P8_merge_internal_nodes;P1_remove_edge;P4_alpha_rename
45f7e0b6dcef908d,True,1.0,left_only,False,P3_reverse_edge
45f7e0b6dcef908d,True,1.0,left_only,False,P3_reverse_edge
706cf08a5049d81a,False,,left_only,False,P6_delete_path;P6_delete_path;P1_remove_edge;P3_reverse_edge
706cf08a5049d81a,False,,left_only,False,P6_delete_path;P6_delete_path;P1_remove_edge;P3_reverse_edge
2b387bae148b5b1a,True,1.0,left_only,True,P11_swap_branches
2b387bae148b5b1a,True,1.0,left_only,True,P11_swap_branches
6c13c877eb131a7f,True,1.0,right_only,False,P3_reverse_edge
6c13c877eb131a7f,False,,left_only,False,P8_merge_internal_nodes;P6_delete_path;P8_merge_internal_nodes;P8_merge_internal_nodes
727966235a4ec90a,True,1.0,left_only,False,P3_reverse_edge
727966235a4ec90a,True,1.0,left_only,False,P3_reverse_edge
cc78428b84f9c77d,True,1.0,left_only,True,P6_delete_path
cc78428b84f9c77d,True,1.0,left_only,True,P6_delete_path
35731fd683c2b40d,True,1.0,left_only,True,P1_remove_edge
35731fd683c2b40d,True,1.0,left_only,True,P1_remove_edge
66821197d414cec1,True,1.0,left_only,False,P11_swap_branches
66821197d414cec1,True,1.0,left_only,False,P11_swap_branches
af37d4d69fd7d015,True,1.0,right_only,False,P11_swap_branches
af37d4d69fd7d015,True,1.0,right_only,False,P8_merge_internal_nodes
d8a032e00c3e50f6,True,1.0,right_only,False,P2_add_edge
d8a032e00c3e50f6,False,,left_only,False,P11_swap_branches;P1_remove_edge;P1_remove_edge;P4_alpha_rename
020f7f853a61d2a5,True,1.0,left_only,False,P3_reverse_edge
020f7f853a61d2a5,True,1.0,left_only,False,P3_reverse_edge
477ed62913779ccb,True,1.0,left_only,True,P6_delete_path
477ed62913779ccb,True,1.0,left_only,True,P6_delete_path
b8112efe346c2103,True,1.0,left_only,True,P6_delete_path
b8112efe346c2103,True,1.0,left_only,True,P6_delete_path
14b5464d618b7780,True,1.0,left_only,True,P6_delete_path
14b5464d618b7780,True,1.0,left_only,True,P6_delete_path
453caed3274ea14f,True,1.0,left_only,True,P6_delete_path
453caed3274ea14f,True,1.0,left_only,True,P6_delete_path
49e60a26428108d0,True,1.0,left_only,True,P6_delete_path
49e60a26428108d0,True,1.0,left_only,True,P6_delete_path
72c40d7028571a6d,True,1.0,right_only,False,P3_reverse_edge
72c40d7028571a6d,True,3.0,right_only,False,P8_merge_internal_nodes;P8_merge_internal_nodes;P3_reverse_edge
adda5a44eeb78f05,True,1.0,right_only,False,P3_reverse_edge
adda5a44eeb78f05,True,2.0,right_only,False,P8_merge_internal_nodes;P8_merge_internal_nodes
bec8a25c1e8964d8,True,1.0,left_only,False,P8_merge_internal_nodes
bec8a25c1e8964d8,True,1.0,left_only,False,P8_merge_internal_nodes
d38965440f88d744,False,,left_only,False,P6_delete_path;P6_delete_path;P1_remove_edge;P3_reverse_edge
d38965440f88d744,True,1.0,right_only,False,P2_add_edge
ffcf7b7269b035e3,True,1.0,left_only,True,P1_remove_edge
ffcf7b7269b035e3,True,1.0,left_only,True,P1_remove_edge
30208bff9d7b4777,True,1.0,left_only,False,P2_add_edge
30208bff9d7b4777,True,1.0,left_only,False,P2_add_edge
905cc044d2f11f7e,True,2.0,left_only,False,P8_merge_internal_nodes;P2_add_edge
905cc044d2f11f7e,True,2.0,left_only,False,P8_merge_internal_nodes;P2_add_edge
9f61429b5a9a09da,True,1.0,left_only,False,P3_reverse_edge
9f61429b5a9a09da,True,1.0,left_only,False,P3_reverse_edge
1db13d3c15f32024,True,1.0,left_only,True,P6_delete_path
1db13d3c15f32024,True,1.0,left_only,True,P6_delete_path
20ba60e44044f987,True,1.0,left_only,True,P1_remove_edge
20ba60e44044f987,True,1.0,left_only,True,P1_remove_edge
73e0a1077aae63f6,True,1.0,left_only,False,P2_add_edge
73e0a1077aae63f6,True,1.0,left_only,False,P2_add_edge
a41037b2d482b57b,True,1.0,left_only,True,P6_delete_path
a41037b2d482b57b,True,1.0,left_only,True,P6_delete_path
b34302fee1684bb1,True,1.0,left_only,True,P6_delete_path
b34302fee1684bb1,True,1.0,left_only,True,P6_delete_path
fba61d948ac424a2,True,2.0,left_only,False,P8_merge_internal_nodes;P2_add_edge
fba61d948ac424a2,True,2.0,left_only,False,P8_merge_internal_nodes;P2_add_edge
5c55067dffc9ede0,False,,left_only,False,P8_merge_internal_nodes;P8_merge_internal_nodes;P8_merge_internal_nodes;P4_alpha_rename
5c55067dffc9ede0,False,,left_only,False,P8_merge_internal_nodes;P8_merge_internal_nodes;P8_merge_internal_nodes;P4_alpha_rename
23ff66bccc190bf8,True,1.0,left_only,True,P8_merge_internal_nodes
23ff66bccc190bf8,True,1.0,left_only,True,P8_merge_internal_nodes
e948b12c967f621b,True,1.0,left_only,False,P3_reverse_edge
e948b12c967f621b,True,1.0,left_only,False,P3_reverse_edge
1ae396282c7ef300,True,2.0,left_only,False,P8_merge_internal_nodes;P8_merge_internal_nodes
1ae396282c7ef300,True,2.0,left_only,False,P8_merge_internal_nodes;P8_merge_internal_nodes
3cd92f8b54bb0724,True,1.0,left_only,False,P8_merge_internal_nodes
3cd92f8b54bb0724,True,1.0,left_only,False,P8_merge_internal_nodes
62a874d0b403449c,True,1.0,left_only,False,P11_swap_branches
62a874d0b403449c,True,1.0,left_only,False,P11_swap_branches
8e5d1ff2953544fe,True,1.0,left_only,True,P6_delete_path
8e5d1ff2953544fe,True,1.0,left_only,True,P6_delete_path
7833f4a2541cfefe,True,1.0,left_only,False,P3_reverse_edge
7833f4a2541cfefe,True,1.0,left_only,False,P3_reverse_edge
81f85c879126ecee,True,1.0,right_only,False,P2_add_edge
81f85c879126ecee,True,1.0,right_only,False,P3_reverse_edge
875c52be041846c8,True,1.0,left_only,False,P2_add_edge
875c52be041846c8,True,1.0,left_only,False,P2_add_edge
9032bee791188bf6,True,1.0,left_only,False,P8_merge_internal_nodes
9032bee791188bf6,True,1.0,left_only,False,P8_merge_internal_nodes
aec1d025a7c8cadc,True,1.0,right_only,False,P8_merge_internal_nodes
aec1d025a7c8cadc,True,1.0,right_only,False,P8_merge_internal_nodes
086fd017905204a2,True,1.0,left_only,True,P6_delete_path
086fd017905204a2,True,1.0,left_only,True,P6_delete_path
15db7edd02fe8580,True,1.0,left_only,True,P6_delete_path
15db7edd02fe8580,True,1.0,left_only,True,P6_delete_path
362b6de213df9f67,True,1.0,left_only,True,P6_delete_path
362b6de213df9f67,True,1.0,left_only,True,P6_delete_path
648f95a006d64b8a,True,1.0,left_only,True,P8_merge_internal_nodes
648f95a006d64b8a,True,1.0,left_only,True,P8_merge_internal_nodes
665f357a9ee1a4d4,True,1.0,left_only,True,P6_delete_path
665f357a9ee1a4d4,True,1.0,left_only,True,P6_delete_path
6d15cb5ce5ffde8b,True,1.0,left_only,True,P1_remove_edge
6d15cb5ce5ffde8b,True,1.0,left_only,True,P1_remove_edge
e8de81867fec6836,True,1.0,left_only,False,P2_add_edge
e8de81867fec6836,True,1.0,left_only,False,P2_add_edge
f6499917f76b9cad,True,2.0,left_only,False,P11_swap_branches;P2_add_edge
f6499917f76b9cad,True,2.0,left_only,False,P11_swap_branches;P2_add_edge
54000b099d64ca49,True,1.0,left_only,True,P6_delete_path
54000b099d64ca49,True,1.0,left_only,True,P6_delete_path
56fb872112996a6a,True,1.0,left_only,True,P1_remove_edge
56fb872112996a6a,True,1.0,left_only,True,P1_remove_edge
cacb310f2e09a0dd,True,1.0,left_only,True,P1_remove_edge
cacb310f2e09a0dd,True,1.0,left_only,True,P1_remove_edge
f4acbdb5aeded86b,True,1.0,left_only,False,P2_add_edge
f4acbdb5aeded86b,True,1.0,left_only,False,P2_add_edge
077567325cccd3b1,True,1.0,left_only,False,P8_merge_internal_nodes
077567325cccd3b1,True,1.0,left_only,False,P8_merge_internal_nodes
49e64086134d5f68,True,1.0,left_only,True,P6_delete_path
49e64086134d5f68,True,1.0,left_only,True,P6_delete_path
9d2c5de3fca02e17,True,1.0,left_only,True,P6_delete_path
9d2c5de3fca02e17,True,1.0,left_only,True,P6_delete_path
9ed9d0204d1e2de6,True,1.0,left_only,False,P2_add_edge
9ed9d0204d1e2de6,True,1.0,left_only,False,P2_add_edge
a1abef07e56658dd,True,1.0,left_only,False,P8_merge_internal_nodes
a1abef07e56658dd,True,1.0,left_only,False,P8_merge_internal_nodes
bad75f8936100621,True,1.0,left_only,False,P8_merge_internal_nodes
bad75f8936100621,True,1.0,left_only,False,P8_merge_internal_nodes
0e143e6744034d6e,True,1.0,left_only,True,P6_delete_path
0e143e6744034d6e,True,1.0,left_only,True,P6_delete_path
236beb0ae491c676,True,1.0,left_only,True,P8_merge_internal_nodes
236beb0ae491c676,True,1.0,left_only,True,P8_merge_internal_nodes
8335e6cb51dcc7c9,True,1.0,left_only,True,P2_add_edge
8335e6cb51dcc7c9,True,1.0,left_only,True,P2_add_edge
a5139a445e104744,True,1.0,left_only,False,P11_swap_branches
a5139a445e104744,True,1.0,left_only,False,P11_swap_branches
05adc0d50f11cd6b,True,1.0,left_only,True,P3_reverse_edge
05adc0d50f11cd6b,True,1.0,left_only,True,P3_reverse_edge
4c3bc72cf61eee06,True,1.0,left_only,False,P3_reverse_edge
4c3bc72cf61eee06,True,1.0,left_only,False,P3_reverse_edge
89fe1994a342a713,True,1.0,left_only,False,P3_reverse_edge
89fe1994a342a713,True,1.0,left_only,False,P3_reverse_edge
b6886eff8778de9e,True,1.0,left_only,True,P2_add_edge
b6886eff8778de9e,True,1.0,left_only,True,P2_add_edge
26194cd4808aa51b,True,2.0,left_only,False,P11_swap_branches;P2_add_edge
26194cd4808aa51b,True,2.0,left_only,False,P11_swap_branches;P2_add_edge
78d6e19286583d34,True,1.0,left_only,True,P6_delete_path
78d6e19286583d34,True,1.0,left_only,True,P6_delete_path
c7cd3b1fd1524f85,True,1.0,left_only,True,P6_delete_path
c7cd3b1fd1524f85,True,1.0,left_only,True,P6_delete_path
fd2f6664d4d89ed3,True,1.0,left_only,True,P8_merge_internal_nodes
fd2f6664d4d89ed3,True,1.0,left_only,True,P8_merge_internal_nodes
3f6ce7e58e9f0eff,True,1.0,left_only,False,P6_delete_path
3f6ce7e58e9f0eff,True,1.0,left_only,False,P6_delete_path
789273306a9f68f4,True,1.0,left_only,True,P3_reverse_edge
789273306a9f68f4,True,1.0,left_only,True,P3_reverse_edge
5d9ac2aed18c8888,True,1.0,left_only,False,P3_reverse_edge
5d9ac2aed18c8888,True,1.0,left_only,False,P3_reverse_edge
83a0053c8bdacc22,True,1.0,left_only,True,P6_delete_path
83a0053c8bdacc22,True,1.0,left_only,True,P6_delete_path
1e22bd0554b3fb40,True,1.0,left_only,True,P8_merge_internal_nodes
1e22bd0554b3fb40,True,1.0,left_only,True,P8_merge_internal_nodes
2b45772c418f98d0,True,1.0,left_only,True,P6_delete_path
2b45772c418f98d0,True,1.0,left_only,True,P6_delete_path
6f2921884359553c,True,1.0,right_only,True,P8_merge_internal_nodes
6f2921884359553c,True,3.0,right_only,True,P6_delete_path;P8_merge_internal_nodes;P2_add_edge
c79f14a8b0a19379,True,1.0,left_only,True,P1_remove_edge
c79f14a8b0a19379,True,1.0,left_only,True,P1_remove_edge
c9c8228db1cea8e3,True,1.0,left_only,True,P8_merge_internal_nodes
c9c8228db1cea8e3,True,1.0,left_only,True,P8_merge_internal_nodes
d43b54e451ff8634,True,1.0,left_only,True,P2_add_edge
d43b54e451ff8634,True,1.0,left_only,True,P2_add_edge
1a640f47997922dc,True,1.0,left_only,True,P8_merge_internal_nodes
1a640f47997922dc,True,1.0,left_only,True,P8_merge_internal_nodes
254866c58ce013eb,True,1.0,left_only,True,P6_delete_path
254866c58ce013eb,True,1.0,left_only,True,P6_delete_path
47f55c29cfaa8049,True,1.0,left_only,True,P2_add_edge
47f55c29cfaa8049,True,1.0,left_only,True,P2_add_edge
637629121efabc70,True,1.0,left_only,True,P6_delete_path
637629121efabc70,True,1.0,left_only,True,P6_delete_path
f0ae0032f48e9ad9,True,2.0,left_only,True,P8_merge_internal_nodes;P2_add_edge
f0ae0032f48e9ad9,True,2.0,left_only,True,P8_merge_internal_nodes;P2_add_edge
3a13bfd114b1cbf8,True,1.0,left_only,True,P8_merge_internal_nodes
3a13bfd114b1cbf8,True,1.0,left_only,True,P8_merge_internal_nodes
65c22d615940cf57,True,1.0,right_only,False,P8_merge_internal_nodes
65c22d615940cf57,False,,left_only,False,P6_delete_path;P6_delete_path;P1_remove_edge;P4_alpha_rename
767775f7fe716e0b,True,1.0,left_only,True,P1_remove_edge
767775f7fe716e0b,True,1.0,left_only,True,P1_remove_edge
870cdc764fa66d02,True,1.0,left_only,True,P6_delete_path
870cdc764fa66d02,True,1.0,left_only,True,P6_delete_path
908819d3c7614b50,True,1.0,left_only,True,P8_merge_internal_nodes
908819d3c7614b50,True,1.0,left_only,True,P8_merge_internal_nodes
cc8c966d1f92cbfd,True,1.0,left_only,False,P1_remove_edge
cc8c966d1f92cbfd,True,1.0,left_only,False,P1_remove_edge
00936b6b636bc015,True,1.0,left_only,True,P8_merge_internal_nodes
00936b6b636bc015,True,1.0,left_only,True,P8_merge_internal_nodes
05aebe6e164eaf90,True,1.0,left_only,False,P8_merge_internal_nodes
05aebe6e164eaf90,True,1.0,left_only,False,P8_merge_internal_nodes
740db4f85bc8066f,True,1.0,left_only,True,P8_merge_internal_nodes
740db4f85bc8066f,True,1.0,left_only,True,P8_merge_internal_nodes
8060ad241da4cc19,True,1.0,left_only,True,P3_reverse_edge
8060ad241da4cc19,True,1.0,left_only,True,P3_reverse_edge
82459aed94986517,True,1.0,right_only,True,P8_merge_internal_nodes
82459aed94986517,True,1.0,right_only,True,P2_add_edge
c37e9257b5db5507,True,1.0,left_only,True,P8_merge_internal_nodes
c37e9257b5db5507,True,1.0,left_only,True,P8_merge_internal_nodes
d3272a4a1e704d68,True,1.0,left_only,True,P2_add_edge
d3272a4a1e704d68,True,1.0,left_only,True,P2_add_edge
e663c53c2caf0bd8,True,1.0,right_only,True,P3_reverse_edge
e663c53c2caf0bd8,True,2.0,right_only,True,P8_merge_internal_nodes;P2_add_edge
0755c2eb8c213677,True,1.0,left_only,True,P3_reverse_edge
0755c2eb8c213677,True,1.0,left_only,True,P3_reverse_edge
1396e91ba0293f39,True,1.0,left_only,True,P2_add_edge
1396e91ba0293f39,True,1.0,left_only,True,P2_add_edge
3942568ebd5eb8db,True,1.0,left_only,True,P3_reverse_edge
3942568ebd5eb8db,True,1.0,left_only,True,P3_reverse_edge
3e3ae35ba02ab249,True,1.0,left_only,True,P3_reverse_edge
3e3ae35ba02ab249,True,1.0,left_only,True,P3_reverse_edge
3f7ab9843f95651e,True,1.0,left_only,True,P6_delete_path
3f7ab9843f95651e,True,1.0,left_only,True,P6_delete_path
48c98eaeb47c6683,False,,left_only,True,P8_merge_internal_nodes;P8_merge_internal_nodes;P8_merge_internal_nodes;P4_alpha_rename
48c98eaeb47c6683,True,2.0,right_only,True,P6_delete_path;P3_reverse_edge
522253af50b7f228,True,1.0,left_only,True,P8_merge_internal_nodes
522253af50b7f228,True,1.0,left_only,True,P8_merge_internal_nodes
5d141836aa670fb8,True,1.0,left_only,True,P6_delete_path
5d141836aa670fb8,True,1.0,left_only,True,P6_delete_path
d8c7780a7c23aca4,True,1.0,left_only,True,P8_merge_internal_nodes
d8c7780a7c23aca4,True,1.0,left_only,True,P8_merge_internal_nodes
01056645f130ef71,True,1.0,left_only,True,P6_delete_path
01056645f130ef71,True,1.0,left_only,True,P6_delete_path
02d514e9ea446d65,True,3.0,right_only,True,P6_delete_path;P8_merge_internal_nodes;P2_add_edge
02d514e9ea446d65,True,1.0,right_only,True,P11_swap_branches
06e2ace14b074539,True,1.0,left_only,True,P8_merge_internal_nodes
06e2ace14b074539,True,1.0,left_only,True,P8_merge_internal_nodes
2cfefbd7db02084a,True,1.0,left_only,True,P8_merge_internal_nodes
2cfefbd7db02084a,True,1.0,left_only,True,P8_merge_internal_nodes
6050378ae3d1f574,True,1.0,left_only,True,P8_merge_internal_nodes
6050378ae3d1f574,True,1.0,left_only,True,P8_merge_internal_nodes
74c273b4ad25789f,True,1.0,left_only,True,P2_add_edge
74c273b4ad25789f,True,1.0,left_only,True,P2_add_edge
b2594fc2be5eea60,True,1.0,left_only,True,P3_reverse_edge
b2594fc2be5eea60,True,1.0,left_only,True,P3_reverse_edge
cada75286b3f0056,True,1.0,left_only,True,P8_merge_internal_nodes
cada75286b3f0056,True,1.0,left_only,True,P8_merge_internal_nodes
d5902d15bdffe594,True,1.0,left_only,True,P3_reverse_edge
d5902d15bdffe594,True,1.0,left_only,True,P3_reverse_edge
d83d0605245b810a,True,1.0,left_only,True,P6_delete_path
d83d0605245b810a,True,1.0,left_only,True,P6_delete_path
e867c6bf52d9b57a,True,1.0,left_only,True,P8_merge_internal_nodes
e867c6bf52d9b57a,True,1.0,left_only,True,P8_merge_internal_nodes
f46221d04f5bac89,True,1.0,left_only,True,P3_reverse_edge
f46221d04f5bac89,True,1.0,left_only,True,P3_reverse_edge
f4651d37de18d3a2,True,2.0,left_only,True,P8_merge_internal_nodes;P8_merge_internal_nodes
f4651d37de18d3a2,True,2.0,left_only,True,P8_merge_internal_nodes;P8_merge_internal_nodes
2ca2a1b64975c739,True,1.0,right_only,True,P2_add_edge
2ca2a1b64975c739,True,2.0,right_only,True,P8_merge_internal_nodes;P8_merge_internal_nodes
3517590aa219edf3,True,2.0,left_only,True,P8_merge_internal_nodes;P8_merge_internal_nodes
3517590aa219edf3,True,2.0,left_only,True,P8_merge_internal_nodes;P8_merge_internal_nodes
37a2778aa2c10a05,True,1.0,left_only,False,P1_remove_edge
37a2778aa2c10a05,True,1.0,left_only,False,P1_remove_edge
384b6be6540fdc55,True,2.0,left_only,True,P8_merge_internal_nodes;P2_add_edge
384b6be6540fdc55,True,2.0,left_only,True,P8_merge_internal_nodes;P2_add_edge
3a91a2ed615ac19c,True,1.0,left_only,True,P3_reverse_edge
3a91a2ed615ac19c,True,1.0,left_only,True,P3_reverse_edge
5a405e514d4554ea,True,1.0,left_only,False,P1_remove_edge
5a405e514d4554ea,True,1.0,left_only,False,P1_remove_edge
6d7269c3021b1fd9,True,1.0,left_only,True,P6_delete_path
6d7269c3021b1fd9,True,1.0,left_only,True,P6_delete_path
72e3111bf62267ff,True,1.0,left_only,True,P2_add_edge
72e3111bf62267ff,True,1.0,left_only,True,P2_add_edge
21ddbb3a4e085e8a,True,1.0,left_only,True,P6_delete_path
21ddbb3a4e085e8a,True,1.0,left_only,True,P6_delete_path
6148d95ae2ff452c,True,1.0,left_only,True,P8_merge_internal_nodes
6148d95ae2ff452c,True,1.0,left_only,True,P8_merge_internal_nodes
9ab412be63f4a9ee,True,1.0,left_only,True,P1_remove_edge
9ab412be63f4a9ee,True,1.0,left_only,True,P1_remove_edge
a8b94d55144b9a8e,True,1.0,left_only,True,P1_remove_edge
a8b94d55144b9a8e,True,1.0,left_only,True,P1_remove_edge
c53822f9dcb1c4e7,True,1.0,right_only,False,P3_reverse_edge
c53822f9dcb1c4e7,True,2.0,right_only,False,P6_delete_path;P3_reverse_edge
e8c8be80f133ca5f,True,1.0,left_only,True,P6_delete_path
e8c8be80f133ca5f,True,1.0,left_only,True,P6_delete_path
f9d5283f6534f160,True,1.0,left_only,True,P3_reverse_edge
f9d5283f6534f160,True,1.0,left_only,True,P3_reverse_edge
07328633e416da56,True,1.0,left_only,True,P6_delete_path
07328633e416da56,True,1.0,left_only,True,P6_delete_path
29c7c2d5b153080f,True,1.0,left_only,True,P8_merge_internal_nodes
29c7c2d5b153080f,True,1.0,left_only,True,P8_merge_internal_nodes
491ca18b0b67a4d0,True,1.0,left_only,False,P6_delete_path
491ca18b0b67a4d0,True,1.0,left_only,False,P6_delete_path
580edb407508220e,True,1.0,left_only,True,P2_add_edge
580edb407508220e,True,1.0,left_only,True,P2_add_edge
6325528709ddc79c,True,1.0,left_only,True,P6_delete_path
6325528709ddc79c,True,1.0,left_only,True,P6_delete_path
991367e8923f3bd4,True,1.0,left_only,True,P3_reverse_edge
991367e8923f3bd4,True,1.0,left_only,True,P3_reverse_edge
afb4ef6b0624be47,True,1.0,left_only,True,P6_delete_path
afb4ef6b0624be47,True,1.0,left_only,True,P6_delete_path
b4b0654b492609dd,True,1.0,left_only,True,P2_add_edge
b4b0654b492609dd,True,1.0,left_only,True,P2_add_edge
e256a234c710a519,True,1.0,left_only,True,P3_reverse_edge
e256a234c710a519,True,1.0,left_only,True,P3_reverse_edge
e6801aded2cc12e5,True,1.0,left_only,True,P6_delete_path
e6801aded2cc12e5,True,1.0,left_only,True,P6_delete_path
22aaf5c1c5000f4a,True,2.0,right_only,True,P8_merge_internal_nodes;P2_add_edge
22aaf5c1c5000f4a,True,1.0,right_only,True,P8_merge_internal_nodes
4bba1b9b2b3ce8c0,True,1.0,left_only,True,P2_add_edge
4bba1b9b2b3ce8c0,True,1.0,left_only,True,P2_add_edge
55768f76722199fa,True,1.0,left_only,True,P2_add_edge
55768f76722199fa,True,1.0,left_only,True,P2_add_edge
75cf997a8ea90d4a,True,1.0,left_only,True,P8_merge_internal_nodes
75cf997a8ea90d4a,True,1.0,left_only,True,P8_merge_internal_nodes
76e2f188461d1ded,True,1.0,left_only,True,P6_delete_path
76e2f188461d1ded,True,1.0,left_only,True,P6_delete_path
82cb9d69b50a2669,True,1.0,left_only,True,P3_reverse_edge
82cb9d69b50a2669,True,1.0,left_only,True,P3_reverse_edge
9a836da84f4aa898,True,1.0,left_only,True,P2_add_edge
9a836da84f4aa898,True,1.0,left_only,True,P2_add_edge
c55df85c454ce966,True,1.0,left_only,True,P6_delete_path
c55df85c454ce966,True,1.0,left_only,True,P6_delete_path
e7b53a0abee530b5,True,1.0,left_only,True,P8_merge_internal_nodes
e7b53a0abee530b5,True,1.0,left_only,True,P8_merge_internal_nodes
f2885dafa1391fc9,True,1.0,right_only,True,P8_merge_internal_nodes
f2885dafa1391fc9,True,2.0,right_only,True,P11_swap_branches;P2_add_edge
f88514d26db6a359,True,1.0,left_only,True,P3_reverse_edge
f88514d26db6a359,True,1.0,left_only,True,P3_reverse_edge
fa309145a213efb6,True,1.0,left_only,True,P6_delete_path
fa309145a213efb6,True,1.0,left_only,True,P6_delete_path
fea82713cde5a4ce,True,1.0,left_only,True,P2_add_edge
fea82713cde5a4ce,True,1.0,left_only,True,P2_add_edge
11067e9ee392f365,True,1.0,left_only,True,P6_delete_path
11067e9ee392f365,True,1.0,left_only,True,P6_delete_path
20c17a164aff860a,True,1.0,left_only,True,P3_reverse_edge
20c17a164aff860a,True,1.0,left_only,True,P3_reverse_edge
6b4ade50f163f3eb,True,1.0,left_only,True,P8_merge_internal_nodes
6b4ade50f163f3eb,True,1.0,left_only,True,P8_merge_internal_nodes
7f64f41dd3ccffc9,True,1.0,left_only,True,P3_reverse_edge
7f64f41dd3ccffc9,True,1.0,left_only,True,P3_reverse_edge
daae47212a4b7ad6,True,1.0,left_only,True,P3_reverse_edge
daae47212a4b7ad6,True,1.0,left_only,True,P3_reverse_edge
19d02a084389edb9,True,1.0,left_only,True,P2_add_edge
19d02a084389edb9,True,1.0,left_only,True,P2_add_edge
1b22131d18231bae,True,4.0,left_only,True,P8_merge_internal_nodes;P8_merge_internal_nodes;P8_merge_internal_nodes;P2_add_edge
1b22131d18231bae,True,4.0,left_only,True,P8_merge_internal_nodes;P8_merge_internal_nodes;P8_merge_internal_nodes;P2_add_edge
36408538cc55159e,True,1.0,left_only,True,P8_merge_internal_nodes
36408538cc55159e,True,1.0,left_only,True,P8_merge_internal_nodes
57fe66fb24a13b91,True,1.0,left_only,False,P3_reverse_edge
57fe66fb24a13b91,True,1.0,left_only,False,P3_reverse_edge
6299074455827443,True,1.0,left_only,True,P3_reverse_edge
6299074455827443,True,1.0,left_only,True,P3_reverse_edge
8b0a6f549e36f591,True,1.0,left_only,True,P8_merge_internal_nodes
8b0a6f549e36f591,True,1.0,left_only,True,P8_merge_internal_nodes
a1cc7d298dcdac37,True,1.0,left_only,False,P1_remove_edge
a1cc7d298dcdac37,True,1.0,left_only,False,P1_remove_edge
ead610af2d943b96,True,1.0,left_only,True,P6_delete_path
ead610af2d943b96,True,1.0,left_only,True,P6_delete_path
01e7c5204a45bc0e,True,1.0,right_only,True,P3_reverse_edge
01e7c5204a45bc0e,True,1.0,right_only,True,P2_add_edge
1af7e1815054c7e2,True,2.0,left_only,True,P8_merge_internal_nodes;P2_add_edge
1af7e1815054c7e2,True,2.0,left_only,True,P8_merge_internal_nodes;P2_add_edge
2c703ec0fa5ce328,True,4.0,left_only,True,P8_merge_internal_nodes;P6_delete_path;P8_merge_internal_nodes;P2_add_edge
2c703ec0fa5ce328,True,4.0,left_only,True,P8_merge_internal_nodes;P6_delete_path;P8_merge_internal_nodes;P2_add_edge
404523787f34a62b,True,1.0,left_only,True,P2_add_edge
404523787f34a62b,True,1.0,left_only,True,P2_add_edge
6a26f58bc555a074,True,1.0,left_only,True,P1_remove_edge
6a26f58bc555a074,True,1.0,left_only,True,P1_remove_edge
6aee6138df63cb31,True,1.0,left_only,True,P1_remove_edge
6aee6138df63cb31,True,1.0,left_only,True,P1_remove_edge
957f9583418b507e,True,1.0,left_only,True,P3_reverse_edge
957f9583418b507e,True,1.0,left_only,True,P3_reverse_edge
96587f530be77631,True,1.0,left_only,True,P3_reverse_edge
96587f530be77631,True,1.0,left_only,True,P3_reverse_edge
9c96bfafe046c408,True,1.0,right_only,False,P2_add_edge
9c96bfafe046c408,False,,left_only,False,P6_delete_path;P8_merge_internal_nodes;P8_merge_internal_nodes;P3_reverse_edge
a077bdaf8052e43d,True,1.0,left_only,True,P1_remove_edge
a077bdaf8052e43d,True,1.0,left_only,True,P1_remove_edge
adf266573bf7109d,True,1.0,left_only,True,P8_merge_internal_nodes
adf266573bf7109d,True,1.0,left_only,True,P8_merge_internal_nodes
b2bfaa0a47cdef1d,True,2.0,left_only,True,P8_merge_internal_nodes;P2_add_edge
b2bfaa0a47cdef1d,True,2.0,left_only,True,P8_merge_internal_nodes;P2_add_edge
ef71571ac29769f5,True,1.0,left_only,True,P3_reverse_edge
ef71571ac29769f5,True,1.0,left_only,True,P3_reverse_edge
f66221685d26ff9e,True,1.0,left_only,True,P6_delete_path
f66221685d26ff9e,True,1.0,left_only,True,P6_delete_path
f72d5ad2a173fdd9,True,1.0,left_only,True,P2_add_edge
f72d5ad2a173fdd9,True,1.0,left_only,True,P2_add_edge
170b4ea24331c5a4,True,1.0,left_only,True,P8_merge_internal_nodes
170b4ea24331c5a4,True,1.0,left_only,True,P8_merge_internal_nodes
83804df1e043a1c3,True,1.0,left_only,True,P8_merge_internal_nodes
83804df1e043a1c3,True,1.0,left_only,True,P8_merge_internal_nodes
856892f28835ca79,True,2.0,left_only,True,P8_merge_internal_nodes;P2_add_edge
856892f28835ca79,True,2.0,left_only,True,P8_merge_internal_nodes;P2_add_edge
d2338702ddaa5623,True,1.0,left_only,True,P3_reverse_edge
d2338702ddaa5623,True,1.0,left_only,True,P3_reverse_edge
6ac80d0c2d693821,True,1.0,left_only,True,P2_add_edge
6ac80d0c2d693821,True,1.0,left_only,True,P2_add_edge
82fad9e9200b3eb3,True,1.0,left_only,False,P6_delete_path
82fad9e9200b3eb3,True,1.0,left_only,False,P6_delete_path
918d9935932a3fea,True,3.0,left_only,False,P6_delete_path;P8_merge_internal_nodes;P2_add_edge
918d9935932a3fea,True,3.0,left_only,False,P6_delete_path;P8_merge_internal_nodes;P2_add_edge
c30b3b741db499ae,True,1.0,left_only,True,P8_merge_internal_nodes
c30b3b741db499ae,True,1.0,left_only,True,P8_merge_internal_nodes
d34283f682fb5db5,True,1.0,left_only,False,P1_remove_edge
d34283f682fb5db5,True,1.0,left_only,False,P1_remove_edge
dabe6be0e260b262,True,1.0,left_only,True,P11_swap_branches
dabe6be0e260b262,True,1.0,left_only,True,P11_swap_branches
dcb88b59b4e1e470,True,1.0,left_only,True,P6_delete_path
dcb88b59b4e1e470,True,1.0,left_only,True,P6_delete_path
0bd443680d8bc298,True,1.0,left_only,True,P6_delete_path
0bd443680d8bc298,True,1.0,left_only,True,P6_delete_path
0f44f2627e455894,False,,left_only,True,P8_merge_internal_nodes;P6_delete_path;P8_merge_internal_nodes;P4_alpha_rename
0f44f2627e455894,True,1.0,right_only,True,P2_add_edge
34ad32a5b977f6a7,True,1.0,left_only,False,P6_delete_path
34ad32a5b977f6a7,True,1.0,left_only,False,P6_delete_path
60f7a80a7ffe3d1a,True,1.0,right_only,False,P3_reverse_edge
60f7a80a7ffe3d1a,False,,left_only,False,P6_delete_path;P6_delete_path;P1_remove_edge;P3_reverse_edge
9d17e7b97f8c8dc6,True,1.0,left_only,True,P6_delete_path
9d17e7b97f8c8dc6,True,1.0,left_only,True,P6_delete_path
a78668044e13a686,True,1.0,left_only,True,P8_merge_internal_nodes
a78668044e13a686,True,1.0,left_only,True,P8_merge_internal_nodes
b6f70aaec077d500,True,1.0,left_only,True,P8_merge_internal_nodes
b6f70aaec077d500,True,1.0,left_only,True,P8_merge_internal_nodes
d221d9b5e05b2607,True,1.0,left_only,False,P1_remove_edge
d221d9b5e05b2607,True,1.0,left_only,False,P1_remove_edge
d607429e8a09d1b8,True,1.0,left_only,False,P6_delete_path
d607429e8a09d1b8,True,1.0,left_only,False,P6_delete_path
d7be5ca6c386bbdd,True,1.0,left_only,True,P1_remove_edge
d7be5ca6c386bbdd,True,1.0,left_only,True,P1_remove_edge
e69efc5f799ffa48,True,1.0,left_only,False,P6_delete_path
e69efc5f799ffa48,True,1.0,left_only,False,P6_delete_path
04218f1a6e23777f,True,1.0,left_only,True,P8_merge_internal_nodes
04218f1a6e23777f,True,1.0,left_only,True,P8_merge_internal_nodes
141984ff137158d6,False,,left_only,False,P6_delete_path;P8_merge_internal_nodes;P1_remove_edge;P8_merge_internal_nodes
141984ff137158d6,False,,left_only,False,P6_delete_path;P8_merge_internal_nodes;P1_remove_edge;P8_merge_internal_nodes
30457c48f4bf11da,True,1.0,left_only,False,P6_delete_path
30457c48f4bf11da,True,1.0,left_only,False,P6_delete_path
325347815665d8a9,True,1.0,left_only,True,P1_remove_edge
325347815665d8a9,True,1.0,left_only,True,P1_remove_edge
39a1498ac731e5d3,True,1.0,left_only,False,P6_delete_path
39a1498ac731e5d3,True,1.0,left_only,False,P6_delete_path
39a917e19d927110,True,1.0,left_only,False,P3_reverse_edge
39a917e19d927110,True,1.0,left_only,False,P3_reverse_edge
4955c64e148a70f2,True,1.0,left_only,False,P6_delete_path
4955c64e148a70f2,True,1.0,left_only,False,P6_delete_path
5edcc351475cdf02,True,4.0,left_only,True,P8_merge_internal_nodes;P8_merge_internal_nodes;P8_merge_internal_nodes;P2_add_edge
5edcc351475cdf02,True,4.0,left_only,True,P8_merge_internal_nodes;P8_merge_internal_nodes;P8_merge_internal_nodes;P2_add_edge
8d384d5d5c2dfb69,True,1.0,left_only,True,P8_merge_internal_nodes
8d384d5d5c2dfb69,True,1.0,left_only,True,P8_merge_internal_nodes
adc608b7896bb705,True,1.0,left_only,True,P6_delete_path
adc608b7896bb705,True,1.0,left_only,True,P6_delete_path
b89d1821974d0f4b,True,1.0,left_only,True,P2_add_edge
b89d1821974d0f4b,True,1.0,left_only,True,P2_add_edge
bcea12b37895f54f,True,1.0,left_only,True,P6_delete_path
bcea12b37895f54f,True,1.0,left_only,True,P6_delete_path
d70b2d638b366fe2,True,2.0,left_only,True,P6_delete_path;P1_remove_edge
d70b2d638b366fe2,True,2.0,left_only,True,P6_delete_path;P1_remove_edge
e98db7bb226cdbaa,True,2.0,left_only,True,P8_merge_internal_nodes;P2_add_edge
e98db7bb226cdbaa,True,2.0,left_only,True,P8_merge_internal_nodes;P2_add_edge
f54f46e216891a7b,True,1.0,left_only,True,P8_merge_internal_nodes
f54f46e216891a7b,True,1.0,left_only,True,P8_merge_internal_nodes
0ee90c9aa518812d,True,1.0,left_only,True,P6_delete_path
0ee90c9aa518812d,True,1.0,left_only,True,P6_delete_path
2f10f682ed11029b,True,1.0,left_only,False,P6_delete_path
2f10f682ed11029b,True,1.0,left_only,False,P6_delete_path
46434ed840c2c19b,True,1.0,left_only,True,P8_merge_internal_nodes
46434ed840c2c19b,True,1.0,left_only,True,P8_merge_internal_nodes
55e25390138dc623,True,1.0,left_only,True,P2_add_edge
55e25390138dc623,True,1.0,left_only,True,P2_add_edge
72583b260a68e20a,True,1.0,left_only,False,P6_delete_path
72583b260a68e20a,True,1.0,left_only,False,P6_delete_path
77675054447de0e7,True,2.0,left_only,False,P8_merge_internal_nodes;P2_add_edge
77675054447de0e7,True,2.0,left_only,False,P8_merge_internal_nodes;P2_add_edge
c0a9debff24c409a,True,1.0,left_only,True,P8_merge_internal_nodes
c0a9debff24c409a,True,1.0,left_only,True,P8_merge_internal_nodes
d673ea2307885c33,True,1.0,left_only,False,P6_delete_path
d673ea2307885c33,True,1.0,left_only,False,P6_delete_path
f0040bd7d3375fef,True,1.0,left_only,True,P8_merge_internal_nodes
f0040bd7d3375fef,True,1.0,left_only,True,P8_merge_internal_nodes
f4882fcff54fc3e4,True,1.0,left_only,True,P3_reverse_edge
f4882fcff54fc3e4,True,1.0,left_only,True,P3_reverse_edge
f8c63ef0ad84e779,False,,left_only,False,P6_delete_path;P8_merge_internal_nodes;P6_delete_path;P2_add_edge
f8c63ef0ad84e779,False,,left_only,False,P6_delete_path;P8_merge_internal_nodes;P6_delete_path;P2_add_edge
06596913c7cf0e07,False,,left_only,False,P6_delete_path;P8_merge_internal_nodes;P1_remove_edge;P8_merge_internal_nodes
06596913c7cf0e07,False,,left_only,False,P6_delete_path;P8_merge_internal_nodes;P1_remove_edge;P8_merge_internal_nodes
073f492ba2e9546b,True,1.0,left_only,True,P3_reverse_edge
073f492ba2e9546b,True,1.0,left_only,True,P3_reverse_edge
0a57e15f8278a066,True,1.0,left_only,False,P6_delete_path
0a57e15f8278a066,True,1.0,left_only,False,P6_delete_path
0a6d6208603728dd,True,2.0,left_only,False,P8_merge_internal_nodes;P8_merge_internal_nodes
0a6d6208603728dd,True,2.0,left_only,False,P8_merge_internal_nodes;P8_merge_internal_nodes
318970c387b9e81a,True,2.0,right_only,False,P8_merge_internal_nodes;P2_add_edge
318970c387b9e81a,True,1.0,right_only,False,P2_add_edge
343f4579493bdd5b,True,2.0,right_only,True,P8_merge_internal_nodes;P2_add_edge
343f4579493bdd5b,True,1.0,right_only,True,P8_merge_internal_nodes
38b8e8007fa9161a,True,1.0,left_only,False,P1_remove_edge
38b8e8007fa9161a,True,1.0,left_only,False,P1_remove_edge
3c0317bf2ed55193,True,1.0,left_only,True,P6_delete_path
3c0317bf2ed55193,True,1.0,left_only,True,P6_delete_path
429afd28f828374f,True,1.0,right_only,True,P8_merge_internal_nodes
429afd28f828374f,True,1.0,right_only,True,P2_add_edge
5118d86abab1c84e,True,1.0,left_only,False,P3_reverse_edge
5118d86abab1c84e,True,1.0,left_only,False,P3_reverse_edge
53b16c30a7f9d314,True,1.0,left_only,False,P6_delete_path
53b16c30a7f9d314,True,1.0,left_only,False,P6_delete_path
5aaf14bb81bc04dc,True,1.0,left_only,False,P3_reverse_edge
5aaf14bb81bc04dc,True,1.0,left_only,False,P3_reverse_edge
5aea6c574094cdfc,True,1.0,left_only,True,P1_remove_edge
5aea6c574094cdfc,True,1.0,left_only,True,P1_remove_edge
5c81ea6efb0368ff,True,3.0,right_only,False,P6_delete_path;P8_merge_internal_nodes;P3_reverse_edge
5c81ea6efb0368ff,False,,left_only,False,P6_delete_path;P8_merge_internal_nodes;P6_delete_path;P2_add_edge
67a98a0c21baeca2,True,1.0,left_only,True,P3_reverse_edge
67a98a0c21baeca2,True,1.0,left_only,True,P3_reverse_edge
6f1556a192bb96d8,True,1.0,left_only,False,P2_add_edge
6f1556a192bb96d8,True,1.0,left_only,False,P2_add_edge
74518dbc6b5920fb,True,2.0,left_only,True,P8_merge_internal_nodes;P8_merge_internal_nodes
74518dbc6b5920fb,True,2.0,left_only,True,P8_merge_internal_nodes;P8_merge_internal_nodes
9a78a83728d8b9b9,True,2.0,left_only,True,P8_merge_internal_nodes;P2_add_edge
9a78a83728d8b9b9,True,2.0,left_only,True,P8_merge_internal_nodes;P2_add_edge
add0401001168563,True,1.0,left_only,True,P8_merge_internal_nodes
add0401001168563,True,1.0,left_only,True,P8_merge_internal_nodes
bd692552ba39df25,True,1.0,left_only,True,P6_delete_path
bd692552ba39df25,True,1.0,left_only,True,P6_delete_path
de373ef2829d3135,True,2.0,left_only,True,P6_delete_path;P6_delete_path
de373ef2829d3135,True,2.0,left_only,True,P6_delete_path;P6_delete_path
e33475a06a60c7f8,True,1.0,left_only,False,P3_reverse_edge
e33475a06a60c7f8,True,1.0,left_only,False,P3_reverse_edge
19a350797da49c63,True,1.0,left_only,False,P8_merge_internal_nodes
19a350797da49c63,True,1.0,left_only,False,P8_merge_internal_nodes
4a580ea2abd543b8,True,1.0,left_only,True,P6_delete_path
4a580ea2abd543b8,True,1.0,left_only,True,P6_delete_path
6ee41ef1f6a0a3c0,True,1.0,left_only,True,P2_add_edge
6ee41ef1f6a0a3c0,True,1.0,left_only,True,P2_add_edge
908f8edb3f79affa,True,1.0,left_only,True,P6_delete_path
908f8edb3f79affa,True,1.0,left_only,True,P6_delete_path
a442dd32e1e1c430,True,1.0,left_only,True,P6_delete_path
a442dd32e1e1c430,True,1.0,left_only,True,P6_delete_path
bb5a0375ea02f1d5,True,2.0,left_only,True,P8_merge_internal_nodes;P8_merge_internal_nodes
bb5a0375ea02f1d5,True,2.0,left_only,True,P8_merge_internal_nodes;P8_merge_internal_nodes
ce57ef12c4a6419a,True,4.0,left_only,True,P11_swap_branches;P11_swap_branches;P8_merge_internal_nodes;P2_add_edge
ce57ef12c4a6419a,True,4.0,left_only,True,P11_swap_branches;P11_swap_branches;P8_merge_internal_nodes;P2_add_edge
dc1cf62e6e94708a,True,1.0,left_only,False,P6_delete_path
dc1cf62e6e94708a,True,1.0,left_only,False,P6_delete_path
f053f95ac28e0b8b,True,1.0,left_only,False,P8_merge_internal_nodes
f053f95ac28e0b8b,True,1.0,left_only,False,P8_merge_internal_nodes
1a066aff2833ad6d,True,1.0,left_only,True,P6_delete_path
1a066aff2833ad6d,True,1.0,left_only,True,P6_delete_path
757155a934f5b7dc,True,1.0,left_only,False,P2_add_edge
757155a934f5b7dc,True,1.0,left_only,False,P2_add_edge
8e660c45b5627730,True,1.0,left_only,False,P6_delete_path
8e660c45b5627730,True,1.0,left_only,False,P6_delete_path
ae1b3875d49b6367,True,1.0,left_only,True,P2_add_edge
ae1b3875d49b6367,True,1.0,left_only,True,P2_add_edge
f4bde60e9c0a9ea8,False,,left_only,False,P8_merge_internal_nodes;P8_merge_internal_nodes;P6_delete_path;P8_merge_internal_nodes
f4bde60e9c0a9ea8,True,3.0,right_only,False,P6_delete_path;P8_merge_internal_nodes;P2_add_edge
f790402ad996edb3,True,1.0,left_only,True,P6_delete_path
f790402ad996edb3,True,1.0,left_only,True,P6_delete_path
2cf228f89c52502f,True,1.0,left_only,True,P8_merge_internal_nodes
2cf228f89c52502f,True,1.0,left_only,True,P8_merge_internal_nodes
32e5584e11de19a6,True,1.0,left_only,False,P6_delete_path
32e5584e11de19a6,True,1.0,left_only,False,P6_delete_path
333d4ad2334fa474,True,1.0,left_only,False,P6_delete_path
333d4ad2334fa474,True,1.0,left_only,False,P6_delete_path
3eec7cd8557c22ad,True,1.0,left_only,False,P3_reverse_edge
3eec7cd8557c22ad,True,1.0,left_only,False,P3_reverse_edge
4db0c90fdf0acb73,True,1.0,left_only,True,P1_remove_edge
4db0c90fdf0acb73,True,1.0,left_only,True,P1_remove_edge
5eef51a25b003d4e,True,2.0,left_only,False,P6_delete_path;P2_add_edge
5eef51a25b003d4e,True,2.0,left_only,False,P6_delete_path;P2_add_edge
8490cc87ffd7df90,True,2.0,left_only,False,P6_delete_path;P8_merge_internal_nodes
8490cc87ffd7df90,True,2.0,left_only,False,P6_delete_path;P8_merge_internal_nodes
89575e35be739026,True,2.0,right_only,False,P8_merge_internal_nodes;P2_add_edge
89575e35be739026,False,,left_only,False,P6_delete_path;P1_remove_edge;P1_remove_edge;P4_alpha_rename
8a9616136ed4af33,True,1.0,left_only,False,P6_delete_path
8a9616136ed4af33,True,1.0,left_only,False,P6_delete_path
8def91ef5847af5a,True,1.0,left_only,False,P1_remove_edge
8def91ef5847af5a,True,1.0,left_only,False,P1_remove_edge
917644520a340b49,False,,left_only,False,P6_delete_path;P8_merge_internal_nodes;P1_remove_edge;P8_merge_internal_nodes
917644520a340b49,False,,left_only,False,P6_delete_path;P8_merge_internal_nodes;P1_remove_edge;P8_merge_internal_nodes
a6dc1f7f22c31699,True,1.0,left_only,True,P6_delete_path
a6dc1f7f22c31699,True,1.0,left_only,True,P6_delete_path
b1a57eb203f45eda,True,1.0,left_only,False,P8_merge_internal_nodes
b1a57eb203f45eda,True,1.0,left_only,False,P8_merge_internal_nodes
b5b2fb602d9fc52e,True,3.0,left_only,True,P8_merge_internal_nodes;P8_merge_internal_nodes;P2_add_edge
b5b2fb602d9fc52e,True,3.0,left_only,True,P8_merge_internal_nodes;P8_merge_internal_nodes;P2_add_edge
b957122507d551c7,True,1.0,left_only,True,P1_remove_edge
b957122507d551c7,True,1.0,left_only,True,P1_remove_edge
c863cb7e6210f94a,True,1.0,left_only,False,P1_remove_edge
c863cb7e6210f94a,True,1.0,left_only,False,P1_remove_edge
d7dbbf1256cb46e4,True,1.0,left_only,False,P6_delete_path
d7dbbf1256cb46e4,True,1.0,left_only,False,P6_delete_path
ec00257b27932151,True,1.0,left_only,False,P3_reverse_edge
ec00257b27932151,True,1.0,left_only,False,P3_reverse_edge
f2400457c55ff4a2,True,1.0,left_only,True,P6_delete_path
f2400457c55ff4a2,True,1.0,left_only,True,P6_delete_path
f937144f7ce51614,True,1.0,left_only,True,P6_delete_path
f937144f7ce51614,True,1.0,left_only,True,P6_delete_path
f96e064ba4ec3244,False,,left_only,False,P6_delete_path;P8_merge_internal_nodes;P1_remove_edge;P3_reverse_edge
f96e064ba4ec3244,True,1.0,right_only,False,P3_reverse_edge
febbbb49a55775b1,True,1.0,left_only,True,P1_remove_edge
febbbb49a55775b1,True,1.0,left_only,True,P1_remove_edge
025d748256a6347e,True,2.0,right_only,False,P6_delete_path;P3_reverse_edge
025d748256a6347e,False,,left_only,False,P6_delete_path;P8_merge_internal_nodes;P8_merge_internal_nodes;P4_alpha_rename
0d94c52d6b7aa932,True,1.0,left_only,False,P6_delete_path
0d94c52d6b7aa932,True,1.0,left_only,False,P6_delete_path
0ea947357d7ed7f7,True,1.0,left_only,False,P8_merge_internal_nodes
0ea947357d7ed7f7,True,1.0,left_only,False,P8_merge_internal_nodes
14c797bb9f73e45f,False,,left_only,False,P6_delete_path;P6_delete_path;P1_remove_edge;P3_reverse_edge
14c797bb9f73e45f,True,1.0,right_only,False,P11_swap_branches
210dc2e782ce6534,True,1.0,left_only,False,P6_delete_path
210dc2e782ce6534,True,1.0,left_only,False,P6_delete_path
3fe0a0b8cc845199,True,1.0,left_only,False,P1_remove_edge
3fe0a0b8cc845199,True,1.0,left_only,False,P1_remove_edge
4f453172a8426bab,True,1.0,right_only,False,P3_reverse_edge
4f453172a8426bab,False,,left_only,False,P8_merge_internal_nodes;P6_delete_path;P6_delete_path;P4_alpha_rename
5a066ebdbd318c69,False,,left_only,False,P6_delete_path;P6_delete_path;P1_remove_edge;P8_merge_internal_nodes
5a066ebdbd318c69,True,2.0,right_only,False,P8_merge_internal_nodes;P2_add_edge
678f98ee2e7f9c8b,True,1.0,left_only,True,P1_remove_edge
678f98ee2e7f9c8b,True,1.0,left_only,True,P1_remove_edge
7d9b057d74de858b,True,2.0,left_only,False,P8_merge_internal_nodes;P2_add_edge
7d9b057d74de858b,True,2.0,left_only,False,P8_merge_internal_nodes;P2_add_edge
8b9af0670cc3f27c,False,,left_only,False,P8_merge_internal_nodes;P6_delete_path;P1_remove_edge;P8_merge_internal_nodes
8b9af0670cc3f27c,False,,left_only,False,P8_merge_internal_nodes;P6_delete_path;P1_remove_edge;P8_merge_internal_nodes
8c47e46e0807a79b,True,1.0,left_only,False,P3_reverse_edge
8c47e46e0807a79b,True,1.0,left_only,False,P3_reverse_edge
8ec86fb0b3d4817f,True,1.0,right_only,False,P11_swap_branches
8ec86fb0b3d4817f,False,,left_only,False,P8_merge_internal_nodes;P8_merge_internal_nodes;P8_merge_internal_nodes;P4_alpha_rename
8f3d72235e3221bc,True,1.0,left_only,False,P8_merge_internal_nodes
8f3d72235e3221bc,True,1.0,left_only,False,P8_merge_internal_nodes
9e4ed1038f097ccf,True,1.0,left_only,True,P2_add_edge
9e4ed1038f097ccf,True,1.0,left_only,True,P2_add_edge
b4e0b199b0141562,True,1.0,left_only,False,P3_reverse_edge
b4e0b199b0141562,True,1.0,left_only,False,P3_reverse_edge
b9cec39a02f08a31,True,1.0,left_only,False,P3_reverse_edge
b9cec39a02f08a31,True,1.0,left_only,False,P3_reverse_edge
c94a6b6406620b62,True,1.0,left_only,True,P6_delete_path
c94a6b6406620b62,True,1.0,left_only,True,P6_delete_path
da90947f1780706a,True,1.0,left_only,True,P1_remove_edge
da90947f1780706a,True,1.0,left_only,True,P1_remove_edge
e1b5b30ad9c78faf,True,2.0,right_only,False,P8_merge_internal_nodes;P8_merge_internal_nodes
e1b5b30ad9c78faf,False,,left_only,False,P6_delete_path;P6_delete_path;P1_remove_edge;P4_alpha_rename
fb929282347e51f7,True,1.0,left_only,False,P6_delete_path
fb929282347e51f7,True,1.0,left_only,False,P6_delete_path
fccec98bb59716d3,True,1.0,left_only,False,P3_reverse_edge
fccec98bb59716d3,True,1.0,left_only,False,P3_reverse_edge
1006c10b490212e1,True,1.0,right_only,False,P3_reverse_edge
1006c10b490212e1,False,,left_only,False,P8_merge_internal_nodes;P8_merge_internal_nodes;P8_merge_internal_nodes;P8_merge_internal_nodes
1bfb1ae05c49204c,True,1.0,left_only,True,P6_delete_path
1bfb1ae05c49204c,True,1.0,left_only,True,P6_delete_path
2e3585bf561a7033,True,1.0,left_only,True,P8_merge_internal_nodes
2e3585bf561a7033,True,1.0,left_only,True,P8_merge_internal_nodes
4330d121c856340b,True,1.0,left_only,False,P6_delete_path
4330d121c856340b,True,1.0,left_only,False,P6_delete_path
45e54137ad749d4a,True,1.0,left_only,False,P2_add_edge
45e54137ad749d4a,True,1.0,left_only,False,P2_add_edge
4b9cb97d6c92c396,False,,left_only,False,P8_merge_internal_nodes;P8_merge_internal_nodes;P6_delete_path;P8_merge_internal_nodes
4b9cb97d6c92c396,False,,left_only,False,P8_merge_internal_nodes;P8_merge_internal_nodes;P6_delete_path;P8_merge_internal_nodes
4c45fbf6573a0190,False,,left_only,False,P8_merge_internal_nodes;P8_merge_internal_nodes;P8_merge_internal_nodes;P4_alpha_rename
4c45fbf6573a0190,False,,left_only,False,P8_merge_internal_nodes;P8_merge_internal_nodes;P8_merge_internal_nodes;P4_alpha_rename
52b11f53c548af0f,True,1.0,left_only,True,P3_reverse_edge
52b11f53c548af0f,True,1.0,left_only,True,P3_reverse_edge
718129c8bed453b1,True,1.0,right_only,False,P3_reverse_edge
718129c8bed453b1,True,2.0,right_only,False,P8_merge_internal_nodes;P2_add_edge
78ce8ff5b0d7e3e3,True,1.0,left_only,True,P6_delete_path
78ce8ff5b0d7e3e3,True,1.0,left_only,True,P6_delete_path
7c048f91578b0c81,True,1.0,left_only,True,P8_merge_internal_nodes
7c048f91578b0c81,True,1.0,left_only,True,P8_merge_internal_nodes
8de1740364c27558,True,3.0,left_only,False,P8_merge_internal_nodes;P8_merge_internal_nodes;P2_add_edge
8de1740364c27558,True,3.0,left_only,False,P8_merge_internal_nodes;P8_merge_internal_nodes;P2_add_edge
9aa40fd5d5003b98,True,1.0,left_only,True,P3_reverse_edge
9aa40fd5d5003b98,True,1.0,left_only,True,P3_reverse_edge
9bfdda2a952d2f16,True,1.0,left_only,True,P8_merge_internal_nodes
9bfdda2a952d2f16,True,1.0,left_only,True,P8_merge_internal_nodes
a23ed826db33f06e,True,1.0,left_only,True,P6_delete_path
a23ed826db33f06e,True,1.0,left_only,True,P6_delete_path
a2598a2a908de074,True,1.0,left_only,False,P3_reverse_edge
a2598a2a908de074,True,1.0,left_only,False,P3_reverse_edge
b31e7688d6334e5f,True,1.0,left_only,True,P6_delete_path
b31e7688d6334e5f,True,1.0,left_only,True,P6_delete_path
bc4e1a8460b81296,True,3.0,right_only,False,P8_merge_internal_nodes;P8_merge_internal_nodes;P2_add_edge
bc4e1a8460b81296,False,,left_only,False,P8_merge_internal_nodes;P6_delete_path;P8_merge_internal_nodes;P8_merge_internal_nodes
c3cb20392b0b99fb,True,1.0,left_only,True,P6_delete_path
c3cb20392b0b99fb,True,1.0,left_only,True,P6_delete_path
cfd3c60fdb66f005,True,2.0,left_only,False,P8_merge_internal_nodes;P8_merge_internal_nodes
cfd3c60fdb66f005,True,2.0,left_only,False,P8_merge_internal_nodes;P8_merge_internal_nodes
cfe3b453c2d85ccb,True,1.0,left_only,True,P8_merge_internal_nodes
cfe3b453c2d85ccb,True,1.0,left_only,True,P8_merge_internal_nodes
f2c7243bb22318fe,True,3.0,left_only,False,P8_merge_internal_nodes;P8_merge_internal_nodes;P2_add_edge
f2c7243bb22318fe,True,3.0,left_only,False,P8_merge_internal_nodes;P8_merge_internal_nodes;P2_add_edge
f94aaa0eb0938b1a,True,1.0,left_only,False,P2_add_edge
f94aaa0eb0938b1a,True,1.0,left_only,False,P2_add_edge
fd17b16a28c62025,False,,left_only,False,P6_delete_path;P6_delete_path;P1_remove_edge;P3_reverse_edge
fd17b16a28c62025,False,,left_only,False,P6_delete_path;P6_delete_path;P1_remove_edge;P3_reverse_edge
fd901ac787df1f2d,True,2.0,right_only,False,P6_delete_path;P3_reverse_edge
fd901ac787df1f2d,False,,left_only,False,P6_delete_path;P6_delete_path;P8_merge_internal_nodes;P8_merge_internal_nodes
069d32ca4c99fa88,True,1.0,left_only,False,P2_add_edge
069d32ca4c99fa88,True,1.0,left_only,False,P2_add_edge
0b7727cded33f0f6,True,1.0,left_only,False,P3_reverse_edge
0b7727cded33f0f6,True,1.0,left_only,False,P3_reverse_edge
148030aba632c060,True,1.0,right_only,False,P3_reverse_edge
148030aba632c060,False,,left_only,False,P6_delete_path;P8_merge_internal_nodes;P1_remove_edge;P8_merge_internal_nodes
1e565464cbc3b2f5,False,,left_only,False,P6_delete_path;P8_merge_internal_nodes;P1_remove_edge;P3_reverse_edge
1e565464cbc3b2f5,False,,left_only,False,P6_delete_path;P8_merge_internal_nodes;P1_remove_edge;P3_reverse_edge
418268609c663190,True,1.0,right_only,False,P2_add_edge
418268609c663190,True,1.0,right_only,False,P3_reverse_edge
42a8a4caf78a1c0a,True,1.0,left_only,False,P8_merge_internal_nodes
42a8a4caf78a1c0a,True,1.0,left_only,False,P8_merge_internal_nodes
4438cc90f769802e,True,1.0,left_only,False,P8_merge_internal_nodes
4438cc90f769802e,True,1.0,left_only,False,P8_merge_internal_nodes
6feb3744c86fcddb,True,1.0,right_only,False,P2_add_edge
6feb3744c86fcddb,False,,left_only,False,P11_swap_branches;P1_remove_edge;P8_merge_internal_nodes;P4_alpha_rename
7872c4c377df79a1,True,2.0,left_only,True,P8_merge_internal_nodes;P2_add_edge
7872c4c377df79a1,True,2.0,left_only,True,P8_merge_internal_nodes;P2_add_edge
7c16d1aadca429cf,True,1.0,left_only,False,P1_remove_edge
7c16d1aadca429cf,True,1.0,left_only,False,P1_remove_edge
86460e85d7e6a763,True,1.0,left_only,False,P11_swap_branches
86460e85d7e6a763,True,1.0,left_only,False,P11_swap_branches
8999fde84148adb5,True,1.0,right_only,False,P3_reverse_edge
8999fde84148adb5,True,2.0,right_only,False,P8_merge_internal_nodes;P2_add_edge
bf6cbe15411a3e81,True,1.0,left_only,False,P6_delete_path
bf6cbe15411a3e81,True,1.0,left_only,False,P6_delete_path
c1f5b16955c5bae8,False,,left_only,False,P8_merge_internal_nodes;P6_delete_path;P6_delete_path;P4_alpha_rename
c1f5b16955c5bae8,False,,left_only,False,P8_merge_internal_nodes;P6_delete_path;P6_delete_path;P4_alpha_rename
c2cba1d29e94ddde,True,1.0,left_only,False,P3_reverse_edge
c2cba1d29e94ddde,True,1.0,left_only,False,P3_reverse_edge
c53d5600115f602d,True,1.0,left_only,False,P2_add_edge
c53d5600115f602d,True,1.0,left_only,False,P2_add_edge
c6b1abaa6b929831,True,1.0,left_only,True,P1_remove_edge
c6b1abaa6b929831,True,1.0,left_only,True,P1_remove_edge
d4381cfaeb3b384f,True,1.0,left_only,True,P6_delete_path
d4381cfaeb3b384f,True,1.0,left_only,True,P6_delete_path
dea25b21d4a3f142,True,1.0,left_only,False,P3_reverse_edge
dea25b21d4a3f142,True,1.0,left_only,False,P3_reverse_edge
0c9a89c3163a0960,True,1.0,left_only,False,P2_add_edge
0c9a89c3163a0960,True,1.0,left_only,False,P2_add_edge
0f7eb6b38a07e024,True,1.0,left_only,True,P6_delete_path
0f7eb6b38a07e024,True,1.0,left_only,True,P6_delete_path
1f3da9ec1bbe4b9e,True,1.0,left_only,False,P3_reverse_edge
1f3da9ec1bbe4b9e,True,1.0,left_only,False,P3_reverse_edge
2b5b4112a5c472cd,True,2.0,left_only,False,P6_delete_path;P3_reverse_edge
2b5b4112a5c472cd,True,2.0,left_only,False,P6_delete_path;P3_reverse_edge
34aeb55c3d38743d,True,1.0,left_only,False,P8_merge_internal_nodes
34aeb55c3d38743d,True,1.0,left_only,False,P8_merge_internal_nodes
448bcef6de9db23e,False,,left_only,False,P6_delete_path;P8_merge_internal_nodes;P1_remove_edge;P3_reverse_edge
448bcef6de9db23e,False,,left_only,False,P6_delete_path;P8_merge_internal_nodes;P1_remove_edge;P3_reverse_edge
59a7eb8059280265,True,1.0,left_only,True,P2_add_edge
59a7eb8059280265,True,1.0,left_only,True,P2_add_edge
5b1e40303130495f,True,2.0,right_only,False,P6_delete_path;P3_reverse_edge
5b1e40303130495f,True,2.0,right_only,False,P8_merge_internal_nodes;P8_merge_internal_nodes
5b25e41614561248,True,1.0,left_only,True,P6_delete_path
5b25e41614561248,True,1.0,left_only,True,P6_delete_path
68680cb73b80a0bb,False,,left_only,False,P6_delete_path;P1_remove_edge;P1_remove_edge;P4_alpha_rename
68680cb73b80a0bb,False,,left_only,False,P6_delete_path;P1_remove_edge;P1_remove_edge;P4_alpha_rename
6b9d075603ed56be,True,1.0,left_only,True,P6_delete_path
6b9d075603ed56be,True,1.0,left_only,True,P6_delete_path
7ce9bcb9120bf9d7,True,1.0,left_only,True,P6_delete_path
7ce9bcb9120bf9d7,True,1.0,left_only,True,P6_delete_path
92ce8c7bcb269148,True,1.0,left_only,False,P6_delete_path
92ce8c7bcb269148,True,1.0,left_only,False,P6_delete_path
94b6ac832ea1d42c,False,,left_only,False,P6_delete_path;P8_merge_internal_nodes;P6_delete_path;P3_reverse_edge
94b6ac832ea1d42c,False,,left_only,False,P6_delete_path;P8_merge_internal_nodes;P6_delete_path;P3_reverse_edge
a2db31cf44c5d0bb,True,1.0,left_only,False,P3_reverse_edge
a2db31cf44c5d0bb,True,1.0,left_only,False,P3_reverse_edge
b34cfb3dca3fcd92,False,,left_only,False,P6_delete_path;P1_remove_edge;P8_merge_internal_nodes;P8_merge_internal_nodes
b34cfb3dca3fcd92,True,1.0,right_only,False,P3_reverse_edge
ba713f992760a275,True,1.0,left_only,False,P3_reverse_edge
ba713f992760a275,True,1.0,left_only,False,P3_reverse_edge
c5b5bde41579f813,True,1.0,left_only,False,P2_add_edge
c5b5bde41579f813,True,1.0,left_only,False,P2_add_edge
d2e603c10f1a2256,False,,left_only,False,P6_delete_path;P1_remove_edge;P1_remove_edge;P4_alpha_rename
d2e603c10f1a2256,False,,left_only,False,P6_delete_path;P1_remove_edge;P1_remove_edge;P4_alpha_rename
d9433ab1ef0a2903,False,,left_only,False,P8_merge_internal_nodes;P8_merge_internal_nodes;P8_merge_internal_nodes;P4_alpha_rename
d9433ab1ef0a2903,True,1.0,right_only,False,P3_reverse_edge
f650428f496f830f,True,1.0,left_only,True,P2_add_edge
f650428f496f830f,True,1.0,left_only,True,P2_add_edge
f8dfe97ae400c291,True,1.0,left_only,True,P1_remove_edge
f8dfe97ae400c291,True,1.0,left_only,True,P1_remove_edge
f97fe8edc7a7f210,True,1.0,left_only,True,P6_delete_path
f97fe8edc7a7f210,True,1.0,left_only,True,P6_delete_path
fc4a4cd5ce73d21e,True,1.0,right_only,False,P8_merge_internal_nodes
fc4a4cd5ce73d21e,False,,left_only,False,P6_delete_path;P6_delete_path;P1_remove_edge;P3_reverse_edge
ffa41687be23a52f,True,1.0,left_only,False,P3_reverse_edge
ffa41687be23a52f,True,1.0,left_only,False,P3_reverse_edge
0e3c5b91c7654c4b,True,1.0,right_only,False,P2_add_edge
0e3c5b91c7654c4b,True,1.0,right_only,False,P8_merge_internal_nodes
119799a7fdaed7ba,False,,left_only,False,P6_delete_path;P8_merge_internal_nodes;P1_remove_edge;P4_alpha_rename
119799a7fdaed7ba,True,1.0,right_only,False,P3_reverse_edge
13bd445287a0c106,True,1.0,left_only,False,P8_merge_internal_nodes
13bd445287a0c106,True,1.0,left_only,False,P8_merge_internal_nodes
16f6f3c2fee174e0,True,2.0,left_only,False,P8_merge_internal_nodes;P2_add_edge
16f6f3c2fee174e0,True,2.0,left_only,False,P8_merge_internal_nodes;P2_add_edge
17effc0a335b0f0c,True,1.0,left_only,False,P3_reverse_edge
17effc0a335b0f0c,True,1.0,left_only,False,P3_reverse_edge
272709d97d70f87a,True,1.0,right_only,False,P3_reverse_edge
272709d97d70f87a,False,,left_only,False,P8_merge_internal_nodes;P6_delete_path;P1_remove_edge;P4_alpha_rename
293d1b42c638d321,False,,left_only,False,P6_delete_path;P6_delete_path;P1_remove_edge;P3_reverse_edge
293d1b42c638d321,True,1.0,right_only,False,P3_reverse_edge
2e24d3ebbfd39352,True,1.0,left_only,False,P8_merge_internal_nodes
2e24d3ebbfd39352,True,1.0,left_only,False,P8_merge_internal_nodes
3813d280edd1aea9,True,2.0,left_only,False,P8_merge_internal_nodes;P2_add_edge
3813d280edd1aea9,True,2.0,left_only,False,P8_merge_internal_nodes;P2_add_edge
40af71eeca99721f,False,,left_only,False,P6_delete_path;P6_delete_path;P6_delete_path;P4_alpha_rename
40af71eeca99721f,False,,left_only,False,P6_delete_path;P6_delete_path;P6_delete_path;P4_alpha_rename
49f60e64ec11094c,True,1.0,left_only,False,P1_remove_edge
49f60e64ec11094c,True,1.0,left_only,False,P1_remove_edge
5fd2125dc7ee12cf,False,,left_only,False,P6_delete_path;P8_merge_internal_nodes;P6_delete_path;P3_reverse_edge
5fd2125dc7ee12cf,True,2.0,right_only,False,P8_merge_internal_nodes;P3_reverse_edge
6b0bff4f691511da,True,1.0,left_only,False,P6_delete_path
6b0bff4f691511da,True,1.0,left_only,False,P6_delete_path
80ab367f5e79b072,False,,left_only,False,P8_merge_internal_nodes;P8_merge_internal_nodes;P8_merge_internal_nodes;P2_add_edge
80ab367f5e79b072,False,,left_only,False,P8_merge_internal_nodes;P8_merge_internal_nodes;P8_merge_internal_nodes;P2_add_edge
8258b89dbb94223f,True,1.0,left_only,True,P6_delete_path
8258b89dbb94223f,True,1.0,left_only,True,P6_delete_path
a0cb2eee4d4e8739,True,1.0,left_only,False,P8_merge_internal_nodes
a0cb2eee4d4e8739,True,1.0,left_only,False,P8_merge_internal_nodes
a5e142921d3aaba4,True,1.0,left_only,False,P3_reverse_edge
a5e142921d3aaba4,True,1.0,left_only,False,P3_reverse_edge
a71ddb782f6d2be0,True,1.0,left_only,True,P6_delete_path
a71ddb782f6d2be0,True,1.0,left_only,True,P6_delete_path
c009d1ee390ee134,True,1.0,right_only,False,P3_reverse_edge
c009d1ee390ee134,True,1.0,right_only,False,P8_merge_internal_nodes
e3a09325796ac254,True,1.0,left_only,True,P6_delete_path
e3a09325796ac254,True,1.0,left_only,True,P6_delete_path
eca020354a8f48cb,True,2.0,left_only,False,P8_merge_internal_nodes;P8_merge_internal_nodes
eca020354a8f48cb,True,2.0,left_only,False,P8_merge_internal_nodes;P8_merge_internal_nodes
007ab83162e57b3e,True,1.0,right_only,False,P3_reverse_edge
007ab83162e57b3e,True,2.0,right_only,False,P6_delete_path;P3_reverse_edge
07f3f8fb0442bd12,True,2.0,left_only,False,P6_delete_path;P3_reverse_edge
07f3f8fb0442bd12,True,2.0,left_only,False,P6_delete_path;P3_reverse_edge
08ae699d954c689d,True,1.0,left_only,False,P11_swap_branches
08ae699d954c689d,True,1.0,left_only,False,P11_swap_branches
0e14c1ea8e072b33,True,1.0,left_only,False,P2_add_edge
0e14c1ea8e072b33,True,1.0,left_only,False,P2_add_edge
1398bbeb17e695a1,True,1.0,left_only,False,P8_merge_internal_nodes
1398bbeb17e695a1,True,1.0,left_only,False,P8_merge_internal_nodes
13ce6a2916d974d1,False,,left_only,False,P8_merge_internal_nodes;P6_delete_path;P8_merge_internal_nodes;P11_swap_branches
13ce6a2916d974d1,True,1.0,right_only,False,P2_add_edge
1e286a6ec3257e77,True,1.0,left_only,True,P6_delete_path
1e286a6ec3257e77,True,1.0,left_only,True,P6_delete_path
245636c7170a1f93,True,1.0,left_only,False,P3_reverse_edge
245636c7170a1f93,True,1.0,left_only,False,P3_reverse_edge
2920154d4fff0c95,False,,left_only,False,P8_merge_internal_nodes;P6_delete_path;P6_delete_path;P2_add_edge
2920154d4fff0c95,False,,left_only,False,P8_merge_internal_nodes;P6_delete_path;P6_delete_path;P2_add_edge
2f1b250bcc58da2c,False,,left_only,False,P6_delete_path;P8_merge_internal_nodes;P1_remove_edge;P8_merge_internal_nodes
2f1b250bcc58da2c,False,,left_only,False,P6_delete_path;P8_merge_internal_nodes;P1_remove_edge;P8_merge_internal_nodes
36277d6b1f4cecba,False,,left_only,False,P6_delete_path;P6_delete_path;P8_merge_internal_nodes;P4_alpha_rename
36277d6b1f4cecba,False,,left_only,False,P6_delete_path;P6_delete_path;P8_merge_internal_nodes;P4_alpha_rename
39c9bb80f1ad0fab,False,,left_only,False,P8_merge_internal_nodes;P6_delete_path;P6_delete_path;P4_alpha_rename
39c9bb80f1ad0fab,False,,left_only,False,P8_merge_internal_nodes;P6_delete_path;P6_delete_path;P4_alpha_rename
435531c96a24d75b,True,1.0,left_only,False,P11_swap_branches
435531c96a24d75b,True,1.0,left_only,False,P11_swap_branches
443276ff8b465f66,True,1.0,left_only,False,P3_reverse_edge
443276ff8b465f66,True,1.0,left_only,False,P3_reverse_edge
4f7e7704a0dbabd3,True,1.0,left_only,False,P8_merge_internal_nodes
4f7e7704a0dbabd3,True,1.0,left_only,False,P8_merge_internal_nodes
4fb1c3885530560e,True,1.0,left_only,True,P6_delete_path
4fb1c3885530560e,True,1.0,left_only,True,P6_delete_path
51a18d02c7c6e587,True,1.0,right_only,False,P11_swap_branches
51a18d02c7c6e587,True,1.0,right_only,False,P3_reverse_edge
6b0eb82d60bdd4b5,True,1.0,left_only,True,P1_remove_edge
6b0eb82d60bdd4b5,True,1.0,left_only,True,P1_remove_edge
6d9d79c6cf09ae01,False,,left_only,False,P6_delete_path;P8_merge_internal_nodes;P8_merge_internal_nodes;P4_alpha_rename
6d9d79c6cf09ae01,False,,left_only,False,P6_delete_path;P8_merge_internal_nodes;P8_merge_internal_nodes;P4_alpha_rename
77411db99e1918a5,True,1.0,left_only,True,P6_delete_path
77411db99e1918a5,True,1.0,left_only,True,P6_delete_path
906225a3a7872467,True,1.0,left_only,False,P3_reverse_edge
906225a3a7872467,True,1.0,left_only,False,P3_reverse_edge
9510b49fe7c05b17,True,1.0,left_only,False,P3_reverse_edge
9510b49fe7c05b17,True,1.0,left_only,False,P3_reverse_edge
9d6e50cb6190afd5,True,3.0,left_only,False,P6_delete_path;P8_merge_internal_nodes;P3_reverse_edge
9d6e50cb6190afd5,True,3.0,left_only,False,P6_delete_path;P8_merge_internal_nodes;P3_reverse_edge
a06b7c4e9ef24382,True,1.0,left_only,True,P1_remove_edge
a06b7c4e9ef24382,True,1.0,left_only,True,P1_remove_edge
b878d8a565fd20c8,False,,left_only,False,P6_delete_path;P8_merge_internal_nodes;P1_remove_edge;P4_alpha_rename
b878d8a565fd20c8,False,,left_only,False,P6_delete_path;P8_merge_internal_nodes;P1_remove_edge;P4_alpha_rename
cf066abb741ab2cf,False,,left_only,False,P6_delete_path;P1_remove_edge;P1_remove_edge;P4_alpha_rename
cf066abb741ab2cf,True,3.0,right_only,False,P8_merge_internal_nodes;P8_merge_internal_nodes;P2_add_edge
cf0c22b503907e5e,True,1.0,left_only,False,P2_add_edge
cf0c22b503907e5e,True,1.0,left_only,False,P2_add_edge
db74624f15e9e298,True,1.0,left_only,False,P1_remove_edge
db74624f15e9e298,True,1.0,left_only,False,P1_remove_edge
dbf040b90f97cfdd,True,1.0,left_only,False,P8_merge_internal_nodes
dbf040b90f97cfdd,True,1.0,left_only,False,P8_merge_internal_nodes
ea23e225b75b0313,False,,left_only,False,P6_delete_path;P6_delete_path;P8_merge_internal_nodes;P11_swap_branches
ea23e225b75b0313,False,,left_only,False,P6_delete_path;P6_delete_path;P8_merge_internal_nodes;P11_swap_branches
eabf6e7934b192f9,True,1.0,left_only,False,P3_reverse_edge
eabf6e7934b192f9,True,1.0,left_only,False,P3_reverse_edge
fc957f9290c35f93,True,1.0,left_only,True,P1_remove_edge
fc957f9290c35f93,True,1.0,left_only,True,P1_remove_edge
00a13ad5e53b8c27,True,1.0,left_only,False,P6_delete_path
00a13ad5e53b8c27,True,1.0,left_only,False,P6_delete_path
0b52b6805b0d535f,True,1.0,left_only,True,P1_remove_edge
0b52b6805b0d535f,True,1.0,left_only,True,P1_remove_edge
1e1e6318b15c67a1,False,,left_only,False,P8_merge_internal_nodes;P8_merge_internal_nodes;P8_merge_internal_nodes;P3_reverse_edge
1e1e6318b15c67a1,False,,left_only,False,P8_merge_internal_nodes;P8_merge_internal_nodes;P8_merge_internal_nodes;P3_reverse_edge
20275260b367c959,True,1.0,left_only,False,P1_remove_edge
20275260b367c959,True,1.0,left_only,False,P1_remove_edge
293ec371db4f1faa,True,1.0,left_only,True,P1_remove_edge
293ec371db4f1faa,True,1.0,left_only,True,P1_remove_edge
2ad7a97f175dbd83,True,1.0,right_only,False,P8_merge_internal_nodes
2ad7a97f175dbd83,False,,left_only,False,P6_delete_path;P8_merge_internal_nodes;P8_merge_internal_nodes;P8_merge_internal_nodes
38d3f11000f82f76,True,1.0,left_only,True,P1_remove_edge
38d3f11000f82f76,True,1.0,left_only,True,P1_remove_edge
3e42409a5a302ce8,False,,left_only,False,P8_merge_internal_nodes;P6_delete_path;P8_merge_internal_nodes;P8_merge_internal_nodes
3e42409a5a302ce8,True,1.0,right_only,False,P8_merge_internal_nodes
3e93480b32b4357d,True,1.0,left_only,False,P3_reverse_edge
3e93480b32b4357d,True,1.0,left_only,False,P3_reverse_edge
4873650212640f20,False,,left_only,False,P6_delete_path;P6_delete_path;P8_merge_internal_nodes;P4_alpha_rename
4873650212640f20,False,,left_only,False,P6_delete_path;P6_delete_path;P8_merge_internal_nodes;P4_alpha_rename
5f4e421072de1e9f,True,1.0,right_only,False,P3_reverse_edge
5f4e421072de1e9f,True,1.0,right_only,False,P8_merge_internal_nodes
63b08a1b86a1899a,True,1.0,left_only,False,P3_reverse_edge
63b08a1b86a1899a,True,1.0,left_only,False,P3_reverse_edge
66bd73a243915e60,True,1.0,left_only,False,P3_reverse_edge
66bd73a243915e60,True,1.0,left_only,False,P3_reverse_edge
6870df21f4b8dfbc,True,1.0,left_only,False,P3_reverse_edge
6870df21f4b8dfbc,True,1.0,left_only,False,P3_reverse_edge
7e9d34f09376bd35,False,,left_only,False,P6_delete_path;P6_delete_path;P1_remove_edge;P3_reverse_edge
7e9d34f09376bd35,False,,left_only,False,P6_delete_path;P6_delete_path;P1_remove_edge;P3_reverse_edge
85d1d319ce588b6b,False,,left_only,False,P6_delete_path;P8_merge_internal_nodes;P8_merge_internal_nodes;P8_merge_internal_nodes
85d1d319ce588b6b,False,,left_only,False,P6_delete_path;P8_merge_internal_nodes;P8_merge_internal_nodes;P8_merge_internal_nodes
8803fe16d305cfae,True,1.0,left_only,False,P3_reverse_edge
8803fe16d305cfae,True,1.0,left_only,False,P3_reverse_edge
89c3895220c745d4,True,1.0,left_only,False,P2_add_edge
89c3895220c745d4,True,1.0,left_only,False,P2_add_edge
920b9038dd13dfd0,True,1.0,right_only,False,P3_reverse_edge
920b9038dd13dfd0,True,1.0,right_only,False,P3_reverse_edge
94d2cc8e1cfd6439,True,1.0,right_only,False,P3_reverse_edge
94d2cc8e1cfd6439,True,2.0,right_only,False,P6_delete_path;P3_reverse_edge
99be36f2b843b6a9,True,1.0,left_only,False,P3_reverse_edge
99be36f2b843b6a9,True,1.0,left_only,False,P3_reverse_edge
abad9379e4cd1237,False,,left_only,False,P8_merge_internal_nodes;P6_delete_path;P1_remove_edge;P4_alpha_rename
abad9379e4cd1237,True,1.0,right_only,False,P3_reverse_edge
b13afbff8e8d7970,True,1.0,left_only,True,P3_reverse_edge
b13afbff8e8d7970,True,1.0,left_only,True,P3_reverse_edge
c5e02e5b55ace2fa,True,2.0,left_only,False,P8_merge_internal_nodes;P2_add_edge
c5e02e5b55ace2fa,True,2.0,left_only,False,P8_merge_internal_nodes;P2_add_edge
cbf93b31948049a2,True,2.0,right_only,False,P8_merge_internal_nodes;P2_add_edge
cbf93b31948049a2,True,2.0,right_only,False,P8_merge_internal_nodes;P2_add_edge
d1c3535c325c3d1d,True,1.0,left_only,True,P6_delete_path
d1c3535c325c3d1d,True,1.0,left_only,True,P6_delete_path
dc09e0bb4f511440,True,1.0,left_only,True,P8_merge_internal_nodes
dc09e0bb4f511440,True,1.0,left_only,True,P8_merge_internal_nodes
e33e48f2e4af6281,False,,left_only,False,P8_merge_internal_nodes;P8_merge_internal_nodes;P1_remove_edge;P3_reverse_edge
e33e48f2e4af6281,False,,left_only,False,P8_merge_internal_nodes;P8_merge_internal_nodes;P1_remove_edge;P3_reverse_edge
e97b57c07c077349,True,1.0,left_only,False,P6_delete_path
e97b57c07c077349,True,1.0,left_only,False,P6_delete_path
f4a73b4f536cd9dc,False,,left_only,False,P8_merge_internal_nodes;P6_delete_path;P8_merge_internal_nodes;P3_reverse_edge
f4a73b4f536cd9dc,True,1.0,right_only,False,P8_merge_internal_nodes
0ce3cf7f2ea88baf,True,1.0,left_only,False,P3_reverse_edge
0ce3cf7f2ea88baf,True,1.0,left_only,False,P3_reverse_edge
1971551d4e954708,True,1.0,left_only,False,P3_reverse_edge
1971551d4e954708,True,1.0,left_only,False,P3_reverse_edge
1ed67705c01350e5,True,1.0,left_only,True,P6_delete_path
1ed67705c01350e5,True,1.0,left_only,True,P6_delete_path
269c3e1b03a1f7d2,True,1.0,left_only,False,P6_delete_path
269c3e1b03a1f7d2,True,1.0,left_only,False,P6_delete_path
2936ed830a7be498,False,,left_only,False,P6_delete_path;P8_merge_internal_nodes;P1_remove_edge;P4_alpha_rename
2936ed830a7be498,False,,left_only,False,P6_delete_path;P8_merge_internal_nodes;P1_remove_edge;P4_alpha_rename
2a0a6879fede334a,True,1.0,left_only,False,P6_delete_path
2a0a6879fede334a,True,1.0,left_only,False,P6_delete_path
37713ebf4c170dd2,True,1.0,right_only,False,P3_reverse_edge
37713ebf4c170dd2,True,1.0,right_only,False,P11_swap_branches
48234c592ce1fb48,True,1.0,left_only,False,P8_merge_internal_nodes
48234c592ce1fb48,True,1.0,left_only,False,P8_merge_internal_nodes
497cede9de1d9c59,True,1.0,left_only,False,P6_delete_path
497cede9de1d9c59,True,1.0,left_only,False,P6_delete_path
522327d4201b52bd,True,1.0,left_only,False,P8_merge_internal_nodes
522327d4201b52bd,True,1.0,left_only,False,P8_merge_internal_nodes
635c0d3f889a072b,True,4.0,left_only,False,P6_delete_path;P8_merge_internal_nodes;P8_merge_internal_nodes;P2_add_edge
635c0d3f889a072b,True,4.0,left_only,False,P6_delete_path;P8_merge_internal_nodes;P8_merge_internal_nodes;P2_add_edge
74dbb45f9e71629e,False,,left_only,False,P6_delete_path;P8_merge_internal_nodes;P8_merge_internal_nodes;P4_alpha_rename
74dbb45f9e71629e,True,1.0,right_only,False,P2_add_edge
807d8b3d34854df5,True,1.0,left_only,False,P8_merge_internal_nodes
807d8b3d34854df5,True,1.0,left_only,False,P8_merge_internal_nodes
8a5dee3b9fe29aaa,True,2.0,right_only,False,P8_merge_internal_nodes;P2_add_edge
8a5dee3b9fe29aaa,True,4.0,right_only,False,P8_merge_internal_nodes;P8_merge_internal_nodes;P8_merge_internal_nodes;P2_add_edge
8b1ce6b9508532b0,True,2.0,left_only,False,P8_merge_internal_nodes;P2_add_edge
8b1ce6b9508532b0,True,2.0,left_only,False,P8_merge_internal_nodes;P2_add_edge
9503d979832ad077,True,1.0,left_only,False,P3_reverse_edge
9503d979832ad077,True,1.0,left_only,False,P3_reverse_edge
a055bb47d5f72bb1,True,1.0,left_only,True,P1_remove_edge
a055bb47d5f72bb1,True,1.0,left_only,True,P1_remove_edge
aac23afd1be90b50,True,1.0,left_only,True,P2_add_edge
aac23afd1be90b50,True,1.0,left_only,True,P2_add_edge
b2728c7b7bcb49cd,True,1.0,left_only,False,P2_add_edge
b2728c7b7bcb49cd,True,1.0,left_only,False,P2_add_edge
b7df40b797fa104c,True,1.0,left_only,False,P3_reverse_edge
b7df40b797fa104c,True,1.0,left_only,False,P3_reverse_edge
b8567a95f753d74d,False,,left_only,False,P8_merge_internal_nodes;P6_delete_path;P8_merge_internal_nodes;P2_add_edge
b8567a95f753d74d,False,,left_only,False,P8_merge_internal_nodes;P6_delete_path;P8_merge_internal_nodes;P2_add_edge
c1c9744c9961ecef,True,2.0,left_only,False,P8_merge_internal_nodes;P8_merge_internal_nodes
c1c9744c9961ecef,True,2.0,left_only,False,P8_merge_internal_nodes;P8_merge_internal_nodes
c58971ed018679bc,True,1.0,left_only,False,P6_delete_path
c58971ed018679bc,True,1.0,left_only,False,P6_delete_path
c64e0eb696379445,True,1.0,left_only,True,P1_remove_edge
c64e0eb696379445,True,1.0,left_only,True,P1_remove_edge
c83155f961ae0e28,True,1.0,left_only,True,P3_reverse_edge
c83155f961ae0e28,True,1.0,left_only,True,P3_reverse_edge
d7574fc2454b783d,True,1.0,left_only,False,P3_reverse_edge
d7574fc2454b783d,True,1.0,left_only,False,P3_reverse_edge
e4b39904e7210e7d,True,2.0,left_only,False,P6_delete_path;P3_reverse_edge
e4b39904e7210e7d,True,2.0,left_only,False,P6_delete_path;P3_reverse_edge
e75ceabeb8aff03d,True,1.0,left_only,True,P6_delete_path
e75ceabeb8aff03d,True,1.0,left_only,True,P6_delete_path
f0fbc45f0d12c9ed,False,,left_only,False,P6_delete_path;P6_delete_path;P8_merge_internal_nodes;P4_alpha_rename
f0fbc45f0d12c9ed,True,3.0,right_only,False,P6_delete_path;P8_merge_internal_nodes;P2_add_edge
fa82d26d17e05049,True,1.0,right_only,True,P3_reverse_edge
fa82d26d17e05049,True,1.0,right_only,True,P8_merge_internal_nodes
06488a860d6b4852,True,1.0,left_only,True,P1_remove_edge
06488a860d6b4852,True,1.0,left_only,True,P1_remove_edge
06c5675e06923cf3,True,1.0,left_only,False,P6_delete_path
06c5675e06923cf3,True,1.0,left_only,False,P6_delete_path
0788c1f5e0941401,True,1.0,left_only,False,P8_merge_internal_nodes
0788c1f5e0941401,True,1.0,left_only,False,P8_merge_internal_nodes
0865c64c797ff672,False,,left_only,False,P8_merge_internal_nodes;P8_merge_internal_nodes;P8_merge_internal_nodes;P4_alpha_rename
0865c64c797ff672,False,,left_only,False,P8_merge_internal_nodes;P8_merge_internal_nodes;P8_merge_internal_nodes;P4_alpha_rename
1f5974fee6358a54,True,1.0,right_only,False,P3_reverse_edge
1f5974fee6358a54,True,1.0,right_only,False,P8_merge_internal_nodes
21c0823d23c7fc2b,True,1.0,left_only,False,P3_reverse_edge
21c0823d23c7fc2b,True,1.0,left_only,False,P3_reverse_edge
2b52fc7225bd53aa,False,,left_only,False,P6_delete_path;P1_remove_edge;P1_remove_edge;P4_alpha_rename
2b52fc7225bd53aa,True,1.0,right_only,False,P2_add_edge
3a10a6c666a7a554,True,1.0,right_only,False,P3_reverse_edge
3a10a6c666a7a554,False,,left_only,False,P6_delete_path;P8_merge_internal_nodes;P1_remove_edge;P8_merge_internal_nodes
41952c1f4b4847e4,True,1.0,left_only,False,P1_remove_edge
41952c1f4b4847e4,True,1.0,left_only,False,P1_remove_edge
449668f34d394393,True,1.0,right_only,False,P8_merge_internal_nodes
449668f34d394393,True,1.0,right_only,False,P8_merge_internal_nodes
47027c38c137d365,False,,left_only,False,P8_merge_internal_nodes;P8_merge_internal_nodes;P6_delete_path;P9_split_node
47027c38c137d365,False,,left_only,False,P8_merge_internal_nodes;P8_merge_internal_nodes;P6_delete_path;P9_split_node
4c3d5953d039490f,False,,left_only,False,P6_delete_path;P6_delete_path;P8_merge_internal_nodes;P11_swap_branches
4c3d5953d039490f,False,,left_only,False,P6_delete_path;P6_delete_path;P8_merge_internal_nodes;P11_swap_branches
4cdc0fce27e5ae65,True,1.0,right_only,False,P8_merge_internal_nodes
4cdc0fce27e5ae65,False,,left_only,False,P6_delete_path;P6_delete_path;P1_remove_edge;P11_swap_branches
4e1515d1c308893c,True,1.0,left_only,True,P6_delete_path
4e1515d1c308893c,True,1.0,left_only,True,P6_delete_path
532ec3dbca1485fa,True,1.0,left_only,False,P2_add_edge
532ec3dbca1485fa,True,1.0,left_only,False,P2_add_edge
5a1d31e5b6114ace,False,,left_only,False,P6_delete_path;P8_merge_internal_nodes;P8_merge_internal_nodes;P4_alpha_rename
5a1d31e5b6114ace,True,2.0,right_only,False,P6_delete_path;P3_reverse_edge
5d7c363f8c317011,True,2.0,left_only,False,P8_merge_internal_nodes;P3_reverse_edge
5d7c363f8c317011,True,2.0,left_only,False,P8_merge_internal_nodes;P3_reverse_edge
6bd935553e3b5345,True,1.0,left_only,False,P6_delete_path
6bd935553e3b5345,True,1.0,left_only,False,P6_delete_path
6ce8605eb101664c,False,,left_only,False,P6_delete_path;P1_remove_edge;P1_remove_edge;P4_alpha_rename
6ce8605eb101664c,True,1.0,right_only,False,P2_add_edge
6db693a9ffa5359c,True,2.0,left_only,False,P8_merge_internal_nodes;P2_add_edge
6db693a9ffa5359c,True,2.0,left_only,False,P8_merge_internal_nodes;P2_add_edge
7daa47cbdc1810ae,True,1.0,left_only,False,P3_reverse_edge
7daa47cbdc1810ae,True,1.0,left_only,False,P3_reverse_edge
7dac2d91d2024e82,True,3.0,right_only,False,P6_delete_path;P8_merge_internal_nodes;P2_add_edge
7dac2d91d2024e82,False,,left_only,False,P6_delete_path;P8_merge_internal_nodes;P8_merge_internal_nodes;P4_alpha_rename
8e9add9b8fa27945,False,,left_only,False,P8_merge_internal_nodes;P6_delete_path;P8_merge_internal_nodes;P11_swap_branches
8e9add9b8fa27945,False,,left_only,False,P8_merge_internal_nodes;P6_delete_path;P8_merge_internal_nodes;P11_swap_branches
908e06e1b8701df2,True,1.0,left_only,False,P3_reverse_edge
908e06e1b8701df2,True,1.0,left_only,False,P3_reverse_edge
9481301ccd04e29d,True,1.0,right_only,False,P8_merge_internal_nodes
9481301ccd04e29d,True,3.0,right_only,False,P6_delete_path;P8_merge_internal_nodes;P3_reverse_edge
9576619177c77900,False,,left_only,False,P6_delete_path;P8_merge_internal_nodes;P8_merge_internal_nodes;P8_merge_internal_nodes
9576619177c77900,False,,left_only,False,P6_delete_path;P8_merge_internal_nodes;P8_merge_internal_nodes;P8_merge_internal_nodes
96b125c260037bd7,True,1.0,left_only,False,P2_add_edge
96b125c260037bd7,True,1.0,left_only,False,P2_add_edge
9d7dbdb0d3d166c3,True,1.0,left_only,False,P6_delete_path
9d7dbdb0d3d166c3,True,1.0,left_only,False,P6_delete_path
a760a92b37922d07,True,1.0,left_only,False,P6_delete_path
a760a92b37922d07,True,1.0,left_only,False,P6_delete_path
a97febf4dcc33ac8,True,2.0,right_only,False,P6_delete_path;P8_merge_internal_nodes
a97febf4dcc33ac8,False,,left_only,False,P6_delete_path;P8_merge_internal_nodes;P1_remove_edge;P3_reverse_edge
adb9b6d84b068900,True,1.0,left_only,False,P6_delete_path
adb9b6d84b068900,True,1.0,left_only,False,P6_delete_path
c1d79e982447aae7,True,1.0,left_only,True,P1_remove_edge
c1d79e982447aae7,True,1.0,left_only,True,P1_remove_edge
d9046022de2965ad,True,1.0,left_only,False,P6_delete_path
d9046022de2965ad,True,1.0,left_only,False,P6_delete_path
e2488f033572956c,False,,left_only,False,P8_merge_internal_nodes;P8_merge_internal_nodes;P1_remove_edge;P4_alpha_rename
e2488f033572956c,False,,left_only,False,P8_merge_internal_nodes;P8_merge_internal_nodes;P1_remove_edge;P4_alpha_rename
e9bd19092ad0b527,True,1.0,left_only,False,P6_delete_path
e9bd19092ad0b527,True,1.0,left_only,False,P6_delete_path
ec7a3dc629ee5817,False,,left_only,False,P8_merge_internal_nodes;P8_merge_internal_nodes;P6_delete_path;P3_reverse_edge
ec7a3dc629ee5817,False,,left_only,False,P8_merge_internal_nodes;P8_merge_internal_nodes;P6_delete_path;P3_reverse_edge
ef06efe6e7ed5180,True,1.0,left_only,False,P3_reverse_edge
ef06efe6e7ed5180,True,1.0,left_only,False,P3_reverse_edge
f84fba68f454ef29,True,2.0,left_only,False,P8_merge_internal_nodes;P2_add_edge
f84fba68f454ef29,True,2.0,left_only,False,P8_merge_internal_nodes;P2_add_edge
f99cdcb9d76427b5,False,,left_only,False,P6_delete_path;P6_delete_path;P8_merge_internal_nodes;P4_alpha_rename
f99cdcb9d76427b5,False,,left_only,False,P6_delete_path;P6_delete_path;P8_merge_internal_nodes;P4_alpha_rename
0674ba00f35818b1,True,1.0,left_only,False,P2_add_edge
0674ba00f35818b1,True,1.0,left_only,False,P2_add_edge
0ada4d82999163e6,True,3.0,left_only,False,P8_merge_internal_nodes;P8_merge_internal_nodes;P3_reverse_edge
0ada4d82999163e6,True,3.0,left_only,False,P8_merge_internal_nodes;P8_merge_internal_nodes;P3_reverse_edge
0cc3159cf502db9a,True,1.0,left_only,False,P6_delete_path
0cc3159cf502db9a,True,1.0,left_only,False,P6_delete_path
0e8274bba4add51c,False,,left_only,False,P6_delete_path;P8_merge_internal_nodes;P1_remove_edge;P8_merge_internal_nodes
0e8274bba4add51c,False,,left_only,False,P6_delete_path;P8_merge_internal_nodes;P1_remove_edge;P8_merge_internal_nodes
0fc8d47b2e60b7fb,True,1.0,left_only,False,P8_merge_internal_nodes
0fc8d47b2e60b7fb,True,1.0,left_only,False,P8_merge_internal_nodes
10fa65bc3b879d21,False,,left_only,False,P6_delete_path;P6_delete_path;P1_remove_edge;P3_reverse_edge
10fa65bc3b879d21,True,1.0,right_only,False,P3_reverse_edge
11bc037d61c57dc3,True,1.0,left_only,True,P6_delete_path
11bc037d61c57dc3,True,1.0,left_only,True,P6_delete_path
12600cb02f722506,False,,left_only,False,P6_delete_path;P8_merge_internal_nodes;P8_merge_internal_nodes;P3_reverse_edge
12600cb02f722506,True,1.0,right_only,False,P3_reverse_edge
15880cfb75cfe2a9,True,1.0,left_only,False,P6_delete_path
15880cfb75cfe2a9,True,1.0,left_only,False,P6_delete_path
19e882ff48e20154,True,1.0,left_only,False,P8_merge_internal_nodes
19e882ff48e20154,True,1.0,left_only,False,P8_merge_internal_nodes
1c437836c129c708,False,,left_only,False,P6_delete_path;P8_merge_internal_nodes;P1_remove_edge;P3_reverse_edge
1c437836c129c708,False,,left_only,False,P6_delete_path;P8_merge_internal_nodes;P1_remove_edge;P3_reverse_edge
2fc174114738f0ea,True,1.0,left_only,False,P8_merge_internal_nodes
2fc174114738f0ea,True,1.0,left_only,False,P8_merge_internal_nodes
386da6dfcf050dc7,True,1.0,left_only,False,P6_delete_path
386da6dfcf050dc7,True,1.0,left_only,False,P6_delete_path
41eb3a7c9064c36e,True,1.0,left_only,False,P3_reverse_edge
41eb3a7c9064c36e,True,1.0,left_only,False,P3_reverse_edge
434d49e3c549d90e,True,1.0,left_only,False,P1_remove_edge
434d49e3c549d90e,True,1.0,left_only,False,P1_remove_edge
52b52c952d0305e9,True,1.0,left_only,False,P3_reverse_edge
52b52c952d0305e9,True,1.0,left_only,False,P3_reverse_edge
54ff915ff4be7a89,True,1.0,left_only,True,P3_reverse_edge
54ff915ff4be7a89,True,1.0,left_only,True,P3_reverse_edge
5ee88cccd0e7cc60,True,1.0,left_only,False,P6_delete_path
5ee88cccd0e7cc60,True,1.0,left_only,False,P6_delete_path
5fc24d3bd363a61e,True,1.0,left_only,False,P11_swap_branches
5fc24d3bd363a61e,True,1.0,left_only,False,P11_swap_branches
611281d7495f8f3a,False,,left_only,False,P11_swap_branches;P6_delete_path;P6_delete_path;P4_alpha_rename
611281d7495f8f3a,False,,left_only,False,P11_swap_branches;P6_delete_path;P6_delete_path;P4_alpha_rename
6632543f386bbd31,True,1.0,left_only,False,P3_reverse_edge
6632543f386bbd31,True,1.0,left_only,False,P3_reverse_edge
6dc894a81cab6084,True,1.0,left_only,False,P1_remove_edge
6dc894a81cab6084,True,1.0,left_only,False,P1_remove_edge
74c82a54c2d09b1f,True,1.0,left_only,False,P6_delete_path
74c82a54c2d09b1f,True,1.0,left_only,False,P6_delete_path
7c84049e804c1c22,True,1.0,right_only,False,P3_reverse_edge
7c84049e804c1c22,False,,left_only,False,P6_delete_path;P8_merge_internal_nodes;P1_remove_edge;P8_merge_internal_nodes
8a9cbbc76f333827,False,,left_only,False,P8_merge_internal_nodes;P6_delete_path;P8_merge_internal_nodes;P11_swap_branches
8a9cbbc76f333827,False,,left_only,False,P8_merge_internal_nodes;P6_delete_path;P8_merge_internal_nodes;P11_swap_branches
993897ac159b8723,True,1.0,left_only,False,P6_delete_path
993897ac159b8723,True,1.0,left_only,False,P6_delete_path
9b68664913c1ff23,False,,left_only,False,P6_delete_path;P6_delete_path;P8_merge_internal_nodes;P4_alpha_rename
9b68664913c1ff23,False,,left_only,False,P6_delete_path;P6_delete_path;P8_merge_internal_nodes;P4_alpha_rename
a3d99ab189596bbb,True,1.0,right_only,False,P3_reverse_edge
a3d99ab189596bbb,False,,left_only,False,P8_merge_internal_nodes;P8_merge_internal_nodes;P8_merge_internal_nodes;P4_alpha_rename
a82b4bab91a1e170,False,,left_only,False,P8_merge_internal_nodes;P8_merge_internal_nodes;P1_remove_edge;P3_reverse_edge
a82b4bab91a1e170,True,1.0,right_only,False,P3_reverse_edge
b309a6d42d44aa52,True,1.0,left_only,False,P8_merge_internal_nodes
b309a6d42d44aa52,True,1.0,left_only,False,P8_merge_internal_nodes
bf841b4ccf015c30,True,1.0,left_only,False,P6_delete_path
bf841b4ccf015c30,True,1.0,left_only,False,P6_delete_path
c5b07365d3344a65,True,1.0,right_only,False,P8_merge_internal_nodes
c5b07365d3344a65,False,,left_only,False,P8_merge_internal_nodes;P8_merge_internal_nodes;P6_delete_path;P3_reverse_edge
c86e9cec2e7bcf65,True,1.0,left_only,False,P3_reverse_edge
c86e9cec2e7bcf65,True,1.0,left_only,False,P3_reverse_edge
c9a907d44b1a3581,True,1.0,left_only,True,P1_remove_edge
c9a907d44b1a3581,True,1.0,left_only,True,P1_remove_edge
cd9363d1bc11038f,True,1.0,left_only,False,P3_reverse_edge
cd9363d1bc11038f,True,1.0,left_only,False,P3_reverse_edge
d13934fd1ca5c473,True,1.0,right_only,False,P8_merge_internal_nodes
d13934fd1ca5c473,True,3.0,right_only,False,P6_delete_path;P6_delete_path;P3_reverse_edge
df4382eb23628e71,True,2.0,left_only,False,P8_merge_internal_nodes;P3_reverse_edge
df4382eb23628e71,True,2.0,left_only,False,P8_merge_internal_nodes;P3_reverse_edge
e02dca6df65a31a9,True,1.0,left_only,True,P6_delete_path
e02dca6df65a31a9,True,1.0,left_only,True,P6_delete_path
e2c5c0d1c5a9c0dc,True,1.0,left_only,True,P6_delete_path
e2c5c0d1c5a9c0dc,True,1.0,left_only,True,P6_delete_path
e43c9cd92d084e77,True,1.0,left_only,True,P6_delete_path
e43c9cd92d084e77,True,1.0,left_only,True,P6_delete_path
ec0d1ffa8788818d,True,1.0,left_only,False,P2_add_edge
ec0d1ffa8788818d,True,1.0,left_only,False,P2_add_edge
ec482a507540b808,True,1.0,left_only,False,P3_reverse_edge
ec482a507540b808,True,1.0,left_only,False,P3_reverse_edge
f441c10d8bdbbbc8,False,,left_only,False,P6_delete_path;P8_merge_internal_nodes;P1_remove_edge;P3_reverse_edge
f441c10d8bdbbbc8,False,,left_only,False,P6_delete_path;P8_merge_internal_nodes;P1_remove_edge;P3_reverse_edge
fac8d4eb17dda1f4,False,,left_only,False,P8_merge_internal_nodes;P8_merge_internal_nodes;P8_merge_internal_nodes;P2_add_edge
fac8d4eb17dda1f4,True,1.0,right_only,False,P8_merge_internal_nodes
0103dd170352e326,True,1.0,left_only,True,P8_merge_internal_nodes
0103dd170352e326,True,1.0,left_only,True,P8_merge_internal_nodes
011a73c0e8d27973,True,4.0,left_only,False,P6_delete_path;P8_merge_internal_nodes;P8_merge_internal_nodes;P2_add_edge
011a73c0e8d27973,True,4.0,left_only,False,P6_delete_path;P8_merge_internal_nodes;P8_merge_internal_nodes;P2_add_edge
0add9d3aa4f2488c,True,1.0,left_only,False,P3_reverse_edge
0add9d3aa4f2488c,True,1.0,left_only,False,P3_reverse_edge
1712e922cba71e91,True,1.0,left_only,True,P6_delete_path
1712e922cba71e91,True,1.0,left_only,True,P6_delete_path
1836a72ed9fe6beb,True,1.0,left_only,False,P2_add_edge
1836a72ed9fe6beb,True,1.0,left_only,False,P2_add_edge
1b5fa7e9dbae8b9d,True,1.0,right_only,False,P8_merge_internal_nodes
1b5fa7e9dbae8b9d,False,,left_only,False,P6_delete_path;P8_merge_internal_nodes;P1_remove_edge;P4_alpha_rename
23ccc85e2b964e88,False,,left_only,False,P6_delete_path;P11_swap_branches;P8_merge_internal_nodes;P4_alpha_rename
23ccc85e2b964e88,False,,left_only,False,P6_delete_path;P11_swap_branches;P8_merge_internal_nodes;P4_alpha_rename
23fbc412bd7675d8,True,1.0,left_only,False,P6_delete_path
23fbc412bd7675d8,True,1.0,left_only,False,P6_delete_path
2727b2986dfe0643,True,2.0,right_only,False,P8_merge_internal_nodes;P8_merge_internal_nodes
2727b2986dfe0643,False,,left_only,False,P6_delete_path;P8_merge_internal_nodes;P8_merge_internal_nodes;P3_reverse_edge
2af9318c183b033d,False,,left_only,False,P6_delete_path;P8_merge_internal_nodes;P1_remove_edge;P3_reverse_edge
2af9318c183b033d,False,,left_only,False,P6_delete_path;P8_merge_internal_nodes;P1_remove_edge;P3_reverse_edge
301330bfe86d9ed1,False,,left_only,False,P6_delete_path;P6_delete_path;P6_delete_path;P3_reverse_edge
301330bfe86d9ed1,False,,left_only,False,P6_delete_path;P6_delete_path;P6_delete_path;P3_reverse_edge
34b1ef0dd4a8c01b,False,,left_only,False,P6_delete_path;P6_delete_path;P8_merge_internal_nodes;P4_alpha_rename
34b1ef0dd4a8c01b,True,2.0,right_only,False,P6_delete_path;P3_reverse_edge
3d8dcbf41724079e,True,1.0,left_only,True,P6_delete_path
3d8dcbf41724079e,True,1.0,left_only,True,P6_delete_path
3dc0c549581091fc,True,1.0,left_only,False,P6_delete_path
3dc0c549581091fc,True,1.0,left_only,False,P6_delete_path
41168bf06f409b8b,True,1.0,right_only,False,P2_add_edge
41168bf06f409b8b,False,,left_only,False,P6_delete_path;P1_remove_edge;P8_merge_internal_nodes;P4_alpha_rename
46dda7bd0dc29c55,False,,left_only,False,P6_delete_path;P8_merge_internal_nodes;P8_merge_internal_nodes;P3_reverse_edge
46dda7bd0dc29c55,False,,left_only,False,P6_delete_path;P8_merge_internal_nodes;P8_merge_internal_nodes;P3_reverse_edge
473a8b00066c2c5c,False,,left_only,False,P8_merge_internal_nodes;P6_delete_path;P1_remove_edge;P4_alpha_rename
473a8b00066c2c5c,True,1.0,right_only,False,P8_merge_internal_nodes
5733661c87c5f2ad,True,1.0,left_only,False,P3_reverse_edge
5733661c87c5f2ad,True,1.0,left_only,False,P3_reverse_edge
59ee63802bede7aa,True,1.0,left_only,False,P2_add_edge
59ee63802bede7aa,True,1.0,left_only,False,P2_add_edge
624beb9ba988f915,True,2.0,right_only,False,P8_merge_internal_nodes;P3_reverse_edge
624beb9ba988f915,True,2.0,right_only,False,P6_delete_path;P3_reverse_edge
6f20ff1183301701,False,,left_only,False,P8_merge_internal_nodes;P6_delete_path;P8_merge_internal_nodes;P8_merge_internal_nodes
6f20ff1183301701,True,1.0,right_only,False,P11_swap_branches
7b2f26bf4c7c0463,True,1.0,left_only,True,P6_delete_path
7b2f26bf4c7c0463,True,1.0,left_only,True,P6_delete_path
7ca40f67ba8cbf38,True,1.0,left_only,True,P6_delete_path
7ca40f67ba8cbf38,True,1.0,left_only,True,P6_delete_path
8040a94e6a98be9d,False,,left_only,False,P6_delete_path;P1_remove_edge;P1_remove_edge;P4_alpha_rename
8040a94e6a98be9d,False,,left_only,False,P6_delete_path;P1_remove_edge;P1_remove_edge;P4_alpha_rename
84d65ed80a99fd0f,True,1.0,left_only,False,P2_add_edge
84d65ed80a99fd0f,True,1.0,left_only,False,P2_add_edge
860f4f3ec83cd5a5,True,1.0,left_only,True,P6_delete_path
860f4f3ec83cd5a5,True,1.0,left_only,True,P6_delete_path
87e7e4b6ca62adc8,True,1.0,left_only,False,P3_reverse_edge
87e7e4b6ca62adc8,True,1.0,left_only,False,P3_reverse_edge
8a20047837866b42,True,1.0,left_only,True,P6_delete_path
8a20047837866b42,True,1.0,left_only,True,P6_delete_path
8a3748b6b6cedb9e,True,1.0,left_only,False,P3_reverse_edge
8a3748b6b6cedb9e,True,1.0,left_only,False,P3_reverse_edge
905cf8becb73c0ca,True,3.0,left_only,False,P8_merge_internal_nodes;P8_merge_internal_nodes;P2_add_edge
905cf8becb73c0ca,True,3.0,left_only,False,P8_merge_internal_nodes;P8_merge_internal_nodes;P2_add_edge
95e8b5648854ca3e,True,1.0,left_only,False,P8_merge_internal_nodes
95e8b5648854ca3e,True,1.0,left_only,False,P8_merge_internal_nodes
9bda833cc44dd793,True,1.0,left_only,True,P6_delete_path
9bda833cc44dd793,True,1.0,left_only,True,P6_delete_path
ac0c534c42d9b751,True,1.0,left_only,False,P3_reverse_edge
ac0c534c42d9b751,True,1.0,left_only,False,P3_reverse_edge
b1e4c0bd33aee0c4,True,1.0,left_only,False,P3_reverse_edge
b1e4c0bd33aee0c4,True,1.0,left_only,False,P3_reverse_edge
b3ccd7ca77e3b9a2,True,1.0,left_only,True,P6_delete_path
b3ccd7ca77e3b9a2,True,1.0,left_only,True,P6_delete_path
b85b64bf65d04ed1,True,1.0,left_only,True,P1_remove_edge
b85b64bf65d04ed1,True,1.0,left_only,True,P1_remove_edge
b8b4c8577b1309ea,True,1.0,left_only,True,P1_remove_edge
b8b4c8577b1309ea,True,1.0,left_only,True,P1_remove_edge
bc8ac4eeae23f2a8,True,1.0,right_only,False,P2_add_edge
bc8ac4eeae23f2a8,True,2.0,right_only,False,P8_merge_internal_nodes;P2_add_edge
cc0167f4f01c76a4,True,1.0,left_only,False,P8_merge_internal_nodes
cc0167f4f01c76a4,True,1.0,left_only,False,P8_merge_internal_nodes
d0ba4ea43f0d14e9,True,1.0,left_only,True,P1_remove_edge
d0ba4ea43f0d14e9,True,1.0,left_only,True,P1_remove_edge
d21366378fc2c5be,True,1.0,left_only,True,P1_remove_edge
d21366378fc2c5be,True,1.0,left_only,True,P1_remove_edge
db84d349a8564c37,True,1.0,left_only,False,P1_remove_edge
db84d349a8564c37,True,1.0,left_only,False,P1_remove_edge
dd847a1528521f2f,True,1.0,left_only,False,P2_add_edge
dd847a1528521f2f,True,1.0,left_only,False,P2_add_edge
ece8869d21450983,False,,left_only,False,P6_delete_path;P8_merge_internal_nodes;P1_remove_edge;P4_alpha_rename
ece8869d21450983,True,1.0,right_only,False,P3_reverse_edge
f1bdf7a28d670204,True,1.0,left_only,True,P3_reverse_edge
f1bdf7a28d670204,True,1.0,left_only,True,P3_reverse_edge
f7df848e3f9397a0,True,4.0,left_only,False,P8_merge_internal_nodes;P8_merge_internal_nodes;P8_merge_internal_nodes;P2_add_edge
f7df848e3f9397a0,True,4.0,left_only,False,P8_merge_internal_nodes;P8_merge_internal_nodes;P8_merge_internal_nodes;P2_add_edge
01272c975344cc89,True,1.0,left_only,False,P8_merge_internal_nodes
01272c975344cc89,True,1.0,left_only,False,P8_merge_internal_nodes
042261ce81c362bf,True,1.0,left_only,True,P6_delete_path
042261ce81c362bf,True,1.0,left_only,True,P6_delete_path
05f380997678b62c,True,2.0,left_only,False,P8_merge_internal_nodes;P3_reverse_edge
05f380997678b62c,True,2.0,left_only,False,P8_merge_internal_nodes;P3_reverse_edge
0a0737c2240d2528,True,1.0,left_only,False,P1_remove_edge
0a0737c2240d2528,True,1.0,left_only,False,P1_remove_edge
0b43ca56373bb641,False,,left_only,False,P6_delete_path;P6_delete_path;P1_remove_edge;P3_reverse_edge
0b43ca56373bb641,False,,left_only,False,P6_delete_path;P6_delete_path;P1_remove_edge;P3_reverse_edge
0ef78785eff43530,True,1.0,left_only,False,P2_add_edge
0ef78785eff43530,True,1.0,left_only,False,P2_add_edge
1951ca3b19e3c633,True,2.0,left_only,False,P6_delete_path;P8_merge_internal_nodes
1951ca3b19e3c633,True,2.0,left_only,False,P6_delete_path;P8_merge_internal_nodes
1d35e81b82e699fb,True,1.0,left_only,False,P3_reverse_edge
1d35e81b82e699fb,True,1.0,left_only,False,P3_reverse_edge
21cf5c82538252a2,True,1.0,left_only,False,P2_add_edge
21cf5c82538252a2,True,1.0,left_only,False,P2_add_edge
25f939ae48ffd040,True,1.0,left_only,False,P8_merge_internal_nodes
25f939ae48ffd040,True,1.0,left_only,False,P8_merge_internal_nodes
265d76f34cb6ded5,True,1.0,left_only,False,P1_remove_edge
265d76f34cb6ded5,True,1.0,left_only,False,P1_remove_edge
2765ecca7fa7e93a,True,1.0,left_only,True,P6_delete_path
2765ecca7fa7e93a,True,1.0,left_only,True,P6_delete_path
31af4dd77a013d5a,True,1.0,left_only,False,P1_remove_edge
31af4dd77a013d5a,True,1.0,left_only,False,P1_remove_edge
3e3d63131fc0cc60,True,1.0,left_only,False,P8_merge_internal_nodes
3e3d63131fc0cc60,True,1.0,left_only,False,P8_merge_internal_nodes
42bc4d982877810b,True,1.0,left_only,False,P2_add_edge
42bc4d982877810b,True,1.0,left_only,False,P2_add_edge
4c97067d3a9c1d94,True,1.0,left_only,False,P2_add_edge
4c97067d3a9c1d94,True,1.0,left_only,False,P2_add_edge
53c7757417a31c28,True,2.0,left_only,False,P6_delete_path;P8_merge_internal_nodes
53c7757417a31c28,True,2.0,left_only,False,P6_delete_path;P8_merge_internal_nodes
605d17485fb9b321,True,2.0,left_only,False,P8_merge_internal_nodes;P3_reverse_edge
605d17485fb9b321,True,2.0,left_only,False,P8_merge_internal_nodes;P3_reverse_edge
632a42765685133e,True,1.0,left_only,False,P8_merge_internal_nodes
632a42765685133e,True,1.0,left_only,False,P8_merge_internal_nodes
6b9454dd956afa73,True,1.0,left_only,True,P1_remove_edge
6b9454dd956afa73,True,1.0,left_only,True,P1_remove_edge
6cb57e24a4d0db13,True,1.0,left_only,False,P3_reverse_edge
6cb57e24a4d0db13,True,1.0,left_only,False,P3_reverse_edge
6cf22a687dc57b64,True,2.0,left_only,False,P6_delete_path;P2_add_edge
6cf22a687dc57b64,True,2.0,left_only,False,P6_delete_path;P2_add_edge
6d1d42d12a68d0a4,True,1.0,left_only,False,P8_merge_internal_nodes
6d1d42d12a68d0a4,True,1.0,left_only,False,P8_merge_internal_nodes
6d3d220061fb0785,True,1.0,left_only,False,P3_reverse_edge
6d3d220061fb0785,True,1.0,left_only,False,P3_reverse_edge
6de29444cd567c1b,True,1.0,left_only,False,P2_add_edge
6de29444cd567c1b,True,1.0,left_only,False,P2_add_edge
6f244dea1f866eea,True,1.0,left_only,False,P2_add_edge
6f244dea1f866eea,True,1.0,left_only,False,P2_add_edge
74adf952cd769b57,False,,left_only,False,P8_merge_internal_nodes;P6_delete_path;P6_delete_path;P2_add_edge
74adf952cd769b57,False,,left_only,False,P8_merge_internal_nodes;P6_delete_path;P6_delete_path;P2_add_edge
88b0fb0b674d02bb,True,1.0,left_only,False,P8_merge_internal_nodes
88b0fb0b674d02bb,True,1.0,left_only,False,P8_merge_internal_nodes
8a17c60b940148e6,False,,left_only,False,P8_merge_internal_nodes;P6_delete_path;P8_merge_internal_nodes;P4_alpha_rename
8a17c60b940148e6,True,1.0,right_only,False,P3_reverse_edge
96d238e542374d4a,False,,left_only,False,P8_merge_internal_nodes;P8_merge_internal_nodes;P1_remove_edge;P8_merge_internal_nodes
96d238e542374d4a,True,1.0,right_only,False,P11_swap_branches
a38354554de49a58,True,1.0,left_only,False,P3_reverse_edge
a38354554de49a58,True,1.0,left_only,False,P3_reverse_edge
a8d2f0f2221c57bf,True,1.0,left_only,False,P3_reverse_edge
a8d2f0f2221c57bf,True,1.0,left_only,False,P3_reverse_edge
ac3da2cbd641e9f9,True,1.0,left_only,False,P11_swap_branches
ac3da2cbd641e9f9,True,1.0,left_only,False,P11_swap_branches
bb420ab282160f19,True,1.0,left_only,False,P8_merge_internal_nodes
bb420ab282160f19,True,1.0,left_only,False,P8_merge_internal_nodes
bee838cbd63185f4,True,1.0,left_only,False,P1_remove_edge
bee838cbd63185f4,True,1.0,left_only,False,P1_remove_edge
c2715e1262b00dcd,True,1.0,left_only,False,P3_reverse_edge
c2715e1262b00dcd,True,1.0,left_only,False,P3_reverse_edge
d1a350561be0291c,True,1.0,left_only,False,P2_add_edge
d1a350561be0291c,True,1.0,left_only,False,P2_add_edge
d33440863b7f08af,True,1.0,left_only,False,P3_reverse_edge
d33440863b7f08af,True,1.0,left_only,False,P3_reverse_edge
d8b9f8bb14584223,True,1.0,right_only,False,P3_reverse_edge
d8b9f8bb14584223,False,,left_only,False,P6_delete_path;P6_delete_path;P8_merge_internal_nodes;P11_swap_branches
db1d6204236a4c10,True,1.0,left_only,False,P6_delete_path
db1d6204236a4c10,True,1.0,left_only,False,P6_delete_path
e6834664d1d97ada,True,1.0,left_only,False,P6_delete_path
e6834664d1d97ada,True,1.0,left_only,False,P6_delete_path
e8990747b7970021,True,1.0,left_only,True,P6_delete_path
e8990747b7970021,True,1.0,left_only,True,P6_delete_path
ea39e74291255574,True,1.0,left_only,True,P6_delete_path
ea39e74291255574,True,1.0,left_only,True,P6_delete_path
f0a9fbbe6db27634,False,,left_only,False,P6_delete_path;P8_merge_internal_nodes;P8_merge_internal_nodes;P8_merge_internal_nodes
f0a9fbbe6db27634,True,2.0,right_only,False,P6_delete_path;P3_reverse_edge
fcae66177668920c,False,,left_only,False,P6_delete_path;P8_merge_internal_nodes;P1_remove_edge;P8_merge_internal_nodes
fcae66177668920c,True,1.0,right_only,False,P8_merge_internal_nodes
03a9ed233637e19f,True,1.0,left_only,True,P6_delete_path
03a9ed233637e19f,True,1.0,left_only,True,P6_delete_path
0439b626b517cc38,True,2.0,left_only,False,P6_delete_path;P3_reverse_edge
0439b626b517cc38,True,2.0,left_only,False,P6_delete_path;P3_reverse_edge
062cc9e374ee5f11,True,1.0,left_only,True,P6_delete_path
062cc9e374ee5f11,True,1.0,left_only,True,P6_delete_path
0d23013352667f2b,False,,left_only,False,P6_delete_path;P8_merge_internal_nodes;P8_merge_internal_nodes;P4_alpha_rename
0d23013352667f2b,False,,left_only,False,P6_delete_path;P8_merge_internal_nodes;P8_merge_internal_nodes;P4_alpha_rename
0fb09f591e79fac2,True,2.0,left_only,False,P6_delete_path;P3_reverse_edge
0fb09f591e79fac2,True,2.0,left_only,False,P6_delete_path;P3_reverse_edge
0fd2ecdb5b763082,True,1.0,left_only,False,P11_swap_branches
0fd2ecdb5b763082,True,1.0,left_only,False,P11_swap_branches
12c6d94ea4102d04,False,,left_only,False,P6_delete_path;P1_remove_edge;P1_remove_edge;P4_alpha_rename
12c6d94ea4102d04,False,,left_only,False,P6_delete_path;P1_remove_edge;P1_remove_edge;P4_alpha_rename
1518289c6075fd04,False,,left_only,False,P8_merge_internal_nodes;P6_delete_path;P8_merge_internal_nodes;P11_swap_branches
1518289c6075fd04,False,,left_only,False,P8_merge_internal_nodes;P6_delete_path;P8_merge_internal_nodes;P11_swap_branches
1820ec0d4926ebaf,True,1.0,left_only,False,P6_delete_path
1820ec0d4926ebaf,True,1.0,left_only,False,P6_delete_path
1f96e5c6b72bb75c,True,1.0,left_only,True,P6_delete_path
1f96e5c6b72bb75c,True,1.0,left_only,True,P6_delete_path
1fa38d2dd855592d,True,1.0,left_only,False,P2_add_edge
1fa38d2dd855592d,True,1.0,left_only,False,P2_add_edge
212441cc9d845264,False,,left_only,False,P6_delete_path;P6_delete_path;P8_merge_internal_nodes;P4_alpha_rename
212441cc9d845264,False,,left_only,False,P6_delete_path;P6_delete_path;P8_merge_internal_nodes;P4_alpha_rename
2614e4e8f9294546,True,1.0,left_only,False,P3_reverse_edge
2614e4e8f9294546,True,1.0,left_only,False,P3_reverse_edge
2e9608985596bd5e,True,1.0,left_only,True,P1_remove_edge
2e9608985596bd5e,True,1.0,left_only,True,P1_remove_edge
31d7de1ed03746f4,True,1.0,left_only,True,P6_delete_path
31d7de1ed03746f4,True,1.0,left_only,True,P6_delete_path
325798502cbfa539,True,1.0,left_only,False,P3_reverse_edge
325798502cbfa539,True,1.0,left_only,False,P3_reverse_edge
36049ef8977acd49,True,2.0,left_only,False,P8_merge_internal_nodes;P3_reverse_edge
36049ef8977acd49,True,2.0,left_only,False,P8_merge_internal_nodes;P3_reverse_edge
378ddd03ce9187b0,True,1.0,left_only,False,P6_delete_path
378ddd03ce9187b0,True,1.0,left_only,False,P6_delete_path
3a519fe78fc553c6,True,1.0,left_only,True,P6_delete_path
3a519fe78fc553c6,True,1.0,left_only,True,P6_delete_path
4a8ec118a9f8007c,True,1.0,left_only,False,P3_reverse_edge
4a8ec118a9f8007c,True,1.0,left_only,False,P3_reverse_edge
4e7877e37937b0ad,False,,left_only,False,P1_remove_edge;P1_remove_edge;P8_merge_internal_nodes;P4_alpha_rename
4e7877e37937b0ad,False,,left_only,False,P1_remove_edge;P1_remove_edge;P8_merge_internal_nodes;P4_alpha_rename
59bf87696024332c,True,1.0,right_only,False,P3_reverse_edge
59bf87696024332c,False,,left_only,False,P6_delete_path;P8_merge_internal_nodes;P8_merge_internal_nodes;P4_alpha_rename
5ab25c0e51e03661,True,1.0,left_only,False,P8_merge_internal_nodes
5ab25c0e51e03661,True,1.0,left_only,False,P8_merge_internal_nodes
5edac9c57bac0763,True,1.0,left_only,False,P3_reverse_edge
5edac9c57bac0763,True,1.0,left_only,False,P3_reverse_edge
6073a18f1b8936c0,True,1.0,left_only,False,P6_delete_path
6073a18f1b8936c0,True,1.0,left_only,False,P6_delete_path
6800f4f0bf5fe109,True,1.0,left_only,False,P6_delete_path
6800f4f0bf5fe109,True,1.0,left_only,False,P6_delete_path
6bf94bb44d5f5b5d,True,1.0,left_only,True,P1_remove_edge
6bf94bb44d5f5b5d,True,1.0,left_only,True,P1_remove_edge
7292e93d3ee5d540,True,1.0,left_only,True,P6_delete_path
7292e93d3ee5d540,True,1.0,left_only,True,P6_delete_path
797c2dfcb3931e31,False,,left_only,False,P6_delete_path;P6_delete_path;P1_remove_edge;P4_alpha_rename
797c2dfcb3931e31,False,,left_only,False,P6_delete_path;P6_delete_path;P1_remove_edge;P4_alpha_rename
7aa72a677ad257bb,True,1.0,left_only,True,P1_remove_edge
7aa72a677ad257bb,True,1.0,left_only,True,P1_remove_edge
859f6695f663d624,True,1.0,left_only,False,P3_reverse_edge
859f6695f663d624,True,1.0,left_only,False,P3_reverse_edge
87ea7b31797ad3a1,False,,left_only,False,P8_merge_internal_nodes;P8_merge_internal_nodes;P6_delete_path;P8_merge_internal_nodes
87ea7b31797ad3a1,True,1.0,right_only,False,P8_merge_internal_nodes
8d3871998c067bf1,False,,left_only,False,P8_merge_internal_nodes;P8_merge_internal_nodes;P6_delete_path;P8_merge_internal_nodes
8d3871998c067bf1,False,,left_only,False,P8_merge_internal_nodes;P8_merge_internal_nodes;P6_delete_path;P8_merge_internal_nodes
8fd08a7868c2a752,True,1.0,right_only,False,P8_merge_internal_nodes
8fd08a7868c2a752,False,,left_only,False,P8_merge_internal_nodes;P6_delete_path;P8_merge_internal_nodes;P4_alpha_rename
a5f828f65bc731b5,True,1.0,left_only,False,P3_reverse_edge
a5f828f65bc731b5,True,1.0,left_only,False,P3_reverse_edge
ab334b6c8a7965f9,True,4.0,left_only,False,P6_delete_path;P8_merge_internal_nodes;P8_merge_internal_nodes;P2_add_edge
ab334b6c8a7965f9,True,4.0,left_only,False,P6_delete_path;P8_merge_internal_nodes;P8_merge_internal_nodes;P2_add_edge
ac908d04fc29eae9,True,1.0,left_only,False,P6_delete_path
ac908d04fc29eae9,True,1.0,left_only,False,P6_delete_path
afaa9493782b9614,True,1.0,right_only,False,P3_reverse_edge
afaa9493782b9614,True,1.0,right_only,False,P3_reverse_edge
b4715e061e7a47b6,False,,left_only,False,P6_delete_path;P1_remove_edge;P1_remove_edge;P4_alpha_rename
b4715e061e7a47b6,False,,left_only,False,P6_delete_path;P1_remove_edge;P1_remove_edge;P4_alpha_rename
b4f8130d00b42e2e,True,1.0,left_only,False,P6_delete_path
b4f8130d00b42e2e,True,1.0,left_only,False,P6_delete_path
c15e92f8bff61cf6,True,1.0,left_only,False,P8_merge_internal_nodes
c15e92f8bff61cf6,True,1.0,left_only,False,P8_merge_internal_nodes
c45b5822285eecd9,True,2.0,left_only,False,P6_delete_path;P2_add_edge
c45b5822285eecd9,True,2.0,left_only,False,P6_delete_path;P2_add_edge
c8a69e5bafc543c9,True,1.0,left_only,True,P6_delete_path
c8a69e5bafc543c9,True,1.0,left_only,True,P6_delete_path
cca1730165b44d1d,False,,left_only,False,P6_delete_path;P6_delete_path;P8_merge_internal_nodes;P4_alpha_rename
cca1730165b44d1d,False,,left_only,False,P6_delete_path;P6_delete_path;P8_merge_internal_nodes;P4_alpha_rename
d4a1b5eb9f9cdc43,True,1.0,left_only,False,P1_remove_edge
d4a1b5eb9f9cdc43,True,1.0,left_only,False,P1_remove_edge
d6790396798fc6ad,True,1.0,left_only,True,P6_delete_path
d6790396798fc6ad,True,1.0,left_only,True,P6_delete_path
e66c154964a6d9ce,True,1.0,left_only,False,P6_delete_path
e66c154964a6d9ce,True,1.0,left_only,False,P6_delete_path
ea3eacec6cbe1858,True,2.0,right_only,False,P8_merge_internal_nodes;P2_add_edge
ea3eacec6cbe1858,True,2.0,right_only,False,P8_merge_internal_nodes;P2_add_edge
eb6a66102227e797,True,1.0,left_only,True,P1_remove_edge
eb6a66102227e797,True,1.0,left_only,True,P1_remove_edge
eb9d64c31077274c,True,1.0,left_only,True,P6_delete_path
eb9d64c31077274c,True,1.0,left_only,True,P6_delete_path
f34794341f27b3e9,True,1.0,left_only,False,P6_delete_path
f34794341f27b3e9,True,1.0,left_only,False,P6_delete_path
f3de0a5c7dde8aeb,True,1.0,right_only,False,P3_reverse_edge
f3de0a5c7dde8aeb,False,,left_only,False,P6_delete_path;P8_merge_internal_nodes;P8_merge_internal_nodes;P4_alpha_rename
f51293571badeeeb,True,1.0,left_only,False,P1_remove_edge
f51293571badeeeb,True,1.0,left_only,False,P1_remove_edge
01bb8b45b86edcb8,True,2.0,left_only,False,P8_merge_internal_nodes;P8_merge_internal_nodes
01bb8b45b86edcb8,True,2.0,left_only,False,P8_merge_internal_nodes;P8_merge_internal_nodes
0245ca31d3917f7d,True,1.0,left_only,False,P8_merge_internal_nodes
0245ca31d3917f7d,True,1.0,left_only,False,P8_merge_internal_nodes
095c594b144786fb,True,2.0,left_only,False,P6_delete_path;P2_add_edge
095c594b144786fb,True,2.0,left_only,False,P6_delete_path;P2_add_edge
0c3d1c6eccb6d4b6,True,1.0,left_only,True,P6_delete_path
0c3d1c6eccb6d4b6,True,1.0,left_only,True,P6_delete_path
118ac77e1bba5ff7,True,1.0,left_only,False,P3_reverse_edge
118ac77e1bba5ff7,True,1.0,left_only,False,P3_reverse_edge
156624c2724a46a2,True,1.0,left_only,False,P3_reverse_edge
156624c2724a46a2,True,1.0,left_only,False,P3_reverse_edge
161deb7acc8aa86c,True,1.0,left_only,False,P3_reverse_edge
161deb7acc8aa86c,True,1.0,left_only,False,P3_reverse_edge
2498ccc85ad0dc09,True,1.0,left_only,False,P6_delete_path
2498ccc85ad0dc09,True,1.0,left_only,False,P6_delete_path
26dad0609a684bef,False,,left_only,False,P6_delete_path;P6_delete_path;P1_remove_edge;P3_reverse_edge
26dad0609a684bef,True,1.0,right_only,False,P3_reverse_edge
2aa88dca21a9ad03,True,1.0,left_only,False,P6_delete_path
2aa88dca21a9ad03,True,1.0,left_only,False,P6_delete_path
31a26ad598e52512,False,,left_only,False,P6_delete_path;P8_merge_internal_nodes;P1_remove_edge;P8_merge_internal_nodes
31a26ad598e52512,False,,left_only,False,P6_delete_path;P8_merge_internal_nodes;P1_remove_edge;P8_merge_internal_nodes
3e865ee6ce069a31,True,1.0,right_only,False,P2_add_edge
3e865ee6ce069a31,False,,left_only,False,P6_delete_path;P6_delete_path;P1_remove_edge;P11_swap_branches
3f08cab84d524bfa,True,1.0,right_only,False,P8_merge_internal_nodes
3f08cab84d524bfa,True,1.0,right_only,False,P3_reverse_edge
3fbc05489f0032cb,True,1.0,right_only,False,P2_add_edge
3fbc05489f0032cb,True,1.0,right_only,False,P8_merge_internal_nodes
40d840a3ada8c21b,True,1.0,left_only,False,P3_reverse_edge
40d840a3ada8c21b,True,1.0,left_only,False,P3_reverse_edge
43a5875f8374d6a1,True,1.0,left_only,False,P3_reverse_edge
43a5875f8374d6a1,True,1.0,left_only,False,P3_reverse_edge
4fcbf77dae2182e7,True,1.0,left_only,False,P1_remove_edge
4fcbf77dae2182e7,True,1.0,left_only,False,P1_remove_edge
51613b3901ed85a2,True,1.0,left_only,False,P8_merge_internal_nodes
51613b3901ed85a2,True,1.0,left_only,False,P8_merge_internal_nodes
5186442993aecc67,True,2.0,right_only,False,P6_delete_path;P3_reverse_edge
5186442993aecc67,True,1.0,right_only,False,P11_swap_branches
5403407c2ebd9831,True,1.0,left_only,False,P2_add_edge
5403407c2ebd9831,True,1.0,left_only,False,P2_add_edge
67ab2729a45e1100,True,1.0,right_only,False,P3_reverse_edge
67ab2729a45e1100,False,,left_only,False,P6_delete_path;P1_remove_edge;P8_merge_internal_nodes;P4_alpha_rename
6a284c1a7e1174f1,True,2.0,left_only,False,P6_delete_path;P3_reverse_edge
6a284c1a7e1174f1,True,2.0,left_only,False,P6_delete_path;P3_reverse_edge
6abcd42d33366056,True,1.0,left_only,False,P6_delete_path
6abcd42d33366056,True,1.0,left_only,False,P6_delete_path
6e0801d94f9d5f96,True,1.0,left_only,True,P6_delete_path
6e0801d94f9d5f96,True,1.0,left_only,True,P6_delete_path
