system,horizon,shape,count,fraction
A_dead_control,1,_,3007,0.075175
A_dead_control,1,"add(s(s(s(_))),_)",679,0.016975
A_dead_control,1,"s(add(s(s(_)),_))",679,0.016975
A_dead_control,1,"mul(s(s(_)),_)",677,0.016925
A_dead_control,1,"add(_,mul(s(_),_))",677,0.016925
A_dead_control,1,"add(s(_),_)",661,0.016525
A_dead_control,1,"s(add(_,_))",661,0.016525
A_dead_control,1,"add(s(s(_)),_)",654,0.01635
A_dead_control,1,"s(add(s(_),_))",654,0.01635
A_dead_control,1,"mul(s(_),_)",652,0.0163
A_dead_control,1,"add(_,mul(_,_))",652,0.0163
A_dead_control,1,"mul(s(s(s(_))),s(s(_)))",650,0.01625
A_dead_control,1,"add(s(s(_)),mul(s(s(_)),s(s(_))))",650,0.01625
A_dead_control,1,"mul(s(_),s(_))",648,0.0162
A_dead_control,1,"add(s(_),mul(_,s(_)))",648,0.0162
A_dead_control,1,"add(_,s(_))",648,0.0162
A_dead_control,1,s(_),648,0.0162
A_dead_control,1,"mul(s(s(_)),s(s(s(_))))",645,0.016125
A_dead_control,1,"add(s(s(s(_))),mul(s(_),s(s(s(_)))))",645,0.016125
A_dead_control,1,"add(s(s(_)),s(s(s(_))))",642,0.01605
A_dead_control,1,"s(add(s(_),s(s(s(_)))))",642,0.01605
A_dead_control,1,"add(s(s(s(_))),s(s(s(_))))",640,0.016
A_dead_control,1,"s(add(s(s(_)),s(s(s(_)))))",640,0.016
A_dead_control,1,"mul(s(s(s(_))),s(_))",639,0.015975
A_dead_control,1,"add(s(_),mul(s(s(_)),s(_)))",639,0.015975
A_dead_control,1,"mul(s(s(s(_))),_)",638,0.01595
A_dead_control,1,"add(_,mul(s(s(_)),_))",638,0.01595
A_dead_control,1,"add(s(_),s(s(s(_))))",629,0.015725
A_dead_control,1,"s(add(_,s(s(s(_)))))",629,0.015725
A_dead_control,1,"add(s(s(s(_))),s(_))",628,0.0157
A_dead_control,1,"s(add(s(s(_)),s(_)))",628,0.0157
A_dead_control,1,"add(_,s(s(s(_))))",627,0.015675
A_dead_control,1,s(s(s(_))),627,0.015675
A_dead_control,1,"add(s(s(_)),s(s(_)))",625,0.015625
A_dead_control,1,"s(add(s(_),s(s(_))))",625,0.015625
A_dead_control,1,"add(s(_),s(_))",622,0.01555
A_dead_control,1,"s(add(_,s(_)))",622,0.01555
A_dead_control,1,"mul(_,s(s(_)))",621,0.015525
A_dead_control,1,"add(s(s(_)),s(_))",616,0.0154
A_dead_control,1,"s(add(s(_),s(_)))",616,0.0154
A_dead_control,1,"mul(s(_),s(s(_)))",615,0.015375
A_dead_control,1,"add(s(s(_)),mul(_,s(s(_))))",615,0.015375
A_dead_control,1,"mul(s(s(s(_))),s(s(s(_))))",613,0.015325
A_dead_control,1,"add(s(s(s(_))),mul(s(s(_)),s(s(s(_)))))",613,0.015325
A_dead_control,1,"mul(s(s(_)),s(s(_)))",610,0.01525
A_dead_control,1,"add(s(s(_)),mul(s(_),s(s(_))))",610,0.01525
A_dead_control,1,"add(_,s(s(_)))",607,0.015175
A_dead_control,1,s(s(_)),607,0.015175
A_dead_control,1,"add(_,_)",605,0.015125
A_dead_control,1,"mul(_,_)",602,0.01505
A_dead_control,1,"mul(_,s(_))",592,0.0148
A_dead_control,1,"mul(s(s(_)),s(_))",592,0.0148
A_dead_control,1,"add(s(_),mul(s(_),s(_)))",592,0.0148
A_dead_control,1,"mul(s(_),s(s(s(_))))",588,0.0147
A_dead_control,1,"add(s(s(s(_))),mul(_,s(s(s(_)))))",588,0.0147
A_dead_control,1,"mul(_,s(s(s(_))))",587,0.014675
A_dead_control,1,"add(s(_),s(s(_)))",583,0.014575
A_dead_control,1,"s(add(_,s(s(_))))",583,0.014575
A_dead_control,1,"add(s(s(s(_))),s(s(_)))",565,0.014125
A_dead_control,1,"s(add(s(s(_)),s(s(_))))",565,0.014125
A_dead_control,2,_,3106,0.05648710580875132
A_dead_control,2,s(s(s(_))),1318,0.023969737751427637
A_dead_control,2,s(_),1273,0.023151347615756736
A_dead_control,2,s(s(_)),1266,0.023024042483541264
A_dead_control,2,"add(s(s(_)),_)",979,0.017804532062706872
A_dead_control,2,"add(_,_)",951,0.01729531153384498
A_dead_control,2,"add(s(_),_)",944,0.017168006401629507
A_dead_control,2,"mul(s(_),_)",933,0.016967955479576618
A_dead_control,2,"mul(s(s(_)),_)",924,0.01680427745244244
A_dead_control,2,"mul(_,_)",916,0.016658785872767614
A_dead_control,2,"add(s(s(s(_))),_)",886,0.016113192448987016
A_dead_control,2,"add(s(_),s(s(_)))",668,0.012148546902847997
A_dead_control,2,"s(add(_,s(s(_))))",668,0.012148546902847997
A_dead_control,2,"add(s(s(s(_))),s(s(s(_))))",666,0.01211217400792929
A_dead_control,2,"s(add(s(s(_)),s(s(s(_)))))",666,0.01211217400792929
A_dead_control,2,"s(s(add(s(_),s(s(s(_))))))",666,0.01211217400792929
A_dead_control,2,"s(add(s(_),_))",665,0.012093987560469938
A_dead_control,2,"s(s(add(_,_)))",665,0.012093987560469938
A_dead_control,2,"add(s(s(_)),s(s(s(_))))",660,0.01200305532317317
A_dead_control,2,"s(add(s(_),s(s(s(_)))))",660,0.01200305532317317
A_dead_control,2,"s(s(add(_,s(s(s(_))))))",660,0.01200305532317317
A_dead_control,2,"add(_,s(s(s(_))))",650,0.011821190848579638
A_dead_control,2,"add(s(_),s(_))",644,0.01171207216382352
A_dead_control,2,"s(add(_,s(_)))",644,0.01171207216382352
A_dead_control,2,"s(add(_,_))",637,0.011584767031608045
A_dead_control,2,"add(_,s(_))",636,0.011566580584148693
A_dead_control,2,"mul(s(s(_)),s(s(_)))",635,0.011548394136689339
A_dead_control,2,"add(s(s(_)),mul(s(_),s(s(_))))",635,0.011548394136689339
A_dead_control,2,"mul(s(s(_)),s(s(s(_))))",632,0.01149383479431128
A_dead_control,2,"add(s(s(s(_))),mul(s(_),s(s(s(_)))))",632,0.01149383479431128
A_dead_control,2,"mul(s(_),s(s(_)))",631,0.011475648346851925
A_dead_control,2,"add(s(s(_)),mul(_,s(s(_))))",631,0.011475648346851925
A_dead_control,2,"mul(s(s(_)),s(_))",631,0.011475648346851925
A_dead_control,2,"add(s(_),mul(s(_),s(_)))",631,0.011475648346851925
A_dead_control,2,"add(_,mul(_,_))",630,0.011457461899392573
A_dead_control,2,"mul(s(s(s(_))),s(_))",630,0.011457461899392573
A_dead_control,2,"add(s(_),mul(s(s(_)),s(_)))",630,0.011457461899392573
A_dead_control,2,"mul(_,s(s(s(_))))",626,0.01138471610955516
A_dead_control,2,"mul(_,s(_))",625,0.011366529662095805
A_dead_control,2,"add(_,s(s(_)))",622,0.011311970319717746
A_dead_control,2,"mul(_,s(s(_)))",618,0.011239224529880333
A_dead_control,2,"mul(s(s(s(_))),s(s(_)))",617,0.01122103808242098
A_dead_control,2,"add(s(s(_)),mul(s(s(_)),s(s(_))))",617,0.01122103808242098
A_dead_control,2,"add(s(_),s(s(s(_))))",616,0.011202851634961626
A_dead_control,2,"s(add(_,s(s(s(_)))))",616,0.011202851634961626
A_dead_control,2,s(s(s(s(_)))),616,0.011202851634961626
A_dead_control,2,"add(_,mul(s(_),_))",614,0.01116647874004292
A_dead_control,2,"mul(s(_),s(s(s(_))))",614,0.01116647874004292
A_dead_control,2,"add(s(s(s(_))),mul(_,s(s(s(_)))))",614,0.01116647874004292
A_dead_control,2,"add(s(s(s(_))),s(_))",614,0.01116647874004292
A_dead_control,2,"s(add(s(s(_)),s(_)))",614,0.01116647874004292
A_dead_control,2,"s(s(add(s(_),s(_))))",614,0.01116647874004292
A_dead_control,2,"add(s(s(_)),s(_))",610,0.011093732950205507
A_dead_control,2,"s(add(s(_),s(_)))",610,0.011093732950205507
A_dead_control,2,"s(s(add(_,s(_))))",610,0.011093732950205507
A_dead_control,2,"mul(s(s(s(_))),s(s(s(_))))",610,0.011093732950205507
A_dead_control,2,"add(s(s(s(_))),mul(s(s(_)),s(s(s(_)))))",610,0.011093732950205507
A_dead_control,2,"mul(s(_),s(_))",603,0.010966427817990034
A_dead_control,2,"add(s(_),mul(_,s(_)))",603,0.010966427817990034
A_dead_control,2,"mul(s(s(s(_))),_)",598,0.010875495580693267
A_dead_control,2,"add(_,mul(s(s(_)),_))",598,0.010875495580693267
A_dead_control,2,"add(s(s(s(_))),s(s(_)))",595,0.010820936238315208
A_dead_control,2,"s(add(s(s(_)),s(s(_))))",595,0.010820936238315208
A_dead_control,2,"s(s(add(s(_),s(s(_)))))",595,0.010820936238315208
A_dead_control,2,"s(add(s(s(_)),_))",585,0.010639071763721674
A_dead_control,2,"s(s(add(s(_),_)))",585,0.010639071763721674
A_dead_control,2,"add(s(s(_)),s(s(_)))",581,0.010566325973884261
A_dead_control,2,"s(add(s(_),s(s(_))))",581,0.010566325973884261
A_dead_control,2,"s(s(add(_,s(s(_)))))",581,0.010566325973884261
A_dead_control,2,"add(s(s(_)),add(s(s(_)),mul(_,s(s(_)))))",331,0.006019714109045939
A_dead_control,2,"s(add(_,mul(s(_),s(_))))",326,0.005928781871749172
A_dead_control,2,"s(add(s(s(_)),mul(s(_),s(s(s(_))))))",325,0.005910595424289819
A_dead_control,2,"s(add(_,mul(s(s(_)),s(_))))",322,0.00585603608191176
A_dead_control,2,"s(add(s(_),mul(_,s(s(_)))))",317,0.005765103844614993
A_dead_control,2,"s(add(s(s(_)),mul(_,s(s(s(_))))))",313,0.00569235805477758
A_dead_control,2,"add(s(s(_)),add(s(s(_)),mul(s(_),s(s(_)))))",311,0.005655985159858873
A_dead_control,2,"add(_,add(_,mul(_,_)))",311,0.005655985159858873
A_dead_control,2,"add(s(_),add(s(_),mul(s(_),s(_))))",308,0.005601425817480813
A_dead_control,2,"add(s(s(s(_))),add(s(s(s(_))),mul(_,s(s(s(_))))))",307,0.00558323937002146
A_dead_control,2,"s(add(s(_),mul(s(s(_)),s(s(_)))))",306,0.005565052922562107
A_dead_control,2,"add(s(_),add(s(_),mul(_,s(_))))",305,0.005546866475102753
A_dead_control,2,"add(s(s(s(_))),add(s(s(s(_))),mul(s(_),s(s(s(_))))))",305,0.005546866475102753
A_dead_control,2,"s(add(s(s(_)),mul(s(s(_)),s(s(s(_))))))",305,0.005546866475102753
A_dead_control,2,"s(add(s(_),mul(s(_),s(s(_)))))",304,0.0055286800276434
A_dead_control,2,"s(add(_,mul(_,s(_))))",296,0.005383188447968574
A_dead_control,2,"add(_,add(_,mul(s(_),_)))",288,0.005237696868293748
A_dead_control,4,_,3816,0.04974903852421615
A_dead_control,4,s(s(s(_))),2419,0.031536405710188384
A_dead_control,4,s(s(s(s(_)))),1902,0.0247962975034222
A_dead_control,4,s(_),1900,0.024770223583860242
A_dead_control,4,s(s(_)),1866,0.024326966951306955
A_dead_control,4,"add(_,_)",1317,0.017169676031549442
A_dead_control,4,s(s(s(s(s(_))))),1241,0.016178867088195034
A_dead_control,4,"mul(_,_)",1240,0.016165830128414053
A_dead_control,4,"mul(s(_),_)",1214,0.0158268691741086
A_dead_control,4,"s(s(add(_,_)))",1211,0.015787758294765662
A_dead_control,4,"add(_,mul(s(_),_))",1206,0.015722573495860766
A_dead_control,4,"add(_,mul(_,_))",1153,0.015031614627468874
A_dead_control,4,"s(add(s(_),_))",1139,0.014849097190535168
A_dead_control,4,"s(add(_,_))",1099,0.014327618799296005
A_dead_control,4,"s(s(add(s(_),_)))",1082,0.01410599048301936
A_dead_control,4,"s(add(s(s(_)),_))",1005,0.01310214457988397
A_dead_control,4,"mul(s(s(_)),_)",980,0.012776220585359495
A_dead_control,4,"add(s(s(_)),_)",975,0.012711035786454598
A_dead_control,4,"add(s(_),_)",941,0.01226777915390131
A_dead_control,4,"add(s(s(s(_))),_)",855,0.011146600612737109
A_dead_control,4,"add(_,add(_,mul(_,_)))",701,0.009138908806466332
A_dead_control,4,"mul(s(s(s(_))),_)",676,0.008812984811941855
A_dead_control,4,"add(_,mul(s(s(_)),_))",676,0.008812984811941855
A_dead_control,4,"add(s(_),s(s(s(_))))",658,0.008578319535884232
A_dead_control,4,"s(add(_,s(s(s(_)))))",658,0.008578319535884232
A_dead_control,4,"mul(s(_),s(_))",658,0.008578319535884232
A_dead_control,4,"add(s(_),mul(_,s(_)))",658,0.008578319535884232
A_dead_control,4,"mul(s(s(_)),s(s(_)))",656,0.008552245616322274
A_dead_control,4,"add(s(s(_)),mul(s(_),s(s(_))))",656,0.008552245616322274
A_dead_control,4,"add(s(s(s(_))),s(s(_)))",651,0.008487060817417378
A_dead_control,4,"s(add(s(s(_)),s(s(_))))",651,0.008487060817417378
A_dead_control,4,"s(s(add(s(_),s(s(_)))))",651,0.008487060817417378
A_dead_control,4,"s(s(s(add(_,s(s(_))))))",651,0.008487060817417378
A_dead_control,4,"mul(_,s(s(_)))",648,0.00844794993807444
A_dead_control,4,"add(_,s(_))",643,0.008382765139169546
A_dead_control,4,"add(s(s(s(_))),s(s(s(_))))",642,0.008369728179388566
A_dead_control,4,"s(add(s(s(_)),s(s(s(_)))))",642,0.008369728179388566
A_dead_control,4,"s(s(add(s(_),s(s(s(_))))))",642,0.008369728179388566
A_dead_control,4,"s(s(s(add(_,s(s(s(_)))))))",642,0.008369728179388566
A_dead_control,4,s(s(s(s(s(s(_)))))),642,0.008369728179388566
A_dead_control,4,"mul(_,s(s(s(_))))",641,0.008356691219607587
A_dead_control,4,"mul(s(_),s(s(_)))",639,0.00833061730004563
A_dead_control,4,"add(s(s(_)),mul(_,s(s(_))))",639,0.00833061730004563
A_dead_control,4,"add(_,s(s(s(_))))",638,0.00831758034026465
A_dead_control,4,"add(s(s(_)),s(s(_)))",630,0.008213284662016818
A_dead_control,4,"s(add(s(_),s(s(_))))",630,0.008213284662016818
A_dead_control,4,"s(s(add(_,s(s(_)))))",630,0.008213284662016818
A_dead_control,4,"add(_,s(s(_)))",622,0.008108988983768986
A_dead_control,4,"add(s(s(_)),s(_))",620,0.008082915064207026
A_dead_control,4,"s(add(s(_),s(_)))",620,0.008082915064207026
A_dead_control,4,"s(s(add(_,s(_))))",620,0.008082915064207026
A_dead_control,4,"mul(_,s(_))",615,0.008017730265302132
A_dead_control,4,"add(s(s(s(_))),s(_))",614,0.008004693305521152
A_dead_control,4,"s(add(s(s(_)),s(_)))",614,0.008004693305521152
A_dead_control,4,"s(s(add(s(_),s(_))))",614,0.008004693305521152
A_dead_control,4,"s(s(s(add(_,s(_)))))",614,0.008004693305521152
A_dead_control,4,"mul(s(s(_)),s(s(s(_))))",609,0.007939508506616257
A_dead_control,4,"add(s(s(s(_))),mul(s(_),s(s(s(_)))))",609,0.007939508506616257
A_dead_control,4,"mul(s(s(s(_))),s(s(s(_))))",606,0.00790039762727332
A_dead_control,4,"add(s(s(s(_))),mul(s(s(_)),s(s(s(_)))))",606,0.00790039762727332
A_dead_control,4,"mul(s(s(_)),s(_))",606,0.00790039762727332
A_dead_control,4,"add(s(_),mul(s(_),s(_)))",606,0.00790039762727332
A_dead_control,4,"mul(s(s(s(_))),s(s(_)))",604,0.007874323707711363
A_dead_control,4,"add(s(s(_)),mul(s(s(_)),s(s(_))))",604,0.007874323707711363
A_dead_control,4,"add(s(_),s(_))",596,0.007770028029463529
A_dead_control,4,"s(add(_,s(_)))",596,0.007770028029463529
A_dead_control,4,"add(s(s(_)),s(s(s(_))))",590,0.0076918062707776545
A_dead_control,4,"s(add(s(_),s(s(s(_)))))",590,0.0076918062707776545
A_dead_control,4,"s(s(add(_,s(s(s(_))))))",590,0.0076918062707776545
A_dead_control,4,"mul(s(s(s(_))),s(_))",588,0.007665732351215697
A_dead_control,4,"add(s(_),mul(s(s(_)),s(_)))",588,0.007665732351215697
A_dead_control,4,"add(s(_),s(s(_)))",586,0.0076396584316537385
A_dead_control,4,"s(add(_,s(s(_))))",586,0.0076396584316537385
A_dead_control,4,"mul(s(_),s(s(s(_))))",585,0.007626621471872759
A_dead_control,4,"add(s(s(s(_))),mul(_,s(s(s(_)))))",585,0.007626621471872759
A_dead_control,4,"s(s(s(add(_,_))))",575,0.0074962518740629685
A_dead_control,4,"add(s(s(_)),add(s(s(_)),mul(_,s(s(_)))))",341,0.004445603285313865
A_dead_control,4,"add(_,add(_,mul(s(_),_)))",341,0.004445603285313865
A_dead_control,4,"s(add(s(s(_)),mul(s(s(_)),s(s(s(_))))))",325,0.004237011928818199
A_dead_control,4,"s(add(_,mul(_,s(_))))",316,0.004119679290789388
A_dead_control,4,"s(add(s(_),mul(s(_),s(s(_)))))",315,0.004106642331008409
A_dead_control,4,"add(s(s(_)),add(s(s(_)),mul(s(_),s(s(_)))))",315,0.004106642331008409
A_dead_control,4,"s(add(s(_),mul(_,s(s(_)))))",312,0.004067531451665472
A_dead_control,4,"add(s(_),add(s(_),mul(_,s(_))))",312,0.004067531451665472
A_dead_control,4,"s(add(s(s(_)),mul(s(_),s(s(s(_))))))",306,0.003989309692979597
A_dead_control,4,"s(add(s(s(_)),mul(_,s(s(s(_))))))",305,0.0039762727331986185
A_dead_control,4,"add(s(s(s(_))),add(s(s(s(_))),mul(_,s(s(s(_))))))",303,0.00395019881363666
A_dead_control,4,"s(add(_,mul(s(s(_)),s(_))))",297,0.0038719770549507856
A_dead_control,4,"s(add(_,mul(s(_),s(_))))",294,0.0038328661756078485
A_dead_control,4,"add(s(_),add(s(_),mul(s(_),s(_))))",291,0.003793755296264911
A_dead_control,4,"s(add(s(_),mul(s(s(_)),s(s(_)))))",289,0.003767681376702953
A_dead_control,4,"add(s(s(s(_))),add(s(s(s(_))),mul(s(_),s(s(s(_))))))",281,0.0036633856984551205
A_dead_control,4,"s(add(_,add(s(_),mul(s(_),s(_)))))",264,0.003441757382178476
A_dead_control,4,"s(add(s(s(_)),add(s(s(s(_))),mul(s(_),s(s(s(_)))))))",261,0.003402646502835539
A_dead_control,4,"s(add(s(_),add(s(s(_)),mul(_,s(s(_))))))",260,0.0033896095430545597
A_dead_control,4,"s(add(s(s(_)),add(s(s(s(_))),mul(_,s(s(s(_)))))))",258,0.0033635356234926017
A_dead_control,4,"s(add(s(_),add(s(s(_)),mul(s(_),s(s(_))))))",250,0.003259239945244769
A_dead_control,4,"s(add(_,add(s(_),mul(_,s(_)))))",236,0.0030767225083110617
A_dead_control,4,"s(add(s(_),mul(_,s(_))))",226,0.002946352910501271
A_dead_control,4,"s(add(s(_),mul(s(_),s(_))))",223,0.0029072420311583337
A_dead_control,8,_,4914,0.05099732248490006
A_dead_control,8,s(s(_)),3234,0.03356234043878038
A_dead_control,8,s(s(s(_))),3060,0.03175657444114656
A_dead_control,8,s(s(s(s(_)))),1880,0.019510575146848213
A_dead_control,8,s(_),1833,0.019022810768177006
A_dead_control,8,"add(_,_)",1676,0.017393470184105107
A_dead_control,8,"add(_,mul(_,_))",1618,0.016791548184893833
A_dead_control,8,"s(s(add(_,_)))",1601,0.016615122771331908
A_dead_control,8,"mul(_,_)",1416,0.014695199153158015
A_dead_control,8,"s(add(s(_),_))",1354,0.01405176529193217
A_dead_control,8,"s(s(add(s(_),_)))",1268,0.0131592602586189
A_dead_control,8,s(s(s(s(s(_))))),1241,0.012879055190020548
A_dead_control,8,"mul(s(_),_)",1193,0.0123809128458457
A_dead_control,8,"add(_,mul(s(_),_))",1171,0.012152597604765562
A_dead_control,8,"s(s(s(add(_,_))))",1155,0.01198655015670728
A_dead_control,8,"s(add(_,_))",1067,0.011073289192386725
A_dead_control,8,"s(add(s(s(_)),_))",1049,0.010886485813321157
A_dead_control,8,"add(s(s(_)),_)",1003,0.010409099400153594
A_dead_control,8,"mul(s(s(_)),_)",949,0.00984868926295689
A_dead_control,8,"s(s(add(_,s(s(_)))))",916,0.009506216401336682
A_dead_control,8,"add(s(s(s(_))),_)",909,0.009433570642811183
A_dead_control,8,"add(s(_),_)",875,0.009080719815687333
A_dead_control,8,"s(add(_,s(_)))",802,0.008323128333921417
A_dead_control,8,"s(add(s(_),s(s(_))))",800,0.008302372402914133
A_dead_control,8,"add(s(s(_)),s(s(_)))",722,0.007492891093630005
A_dead_control,8,"s(add(s(_),s(_)))",691,0.007171174163017082
A_dead_control,8,"add(s(_),s(_))",685,0.007108906369995226
A_dead_control,8,"s(add(s(s(_)),s(s(s(_)))))",683,0.007088150438987941
A_dead_control,8,"mul(s(_),s(s(_)))",681,0.007067394507980655
A_dead_control,8,"add(s(s(_)),mul(_,s(s(_))))",681,0.007067394507980655
A_dead_control,8,"mul(s(s(s(_))),s(s(_)))",678,0.007036260611469727
A_dead_control,8,"add(s(s(_)),mul(s(s(_)),s(s(_))))",678,0.007036260611469727
A_dead_control,8,"mul(s(s(_)),s(s(_)))",677,0.007025882645966085
A_dead_control,8,"add(s(s(_)),mul(s(_),s(s(_))))",677,0.007025882645966085
A_dead_control,8,"add(s(_),s(s(_)))",670,0.006953236887440586
A_dead_control,8,"s(add(_,s(s(_))))",654,0.006787189439382304
A_dead_control,8,"add(_,add(_,mul(_,_)))",646,0.006704165715353162
A_dead_control,8,"mul(_,s(s(_)))",642,0.006662653853338592
A_dead_control,8,"add(s(s(_)),s(_))",639,0.006631519956827664
A_dead_control,8,"s(s(add(_,s(_))))",639,0.006631519956827664
A_dead_control,8,"add(s(s(s(_))),s(s(s(_))))",638,0.006621141991324021
A_dead_control,8,"mul(s(s(s(_))),s(s(s(_))))",636,0.006600386060316736
A_dead_control,8,"add(s(s(s(_))),mul(s(s(_)),s(s(s(_)))))",636,0.006600386060316736
A_dead_control,8,"mul(s(s(_)),s(_))",631,0.006548496232798522
A_dead_control,8,"add(s(_),mul(s(_),s(_)))",631,0.006548496232798522
A_dead_control,8,"mul(s(s(s(_))),_)",630,0.00653811826729488
A_dead_control,8,"add(_,mul(s(s(_)),_))",630,0.00653811826729488
A_dead_control,8,"add(_,s(s(_)))",628,0.006517362336287594
A_dead_control,8,"mul(s(s(_)),s(s(s(_))))",622,0.006455094543265739
A_dead_control,8,"add(s(s(s(_))),mul(s(_),s(s(s(_)))))",622,0.006455094543265739
A_dead_control,8,"add(s(s(_)),s(s(s(_))))",622,0.006455094543265739
A_dead_control,8,"s(add(s(_),s(s(s(_)))))",622,0.006455094543265739
A_dead_control,8,"s(s(add(_,s(s(s(_))))))",622,0.006455094543265739
A_dead_control,8,"add(s(s(s(_))),s(s(_)))",619,0.0064239606467548106
A_dead_control,8,"s(add(s(s(_)),s(s(_))))",619,0.0064239606467548106
A_dead_control,8,"s(s(add(s(_),s(s(_)))))",619,0.0064239606467548106
A_dead_control,8,"s(s(s(add(_,s(s(_))))))",619,0.0064239606467548106
A_dead_control,8,"add(_,s(_))",618,0.006413582681251168
A_dead_control,8,"s(s(add(s(_),s(s(s(_))))))",618,0.006413582681251168
A_dead_control,8,"s(s(s(add(_,s(s(s(_)))))))",618,0.006413582681251168
A_dead_control,8,s(s(s(s(s(s(_)))))),618,0.006413582681251168
A_dead_control,8,"add(s(s(s(_))),s(_))",613,0.0063616928537329545
A_dead_control,8,"s(add(s(s(_)),s(_)))",613,0.0063616928537329545
A_dead_control,8,"s(s(add(s(_),s(_))))",613,0.0063616928537329545
A_dead_control,8,"s(s(s(add(_,s(_)))))",613,0.0063616928537329545
A_dead_control,8,"mul(_,s(_))",611,0.006340936922725669
A_dead_control,8,"mul(s(_),s(_))",610,0.0063305589572220265
A_dead_control,8,"add(s(_),mul(_,s(_)))",610,0.0063305589572220265
A_dead_control,8,"mul(s(s(s(_))),s(_))",607,0.0062994250607110985
A_dead_control,8,"add(s(_),mul(s(s(_)),s(_)))",607,0.0062994250607110985
A_dead_control,8,"add(s(_),s(s(s(_))))",588,0.006102243716141887
A_dead_control,8,"s(add(_,s(s(s(_)))))",588,0.006102243716141887
A_dead_control,8,"mul(s(_),s(s(s(_))))",579,0.006008842026609103
A_dead_control,8,"add(s(s(s(_))),mul(_,s(s(s(_)))))",579,0.006008842026609103
A_dead_control,8,"mul(_,s(s(s(_))))",569,0.005905062371572677
A_dead_control,8,"add(_,s(s(s(_))))",568,0.005894684406069034
A_dead_control,8,"s(s(s(s(add(_,_)))))",402,0.004171942132464352
A_dead_control,8,"add(s(s(_)),add(s(s(_)),mul(_,s(s(_)))))",353,0.003663421822785861
A_dead_control,8,"s(add(s(_),mul(_,s(s(_)))))",348,0.0036115319952676477
A_dead_control,8,"s(add(s(_),mul(s(s(_)),s(s(_)))))",340,0.0035285082712385066
A_dead_control,8,"s(add(_,mul(_,s(_))))",340,0.0035285082712385066
A_dead_control,8,"add(s(s(_)),add(s(s(_)),mul(s(_),s(s(_)))))",338,0.003507752340231221
A_dead_control,8,"s(add(s(_),mul(s(_),s(s(_)))))",324,0.003362460823180224
A_dead_control,8,"s(add(s(s(_)),mul(s(s(_)),s(s(s(_))))))",319,0.0033105709956620104
A_dead_control,8,"add(s(s(s(_))),add(s(s(s(_))),mul(_,s(s(s(_))))))",318,0.003300193030158368
A_dead_control,8,"add(s(_),add(s(_),mul(_,s(_))))",318,0.003300193030158368
A_dead_control,8,"add(s(s(s(_))),add(s(s(s(_))),mul(s(_),s(s(s(_))))))",317,0.003289815064654725
A_dead_control,8,"s(add(_,mul(s(_),s(_))))",313,0.0032483032026401544
A_dead_control,8,"s(add(_,mul(s(s(_)),s(_))))",310,0.0032171693061292263
A_dead_control,8,"add(_,add(_,mul(s(_),_)))",310,0.0032171693061292263
A_dead_control,8,"s(add(s(s(_)),mul(s(_),s(s(s(_))))))",304,0.0031549015131073703
A_dead_control,8,"add(s(_),add(s(_),mul(s(_),s(_))))",297,0.0030822557545818717
A_dead_control,8,"s(add(s(s(_)),mul(_,s(s(s(_))))))",290,0.003009609996056373
A_dead_control,8,"s(s(s(add(s(_),_))))",279,0.002895452375516304
A_dead_control,8,"s(add(s(s(_)),add(s(s(s(_))),mul(s(_),s(s(s(_)))))))",273,0.002833184582494448
A_dead_control,8,"s(add(s(_),add(s(s(_)),mul(_,s(s(_))))))",267,0.002770916789472592
A_dead_control,8,"s(add(s(_),add(s(s(_)),mul(s(_),s(s(_))))))",263,0.002729404927458021
A_dead_control,8,"s(add(_,add(s(_),mul(_,s(_)))))",259,0.0026878930654434504
A_dead_control,8,"s(add(_,add(s(_),mul(s(_),s(_)))))",258,0.002677515099939808
A_dead_control,8,"s(add(s(s(_)),add(s(s(s(_))),mul(_,s(s(s(_)))))))",247,0.0025633574793997383
A_dead_control,16,_,5001,0.04651270938159767
A_dead_control,16,s(s(s(_))),3838,0.03569601651801077
A_dead_control,16,s(s(_)),3049,0.028357778625173226
A_dead_control,16,s(s(s(s(_)))),2430,0.022600656628130843
A_dead_control,16,s(s(s(s(s(s(_)))))),1913,0.017792204168565556
A_dead_control,16,s(_),1877,0.01745737962592658
A_dead_control,16,"add(_,_)",1688,0.01569955077707196
A_dead_control,16,"add(_,mul(_,_))",1619,0.015057803737013924
A_dead_control,16,"s(s(s(add(_,_))))",1578,0.01467647578567509
A_dead_control,16,"s(s(add(_,_)))",1499,0.013941721928217339
A_dead_control,16,"mul(_,_)",1427,0.013272072842939388
A_dead_control,16,"s(s(add(s(_),_)))",1374,0.012779136710720895
A_dead_control,16,"s(add(s(_),_))",1268,0.011793264446283912
A_dead_control,16,s(s(s(s(s(_))))),1266,0.01177466308280397
A_dead_control,16,"add(_,mul(s(_),_))",1182,0.01099340581664636
A_dead_control,16,"s(add(s(s(_)),_))",1157,0.010760888773147072
A_dead_control,16,"mul(s(_),_)",1157,0.010760888773147072
A_dead_control,16,"s(add(_,_))",1130,0.01050977036616784
A_dead_control,16,"mul(s(s(_)),_)",973,0.009049563332992309
A_dead_control,16,"add(s(_),_)",963,0.008956556515592592
A_dead_control,16,"add(s(s(s(_))),_)",961,0.00893795515211265
A_dead_control,16,"s(s(s(add(_,s(s(s(_)))))))",882,0.008203201294654898
A_dead_control,16,"add(s(s(_)),_)",878,0.008165998567695011
A_dead_control,16,"s(s(add(s(_),s(s(s(_))))))",794,0.007384741301537403
A_dead_control,16,"s(s(add(_,s(_))))",774,0.0071987276667379715
A_dead_control,16,"s(add(_,s(_)))",753,0.00700341335019857
A_dead_control,16,"s(s(add(_,s(s(_)))))",751,0.006984811986718627
A_dead_control,16,"s(s(s(s(s(s(add(_,_)))))))",737,0.006854602442359025
A_dead_control,16,"s(add(s(s(_)),s(s(s(_)))))",732,0.006808099033659167
A_dead_control,16,"s(add(_,s(s(_))))",688,0.00639886903710042
A_dead_control,16,"add(s(s(s(_))),s(s(s(_))))",687,0.006389568355360448
A_dead_control,16,"add(_,add(_,mul(_,_)))",684,0.006361666310140533
A_dead_control,16,"s(add(s(_),s(_)))",681,0.006333764264920619
A_dead_control,16,"add(_,s(s(s(_))))",668,0.006212855402300988
A_dead_control,16,"add(s(_),s(_))",665,0.006184953357081074
A_dead_control,16,"mul(s(_),s(s(s(_))))",659,0.006129149266641245
A_dead_control,16,"add(s(s(s(_))),mul(_,s(s(s(_)))))",659,0.006129149266641245
A_dead_control,16,"s(add(s(_),s(s(_))))",656,0.00610124722142133
A_dead_control,16,"mul(_,s(s(_)))",649,0.00603614244924153
A_dead_control,16,"mul(s(s(_)),s(s(s(_))))",648,0.006026841767501558
A_dead_control,16,"add(s(s(s(_))),mul(s(_),s(s(s(_)))))",648,0.006026841767501558
A_dead_control,16,"mul(s(s(s(_))),_)",643,0.0059803383588017
A_dead_control,16,"add(_,mul(s(s(_)),_))",643,0.0059803383588017
A_dead_control,16,"add(s(s(s(_))),s(_))",641,0.005961736995321757
A_dead_control,16,"s(add(s(s(_)),s(_)))",641,0.005961736995321757
A_dead_control,16,"s(s(add(s(_),s(_))))",641,0.005961736995321757
A_dead_control,16,"s(s(s(add(_,s(_)))))",641,0.005961736995321757
A_dead_control,16,"mul(s(_),s(s(_)))",639,0.005943135631841814
A_dead_control,16,"add(s(s(_)),mul(_,s(s(_))))",639,0.005943135631841814
A_dead_control,16,"add(s(_),s(s(_)))",638,0.0059338349501018425
A_dead_control,16,"add(s(s(_)),s(s(s(_))))",637,0.005924534268361871
A_dead_control,16,"s(add(s(_),s(s(s(_)))))",637,0.005924534268361871
A_dead_control,16,"s(s(add(_,s(s(s(_))))))",637,0.005924534268361871
A_dead_control,16,"add(s(s(s(_))),s(s(_)))",629,0.005850128814442098
A_dead_control,16,"s(add(s(s(_)),s(s(_))))",629,0.005850128814442098
A_dead_control,16,"s(s(add(s(_),s(s(_)))))",629,0.005850128814442098
A_dead_control,16,"s(s(s(add(_,s(s(_))))))",629,0.005850128814442098
A_dead_control,16,"mul(s(s(s(_))),s(s(s(_))))",626,0.005822226769222184
A_dead_control,16,"add(s(s(s(_))),mul(s(s(_)),s(s(s(_)))))",626,0.005822226769222184
A_dead_control,16,s(s(s(s(s(s(s(s(s(_))))))))),626,0.005822226769222184
A_dead_control,16,"add(s(_),s(s(s(_))))",625,0.005812926087482213
A_dead_control,16,"s(add(_,s(s(s(_)))))",625,0.005812926087482213
A_dead_control,16,"mul(s(s(_)),s(_))",625,0.005812926087482213
A_dead_control,16,"add(s(_),mul(s(_),s(_)))",625,0.005812926087482213
A_dead_control,16,"mul(_,s(_))",625,0.005812926087482213
A_dead_control,16,"mul(s(_),s(_))",623,0.00579432472400227
A_dead_control,16,"add(s(_),mul(_,s(_)))",623,0.00579432472400227
A_dead_control,16,"mul(s(s(s(_))),s(_))",621,0.005775723360522326
A_dead_control,16,"add(s(_),mul(s(s(_)),s(_)))",621,0.005775723360522326
A_dead_control,16,"add(_,s(_))",621,0.005775723360522326
A_dead_control,16,"mul(_,s(s(s(_))))",612,0.005692017224862582
A_dead_control,16,"add(s(s(_)),s(_))",610,0.005673415861382639
A_dead_control,16,"mul(s(s(_)),s(s(_)))",601,0.005589709725722896
A_dead_control,16,"add(s(s(_)),mul(s(_),s(s(_))))",601,0.005589709725722896
A_dead_control,16,"add(_,s(s(_)))",599,0.005571108362242953
A_dead_control,16,"mul(s(s(s(_))),s(s(_)))",593,0.005515304271803123
A_dead_control,16,"add(s(s(_)),mul(s(s(_)),s(s(_))))",593,0.005515304271803123
A_dead_control,16,"add(s(s(_)),s(s(_)))",588,0.005468800863103265
A_dead_control,16,"s(s(s(s(s(add(s(_),_))))))",524,0.004873557231745087
A_dead_control,16,"s(s(s(s(add(_,_)))))",367,0.0034133501985695552
A_dead_control,16,"s(add(s(s(_)),mul(_,s(s(s(_))))))",357,0.00332034338116984
A_dead_control,16,"s(add(s(_),mul(_,s(s(_)))))",331,0.0030785256559305797
A_dead_control,16,"add(s(s(s(_))),add(s(s(s(_))),mul(_,s(s(s(_))))))",329,0.0030599242924506365
A_dead_control,16,"s(add(_,mul(s(_),s(_))))",326,0.003032022247230722
A_dead_control,16,"s(add(s(s(_)),mul(s(_),s(s(s(_))))))",319,0.0029669174750509212
A_dead_control,16,"s(add(_,mul(s(s(_)),s(_))))",314,0.0029204140663510636
A_dead_control,16,"add(s(s(s(_))),add(s(s(s(_))),mul(s(_),s(s(s(_))))))",314,0.0029204140663510636
A_dead_control,16,"s(add(s(_),mul(s(_),s(s(_)))))",314,0.0029204140663510636
A_dead_control,16,"s(s(s(s(s(s(s(s(s(add(_,_))))))))))",313,0.002911113384611092
A_dead_control,16,"s(add(s(s(_)),mul(s(s(_)),s(s(s(_))))))",312,0.0029018127028711204
A_dead_control,16,"add(_,add(_,mul(s(_),_)))",310,0.002883211339391177
A_dead_control,16,"add(s(_),add(s(_),mul(s(_),s(_))))",307,0.0028553092941712628
A_dead_control,16,"add(s(s(_)),add(s(s(_)),mul(s(_),s(s(_)))))",300,0.002790204521991462
A_dead_control,16,"add(s(_),add(s(_),mul(_,s(_))))",299,0.0027809038402514903
A_dead_control,16,"s(add(_,mul(_,s(_))))",293,0.002725099749811661
A_dead_control,16,"s(add(s(_),mul(s(s(_)),s(s(_)))))",293,0.002725099749811661
A_dead_control,16,"add(s(s(_)),add(s(s(_)),mul(_,s(s(_)))))",287,0.002669295659371832
A_dead_control,16,"s(add(s(s(_)),add(s(s(s(_))),mul(_,s(s(s(_)))))))",286,0.0026599949776318606
A_dead_control,16,"s(s(s(s(add(s(s(_)),_)))))",286,0.0026599949776318606
A_dead_control,16,"s(add(_,add(s(_),mul(s(_),s(_)))))",275,0.0025576874784921733
A_dead_control,32,_,5010,0.04663458405860506
A_dead_control,32,s(s(s(_))),3750,0.034906125792369055
A_dead_control,32,s(s(_)),3106,0.028911580456292878
A_dead_control,32,s(s(s(s(_)))),2500,0.023270750528246037
A_dead_control,32,s(s(s(s(s(s(_)))))),1875,0.017453062896184528
A_dead_control,32,s(_),1846,0.017183122190056875
A_dead_control,32,"add(_,_)",1718,0.015991659763010677
A_dead_control,32,"add(_,mul(_,_))",1658,0.015433161750332772
A_dead_control,32,"s(s(add(_,_)))",1568,0.014595414731315915
A_dead_control,32,"s(s(s(add(_,_))))",1511,0.014064841619271904
A_dead_control,32,"mul(_,_)",1459,0.013580810008284388
A_dead_control,32,"s(add(s(_),_))",1338,0.01245450568271728
A_dead_control,32,"s(s(add(s(_),_)))",1325,0.0123334977799704
A_dead_control,32,s(s(s(s(s(_))))),1282,0.011933240870884567
A_dead_control,32,"mul(s(_),_)",1216,0.011318893056938872
A_dead_control,32,"add(_,mul(s(_),_))",1164,0.010834861445951355
A_dead_control,32,"s(add(s(s(_)),_))",1097,0.01021120533179436
A_dead_control,32,"s(add(_,_))",1083,0.010080889128836184
A_dead_control,32,"add(s(s(_)),_)",992,0.009233833809608027
A_dead_control,32,"add(s(s(s(_))),_)",948,0.008824268600310898
A_dead_control,32,"mul(s(s(_)),_)",933,0.008684644097141422
A_dead_control,32,"add(s(_),_)",926,0.008619485995662332
A_dead_control,32,"s(s(s(add(_,s(s(s(_)))))))",860,0.008005138181716637
A_dead_control,32,"s(s(add(_,s(s(_)))))",824,0.007670039374109894
A_dead_control,32,"s(s(add(_,s(_))))",767,0.007139466262065884
A_dead_control,32,"s(s(add(s(_),s(s(s(_))))))",762,0.007092924761009392
A_dead_control,32,"s(add(_,s(_)))",747,0.006953300257839916
A_dead_control,32,"s(add(s(_),s(s(_))))",743,0.006916067056994722
A_dead_control,32,"s(add(_,s(s(_))))",712,0.0066275097504444715
A_dead_control,32,"s(add(s(s(_)),s(s(s(_)))))",689,0.006413418845584608
A_dead_control,32,"s(add(s(_),s(_)))",682,0.006348260744105519
A_dead_control,32,"add(s(s(s(_))),s(s(_)))",681,0.00633895244389422
A_dead_control,32,"s(add(s(s(_)),s(s(_))))",681,0.00633895244389422
A_dead_control,32,"s(s(add(s(_),s(s(_)))))",681,0.00633895244389422
A_dead_control,32,"s(s(s(add(_,s(s(_))))))",681,0.00633895244389422
A_dead_control,32,"s(s(s(s(s(s(add(_,_)))))))",681,0.00633895244389422
A_dead_control,32,"add(s(s(_)),s(s(_)))",668,0.006217944541147341
A_dead_control,32,"mul(s(s(s(_))),_)",661,0.006152786439668252
A_dead_control,32,"add(_,mul(s(s(_)),_))",661,0.006152786439668252
A_dead_control,32,"add(_,add(_,mul(_,_)))",661,0.006152786439668252
A_dead_control,32,"mul(_,s(_))",652,0.006069011737766567
A_dead_control,32,"add(s(_),s(s(_)))",651,0.006059703437555268
A_dead_control,32,"add(s(_),s(_))",648,0.006031778536921373
A_dead_control,32,"add(s(s(s(_))),s(_))",648,0.006031778536921373
A_dead_control,32,"s(add(s(s(_)),s(_)))",648,0.006031778536921373
A_dead_control,32,"s(s(add(s(_),s(_))))",648,0.006031778536921373
A_dead_control,32,"s(s(s(add(_,s(_)))))",648,0.006031778536921373
A_dead_control,32,"add(s(s(_)),s(_))",646,0.006013161936498776
A_dead_control,32,"add(s(s(s(_))),s(s(s(_))))",644,0.0059945453360761795
A_dead_control,32,"add(_,s(s(s(_))))",644,0.0059945453360761795
A_dead_control,32,"mul(s(_),s(_))",643,0.0059852370358648805
A_dead_control,32,"add(s(_),mul(_,s(_)))",643,0.0059852370358648805
A_dead_control,32,"mul(s(s(_)),s(_))",640,0.0059573121352309855
A_dead_control,32,"add(s(_),mul(s(_),s(_)))",640,0.0059573121352309855
A_dead_control,32,"mul(s(s(s(_))),s(s(s(_))))",631,0.005873537433329299
A_dead_control,32,"add(s(s(s(_))),mul(s(s(_)),s(s(s(_)))))",631,0.005873537433329299
A_dead_control,32,s(s(s(s(s(s(s(s(s(_))))))))),631,0.005873537433329299
A_dead_control,32,"mul(s(s(_)),s(s(s(_))))",630,0.005864229133118001
A_dead_control,32,"add(s(s(s(_))),mul(s(_),s(s(s(_)))))",630,0.005864229133118001
A_dead_control,32,"add(_,s(_))",624,0.005808379331850211
A_dead_control,32,"add(_,s(s(_)))",619,0.005761837830793719
A_dead_control,32,"mul(s(s(s(_))),s(s(_)))",619,0.005761837830793719
A_dead_control,32,"add(s(s(_)),mul(s(s(_)),s(s(_))))",619,0.005761837830793719
A_dead_control,32,"add(s(_),s(s(s(_))))",608,0.005659446528469436
A_dead_control,32,"s(add(_,s(s(s(_)))))",608,0.005659446528469436
A_dead_control,32,"mul(s(_),s(s(s(_))))",605,0.005631521627835541
A_dead_control,32,"add(s(s(s(_))),mul(_,s(s(s(_)))))",605,0.005631521627835541
A_dead_control,32,"add(s(s(_)),s(s(s(_))))",601,0.005594288426990347
A_dead_control,32,"s(add(s(_),s(s(s(_)))))",601,0.005594288426990347
A_dead_control,32,"s(s(add(_,s(s(s(_))))))",601,0.005594288426990347
A_dead_control,32,"mul(s(s(_)),s(s(_)))",599,0.005575671826567751
A_dead_control,32,"add(s(s(_)),mul(s(_),s(s(_))))",599,0.005575671826567751
A_dead_control,32,"mul(_,s(s(_)))",595,0.005538438625722557
A_dead_control,32,"mul(s(s(s(_))),s(_))",594,0.005529130325511259
A_dead_control,32,"add(s(_),mul(s(s(_)),s(_)))",594,0.005529130325511259
A_dead_control,32,"mul(_,s(s(s(_))))",586,0.005454663923820871
A_dead_control,32,"mul(s(_),s(s(_)))",582,0.005417430722975678
A_dead_control,32,"add(s(s(_)),mul(_,s(s(_))))",582,0.005417430722975678
A_dead_control,32,"s(s(s(s(s(add(s(_),_))))))",460,0.004281818097197271
A_dead_control,32,"s(s(s(s(add(_,_)))))",374,0.003481304279025607
A_dead_control,32,"s(add(_,mul(s(_),s(_))))",339,0.0031555137716301625
A_dead_control,32,"add(_,add(_,mul(s(_),_)))",338,0.003146205471418864
A_dead_control,32,"add(s(s(s(_))),add(s(s(s(_))),mul(_,s(s(s(_))))))",331,0.0030810473699397754
A_dead_control,32,"add(s(s(s(_))),add(s(s(s(_))),mul(s(_),s(s(s(_))))))",323,0.003006580968249388
A_dead_control,32,"s(s(s(s(s(s(s(s(s(add(_,_))))))))))",323,0.003006580968249388
A_dead_control,32,"add(s(s(_)),add(s(s(_)),mul(s(_),s(s(_)))))",310,0.0028855730655025086
A_dead_control,32,"add(s(_),add(s(_),mul(s(_),s(_))))",310,0.0028855730655025086
A_dead_control,32,"s(add(s(_),mul(s(s(_)),s(s(_)))))",309,0.00287626476529121
A_dead_control,32,"s(add(s(s(_)),mul(s(s(_)),s(s(s(_))))))",308,0.0028669564650799116
A_dead_control,32,"s(add(s(_),mul(s(_),s(s(_)))))",307,0.0028576481648686135
A_dead_control,32,"add(s(_),add(s(_),mul(_,s(_))))",301,0.002801798363600823
A_dead_control,32,"s(add(s(s(_)),mul(s(_),s(s(s(_))))))",299,0.002783181763178226
A_dead_control,32,"s(add(_,mul(_,s(_))))",296,0.002755256862544331
A_dead_control,32,"add(s(s(_)),add(s(s(_)),mul(_,s(s(_)))))",292,0.0027180236616991373
A_dead_control,32,"s(add(s(s(_)),mul(_,s(s(s(_))))))",289,0.002690098761065242
A_dead_control,32,"s(add(_,mul(s(s(_)),s(_))))",284,0.0026435572600087497
A_dead_control,32,"s(add(_,add(s(_),mul(_,s(_)))))",280,0.002606324059163556
A_dead_control,32,"s(add(s(s(_)),add(s(s(s(_))),mul(_,s(s(s(_)))))))",269,0.0025039327568392735
A_dead_control,32,"s(add(s(_),mul(_,s(s(_)))))",268,0.002494624456627975
A_dead_control,32,"s(s(s(add(s(_),_))))",262,0.002438774655360185
A_dead_control,64,_,5128,0.04799116543288443
A_dead_control,64,s(s(s(_))),3763,0.03521660599140876
A_dead_control,64,s(s(_)),3146,0.029442317950829643
A_dead_control,64,s(s(s(s(_)))),2420,0.022647936885253572
A_dead_control,64,s(s(s(s(s(s(_)))))),1897,0.017753362095589267
A_dead_control,64,s(_),1880,0.017594265018296164
A_dead_control,64,"add(_,_)",1710,0.01600329424536513
A_dead_control,64,"add(_,mul(_,_))",1689,0.015806762561650117
A_dead_control,64,"s(s(s(add(_,_))))",1539,0.014402964820828614
A_dead_control,64,"s(s(add(_,_)))",1524,0.014262585046746466
A_dead_control,64,"mul(_,_)",1489,0.013935032240554781
A_dead_control,64,"s(s(add(s(_),_)))",1335,0.012493799893311371
A_dead_control,64,"s(add(s(_),_))",1282,0.011997791358221108
A_dead_control,64,"mul(s(_),_)",1266,0.01184805293253348
A_dead_control,64,s(s(s(s(s(_))))),1179,0.011033850242857008
A_dead_control,64,"add(_,mul(s(_),_))",1178,0.011024491591251533
A_dead_control,64,"s(add(_,_))",1125,0.010528483056161268
A_dead_control,64,"s(add(s(s(_)),_))",1080,0.010107343733914817
A_dead_control,64,"mul(s(s(_)),_)",971,0.009087250708917858
A_dead_control,64,"add(s(s(_)),_)",967,0.009049816102495953
A_dead_control,64,"add(s(_),_)",966,0.009040457450890476
A_dead_control,64,"add(s(s(s(_))),_)",927,0.008675470038276884
A_dead_control,64,"s(s(s(add(_,s(s(s(_)))))))",854,0.007992288471077087
A_dead_control,64,"s(s(add(_,s(s(_)))))",801,0.007496279935986823
A_dead_control,64,"s(add(_,s(_)))",763,0.007140651174978709
A_dead_control,64,"s(s(add(s(_),s(s(s(_))))))",761,0.007121933871767756
A_dead_control,64,"s(s(add(_,s(_))))",730,0.006831815671997979
A_dead_control,64,"s(add(s(_),s(s(_))))",715,0.006691435897915828
A_dead_control,64,"s(add(_,s(s(_))))",707,0.006616566685072015
A_dead_control,64,"s(s(s(s(s(s(add(_,_)))))))",695,0.006504262865806295
A_dead_control,64,"s(add(s(s(_)),s(s(s(_)))))",680,0.006363883091724145
A_dead_control,64,"mul(_,s(s(_)))",673,0.006298372530485807
A_dead_control,64,"add(_,s(s(_)))",669,0.006260937924063901
A_dead_control,64,"add(s(_),s(s(_)))",659,0.006167351408009134
A_dead_control,64,"add(s(_),s(_))",655,0.006129916801587227
A_dead_control,64,"mul(s(_),s(s(_)))",654,0.006120558149981751
A_dead_control,64,"add(s(s(_)),mul(_,s(s(_))))",654,0.006120558149981751
A_dead_control,64,"mul(s(s(_)),s(s(s(_))))",653,0.006111199498376274
A_dead_control,64,"add(s(s(s(_))),mul(s(_),s(s(s(_)))))",653,0.006111199498376274
A_dead_control,64,"mul(s(_),s(s(s(_))))",647,0.006055047588743413
A_dead_control,64,"add(s(s(s(_))),mul(_,s(s(s(_)))))",647,0.006055047588743413
A_dead_control,64,"s(add(s(_),s(_)))",643,0.006017612982321507
A_dead_control,64,"add(_,s(s(s(_))))",639,0.0059801783758996006
A_dead_control,64,"mul(_,s(_))",636,0.00595210242108317
A_dead_control,64,"add(s(s(_)),s(s(_)))",635,0.005942743769477694
A_dead_control,64,"mul(s(s(s(_))),_)",635,0.005942743769477694
A_dead_control,64,"add(_,mul(s(s(_)),_))",635,0.005942743769477694
A_dead_control,64,"add(_,add(_,mul(_,_)))",635,0.005942743769477694
A_dead_control,64,"add(s(s(s(_))),s(s(s(_))))",635,0.005942743769477694
A_dead_control,64,"mul(s(s(s(_))),s(_))",627,0.00586787455663388
A_dead_control,64,"add(s(_),mul(s(s(_)),s(_)))",627,0.00586787455663388
A_dead_control,64,"mul(s(s(s(_))),s(s(_)))",626,0.005858515905028404
A_dead_control,64,"add(s(s(_)),mul(s(s(_)),s(s(_))))",626,0.005858515905028404
A_dead_control,64,"mul(s(_),s(_))",622,0.005821081298606497
A_dead_control,64,"add(s(_),mul(_,s(_)))",622,0.005821081298606497
A_dead_control,64,"mul(_,s(s(s(_))))",620,0.005802363995395543
A_dead_control,64,"add(s(s(_)),s(s(s(_))))",619,0.005793005343790067
A_dead_control,64,"s(add(s(_),s(s(s(_)))))",619,0.005793005343790067
A_dead_control,64,"s(s(add(_,s(s(s(_))))))",619,0.005793005343790067
A_dead_control,64,"add(s(_),s(s(s(_))))",614,0.005746212085762683
A_dead_control,64,"s(add(_,s(s(s(_)))))",614,0.005746212085762683
A_dead_control,64,"add(s(s(s(_))),s(_))",610,0.005708777479340776
A_dead_control,64,"s(add(s(s(_)),s(_)))",610,0.005708777479340776
A_dead_control,64,"s(s(add(s(_),s(_))))",610,0.005708777479340776
A_dead_control,64,"s(s(s(add(_,s(_)))))",610,0.005708777479340776
A_dead_control,64,"mul(s(s(_)),s(_))",609,0.0056994188277353
A_dead_control,64,"add(s(_),mul(s(_),s(_)))",609,0.0056994188277353
A_dead_control,64,"add(_,s(_))",594,0.00555903905365315
A_dead_control,64,"mul(s(s(_)),s(s(_)))",590,0.005521604447231243
A_dead_control,64,"add(s(s(_)),mul(s(_),s(s(_))))",590,0.005521604447231243
A_dead_control,64,"add(s(s(_)),s(_))",589,0.0055122457956257665
A_dead_control,64,"mul(s(s(s(_))),s(s(s(_))))",587,0.005493528492414813
A_dead_control,64,"add(s(s(s(_))),mul(s(s(_)),s(s(s(_)))))",587,0.005493528492414813
A_dead_control,64,s(s(s(s(s(s(s(s(s(_))))))))),587,0.005493528492414813
A_dead_control,64,"add(s(s(s(_))),s(s(_)))",560,0.005240844899066942
A_dead_control,64,"s(add(s(s(_)),s(s(_))))",560,0.005240844899066942
A_dead_control,64,"s(s(add(s(_),s(s(_)))))",560,0.005240844899066942
A_dead_control,64,"s(s(s(add(_,s(s(_))))))",560,0.005240844899066942
A_dead_control,64,"s(s(s(s(s(add(s(_),_))))))",499,0.004669967151132865
A_dead_control,64,"s(s(s(s(add(_,_)))))",359,0.003359755926366129
A_dead_control,64,"s(add(s(s(_)),mul(_,s(s(s(_))))))",345,0.0032287348038894555
A_dead_control,64,"s(add(s(s(_)),mul(s(_),s(s(s(_))))))",332,0.0031070723330182586
A_dead_control,64,"s(add(_,mul(s(s(_)),s(_))))",326,0.0030509204233853987
A_dead_control,64,"add(s(s(s(_))),add(s(s(s(_))),mul(_,s(s(s(_))))))",321,0.003004127165358015
A_dead_control,64,"s(add(_,mul(_,s(_))))",320,0.0029947685137525384
A_dead_control,64,"add(s(s(_)),add(s(s(_)),mul(s(_),s(s(_)))))",318,0.002976051210541585
A_dead_control,64,"s(s(s(s(s(s(s(s(s(add(_,_))))))))))",315,0.0029479752557251553
A_dead_control,64,"s(add(s(_),mul(_,s(s(_)))))",310,0.0029011819976977717
A_dead_control,64,"s(add(_,mul(s(_),s(_))))",310,0.0029011819976977717
A_dead_control,64,"s(add(s(_),mul(s(s(_)),s(s(_)))))",308,0.0028824646944868183
A_dead_control,64,"add(s(s(s(_))),add(s(s(s(_))),mul(s(_),s(s(s(_))))))",304,0.0028450300880649114
A_dead_control,64,"add(s(_),add(s(_),mul(s(_),s(_))))",301,0.0028169541332484817
A_dead_control,64,"add(_,add(_,mul(s(_),_)))",301,0.0028169541332484817
A_dead_control,64,"add(s(s(_)),add(s(s(_)),mul(_,s(s(_)))))",300,0.002807595481643005
A_dead_control,64,"add(s(_),add(s(_),mul(_,s(_))))",299,0.0027982368300375282
A_dead_control,64,"s(add(s(_),mul(s(_),s(s(_)))))",290,0.0027140089655882382
A_dead_control,64,"s(add(s(s(_)),add(s(s(s(_))),mul(_,s(s(s(_)))))))",287,0.002685933010771808
A_dead_control,64,"s(add(s(s(_)),mul(s(s(_)),s(s(s(_))))))",283,0.002648498404349901
A_dead_control,64,"s(s(s(s(add(s(s(_)),_)))))",278,0.002601705146322518
A_dead_control,64,"s(add(s(_),add(s(s(_)),mul(s(_),s(s(_))))))",269,0.0025174772818732276
A_dead_control,128,_,4948,0.046032189040841005
A_dead_control,128,s(s(s(_))),3731,0.03471020560052098
A_dead_control,128,s(s(_)),3141,0.02922132291375942
A_dead_control,128,s(s(s(s(_)))),2436,0.022662573262629084
A_dead_control,128,s(s(s(s(s(s(_)))))),1874,0.017434179923713832
A_dead_control,128,s(_),1874,0.017434179923713832
A_dead_control,128,"add(_,_)",1680,0.015629360870778677
A_dead_control,128,"add(_,mul(_,_))",1561,0.014522281142431854
A_dead_control,128,"s(s(add(_,_)))",1526,0.014196669457623965
A_dead_control,128,"s(s(s(add(_,_))))",1505,0.014001302446739231
A_dead_control,128,"mul(_,_)",1432,0.01332216950413992
A_dead_control,128,s(s(s(s(s(_))))),1363,0.012680249325518653
A_dead_control,128,"s(s(add(s(_),_)))",1309,0.012177877011815053
A_dead_control,128,"s(add(s(_),_))",1298,0.012075541910875431
A_dead_control,128,"mul(s(_),_)",1138,0.01058703135175365
A_dead_control,128,"add(_,mul(s(_),_))",1137,0.01057772816075914
A_dead_control,128,"s(add(_,_))",1098,0.010214903711973207
A_dead_control,128,"s(add(s(s(_)),_))",1084,0.010084659038050052
A_dead_control,128,"add(s(s(_)),_)",962,0.008949669736719694
A_dead_control,128,"add(s(_),_)",945,0.008791515489813006
A_dead_control,128,"add(s(s(s(_))),_)",938,0.008726393152851428
A_dead_control,128,"mul(s(s(_)),_)",915,0.008512419759977673
A_dead_control,128,"s(s(s(add(_,s(s(s(_)))))))",854,0.007944925109312493
A_dead_control,128,"s(s(add(_,s(_))))",807,0.007507675132570472
A_dead_control,128,"s(add(_,s(_)))",797,0.00741464322262536
A_dead_control,128,"s(s(add(_,s(s(_)))))",790,0.007349520885663783
A_dead_control,128,"s(s(add(s(_),s(s(s(_))))))",770,0.00716345706577356
A_dead_control,128,"add(s(_),s(_))",718,0.006679691134058982
A_dead_control,128,"s(add(s(s(_)),s(s(s(_)))))",715,0.006651781561075449
A_dead_control,128,"s(add(s(_),s(_)))",712,0.0066238719880919155
A_dead_control,128,"s(add(_,s(s(_))))",697,0.006484324123174249
A_dead_control,128,"s(add(s(_),s(s(_))))",696,0.006475020932179738
A_dead_control,128,"s(s(s(s(s(s(add(_,_)))))))",693,0.006447111359196204
A_dead_control,128,"add(s(s(_)),s(s(s(_))))",687,0.006391292213229137
A_dead_control,128,"s(add(s(_),s(s(s(_)))))",687,0.006391292213229137
A_dead_control,128,"s(s(add(_,s(s(s(_))))))",687,0.006391292213229137
A_dead_control,128,"add(s(s(s(_))),s(s(_)))",676,0.006288957112289515
A_dead_control,128,"s(add(s(s(_)),s(s(_))))",676,0.006288957112289515
A_dead_control,128,"s(s(add(s(_),s(s(_)))))",676,0.006288957112289515
A_dead_control,128,"s(s(s(add(_,s(s(_))))))",676,0.006288957112289515
A_dead_control,128,"add(s(s(s(_))),s(s(s(_))))",672,0.006251744348311471
A_dead_control,128,"add(s(s(_)),s(_))",656,0.006102893292399293
A_dead_control,128,"add(_,add(_,mul(_,_)))",647,0.006019164573448693
A_dead_control,128,"add(s(s(_)),s(s(_)))",641,0.005963345427481627
A_dead_control,128,"mul(s(_),s(s(_)))",640,0.005954042236487115
A_dead_control,128,"add(s(s(_)),mul(_,s(s(_))))",640,0.005954042236487115
A_dead_control,128,"mul(s(s(_)),s(s(_)))",635,0.00590752628151456
A_dead_control,128,"add(s(s(_)),mul(s(_),s(s(_))))",635,0.00590752628151456
A_dead_control,128,"mul(s(s(s(_))),_)",634,0.005898223090520048
A_dead_control,128,"add(_,mul(s(s(_)),_))",634,0.005898223090520048
A_dead_control,128,"mul(s(_),s(_))",634,0.005898223090520048
A_dead_control,128,"add(s(_),mul(_,s(_)))",634,0.005898223090520048
A_dead_control,128,"add(s(_),s(s(_)))",633,0.005888919899525538
A_dead_control,128,"mul(s(s(s(_))),s(s(s(_))))",633,0.005888919899525538
A_dead_control,128,"add(s(s(s(_))),mul(s(s(_)),s(s(s(_)))))",633,0.005888919899525538
A_dead_control,128,s(s(s(s(s(s(s(s(s(_))))))))),633,0.005888919899525538
A_dead_control,128,"mul(s(s(s(_))),s(_))",630,0.005861010326542004
A_dead_control,128,"add(s(_),mul(s(s(_)),s(_)))",630,0.005861010326542004
A_dead_control,128,"mul(s(s(s(_))),s(s(_)))",627,0.005833100753558471
A_dead_control,128,"add(s(s(_)),mul(s(s(_)),s(s(_))))",627,0.005833100753558471
A_dead_control,128,"add(_,s(_))",620,0.005767978416596892
A_dead_control,128,"mul(_,s(s(_)))",617,0.00574006884361336
A_dead_control,128,"mul(_,s(s(s(_))))",611,0.005684249697646293
A_dead_control,128,"add(_,s(s(_)))",610,0.0056749465066517814
A_dead_control,128,"mul(_,s(_))",608,0.0056563401246627594
A_dead_control,128,"mul(s(_),s(s(s(_))))",601,0.005591217787701181
A_dead_control,128,"add(s(s(s(_))),mul(_,s(s(s(_)))))",601,0.005591217787701181
A_dead_control,128,"add(_,s(s(s(_))))",599,0.005572611405712159
A_dead_control,128,"mul(s(s(_)),s(_))",597,0.005554005023723137
A_dead_control,128,"add(s(_),mul(s(_),s(_)))",597,0.005554005023723137
A_dead_control,128,"mul(s(s(_)),s(s(s(_))))",594,0.005526095450739604
A_dead_control,128,"add(s(s(s(_))),mul(s(_),s(s(s(_)))))",594,0.005526095450739604
A_dead_control,128,"add(s(s(s(_))),s(_))",594,0.005526095450739604
A_dead_control,128,"s(add(s(s(_)),s(_)))",594,0.005526095450739604
A_dead_control,128,"s(s(add(s(_),s(_))))",594,0.005526095450739604
A_dead_control,128,"s(s(s(add(_,s(_)))))",594,0.005526095450739604
A_dead_control,128,"add(s(_),s(s(s(_))))",588,0.005470276304772537
A_dead_control,128,"s(add(_,s(s(s(_)))))",588,0.005470276304772537
A_dead_control,128,"s(s(s(s(s(add(s(_),_))))))",494,0.0045957763512884916
A_dead_control,128,"s(s(s(s(add(_,_)))))",411,0.0038236114987440692
A_dead_control,128,"s(add(s(_),mul(s(_),s(s(_)))))",334,0.003107265792166713
A_dead_control,128,"add(_,add(_,mul(s(_),_)))",333,0.003097962601172202
A_dead_control,128,"s(add(_,mul(s(s(_)),s(_))))",330,0.0030700530281886685
A_dead_control,128,"s(s(s(s(s(s(s(s(s(add(_,_))))))))))",324,0.003014233882221602
A_dead_control,128,"s(add(s(s(_)),mul(s(_),s(s(s(_))))))",320,0.0029770211182435576
A_dead_control,128,"s(add(s(_),mul(s(s(_)),s(s(_)))))",319,0.0029677179272490466
A_dead_control,128,"add(s(s(s(_))),add(s(s(s(_))),mul(s(_),s(s(s(_))))))",317,0.002949111545260024
A_dead_control,128,"s(add(s(s(_)),mul(s(s(_)),s(s(s(_))))))",316,0.002939808354265513
A_dead_control,128,"s(add(s(_),mul(_,s(s(_)))))",316,0.002939808354265513
A_dead_control,128,"s(add(_,mul(_,s(_))))",309,0.002874686017303935
A_dead_control,128,"add(s(s(_)),add(s(s(_)),mul(s(_),s(s(_)))))",308,0.002865382826309424
A_dead_control,128,"add(s(s(_)),add(s(s(_)),mul(_,s(s(_)))))",301,0.0028002604893478463
A_dead_control,128,"s(add(_,mul(s(_),s(_))))",300,0.0027909572983533353
A_dead_control,128,"add(s(_),add(s(_),mul(s(_),s(_))))",300,0.0027909572983533353
A_dead_control,128,"add(s(_),add(s(_),mul(_,s(_))))",297,0.002763047725369802
A_dead_control,128,"s(add(s(s(_)),mul(_,s(s(s(_))))))",292,0.0027165317703972463
A_dead_control,128,"s(s(s(add(s(_),_))))",288,0.002679319006419202
A_dead_control,128,"s(add(s(_),add(s(s(_)),mul(_,s(s(_))))))",275,0.0025583775234905575
A_dead_control,128,"add(s(s(s(_))),add(s(s(s(_))),mul(_,s(s(s(_))))))",274,0.002549074332496046
A_dead_control,128,"s(add(s(s(_)),add(s(s(s(_))),mul(s(_),s(s(s(_)))))))",266,0.002474648804539957
B_fake_live_control,1,Noise(_),13940,0.3485
B_fake_live_control,1,Noise(bit0(_)),7000,0.175
B_fake_live_control,1,Noise(bit1(_)),6940,0.1735
B_fake_live_control,1,A(_),6060,0.1515
B_fake_live_control,1,A(wrap(_)),6060,0.1515
B_fake_live_control,2,Noise(_),14036,0.23393333333333333
B_fake_live_control,2,Noise(bit1(_)),7034,0.11723333333333333
B_fake_live_control,2,Noise(bit0(_)),7002,0.1167
B_fake_live_control,2,A(_),5964,0.0994
B_fake_live_control,2,A(wrap(_)),5964,0.0994
B_fake_live_control,2,A(wrap(wrap(_))),5964,0.0994
B_fake_live_control,2,Noise(bit0(bit1(_))),3584,0.05973333333333333
B_fake_live_control,2,Noise(bit0(bit0(_))),3536,0.05893333333333333
B_fake_live_control,2,Noise(bit1(bit0(_))),3466,0.05776666666666667
B_fake_live_control,2,Noise(bit1(bit1(_))),3450,0.0575
B_fake_live_control,4,Noise(_),13970,0.1397
B_fake_live_control,4,Noise(bit1(_)),7035,0.07035
B_fake_live_control,4,Noise(bit0(_)),6935,0.06935
B_fake_live_control,4,A(_),6030,0.0603
B_fake_live_control,4,A(wrap(_)),6030,0.0603
B_fake_live_control,4,A(wrap(wrap(_))),6030,0.0603
B_fake_live_control,4,A(wrap(wrap(wrap(_)))),6030,0.0603
B_fake_live_control,4,A(wrap(wrap(wrap(wrap(_))))),6030,0.0603
B_fake_live_control,4,Noise(bit0(bit1(_))),3548,0.03548
B_fake_live_control,4,Noise(bit1(bit1(_))),3487,0.03487
B_fake_live_control,4,Noise(bit0(bit0(_))),3469,0.03469
B_fake_live_control,4,Noise(bit1(bit0(_))),3466,0.03466
B_fake_live_control,4,Noise(bit0(bit0(bit1(_)))),1789,0.01789
B_fake_live_control,4,Noise(bit0(bit1(bit0(_)))),1782,0.01782
B_fake_live_control,4,Noise(bit1(bit0(bit1(_)))),1759,0.01759
B_fake_live_control,4,Noise(bit1(bit1(bit1(_)))),1756,0.01756
B_fake_live_control,4,Noise(bit1(bit0(bit0(_)))),1739,0.01739
B_fake_live_control,4,Noise(bit0(bit1(bit1(_)))),1731,0.01731
B_fake_live_control,4,Noise(bit0(bit0(bit0(_)))),1730,0.0173
B_fake_live_control,4,Noise(bit1(bit1(bit0(_)))),1684,0.01684
B_fake_live_control,4,Noise(bit1(bit0(bit0(bit1(_))))),932,0.00932
B_fake_live_control,4,Noise(bit1(bit1(bit0(bit0(_))))),912,0.00912
B_fake_live_control,4,Noise(bit1(bit0(bit1(bit0(_))))),901,0.00901
B_fake_live_control,4,Noise(bit1(bit1(bit0(bit1(_))))),896,0.00896
B_fake_live_control,4,Noise(bit0(bit0(bit1(bit0(_))))),881,0.00881
B_fake_live_control,4,Noise(bit1(bit1(bit1(bit1(_))))),879,0.00879
B_fake_live_control,4,Noise(bit0(bit1(bit1(bit1(_))))),877,0.00877
B_fake_live_control,4,Noise(bit1(bit0(bit1(bit1(_))))),875,0.00875
B_fake_live_control,4,Noise(bit0(bit1(bit1(bit0(_))))),873,0.00873
B_fake_live_control,4,Noise(bit0(bit0(bit0(bit0(_))))),868,0.00868
B_fake_live_control,4,Noise(bit0(bit1(bit0(bit1(_))))),863,0.00863
B_fake_live_control,4,Noise(bit1(bit0(bit0(bit0(_))))),862,0.00862
B_fake_live_control,4,Noise(bit0(bit0(bit0(bit1(_))))),857,0.00857
B_fake_live_control,4,Noise(bit0(bit0(bit1(bit1(_))))),856,0.00856
B_fake_live_control,4,Noise(bit0(bit1(bit0(bit0(_))))),827,0.00827
B_fake_live_control,4,Noise(bit1(bit1(bit1(bit0(_))))),811,0.00811
B_fake_live_control,8,Noise(_),14077,0.07820555555555556
B_fake_live_control,8,Noise(bit0(_)),7181,0.03989444444444445
B_fake_live_control,8,Noise(bit1(_)),6896,0.03831111111111111
B_fake_live_control,8,A(_),5923,0.032905555555555556
B_fake_live_control,8,A(wrap(_)),5923,0.032905555555555556
B_fake_live_control,8,A(wrap(wrap(_))),5923,0.032905555555555556
B_fake_live_control,8,A(wrap(wrap(wrap(_)))),5923,0.032905555555555556
B_fake_live_control,8,A(wrap(wrap(wrap(wrap(_))))),5923,0.032905555555555556
B_fake_live_control,8,A(wrap(wrap(wrap(wrap(wrap(_)))))),5923,0.032905555555555556
B_fake_live_control,8,A(wrap(wrap(wrap(wrap(wrap(wrap(_))))))),5923,0.032905555555555556
B_fake_live_control,8,A(wrap(wrap(wrap(wrap(wrap(wrap(wrap(_)))))))),5923,0.032905555555555556
B_fake_live_control,8,A(wrap(wrap(wrap(wrap(wrap(wrap(wrap(wrap(_))))))))),5923,0.032905555555555556
B_fake_live_control,8,Noise(bit1(bit0(_))),3627,0.02015
B_fake_live_control,8,Noise(bit0(bit0(_))),3554,0.019744444444444443
B_fake_live_control,8,Noise(bit1(bit1(_))),3476,0.019311111111111112
B_fake_live_control,8,Noise(bit0(bit1(_))),3420,0.019
B_fake_live_control,8,Noise(bit1(bit1(bit0(_)))),1823,0.010127777777777777
B_fake_live_control,8,Noise(bit0(bit1(bit0(_)))),1804,0.010022222222222222
B_fake_live_control,8,Noise(bit0(bit0(bit0(_)))),1786,0.009922222222222223
B_fake_live_control,8,Noise(bit1(bit0(bit0(_)))),1768,0.009822222222222222
B_fake_live_control,8,Noise(bit0(bit0(bit1(_)))),1761,0.009783333333333333
B_fake_live_control,8,Noise(bit1(bit1(bit1(_)))),1756,0.009755555555555556
B_fake_live_control,8,Noise(bit0(bit1(bit1(_)))),1720,0.009555555555555555
B_fake_live_control,8,Noise(bit1(bit0(bit1(_)))),1659,0.009216666666666666
B_fake_live_control,8,Noise(bit1(bit0(bit0(bit0(_))))),919,0.005105555555555556
B_fake_live_control,8,Noise(bit1(bit1(bit1(bit0(_))))),918,0.0051
B_fake_live_control,8,Noise(bit1(bit0(bit1(bit0(_))))),912,0.005066666666666666
B_fake_live_control,8,Noise(bit0(bit0(bit0(bit1(_))))),910,0.005055555555555555
B_fake_live_control,8,Noise(bit0(bit1(bit1(bit0(_))))),905,0.005027777777777778
B_fake_live_control,8,Noise(bit1(bit1(bit1(bit1(_))))),904,0.005022222222222222
B_fake_live_control,8,Noise(bit1(bit0(bit1(bit1(_))))),899,0.004994444444444445
B_fake_live_control,8,Noise(bit0(bit0(bit1(bit0(_))))),892,0.004955555555555556
B_fake_live_control,8,Noise(bit0(bit1(bit0(bit0(_))))),891,0.00495
B_fake_live_control,8,Noise(bit1(bit1(bit0(bit0(_))))),877,0.004872222222222222
B_fake_live_control,8,Noise(bit0(bit0(bit0(bit0(_))))),867,0.004816666666666667
B_fake_live_control,8,Noise(bit0(bit1(bit1(bit1(_))))),852,0.004733333333333333
B_fake_live_control,8,Noise(bit1(bit0(bit0(bit1(_))))),851,0.004727777777777778
B_fake_live_control,8,Noise(bit1(bit1(bit0(bit1(_))))),840,0.004666666666666667
B_fake_live_control,8,Noise(bit0(bit0(bit1(bit1(_))))),821,0.004561111111111111
B_fake_live_control,8,Noise(bit0(bit1(bit0(bit1(_))))),819,0.00455
B_fake_live_control,8,Noise(bit0(bit1(bit0(bit1(bit0(_)))))),491,0.0027277777777777778
B_fake_live_control,8,Noise(bit1(bit1(bit1(bit1(bit0(_)))))),484,0.002688888888888889
B_fake_live_control,8,Noise(bit0(bit0(bit1(bit1(bit0(_)))))),472,0.0026222222222222224
B_fake_live_control,8,Noise(bit0(bit1(bit0(bit1(bit1(_)))))),469,0.0026055555555555554
B_fake_live_control,8,Noise(bit1(bit1(bit0(bit0(bit0(_)))))),463,0.0025722222222222223
B_fake_live_control,8,Noise(bit0(bit0(bit0(bit0(bit1(_)))))),458,0.0025444444444444447
B_fake_live_control,8,Noise(bit0(bit1(bit0(bit0(bit0(_)))))),456,0.002533333333333333
B_fake_live_control,8,Noise(bit0(bit0(bit0(bit1(bit1(_)))))),454,0.002522222222222222
B_fake_live_control,8,Noise(bit1(bit1(bit1(bit1(bit1(_)))))),454,0.002522222222222222
B_fake_live_control,8,Noise(bit1(bit0(bit0(bit0(bit1(_)))))),452,0.002511111111111111
B_fake_live_control,8,Noise(bit1(bit0(bit1(bit0(bit0(_)))))),451,0.0025055555555555556
B_fake_live_control,8,Noise(bit0(bit1(bit1(bit1(bit1(_)))))),450,0.0025
B_fake_live_control,8,Noise(bit0(bit0(bit0(bit1(bit0(_)))))),449,0.0024944444444444445
B_fake_live_control,8,Noise(bit0(bit1(bit1(bit0(bit0(_)))))),444,0.0024666666666666665
B_fake_live_control,8,Noise(bit1(bit0(bit0(bit1(bit0(_)))))),443,0.002461111111111111
B_fake_live_control,8,Noise(bit0(bit0(bit1(bit0(bit0(_)))))),440,0.0024444444444444444
B_fake_live_control,8,Noise(bit0(bit0(bit0(bit0(bit0(_)))))),438,0.0024333333333333334
B_fake_live_control,8,Noise(bit1(bit1(bit0(bit0(bit1(_)))))),434,0.0024111111111111113
B_fake_live_control,8,Noise(bit0(bit1(bit1(bit1(bit0(_)))))),434,0.0024111111111111113
B_fake_live_control,8,Noise(bit1(bit1(bit1(bit0(bit0(_)))))),433,0.0024055555555555557
B_fake_live_control,8,Noise(bit1(bit0(bit1(bit1(bit0(_)))))),433,0.0024055555555555557
B_fake_live_control,8,Noise(bit1(bit0(bit1(bit1(bit1(_)))))),430,0.0023888888888888887
B_fake_live_control,8,Noise(bit1(bit1(bit0(bit1(bit1(_)))))),430,0.0023888888888888887
B_fake_live_control,8,Noise(bit1(bit0(bit1(bit0(bit1(_)))))),430,0.0023888888888888887
B_fake_live_control,8,Noise(bit1(bit0(bit0(bit0(bit0(_)))))),429,0.0023833333333333332
B_fake_live_control,8,Noise(bit0(bit1(bit1(bit0(bit1(_)))))),424,0.0023555555555555556
B_fake_live_control,8,Noise(bit0(bit0(bit1(bit1(bit1(_)))))),422,0.0023444444444444446
B_fake_live_control,8,Noise(bit1(bit1(bit0(bit1(bit0(_)))))),421,0.002338888888888889
B_fake_live_control,8,Noise(bit0(bit1(bit0(bit0(bit1(_)))))),417,0.0023166666666666665
B_fake_live_control,8,Noise(bit1(bit1(bit1(bit0(bit1(_)))))),416,0.002311111111111111
B_fake_live_control,8,Noise(bit0(bit0(bit1(bit0(bit1(_)))))),389,0.002161111111111111
B_fake_live_control,8,Noise(bit1(bit0(bit0(bit1(bit1(_)))))),367,0.0020388888888888887
B_fake_live_control,8,Noise(bit1(bit1(bit1(bit1(bit1(bit0(_))))))),254,0.001411111111111111
B_fake_live_control,8,Noise(bit1(bit0(bit1(bit0(bit1(bit0(_))))))),251,0.0013944444444444445
B_fake_live_control,8,Noise(bit1(bit0(bit0(bit1(bit1(bit0(_))))))),242,0.0013444444444444445
B_fake_live_control,8,Noise(bit0(bit1(bit1(bit0(bit0(bit0(_))))))),242,0.0013444444444444445
B_fake_live_control,8,Noise(bit0(bit0(bit1(bit0(bit1(bit0(_))))))),240,0.0013333333333333333
B_fake_live_control,8,Noise(bit0(bit1(bit0(bit1(bit0(bit0(_))))))),239,0.0013277777777777778
B_fake_live_control,8,Noise(bit1(bit0(bit1(bit0(bit0(bit0(_))))))),236,0.0013111111111111112
B_fake_live_control,8,Noise(bit0(bit0(bit0(bit1(bit0(bit0(_))))))),236,0.0013111111111111112
B_fake_live_control,8,Noise(bit0(bit0(bit1(bit0(bit1(bit1(_))))))),236,0.0013111111111111112
B_fake_live_control,8,Noise(bit1(bit0(bit1(bit1(bit0(bit1(_))))))),234,0.0013
B_fake_live_control,8,Noise(bit1(bit0(bit1(bit0(bit1(bit1(_))))))),233,0.0012944444444444444
B_fake_live_control,8,Noise(bit1(bit1(bit0(bit0(bit1(bit0(_))))))),232,0.001288888888888889
B_fake_live_control,8,Noise(bit1(bit1(bit0(bit1(bit1(bit1(_))))))),232,0.001288888888888889
B_fake_live_control,8,Noise(bit0(bit1(bit1(bit1(bit1(bit0(_))))))),230,0.0012777777777777779
B_fake_live_control,8,Noise(bit0(bit0(bit0(bit0(bit1(bit1(_))))))),230,0.0012777777777777779
B_fake_live_control,8,Noise(bit1(bit0(bit0(bit0(bit0(bit1(_))))))),230,0.0012777777777777779
B_fake_live_control,8,Noise(bit0(bit0(bit0(bit1(bit1(bit0(_))))))),230,0.0012777777777777779
B_fake_live_control,8,Noise(bit1(bit1(bit0(bit1(bit0(bit1(_))))))),230,0.0012777777777777779
B_fake_live_control,8,Noise(bit1(bit0(bit1(bit1(bit1(bit1(_))))))),228,0.0012666666666666666
B_fake_live_control,8,Noise(bit0(bit1(bit1(bit1(bit1(bit1(_))))))),228,0.0012666666666666666
B_fake_live_control,8,Noise(bit0(bit0(bit0(bit0(bit0(bit1(_))))))),228,0.0012666666666666666
B_fake_live_control,8,Noise(bit0(bit1(bit0(bit0(bit0(bit1(_))))))),227,0.001261111111111111
B_fake_live_control,8,Noise(bit1(bit1(bit1(bit1(bit1(bit1(_))))))),226,0.0012555555555555555
B_fake_live_control,8,Noise(bit1(bit1(bit1(bit1(bit0(bit0(_))))))),226,0.0012555555555555555
B_fake_live_control,8,Noise(bit1(bit0(bit0(bit0(bit0(bit0(_))))))),225,0.00125
B_fake_live_control,8,Noise(bit0(bit0(bit0(bit0(bit1(bit0(_))))))),225,0.00125
B_fake_live_control,8,Noise(bit1(bit1(bit0(bit0(bit0(bit1(_))))))),225,0.00125
B_fake_live_control,8,Noise(bit1(bit0(bit0(bit0(bit1(bit1(_))))))),224,0.0012444444444444445
B_fake_live_control,16,Noise(_),13946,0.04101764705882353
B_fake_live_control,16,Noise(bit0(_)),7087,0.020844117647058822
B_fake_live_control,16,Noise(bit1(_)),6859,0.020173529411764705
B_fake_live_control,16,A(_),6054,0.017805882352941175
B_fake_live_control,16,A(wrap(_)),6054,0.017805882352941175
B_fake_live_control,16,A(wrap(wrap(_))),6054,0.017805882352941175
B_fake_live_control,16,A(wrap(wrap(wrap(_)))),6054,0.017805882352941175
B_fake_live_control,16,A(wrap(wrap(wrap(wrap(_))))),6054,0.017805882352941175
B_fake_live_control,16,A(wrap(wrap(wrap(wrap(wrap(_)))))),6054,0.017805882352941175
B_fake_live_control,16,A(wrap(wrap(wrap(wrap(wrap(wrap(_))))))),6054,0.017805882352941175
B_fake_live_control,16,A(wrap(wrap(wrap(wrap(wrap(wrap(wrap(_)))))))),6054,0.017805882352941175
B_fake_live_control,16,A(wrap(wrap(wrap(wrap(wrap(wrap(wrap(wrap(_))))))))),6054,0.017805882352941175
B_fake_live_control,16,A(wrap(wrap(wrap(wrap(wrap(wrap(wrap(wrap(wrap(_)))))))))),6054,0.017805882352941175
B_fake_live_control,16,A(wrap(wrap(wrap(wrap(wrap(wrap(wrap(wrap(wrap(wrap(_))))))))))),6054,0.017805882352941175
B_fake_live_control,16,A(wrap(wrap(wrap(wrap(wrap(wrap(wrap(wrap(wrap(wrap(wrap(_)))))))))))),6054,0.017805882352941175
B_fake_live_control,16,A(wrap(wrap(wrap(wrap(wrap(wrap(wrap(wrap(wrap(wrap(wrap(wrap(_))))))))))))),6054,0.017805882352941175
B_fake_live_control,16,A(wrap(wrap(wrap(wrap(wrap(wrap(wrap(wrap(wrap(wrap(wrap(wrap(wrap(_)))))))))))))),6054,0.017805882352941175
B_fake_live_control,16,A(wrap(wrap(wrap(wrap(wrap(wrap(wrap(wrap(wrap(wrap(wrap(wrap(wrap(wrap(_))))))))))))))),6054,0.017805882352941175
B_fake_live_control,16,A(wrap(wrap(wrap(wrap(wrap(wrap(wrap(wrap(wrap(wrap(wrap(wrap(wrap(wrap(wrap(_)))))))))))))))),6054,0.017805882352941175
B_fake_live_control,16,A(wrap(wrap(wrap(wrap(wrap(wrap(wrap(wrap(wrap(wrap(wrap(wrap(wrap(wrap(wrap(wrap(_))))))))))))))))),6054,0.017805882352941175
B_fake_live_control,16,Noise(bit1(bit0(_))),3553,0.01045
B_fake_live_control,16,Noise(bit0(bit0(_))),3534,0.010394117647058823
B_fake_live_control,16,Noise(bit0(bit1(_))),3438,0.010111764705882353
B_fake_live_control,16,Noise(bit1(bit1(_))),3421,0.010061764705882353
B_fake_live_control,16,Noise(bit0(bit1(bit0(_)))),1835,0.005397058823529412
B_fake_live_control,16,Noise(bit0(bit0(bit1(_)))),1773,0.005214705882352941
B_fake_live_control,16,Noise(bit1(bit0(bit0(_)))),1768,0.0052
B_fake_live_control,16,Noise(bit0(bit0(bit0(_)))),1766,0.005194117647058824
B_fake_live_control,16,Noise(bit1(bit1(bit0(_)))),1718,0.005052941176470588
B_fake_live_control,16,Noise(bit0(bit1(bit1(_)))),1717,0.00505
B_fake_live_control,16,Noise(bit1(bit1(bit1(_)))),1704,0.005011764705882353
B_fake_live_control,16,Noise(bit1(bit0(bit1(_)))),1665,0.0048970588235294115
B_fake_live_control,16,Noise(bit0(bit0(bit1(bit0(_))))),941,0.002767647058823529
B_fake_live_control,16,Noise(bit1(bit0(bit1(bit0(_))))),894,0.0026294117647058823
B_fake_live_control,16,Noise(bit0(bit1(bit0(bit0(_))))),892,0.002623529411764706
B_fake_live_control,16,Noise(bit0(bit0(bit0(bit1(_))))),890,0.0026176470588235292
B_fake_live_control,16,Noise(bit0(bit0(bit0(bit0(_))))),890,0.0026176470588235292
B_fake_live_control,16,Noise(bit1(bit1(bit1(bit0(_))))),884,0.0026
B_fake_live_control,16,Noise(bit1(bit0(bit0(bit1(_))))),883,0.002597058823529412
B_fake_live_control,16,Noise(bit1(bit0(bit0(bit0(_))))),876,0.0025764705882352942
B_fake_live_control,16,Noise(bit0(bit0(bit1(bit1(_))))),876,0.0025764705882352942
B_fake_live_control,16,Noise(bit1(bit1(bit0(bit0(_))))),876,0.0025764705882352942
B_fake_live_control,16,Noise(bit0(bit1(bit1(bit1(_))))),875,0.002573529411764706
B_fake_live_control,16,Noise(bit1(bit0(bit1(bit1(_))))),841,0.002473529411764706
B_fake_live_control,16,Noise(bit0(bit1(bit0(bit1(_))))),838,0.0024647058823529413
B_fake_live_control,16,Noise(bit0(bit1(bit1(bit0(_))))),834,0.0024529411764705883
B_fake_live_control,16,Noise(bit1(bit1(bit1(bit1(_))))),829,0.002438235294117647
B_fake_live_control,16,Noise(bit1(bit1(bit0(bit1(_))))),827,0.0024323529411764706
B_fake_live_control,16,Noise(bit1(bit0(bit0(bit1(bit0(_)))))),489,0.001438235294117647
B_fake_live_control,16,Noise(bit1(bit0(bit1(bit1(bit1(_)))))),474,0.0013941176470588235
B_fake_live_control,16,Noise(bit1(bit1(bit0(bit1(bit0(_)))))),468,0.001376470588235294
B_fake_live_control,16,Noise(bit0(bit1(bit0(bit0(bit1(_)))))),465,0.0013676470588235294
B_fake_live_control,16,Noise(bit1(bit0(bit1(bit0(bit0(_)))))),464,0.0013647058823529413
B_fake_live_control,16,Noise(bit0(bit0(bit0(bit0(bit0(_)))))),460,0.0013529411764705882
B_fake_live_control,16,Noise(bit1(bit0(bit0(bit1(bit1(_)))))),457,0.0013441176470588235
B_fake_live_control,16,Noise(bit1(bit1(bit1(bit0(bit0(_)))))),454,0.0013352941176470589
B_fake_live_control,16,Noise(bit0(bit0(bit0(bit1(bit0(_)))))),452,0.0013294117647058823
B_fake_live_control,16,Noise(bit0(bit0(bit0(bit0(bit1(_)))))),445,0.0013088235294117646
B_fake_live_control,16,Noise(bit1(bit0(bit0(bit0(bit1(_)))))),445,0.0013088235294117646
B_fake_live_control,16,Noise(bit1(bit1(bit1(bit1(bit0(_)))))),443,0.0013029411764705883
B_fake_live_control,16,Noise(bit0(bit1(bit1(bit1(bit0(_)))))),441,0.0012970588235294118
B_fake_live_control,16,Noise(bit0(bit0(bit1(bit1(bit0(_)))))),441,0.0012970588235294118
B_fake_live_control,16,Noise(bit1(bit1(bit0(bit0(bit0(_)))))),439,0.0012911764705882353
B_fake_live_control,16,Noise(bit0(bit1(bit0(bit0(bit0(_)))))),437,0.0012852941176470587
B_fake_live_control,16,Noise(bit1(bit0(bit1(bit0(bit1(_)))))),432,0.0012705882352941178
B_fake_live_control,16,Noise(bit1(bit0(bit0(bit0(bit0(_)))))),430,0.0012647058823529412
B_fake_live_control,16,Noise(bit1(bit1(bit0(bit1(bit1(_)))))),428,0.0012588235294117647
B_fake_live_control,16,Noise(bit0(bit0(bit1(bit0(bit0(_)))))),428,0.0012588235294117647
B_fake_live_control,16,Noise(bit0(bit1(bit0(bit1(bit0(_)))))),426,0.0012529411764705882
B_fake_live_control,16,Noise(bit0(bit1(bit1(bit0(bit0(_)))))),422,0.0012411764705882353
B_fake_live_control,16,Noise(bit0(bit1(bit1(bit0(bit1(_)))))),421,0.001238235294117647
B_fake_live_control,16,Noise(bit0(bit0(bit0(bit1(bit1(_)))))),419,0.0012323529411764707
B_fake_live_control,16,Noise(bit1(bit1(bit0(bit0(bit1(_)))))),418,0.0012294117647058823
B_fake_live_control,16,Noise(bit0(bit1(bit1(bit1(bit1(_)))))),416,0.0012235294117647058
B_fake_live_control,16,Noise(bit0(bit1(bit0(bit1(bit1(_)))))),413,0.001214705882352941
B_fake_live_control,16,Noise(bit1(bit1(bit1(bit1(bit1(_)))))),413,0.001214705882352941
B_fake_live_control,16,Noise(bit1(bit1(bit1(bit0(bit1(_)))))),406,0.0011941176470588236
B_fake_live_control,16,Noise(bit0(bit0(bit1(bit0(bit1(_)))))),406,0.0011941176470588236
B_fake_live_control,16,Noise(bit0(bit0(bit1(bit1(bit1(_)))))),401,0.0011794117647058824
B_fake_live_control,16,Noise(bit1(bit0(bit1(bit1(bit0(_)))))),393,0.0011558823529411765
B_fake_live_control,16,Noise(bit0(bit1(bit1(bit0(bit1(bit0(_))))))),256,0.0007529411764705883
B_fake_live_control,16,Noise(bit1(bit1(bit0(bit0(bit1(bit0(_))))))),254,0.0007470588235294118
B_fake_live_control,16,Noise(bit0(bit1(bit0(bit1(bit1(bit1(_))))))),251,0.0007382352941176471
B_fake_live_control,16,Noise(bit1(bit1(bit0(bit0(bit1(bit1(_))))))),245,0.0007205882352941176
B_fake_live_control,16,Noise(bit0(bit0(bit1(bit0(bit0(bit1(_))))))),243,0.0007147058823529412
B_fake_live_control,16,Noise(bit1(bit1(bit0(bit1(bit0(bit0(_))))))),241,0.0007088235294117647
B_fake_live_control,16,Noise(bit1(bit1(bit1(bit0(bit0(bit0(_))))))),236,0.0006941176470588236
B_fake_live_control,16,Noise(bit0(bit1(bit0(bit0(bit1(bit0(_))))))),235,0.0006911764705882353
B_fake_live_control,16,Noise(bit1(bit0(bit0(bit0(bit0(bit1(_))))))),235,0.0006911764705882353
B_fake_live_control,16,Noise(bit1(bit0(bit0(bit0(bit0(bit0(_))))))),231,0.0006794117647058824
B_fake_live_control,16,Noise(bit0(bit0(bit0(bit0(bit1(bit0(_))))))),231,0.0006794117647058824
B_fake_live_control,16,Noise(bit1(bit0(bit0(bit1(bit0(bit0(_))))))),231,0.0006794117647058824
B_fake_live_control,16,Noise(bit1(bit1(bit0(bit0(bit0(bit1(_))))))),230,0.0006764705882352941
B_fake_live_control,16,Noise(bit1(bit0(bit1(bit1(bit1(bit0(_))))))),229,0.0006735294117647059
B_fake_live_control,16,Noise(bit0(bit0(bit0(bit0(bit0(bit0(_))))))),229,0.0006735294117647059
B_fake_live_control,16,Noise(bit0(bit1(bit1(bit1(bit0(bit0(_))))))),228,0.0006705882352941177
B_fake_live_control,16,Noise(bit1(bit0(bit0(bit1(bit1(bit0(_))))))),227,0.0006676470588235294
B_fake_live_control,16,Noise(bit1(bit1(bit0(bit1(bit0(bit1(_))))))),227,0.0006676470588235294
B_fake_live_control,16,Noise(bit1(bit1(bit1(bit1(bit1(bit0(_))))))),226,0.0006647058823529412
B_fake_live_control,16,Noise(bit1(bit1(bit1(bit1(bit0(bit0(_))))))),226,0.0006647058823529412
B_fake_live_control,32,Noise(_),13995,0.021204545454545455
B_fake_live_control,32,Noise(bit1(_)),7165,0.010856060606060607
B_fake_live_control,32,Noise(bit0(_)),6830,0.010348484848484848
B_fake_live_control,32,A(_),6005,0.009098484848484849
B_fake_live_control,32,A(wrap(_)),6005,0.009098484848484849
B_fake_live_control,32,A(wrap(wrap(_))),6005,0.009098484848484849
B_fake_live_control,32,A(wrap(wrap(wrap(_)))),6005,0.009098484848484849
B_fake_live_control,32,A(wrap(wrap(wrap(wrap(_))))),6005,0.009098484848484849
B_fake_live_control,32,A(wrap(wrap(wrap(wrap(wrap(_)))))),6005,0.009098484848484849
B_fake_live_control,32,A(wrap(wrap(wrap(wrap(wrap(wrap(_))))))),6005,0.009098484848484849
B_fake_live_control,32,A(wrap(wrap(wrap(wrap(wrap(wrap(wrap(_)))))))),6005,0.009098484848484849
B_fake_live_control,32,A(wrap(wrap(wrap(wrap(wrap(wrap(wrap(wrap(_))))))))),6005,0.009098484848484849
B_fake_live_control,32,A(wrap(wrap(wrap(wrap(wrap(wrap(wrap(wrap(wrap(_)))))))))),6005,0.009098484848484849
B_fake_live_control,32,A(wrap(wrap(wrap(wrap(wrap(wrap(wrap(wrap(wrap(wrap(_))))))))))),6005,0.009098484848484849
B_fake_live_control,32,A(wrap(wrap(wrap(wrap(wrap(wrap(wrap(wrap(wrap(wrap(wrap(_)))))))))))),6005,0.009098484848484849
B_fake_live_control,32,A(wrap(wrap(wrap(wrap(wrap(wrap(wrap(wrap(wrap(wrap(wrap(wrap(_))))))))))))),6005,0.009098484848484849
B_fake_live_control,32,A(wrap(wrap(wrap(wrap(wrap(wrap(wrap(wrap(wrap(wrap(wrap(wrap(wrap(_)))))))))))))),6005,0.009098484848484849
B_fake_live_control,32,A(wrap(wrap(wrap(wrap(wrap(wrap(wrap(wrap(wrap(wrap(wrap(wrap(wrap(wrap(_))))))))))))))),6005,0.009098484848484849
B_fake_live_control,32,A(wrap(wrap(wrap(wrap(wrap(wrap(wrap(wrap(wrap(wrap(wrap(wrap(wrap(wrap(wrap(_)))))))))))))))),6005,0.009098484848484849
B_fake_live_control,32,A(wrap(wrap(wrap(wrap(wrap(wrap(wrap(wrap(wrap(wrap(wrap(wrap(wrap(wrap(wrap(wrap(_))))))))))))))))),6005,0.009098484848484849
B_fake_live_control,32,A(wrap(wrap(wrap(wrap(wrap(wrap(wrap(wrap(wrap(wrap(wrap(wrap(wrap(wrap(wrap(wrap(wrap(_)))))))))))))))))),6005,0.009098484848484849
B_fake_live_control,32,A(wrap(wrap(wrap(wrap(wrap(wrap(wrap(wrap(wrap(wrap(wrap(wrap(wrap(wrap(wrap(wrap(wrap(wrap(_))))))))))))))))))),6005,0.009098484848484849
B_fake_live_control,32,A(wrap(wrap(wrap(wrap(wrap(wrap(wrap(wrap(wrap(wrap(wrap(wrap(wrap(wrap(wrap(wrap(wrap(wrap(wrap(_)))))))))))))))))))),6005,0.009098484848484849
B_fake_live_control,32,A(wrap(wrap(wrap(wrap(wrap(wrap(wrap(wrap(wrap(wrap(wrap(wrap(wrap(wrap(wrap(wrap(wrap(wrap(wrap(wrap(_))))))))))))))))))))),6005,0.009098484848484849
B_fake_live_control,32,A(wrap(wrap(wrap(wrap(wrap(wrap(wrap(wrap(wrap(wrap(wrap(wrap(wrap(wrap(wrap(wrap(wrap(wrap(wrap(wrap(wrap(_)))))))))))))))))))))),6005,0.009098484848484849
B_fake_live_control,32,A(wrap(wrap(wrap(wrap(wrap(wrap(wrap(wrap(wrap(wrap(wrap(wrap(wrap(wrap(wrap(wrap(wrap(wrap(wrap(wrap(wrap(wrap(_))))))))))))))))))))))),6005,0.009098484848484849
B_fake_live_control,32,A(wrap(wrap(wrap(wrap(wrap(wrap(wrap(wrap(wrap(wrap(wrap(wrap(wrap(wrap(wrap(wrap(wrap(wrap(wrap(wrap(wrap(wrap(wrap(_)))))))))))))))))))))))),6005,0.009098484848484849
B_fake_live_control,32,A(wrap(wrap(wrap(wrap(wrap(wrap(wrap(wrap(wrap(wrap(wrap(wrap(wrap(wrap(wrap(wrap(wrap(wrap(wrap(wrap(wrap(wrap(wrap(wrap(_))))))))))))))))))))))))),6005,0.009098484848484849
B_fake_live_control,32,A(wrap(wrap(wrap(wrap(wrap(wrap(wrap(wrap(wrap(wrap(wrap(wrap(wrap(wrap(wrap(wrap(wrap(wrap(wrap(wrap(wrap(wrap(wrap(wrap(wrap(_)))))))))))))))))))))))))),6005,0.009098484848484849
B_fake_live_control,32,A(wrap(wrap(wrap(wrap(wrap(wrap(wrap(wrap(wrap(wrap(wrap(wrap(wrap(wrap(wrap(wrap(wrap(wrap(wrap(wrap(wrap(wrap(wrap(wrap(wrap(wrap(_))))))))))))))))))))))))))),6005,0.009098484848484849
B_fake_live_control,32,A(wrap(wrap(wrap(wrap(wrap(wrap(wrap(wrap(wrap(wrap(wrap(wrap(wrap(wrap(wrap(wrap(wrap(wrap(wrap(wrap(wrap(wrap(wrap(wrap(wrap(wrap(wrap(_)))))))))))))))))))))))))))),6005,0.009098484848484849
B_fake_live_control,32,A(wrap(wrap(wrap(wrap(wrap(wrap(wrap(wrap(wrap(wrap(wrap(wrap(wrap(wrap(wrap(wrap(wrap(wrap(wrap(wrap(wrap(wrap(wrap(wrap(wrap(wrap(wrap(wrap(_))))))))))))))))))))))))))))),6005,0.009098484848484849
B_fake_live_control,32,A(wrap(wrap(wrap(wrap(wrap(wrap(wrap(wrap(wrap(wrap(wrap(wrap(wrap(wrap(wrap(wrap(wrap(wrap(wrap(wrap(wrap(wrap(wrap(wrap(wrap(wrap(wrap(wrap(wrap(_)))))))))))))))))))))))))))))),6005,0.009098484848484849
B_fake_live_control,32,A(wrap(wrap(wrap(wrap(wrap(wrap(wrap(wrap(wrap(wrap(wrap(wrap(wrap(wrap(wrap(wrap(wrap(wrap(wrap(wrap(wrap(wrap(wrap(wrap(wrap(wrap(wrap(wrap(wrap(wrap(_))))))))))))))))))))))))))))))),6005,0.009098484848484849
B_fake_live_control,32,A(wrap(wrap(wrap(wrap(wrap(wrap(wrap(wrap(wrap(wrap(wrap(wrap(wrap(wrap(wrap(wrap(wrap(wrap(wrap(wrap(wrap(wrap(wrap(wrap(wrap(wrap(wrap(wrap(wrap(wrap(wrap(_)))))))))))))))))))))))))))))))),6005,0.009098484848484849
B_fake_live_control,32,A(wrap(wrap(wrap(wrap(wrap(wrap(wrap(wrap(wrap(wrap(wrap(wrap(wrap(wrap(wrap(wrap(wrap(wrap(wrap(wrap(wrap(wrap(wrap(wrap(wrap(wrap(wrap(wrap(wrap(wrap(wrap(wrap(_))))))))))))))))))))))))))))))))),6005,0.009098484848484849
B_fake_live_control,32,Noise(bit0(bit1(_))),3608,0.0054666666666666665
B_fake_live_control,32,Noise(bit1(bit1(_))),3557,0.0053893939393939395
B_fake_live_control,32,Noise(bit1(bit0(_))),3439,0.0052106060606060605
B_fake_live_control,32,Noise(bit0(bit0(_))),3391,0.005137878787878788
B_fake_live_control,32,Noise(bit0(bit0(bit1(_)))),1810,0.0027424242424242424
B_fake_live_control,32,Noise(bit0(bit1(bit1(_)))),1805,0.002734848484848485
B_fake_live_control,32,Noise(bit1(bit0(bit1(_)))),1798,0.002724242424242424
B_fake_live_control,32,Noise(bit1(bit1(bit1(_)))),1752,0.0026545454545454546
B_fake_live_control,32,Noise(bit0(bit1(bit0(_)))),1720,0.002606060606060606
B_fake_live_control,32,Noise(bit1(bit1(bit0(_)))),1719,0.0026045454545454544
B_fake_live_control,32,Noise(bit0(bit0(bit0(_)))),1713,0.0025954545454545453
B_fake_live_control,32,Noise(bit1(bit0(bit0(_)))),1678,0.0025424242424242423
B_fake_live_control,32,Noise(bit1(bit1(bit0(bit1(_))))),936,0.0014181818181818182
B_fake_live_control,32,Noise(bit1(bit0(bit0(bit1(_))))),921,0.0013954545454545454
B_fake_live_control,32,Noise(bit0(bit0(bit1(bit1(_))))),904,0.0013696969696969697
B_fake_live_control,32,Noise(bit1(bit0(bit1(bit1(_))))),901,0.0013651515151515152
B_fake_live_control,32,Noise(bit1(bit1(bit1(bit1(_))))),894,0.0013545454545454546
B_fake_live_control,32,Noise(bit0(bit0(bit0(bit1(_))))),889,0.001346969696969697
B_fake_live_control,32,Noise(bit1(bit1(bit1(bit0(_))))),878,0.0013303030303030304
B_fake_live_control,32,Noise(bit1(bit0(bit1(bit0(_))))),872,0.0013212121212121213
B_fake_live_control,32,Noise(bit0(bit1(bit0(bit1(_))))),862,0.0013060606060606062
B_fake_live_control,32,Noise(bit0(bit0(bit0(bit0(_))))),861,0.0013045454545454545
B_fake_live_control,32,Noise(bit0(bit1(bit1(bit1(_))))),858,0.0013
B_fake_live_control,32,Noise(bit1(bit0(bit0(bit0(_))))),852,0.0012909090909090908
B_fake_live_control,32,Noise(bit0(bit1(bit0(bit0(_))))),852,0.0012909090909090908
B_fake_live_control,32,Noise(bit0(bit0(bit1(bit0(_))))),848,0.0012848484848484848
B_fake_live_control,32,Noise(bit0(bit1(bit1(bit0(_))))),841,0.0012742424242424243
B_fake_live_control,32,Noise(bit1(bit1(bit0(bit0(_))))),826,0.0012515151515151515
B_fake_live_control,32,Noise(bit1(bit1(bit0(bit1(bit1(_)))))),495,0.00075
B_fake_live_control,32,Noise(bit1(bit1(bit0(bit1(bit0(_)))))),492,0.0007454545454545455
B_fake_live_control,32,Noise(bit0(bit1(bit1(bit0(bit1(_)))))),480,0.0007272727272727272
B_fake_live_control,32,Noise(bit0(bit0(bit0(bit0(bit1(_)))))),478,0.0007242424242424242
B_fake_live_control,32,Noise(bit1(bit1(bit0(bit0(bit1(_)))))),462,0.0007
B_fake_live_control,32,Noise(bit0(bit1(bit0(bit0(bit1(_)))))),459,0.0006954545454545454
B_fake_live_control,32,Noise(bit0(bit0(bit0(bit1(bit1(_)))))),457,0.0006924242424242424
B_fake_live_control,32,Noise(bit1(bit1(bit1(bit0(bit1(_)))))),456,0.0006909090909090909
B_fake_live_control,32,Noise(bit1(bit1(bit1(bit1(bit1(_)))))),454,0.0006878787878787879
B_fake_live_control,32,Noise(bit1(bit0(bit0(bit1(bit0(_)))))),448,0.0006787878787878788
B_fake_live_control,32,Noise(bit1(bit0(bit0(bit1(bit1(_)))))),447,0.0006772727272727273
B_fake_live_control,32,Noise(bit0(bit1(bit1(bit1(bit0(_)))))),442,0.0006696969696969696
B_fake_live_control,32,Noise(bit0(bit1(bit1(bit1(bit1(_)))))),440,0.0006666666666666666
B_fake_live_control,32,Noise(bit1(bit0(bit1(bit0(bit1(_)))))),439,0.0006651515151515152
B_fake_live_control,32,Noise(bit1(bit0(bit1(bit1(bit1(_)))))),438,0.0006636363636363636
B_fake_live_control,32,Noise(bit0(bit0(bit0(bit0(bit0(_)))))),437,0.0006621212121212121
B_fake_live_control,32,Noise(bit1(bit1(bit1(bit1(bit0(_)))))),436,0.0006606060606060606
B_fake_live_control,32,Noise(bit1(bit1(bit0(bit0(bit0(_)))))),435,0.0006590909090909091
B_fake_live_control,32,Noise(bit0(bit0(bit1(bit0(bit0(_)))))),431,0.0006530303030303031
B_fake_live_control,32,Noise(bit1(bit0(bit1(bit1(bit0(_)))))),424,0.0006424242424242424
B_fake_live_control,32,Noise(bit1(bit0(bit0(bit0(bit0(_)))))),424,0.0006424242424242424
B_fake_live_control,32,Noise(bit0(bit0(bit1(bit0(bit1(_)))))),423,0.0006409090909090909
B_fake_live_control,32,Noise(bit1(bit0(bit1(bit0(bit0(_)))))),421,0.0006378787878787879
B_fake_live_control,32,Noise(bit1(bit1(bit1(bit0(bit0(_)))))),421,0.0006378787878787879
B_fake_live_control,32,Noise(bit0(bit0(bit1(bit1(bit1(_)))))),420,0.0006363636363636364
B_fake_live_control,32,Noise(bit0(bit0(bit1(bit1(bit0(_)))))),417,0.0006318181818181818
B_fake_live_control,32,Noise(bit0(bit1(bit0(bit0(bit0(_)))))),417,0.0006318181818181818
B_fake_live_control,32,Noise(bit1(bit0(bit0(bit0(bit1(_)))))),411,0.0006227272727272727
B_fake_live_control,32,Noise(bit0(bit1(bit0(bit1(bit1(_)))))),406,0.0006151515151515152
B_fake_live_control,32,Noise(bit0(bit1(bit1(bit0(bit0(_)))))),405,0.0006136363636363636
B_fake_live_control,32,Noise(bit0(bit0(bit0(bit1(bit0(_)))))),400,0.0006060606060606061
B_fake_live_control,32,Noise(bit0(bit1(bit0(bit1(bit0(_)))))),380,0.0005757575757575757
B_fake_live_control,32,Noise(bit0(bit1(bit1(bit0(bit1(bit0(_))))))),268,0.0004060606060606061
B_fake_live_control,32,Noise(bit1(bit1(bit1(bit0(bit1(bit1(_))))))),255,0.00038636363636363635
B_fake_live_control,32,Noise(bit1(bit0(bit0(bit0(bit0(bit1(_))))))),254,0.00038484848484848485
B_fake_live_control,32,Noise(bit1(bit1(bit1(bit1(bit0(bit1(_))))))),253,0.00038333333333333334
B_fake_live_control,64,Noise(_),13993,0.010763846153846153
B_fake_live_control,64,Noise(bit1(_)),6997,0.005382307692307692
B_fake_live_control,64,Noise(bit0(_)),6996,0.005381538461538462
B_fake_live_control,64,A(_),6007,0.00462076923076923
B_fake_live_control,64,A(wrap(_)),6007,0.00462076923076923
B_fake_live_control,64,A(wrap(wrap(_))),6007,0.00462076923076923
B_fake_live_control,64,A(wrap(wrap(wrap(_)))),6007,0.00462076923076923
B_fake_live_control,64,A(wrap(wrap(wrap(wrap(_))))),6007,0.00462076923076923
B_fake_live_control,64,A(wrap(wrap(wrap(wrap(wrap(_)))))),6007,0.00462076923076923
B_fake_live_control,64,A(wrap(wrap(wrap(wrap(wrap(wrap(_))))))),6007,0.00462076923076923
B_fake_live_control,64,A(wrap(wrap(wrap(wrap(wrap(wrap(wrap(_)))))))),6007,0.00462076923076923
B_fake_live_control,64,A(wrap(wrap(wrap(wrap(wrap(wrap(wrap(wrap(_))))))))),6007,0.00462076923076923
B_fake_live_control,64,A(wrap(wrap(wrap(wrap(wrap(wrap(wrap(wrap(wrap(_)))))))))),6007,0.00462076923076923
B_fake_live_control,64,A(wrap(wrap(wrap(wrap(wrap(wrap(wrap(wrap(wrap(wrap(_))))))))))),6007,0.00462076923076923
B_fake_live_control,64,A(wrap(wrap(wrap(wrap(wrap(wrap(wrap(wrap(wrap(wrap(wrap(_)))))))))))),6007,0.00462076923076923
B_fake_live_control,64,A(wrap(wrap(wrap(wrap(wrap(wrap(wrap(wrap(wrap(wrap(wrap(wrap(_))))))))))))),6007,0.00462076923076923
B_fake_live_control,64,A(wrap(wrap(wrap(wrap(wrap(wrap(wrap(wrap(wrap(wrap(wrap(wrap(wrap(_)))))))))))))),6007,0.00462076923076923
B_fake_live_control,64,A(wrap(wrap(wrap(wrap(wrap(wrap(wrap(wrap(wrap(wrap(wrap(wrap(wrap(wrap(_))))))))))))))),6007,0.00462076923076923
B_fake_live_control,64,A(wrap(wrap(wrap(wrap(wrap(wrap(wrap(wrap(wrap(wrap(wrap(wrap(wrap(wrap(wrap(_)))))))))))))))),6007,0.00462076923076923
B_fake_live_control,64,A(wrap(wrap(wrap(wrap(wrap(wrap(wrap(wrap(wrap(wrap(wrap(wrap(wrap(wrap(wrap(wrap(_))))))))))))))))),6007,0.00462076923076923
B_fake_live_control,64,A(wrap(wrap(wrap(wrap(wrap(wrap(wrap(wrap(wrap(wrap(wrap(wrap(wrap(wrap(wrap(wrap(wrap(_)))))))))))))))))),6007,0.00462076923076923
B_fake_live_control,64,A(wrap(wrap(wrap(wrap(wrap(wrap(wrap(wrap(wrap(wrap(wrap(wrap(wrap(wrap(wrap(wrap(wrap(wrap(_))))))))))))))))))),6007,0.00462076923076923
B_fake_live_control,64,A(wrap(wrap(wrap(wrap(wrap(wrap(wrap(wrap(wrap(wrap(wrap(wrap(wrap(wrap(wrap(wrap(wrap(wrap(wrap(_)))))))))))))))))))),6007,0.00462076923076923
B_fake_live_control,64,A(wrap(wrap(wrap(wrap(wrap(wrap(wrap(wrap(wrap(wrap(wrap(wrap(wrap(wrap(wrap(wrap(wrap(wrap(wrap(wrap(_))))))))))))))))))))),6007,0.00462076923076923
B_fake_live_control,64,A(wrap(wrap(wrap(wrap(wrap(wrap(wrap(wrap(wrap(wrap(wrap(wrap(wrap(wrap(wrap(wrap(wrap(wrap(wrap(wrap(wrap(_)))))))))))))))))))))),6007,0.00462076923076923
B_fake_live_control,64,A(wrap(wrap(wrap(wrap(wrap(wrap(wrap(wrap(wrap(wrap(wrap(wrap(wrap(wrap(wrap(wrap(wrap(wrap(wrap(wrap(wrap(wrap(_))))))))))))))))))))))),6007,0.00462076923076923
B_fake_live_control,64,A(wrap(wrap(wrap(wrap(wrap(wrap(wrap(wrap(wrap(wrap(wrap(wrap(wrap(wrap(wrap(wrap(wrap(wrap(wrap(wrap(wrap(wrap(wrap(_)))))))))))))))))))))))),6007,0.00462076923076923
B_fake_live_control,64,A(wrap(wrap(wrap(wrap(wrap(wrap(wrap(wrap(wrap(wrap(wrap(wrap(wrap(wrap(wrap(wrap(wrap(wrap(wrap(wrap(wrap(wrap(wrap(wrap(_))))))))))))))))))))))))),6007,0.00462076923076923
B_fake_live_control,64,A(wrap(wrap(wrap(wrap(wrap(wrap(wrap(wrap(wrap(wrap(wrap(wrap(wrap(wrap(wrap(wrap(wrap(wrap(wrap(wrap(wrap(wrap(wrap(wrap(wrap(_)))))))))))))))))))))))))),6007,0.00462076923076923
B_fake_live_control,64,A(wrap(wrap(wrap(wrap(wrap(wrap(wrap(wrap(wrap(wrap(wrap(wrap(wrap(wrap(wrap(wrap(wrap(wrap(wrap(wrap(wrap(wrap(wrap(wrap(wrap(wrap(_))))))))))))))))))))))))))),6007,0.00462076923076923
B_fake_live_control,64,A(wrap(wrap(wrap(wrap(wrap(wrap(wrap(wrap(wrap(wrap(wrap(wrap(wrap(wrap(wrap(wrap(wrap(wrap(wrap(wrap(wrap(wrap(wrap(wrap(wrap(wrap(wrap(_)))))))))))))))))))))))))))),6007,0.00462076923076923
B_fake_live_control,64,A(wrap(wrap(wrap(wrap(wrap(wrap(wrap(wrap(wrap(wrap(wrap(wrap(wrap(wrap(wrap(wrap(wrap(wrap(wrap(wrap(wrap(wrap(wrap(wrap(wrap(wrap(wrap(wrap(_))))))))))))))))))))))))))))),6007,0.00462076923076923
B_fake_live_control,64,A(wrap(wrap(wrap(wrap(wrap(wrap(wrap(wrap(wrap(wrap(wrap(wrap(wrap(wrap(wrap(wrap(wrap(wrap(wrap(wrap(wrap(wrap(wrap(wrap(wrap(wrap(wrap(wrap(wrap(_)))))))))))))))))))))))))))))),6007,0.00462076923076923
B_fake_live_control,64,A(wrap(wrap(wrap(wrap(wrap(wrap(wrap(wrap(wrap(wrap(wrap(wrap(wrap(wrap(wrap(wrap(wrap(wrap(wrap(wrap(wrap(wrap(wrap(wrap(wrap(wrap(wrap(wrap(wrap(wrap(_))))))))))))))))))))))))))))))),6007,0.00462076923076923
B_fake_live_control,64,A(wrap(wrap(wrap(wrap(wrap(wrap(wrap(wrap(wrap(wrap(wrap(wrap(wrap(wrap(wrap(wrap(wrap(wrap(wrap(wrap(wrap(wrap(wrap(wrap(wrap(wrap(wrap(wrap(wrap(wrap(wrap(_)))))))))))))))))))))))))))))))),6007,0.00462076923076923
B_fake_live_control,64,A(wrap(wrap(wrap(wrap(wrap(wrap(wrap(wrap(wrap(wrap(wrap(wrap(wrap(wrap(wrap(wrap(wrap(wrap(wrap(wrap(wrap(wrap(wrap(wrap(wrap(wrap(wrap(wrap(wrap(wrap(wrap(wrap(_))))))))))))))))))))))))))))))))),6007,0.00462076923076923
B_fake_live_control,64,A(wrap(wrap(wrap(wrap(wrap(wrap(wrap(wrap(wrap(wrap(wrap(wrap(wrap(wrap(wrap(wrap(wrap(wrap(wrap(wrap(wrap(wrap(wrap(wrap(wrap(wrap(wrap(wrap(wrap(wrap(wrap(wrap(wrap(_)))))))))))))))))))))))))))))))))),6007,0.00462076923076923
B_fake_live_control,64,A(wrap(wrap(wrap(wrap(wrap(wrap(wrap(wrap(wrap(wrap(wrap(wrap(wrap(wrap(wrap(wrap(wrap(wrap(wrap(wrap(wrap(wrap(wrap(wrap(wrap(wrap(wrap(wrap(wrap(wrap(wrap(wrap(wrap(wrap(_))))))))))))))))))))))))))))))))))),6007,0.00462076923076923
B_fake_live_control,64,A(wrap(wrap(wrap(wrap(wrap(wrap(wrap(wrap(wrap(wrap(wrap(wrap(wrap(wrap(wrap(wrap(wrap(wrap(wrap(wrap(wrap(wrap(wrap(wrap(wrap(wrap(wrap(wrap(wrap(wrap(wrap(wrap(wrap(wrap(wrap(_)))))))))))))))))))))))))))))))))))),6007,0.00462076923076923
B_fake_live_control,64,A(wrap(wrap(wrap(wrap(wrap(wrap(wrap(wrap(wrap(wrap(wrap(wrap(wrap(wrap(wrap(wrap(wrap(wrap(wrap(wrap(wrap(wrap(wrap(wrap(wrap(wrap(wrap(wrap(wrap(wrap(wrap(wrap(wrap(wrap(wrap(wrap(_))))))))))))))))))))))))))))))))))))),6007,0.00462076923076923
B_fake_live_control,64,A(wrap(wrap(wrap(wrap(wrap(wrap(wrap(wrap(wrap(wrap(wrap(wrap(wrap(wrap(wrap(wrap(wrap(wrap(wrap(wrap(wrap(wrap(wrap(wrap(wrap(wrap(wrap(wrap(wrap(wrap(wrap(wrap(wrap(wrap(wrap(wrap(wrap(_)))))))))))))))))))))))))))))))))))))),6007,0.00462076923076923
B_fake_live_control,64,A(wrap(wrap(wrap(wrap(wrap(wrap(wrap(wrap(wrap(wrap(wrap(wrap(wrap(wrap(wrap(wrap(wrap(wrap(wrap(wrap(wrap(wrap(wrap(wrap(wrap(wrap(wrap(wrap(wrap(wrap(wrap(wrap(wrap(wrap(wrap(wrap(wrap(wrap(_))))))))))))))))))))))))))))))))))))))),6007,0.00462076923076923
B_fake_live_control,64,A(wrap(wrap(wrap(wrap(wrap(wrap(wrap(wrap(wrap(wrap(wrap(wrap(wrap(wrap(wrap(wrap(wrap(wrap(wrap(wrap(wrap(wrap(wrap(wrap(wrap(wrap(wrap(wrap(wrap(wrap(wrap(wrap(wrap(wrap(wrap(wrap(wrap(wrap(wrap(_)))))))))))))))))))))))))))))))))))))))),6007,0.00462076923076923
B_fake_live_control,64,A(wrap(wrap(wrap(wrap(wrap(wrap(wrap(wrap(wrap(wrap(wrap(wrap(wrap(wrap(wrap(wrap(wrap(wrap(wrap(wrap(wrap(wrap(wrap(wrap(wrap(wrap(wrap(wrap(wrap(wrap(wrap(wrap(wrap(wrap(wrap(wrap(wrap(wrap(wrap(wrap(_))))))))))))))))))))))))))))))))))))))))),6007,0.00462076923076923
B_fake_live_control,64,A(wrap(wrap(wrap(wrap(wrap(wrap(wrap(wrap(wrap(wrap(wrap(wrap(wrap(wrap(wrap(wrap(wrap(wrap(wrap(wrap(wrap(wrap(wrap(wrap(wrap(wrap(wrap(wrap(wrap(wrap(wrap(wrap(wrap(wrap(wrap(wrap(wrap(wrap(wrap(wrap(wrap(_)))))))))))))))))))))))))))))))))))))))))),6007,0.00462076923076923
B_fake_live_control,64,A(wrap(wrap(wrap(wrap(wrap(wrap(wrap(wrap(wrap(wrap(wrap(wrap(wrap(wrap(wrap(wrap(wrap(wrap(wrap(wrap(wrap(wrap(wrap(wrap(wrap(wrap(wrap(wrap(wrap(wrap(wrap(wrap(wrap(wrap(wrap(wrap(wrap(wrap(wrap(wrap(wrap(wrap(_))))))))))))))))))))))))))))))))))))))))))),6007,0.00462076923076923
B_fake_live_control,64,A(wrap(wrap(wrap(wrap(wrap(wrap(wrap(wrap(wrap(wrap(wrap(wrap(wrap(wrap(wrap(wrap(wrap(wrap(wrap(wrap(wrap(wrap(wrap(wrap(wrap(wrap(wrap(wrap(wrap(wrap(wrap(wrap(wrap(wrap(wrap(wrap(wrap(wrap(wrap(wrap(wrap(wrap(wrap(_)))))))))))))))))))))))))))))))))))))))))))),6007,0.00462076923076923
B_fake_live_control,64,A(wrap(wrap(wrap(wrap(wrap(wrap(wrap(wrap(wrap(wrap(wrap(wrap(wrap(wrap(wrap(wrap(wrap(wrap(wrap(wrap(wrap(wrap(wrap(wrap(wrap(wrap(wrap(wrap(wrap(wrap(wrap(wrap(wrap(wrap(wrap(wrap(wrap(wrap(wrap(wrap(wrap(wrap(wrap(wrap(_))))))))))))))))))))))))))))))))))))))))))))),6007,0.00462076923076923
B_fake_live_control,64,A(wrap(wrap(wrap(wrap(wrap(wrap(wrap(wrap(wrap(wrap(wrap(wrap(wrap(wrap(wrap(wrap(wrap(wrap(wrap(wrap(wrap(wrap(wrap(wrap(wrap(wrap(wrap(wrap(wrap(wrap(wrap(wrap(wrap(wrap(wrap(wrap(wrap(wrap(wrap(wrap(wrap(wrap(wrap(wrap(wrap(_)))))))))))))))))))))))))))))))))))))))))))))),6007,0.00462076923076923
B_fake_live_control,64,A(wrap(wrap(wrap(wrap(wrap(wrap(wrap(wrap(wrap(wrap(wrap(wrap(wrap(wrap(wrap(wrap(wrap(wrap(wrap(wrap(wrap(wrap(wrap(wrap(wrap(wrap(wrap(wrap(wrap(wrap(wrap(wrap(wrap(wrap(wrap(wrap(wrap(wrap(wrap(wrap(wrap(wrap(wrap(wrap(wrap(wrap(_))))))))))))))))))))))))))))))))))))))))))))))),6007,0.00462076923076923
B_fake_live_control,64,A(wrap(wrap(wrap(wrap(wrap(wrap(wrap(wrap(wrap(wrap(wrap(wrap(wrap(wrap(wrap(wrap(wrap(wrap(wrap(wrap(wrap(wrap(wrap(wrap(wrap(wrap(wrap(wrap(wrap(wrap(wrap(wrap(wrap(wrap(wrap(wrap(wrap(wrap(wrap(wrap(wrap(wrap(wrap(wrap(wrap(wrap(wrap(_)))))))))))))))))))))))))))))))))))))))))))))))),6007,0.00462076923076923
B_fake_live_control,64,A(wrap(wrap(wrap(wrap(wrap(wrap(wrap(wrap(wrap(wrap(wrap(wrap(wrap(wrap(wrap(wrap(wrap(wrap(wrap(wrap(wrap(wrap(wrap(wrap(wrap(wrap(wrap(wrap(wrap(wrap(wrap(wrap(wrap(wrap(wrap(wrap(wrap(wrap(wrap(wrap(wrap(wrap(wrap(wrap(wrap(wrap(wrap(wrap(_))))))))))))))))))))))))))))))))))))))))))))))))),6007,0.00462076923076923
B_fake_live_control,64,A(wrap(wrap(wrap(wrap(wrap(wrap(wrap(wrap(wrap(wrap(wrap(wrap(wrap(wrap(wrap(wrap(wrap(wrap(wrap(wrap(wrap(wrap(wrap(wrap(wrap(wrap(wrap(wrap(wrap(wrap(wrap(wrap(wrap(wrap(wrap(wrap(wrap(wrap(wrap(wrap(wrap(wrap(wrap(wrap(wrap(wrap(wrap(wrap(wrap(_)))))))))))))))))))))))))))))))))))))))))))))))))),6007,0.00462076923076923
B_fake_live_control,64,A(wrap(wrap(wrap(wrap(wrap(wrap(wrap(wrap(wrap(wrap(wrap(wrap(wrap(wrap(wrap(wrap(wrap(wrap(wrap(wrap(wrap(wrap(wrap(wrap(wrap(wrap(wrap(wrap(wrap(wrap(wrap(wrap(wrap(wrap(wrap(wrap(wrap(wrap(wrap(wrap(wrap(wrap(wrap(wrap(wrap(wrap(wrap(wrap(wrap(wrap(_))))))))))))))))))))))))))))))))))))))))))))))))))),6007,0.00462076923076923
B_fake_live_control,64,A(wrap(wrap(wrap(wrap(wrap(wrap(wrap(wrap(wrap(wrap(wrap(wrap(wrap(wrap(wrap(wrap(wrap(wrap(wrap(wrap(wrap(wrap(wrap(wrap(wrap(wrap(wrap(wrap(wrap(wrap(wrap(wrap(wrap(wrap(wrap(wrap(wrap(wrap(wrap(wrap(wrap(wrap(wrap(wrap(wrap(wrap(wrap(wrap(wrap(wrap(wrap(_)))))))))))))))))))))))))))))))))))))))))))))))))))),6007,0.00462076923076923
B_fake_live_control,64,A(wrap(wrap(wrap(wrap(wrap(wrap(wrap(wrap(wrap(wrap(wrap(wrap(wrap(wrap(wrap(wrap(wrap(wrap(wrap(wrap(wrap(wrap(wrap(wrap(wrap(wrap(wrap(wrap(wrap(wrap(wrap(wrap(wrap(wrap(wrap(wrap(wrap(wrap(wrap(wrap(wrap(wrap(wrap(wrap(wrap(wrap(wrap(wrap(wrap(wrap(wrap(wrap(_))))))))))))))))))))))))))))))))))))))))))))))))))))),6007,0.00462076923076923
B_fake_live_control,64,A(wrap(wrap(wrap(wrap(wrap(wrap(wrap(wrap(wrap(wrap(wrap(wrap(wrap(wrap(wrap(wrap(wrap(wrap(wrap(wrap(wrap(wrap(wrap(wrap(wrap(wrap(wrap(wrap(wrap(wrap(wrap(wrap(wrap(wrap(wrap(wrap(wrap(wrap(wrap(wrap(wrap(wrap(wrap(wrap(wrap(wrap(wrap(wrap(wrap(wrap(wrap(wrap(wrap(_)))))))))))))))))))))))))))))))))))))))))))))))))))))),6007,0.00462076923076923
B_fake_live_control,64,A(wrap(wrap(wrap(wrap(wrap(wrap(wrap(wrap(wrap(wrap(wrap(wrap(wrap(wrap(wrap(wrap(wrap(wrap(wrap(wrap(wrap(wrap(wrap(wrap(wrap(wrap(wrap(wrap(wrap(wrap(wrap(wrap(wrap(wrap(wrap(wrap(wrap(wrap(wrap(wrap(wrap(wrap(wrap(wrap(wrap(wrap(wrap(wrap(wrap(wrap(wrap(wrap(wrap(wrap(_))))))))))))))))))))))))))))))))))))))))))))))))))))))),6007,0.00462076923076923
B_fake_live_control,64,A(wrap(wrap(wrap(wrap(wrap(wrap(wrap(wrap(wrap(wrap(wrap(wrap(wrap(wrap(wrap(wrap(wrap(wrap(wrap(wrap(wrap(wrap(wrap(wrap(wrap(wrap(wrap(wrap(wrap(wrap(wrap(wrap(wrap(wrap(wrap(wrap(wrap(wrap(wrap(wrap(wrap(wrap(wrap(wrap(wrap(wrap(wrap(wrap(wrap(wrap(wrap(wrap(wrap(wrap(wrap(_)))))))))))))))))))))))))))))))))))))))))))))))))))))))),6007,0.00462076923076923
B_fake_live_control,64,A(wrap(wrap(wrap(wrap(wrap(wrap(wrap(wrap(wrap(wrap(wrap(wrap(wrap(wrap(wrap(wrap(wrap(wrap(wrap(wrap(wrap(wrap(wrap(wrap(wrap(wrap(wrap(wrap(wrap(wrap(wrap(wrap(wrap(wrap(wrap(wrap(wrap(wrap(wrap(wrap(wrap(wrap(wrap(wrap(wrap(wrap(wrap(wrap(wrap(wrap(wrap(wrap(wrap(wrap(wrap(wrap(_))))))))))))))))))))))))))))))))))))))))))))))))))))))))),6007,0.00462076923076923
B_fake_live_control,64,A(wrap(wrap(wrap(wrap(wrap(wrap(wrap(wrap(wrap(wrap(wrap(wrap(wrap(wrap(wrap(wrap(wrap(wrap(wrap(wrap(wrap(wrap(wrap(wrap(wrap(wrap(wrap(wrap(wrap(wrap(wrap(wrap(wrap(wrap(wrap(wrap(wrap(wrap(wrap(wrap(wrap(wrap(wrap(wrap(wrap(wrap(wrap(wrap(wrap(wrap(wrap(wrap(wrap(wrap(wrap(wrap(wrap(_)))))))))))))))))))))))))))))))))))))))))))))))))))))))))),6007,0.00462076923076923
B_fake_live_control,64,A(wrap(wrap(wrap(wrap(wrap(wrap(wrap(wrap(wrap(wrap(wrap(wrap(wrap(wrap(wrap(wrap(wrap(wrap(wrap(wrap(wrap(wrap(wrap(wrap(wrap(wrap(wrap(wrap(wrap(wrap(wrap(wrap(wrap(wrap(wrap(wrap(wrap(wrap(wrap(wrap(wrap(wrap(wrap(wrap(wrap(wrap(wrap(wrap(wrap(wrap(wrap(wrap(wrap(wrap(wrap(wrap(wrap(wrap(_))))))))))))))))))))))))))))))))))))))))))))))))))))))))))),6007,0.00462076923076923
B_fake_live_control,64,A(wrap(wrap(wrap(wrap(wrap(wrap(wrap(wrap(wrap(wrap(wrap(wrap(wrap(wrap(wrap(wrap(wrap(wrap(wrap(wrap(wrap(wrap(wrap(wrap(wrap(wrap(wrap(wrap(wrap(wrap(wrap(wrap(wrap(wrap(wrap(wrap(wrap(wrap(wrap(wrap(wrap(wrap(wrap(wrap(wrap(wrap(wrap(wrap(wrap(wrap(wrap(wrap(wrap(wrap(wrap(wrap(wrap(wrap(wrap(_)))))))))))))))))))))))))))))))))))))))))))))))))))))))))))),6007,0.00462076923076923
B_fake_live_control,64,A(wrap(wrap(wrap(wrap(wrap(wrap(wrap(wrap(wrap(wrap(wrap(wrap(wrap(wrap(wrap(wrap(wrap(wrap(wrap(wrap(wrap(wrap(wrap(wrap(wrap(wrap(wrap(wrap(wrap(wrap(wrap(wrap(wrap(wrap(wrap(wrap(wrap(wrap(wrap(wrap(wrap(wrap(wrap(wrap(wrap(wrap(wrap(wrap(wrap(wrap(wrap(wrap(wrap(wrap(wrap(wrap(wrap(wrap(wrap(wrap(_))))))))))))))))))))))))))))))))))))))))))))))))))))))))))))),6007,0.00462076923076923
B_fake_live_control,64,A(wrap(wrap(wrap(wrap(wrap(wrap(wrap(wrap(wrap(wrap(wrap(wrap(wrap(wrap(wrap(wrap(wrap(wrap(wrap(wrap(wrap(wrap(wrap(wrap(wrap(wrap(wrap(wrap(wrap(wrap(wrap(wrap(wrap(wrap(wrap(wrap(wrap(wrap(wrap(wrap(wrap(wrap(wrap(wrap(wrap(wrap(wrap(wrap(wrap(wrap(wrap(wrap(wrap(wrap(wrap(wrap(wrap(wrap(wrap(wrap(wrap(_)))))))))))))))))))))))))))))))))))))))))))))))))))))))))))))),6007,0.00462076923076923
B_fake_live_control,64,A(wrap(wrap(wrap(wrap(wrap(wrap(wrap(wrap(wrap(wrap(wrap(wrap(wrap(wrap(wrap(wrap(wrap(wrap(wrap(wrap(wrap(wrap(wrap(wrap(wrap(wrap(wrap(wrap(wrap(wrap(wrap(wrap(wrap(wrap(wrap(wrap(wrap(wrap(wrap(wrap(wrap(wrap(wrap(wrap(wrap(wrap(wrap(wrap(wrap(wrap(wrap(wrap(wrap(wrap(wrap(wrap(wrap(wrap(wrap(wrap(wrap(wrap(_))))))))))))))))))))))))))))))))))))))))))))))))))))))))))))))),6007,0.00462076923076923
B_fake_live_control,64,A(wrap(wrap(wrap(wrap(wrap(wrap(wrap(wrap(wrap(wrap(wrap(wrap(wrap(wrap(wrap(wrap(wrap(wrap(wrap(wrap(wrap(wrap(wrap(wrap(wrap(wrap(wrap(wrap(wrap(wrap(wrap(wrap(wrap(wrap(wrap(wrap(wrap(wrap(wrap(wrap(wrap(wrap(wrap(wrap(wrap(wrap(wrap(wrap(wrap(wrap(wrap(wrap(wrap(wrap(wrap(wrap(wrap(wrap(wrap(wrap(wrap(wrap(wrap(_)))))))))))))))))))))))))))))))))))))))))))))))))))))))))))))))),6007,0.00462076923076923
B_fake_live_control,64,A(wrap(wrap(wrap(wrap(wrap(wrap(wrap(wrap(wrap(wrap(wrap(wrap(wrap(wrap(wrap(wrap(wrap(wrap(wrap(wrap(wrap(wrap(wrap(wrap(wrap(wrap(wrap(wrap(wrap(wrap(wrap(wrap(wrap(wrap(wrap(wrap(wrap(wrap(wrap(wrap(wrap(wrap(wrap(wrap(wrap(wrap(wrap(wrap(wrap(wrap(wrap(wrap(wrap(wrap(wrap(wrap(wrap(wrap(wrap(wrap(wrap(wrap(wrap(wrap(_))))))))))))))))))))))))))))))))))))))))))))))))))))))))))))))))),6007,0.00462076923076923
B_fake_live_control,64,Noise(bit1(bit1(_))),3562,0.00274
B_fake_live_control,64,Noise(bit0(bit0(_))),3511,0.002700769230769231
B_fake_live_control,64,Noise(bit1(bit0(_))),3485,0.002680769230769231
B_fake_live_control,64,Noise(bit0(bit1(_))),3435,0.0026423076923076925
B_fake_live_control,64,Noise(bit0(bit1(bit1(_)))),1813,0.0013946153846153846
B_fake_live_control,64,Noise(bit1(bit0(bit0(_)))),1789,0.0013761538461538462
B_fake_live_control,64,Noise(bit1(bit1(bit1(_)))),1749,0.0013453846153846155
B_fake_live_control,64,Noise(bit0(bit1(bit0(_)))),1745,0.0013423076923076923
B_fake_live_control,64,Noise(bit1(bit1(bit0(_)))),1740,0.0013384615384615384
B_fake_live_control,64,Noise(bit0(bit0(bit1(_)))),1736,0.0013353846153846155
B_fake_live_control,64,Noise(bit0(bit0(bit0(_)))),1722,0.0013246153846153846
B_fake_live_control,64,Noise(bit1(bit0(bit1(_)))),1699,0.0013069230769230768
B_fake_live_control,64,Noise(bit0(bit0(bit1(bit1(_))))),918,0.0007061538461538462
B_fake_live_control,64,Noise(bit1(bit1(bit0(bit0(_))))),915,0.0007038461538461539
B_fake_live_control,64,Noise(bit0(bit0(bit0(bit0(_))))),896,0.0006892307692307692
B_fake_live_control,64,Noise(bit0(bit0(bit1(bit0(_))))),895,0.0006884615384615385
B_fake_live_control,64,Noise(bit1(bit0(bit1(bit1(_))))),895,0.0006884615384615385
B_fake_live_control,64,Noise(bit1(bit1(bit1(bit0(_))))),885,0.0006807692307692308
B_fake_live_control,64,Noise(bit0(bit1(bit1(bit1(_))))),879,0.0006761538461538462
B_fake_live_control,64,Noise(bit0(bit1(bit0(bit0(_))))),874,0.0006723076923076923
B_fake_live_control,64,Noise(bit0(bit0(bit0(bit1(_))))),872,0.0006707692307692308
B_fake_live_control,64,Noise(bit1(bit1(bit1(bit1(_))))),870,0.0006692307692307692
B_fake_live_control,64,Noise(bit1(bit1(bit0(bit1(_))))),864,0.0006646153846153846
B_fake_live_control,64,Noise(bit1(bit0(bit0(bit1(_))))),864,0.0006646153846153846
B_fake_live_control,64,Noise(bit0(bit1(bit1(bit0(_))))),855,0.0006576923076923077
B_fake_live_control,64,Noise(bit1(bit0(bit1(bit0(_))))),850,0.0006538461538461538
B_fake_live_control,64,Noise(bit0(bit1(bit0(bit1(_))))),835,0.0006423076923076923
B_fake_live_control,64,Noise(bit1(bit0(bit0(bit0(_))))),826,0.0006353846153846153
B_fake_live_control,64,Noise(bit1(bit1(bit1(bit0(bit0(_)))))),487,0.0003746153846153846
B_fake_live_control,64,Noise(bit0(bit0(bit0(bit1(bit1(_)))))),473,0.00036384615384615383
B_fake_live_control,64,Noise(bit1(bit1(bit0(bit1(bit1(_)))))),457,0.00035153846153846156
B_fake_live_control,64,Noise(bit0(bit0(bit1(bit1(bit1(_)))))),453,0.0003484615384615385
B_fake_live_control,128,Noise(_),13952,0.005407751937984496
B_fake_live_control,128,Noise(bit0(_)),6978,0.0027046511627906978
B_fake_live_control,128,Noise(bit1(_)),6974,0.0027031007751937984
B_fake_live_control,128,A(_),6048,0.0023441860465116277
B_fake_live_control,128,A(wrap(_)),6048,0.0023441860465116277
B_fake_live_control,128,A(wrap(wrap(_))),6048,0.0023441860465116277
B_fake_live_control,128,A(wrap(wrap(wrap(_)))),6048,0.0023441860465116277
B_fake_live_control,128,A(wrap(wrap(wrap(wrap(_))))),6048,0.0023441860465116277
B_fake_live_control,128,A(wrap(wrap(wrap(wrap(wrap(_)))))),6048,0.0023441860465116277
B_fake_live_control,128,A(wrap(wrap(wrap(wrap(wrap(wrap(_))))))),6048,0.0023441860465116277
B_fake_live_control,128,A(wrap(wrap(wrap(wrap(wrap(wrap(wrap(_)))))))),6048,0.0023441860465116277
B_fake_live_control,128,A(wrap(wrap(wrap(wrap(wrap(wrap(wrap(wrap(_))))))))),6048,0.0023441860465116277
B_fake_live_control,128,A(wrap(wrap(wrap(wrap(wrap(wrap(wrap(wrap(wrap(_)))))))))),6048,0.0023441860465116277
B_fake_live_control,128,A(wrap(wrap(wrap(wrap(wrap(wrap(wrap(wrap(wrap(wrap(_))))))))))),6048,0.0023441860465116277
B_fake_live_control,128,A(wrap(wrap(wrap(wrap(wrap(wrap(wrap(wrap(wrap(wrap(wrap(_)))))))))))),6048,0.0023441860465116277
B_fake_live_control,128,A(wrap(wrap(wrap(wrap(wrap(wrap(wrap(wrap(wrap(wrap(wrap(wrap(_))))))))))))),6048,0.0023441860465116277
B_fake_live_control,128,A(wrap(wrap(wrap(wrap(wrap(wrap(wrap(wrap(wrap(wrap(wrap(wrap(wrap(_)))))))))))))),6048,0.0023441860465116277
B_fake_live_control,128,A(wrap(wrap(wrap(wrap(wrap(wrap(wrap(wrap(wrap(wrap(wrap(wrap(wrap(wrap(_))))))))))))))),6048,0.0023441860465116277
B_fake_live_control,128,A(wrap(wrap(wrap(wrap(wrap(wrap(wrap(wrap(wrap(wrap(wrap(wrap(wrap(wrap(wrap(_)))))))))))))))),6048,0.0023441860465116277
B_fake_live_control,128,A(wrap(wrap(wrap(wrap(wrap(wrap(wrap(wrap(wrap(wrap(wrap(wrap(wrap(wrap(wrap(wrap(_))))))))))))))))),6048,0.0023441860465116277
B_fake_live_control,128,A(wrap(wrap(wrap(wrap(wrap(wrap(wrap(wrap(wrap(wrap(wrap(wrap(wrap(wrap(wrap(wrap(wrap(_)))))))))))))))))),6048,0.0023441860465116277
B_fake_live_control,128,A(wrap(wrap(wrap(wrap(wrap(wrap(wrap(wrap(wrap(wrap(wrap(wrap(wrap(wrap(wrap(wrap(wrap(wrap(_))))))))))))))))))),6048,0.0023441860465116277
B_fake_live_control,128,A(wrap(wrap(wrap(wrap(wrap(wrap(wrap(wrap(wrap(wrap(wrap(wrap(wrap(wrap(wrap(wrap(wrap(wrap(wrap(_)))))))))))))))))))),6048,0.0023441860465116277
B_fake_live_control,128,A(wrap(wrap(wrap(wrap(wrap(wrap(wrap(wrap(wrap(wrap(wrap(wrap(wrap(wrap(wrap(wrap(wrap(wrap(wrap(wrap(_))))))))))))))))))))),6048,0.0023441860465116277
B_fake_live_control,128,A(wrap(wrap(wrap(wrap(wrap(wrap(wrap(wrap(wrap(wrap(wrap(wrap(wrap(wrap(wrap(wrap(wrap(wrap(wrap(wrap(wrap(_)))))))))))))))))))))),6048,0.0023441860465116277
B_fake_live_control,128,A(wrap(wrap(wrap(wrap(wrap(wrap(wrap(wrap(wrap(wrap(wrap(wrap(wrap(wrap(wrap(wrap(wrap(wrap(wrap(wrap(wrap(wrap(_))))))))))))))))))))))),6048,0.0023441860465116277
B_fake_live_control,128,A(wrap(wrap(wrap(wrap(wrap(wrap(wrap(wrap(wrap(wrap(wrap(wrap(wrap(wrap(wrap(wrap(wrap(wrap(wrap(wrap(wrap(wrap(wrap(_)))))))))))))))))))))))),6048,0.0023441860465116277
B_fake_live_control,128,A(wrap(wrap(wrap(wrap(wrap(wrap(wrap(wrap(wrap(wrap(wrap(wrap(wrap(wrap(wrap(wrap(wrap(wrap(wrap(wrap(wrap(wrap(wrap(wrap(_))))))))))))))))))))))))),6048,0.0023441860465116277
B_fake_live_control,128,A(wrap(wrap(wrap(wrap(wrap(wrap(wrap(wrap(wrap(wrap(wrap(wrap(wrap(wrap(wrap(wrap(wrap(wrap(wrap(wrap(wrap(wrap(wrap(wrap(wrap(_)))))))))))))))))))))))))),6048,0.0023441860465116277
B_fake_live_control,128,A(wrap(wrap(wrap(wrap(wrap(wrap(wrap(wrap(wrap(wrap(wrap(wrap(wrap(wrap(wrap(wrap(wrap(wrap(wrap(wrap(wrap(wrap(wrap(wrap(wrap(wrap(_))))))))))))))))))))))))))),6048,0.0023441860465116277
B_fake_live_control,128,A(wrap(wrap(wrap(wrap(wrap(wrap(wrap(wrap(wrap(wrap(wrap(wrap(wrap(wrap(wrap(wrap(wrap(wrap(wrap(wrap(wrap(wrap(wrap(wrap(wrap(wrap(wrap(_)))))))))))))))))))))))))))),6048,0.0023441860465116277
B_fake_live_control,128,A(wrap(wrap(wrap(wrap(wrap(wrap(wrap(wrap(wrap(wrap(wrap(wrap(wrap(wrap(wrap(wrap(wrap(wrap(wrap(wrap(wrap(wrap(wrap(wrap(wrap(wrap(wrap(wrap(_))))))))))))))))))))))))))))),6048,0.0023441860465116277
B_fake_live_control,128,A(wrap(wrap(wrap(wrap(wrap(wrap(wrap(wrap(wrap(wrap(wrap(wrap(wrap(wrap(wrap(wrap(wrap(wrap(wrap(wrap(wrap(wrap(wrap(wrap(wrap(wrap(wrap(wrap(wrap(_)))))))))))))))))))))))))))))),6048,0.0023441860465116277
B_fake_live_control,128,A(wrap(wrap(wrap(wrap(wrap(wrap(wrap(wrap(wrap(wrap(wrap(wrap(wrap(wrap(wrap(wrap(wrap(wrap(wrap(wrap(wrap(wrap(wrap(wrap(wrap(wrap(wrap(wrap(wrap(wrap(_))))))))))))))))))))))))))))))),6048,0.0023441860465116277
B_fake_live_control,128,A(wrap(wrap(wrap(wrap(wrap(wrap(wrap(wrap(wrap(wrap(wrap(wrap(wrap(wrap(wrap(wrap(wrap(wrap(wrap(wrap(wrap(wrap(wrap(wrap(wrap(wrap(wrap(wrap(wrap(wrap(wrap(_)))))))))))))))))))))))))))))))),6048,0.0023441860465116277
B_fake_live_control,128,A(wrap(wrap(wrap(wrap(wrap(wrap(wrap(wrap(wrap(wrap(wrap(wrap(wrap(wrap(wrap(wrap(wrap(wrap(wrap(wrap(wrap(wrap(wrap(wrap(wrap(wrap(wrap(wrap(wrap(wrap(wrap(wrap(_))))))))))))))))))))))))))))))))),6048,0.0023441860465116277
B_fake_live_control,128,A(wrap(wrap(wrap(wrap(wrap(wrap(wrap(wrap(wrap(wrap(wrap(wrap(wrap(wrap(wrap(wrap(wrap(wrap(wrap(wrap(wrap(wrap(wrap(wrap(wrap(wrap(wrap(wrap(wrap(wrap(wrap(wrap(wrap(_)))))))))))))))))))))))))))))))))),6048,0.0023441860465116277
B_fake_live_control,128,A(wrap(wrap(wrap(wrap(wrap(wrap(wrap(wrap(wrap(wrap(wrap(wrap(wrap(wrap(wrap(wrap(wrap(wrap(wrap(wrap(wrap(wrap(wrap(wrap(wrap(wrap(wrap(wrap(wrap(wrap(wrap(wrap(wrap(wrap(_))))))))))))))))))))))))))))))))))),6048,0.0023441860465116277
B_fake_live_control,128,A(wrap(wrap(wrap(wrap(wrap(wrap(wrap(wrap(wrap(wrap(wrap(wrap(wrap(wrap(wrap(wrap(wrap(wrap(wrap(wrap(wrap(wrap(wrap(wrap(wrap(wrap(wrap(wrap(wrap(wrap(wrap(wrap(wrap(wrap(wrap(_)))))))))))))))))))))))))))))))))))),6048,0.0023441860465116277
B_fake_live_control,128,A(wrap(wrap(wrap(wrap(wrap(wrap(wrap(wrap(wrap(wrap(wrap(wrap(wrap(wrap(wrap(wrap(wrap(wrap(wrap(wrap(wrap(wrap(wrap(wrap(wrap(wrap(wrap(wrap(wrap(wrap(wrap(wrap(wrap(wrap(wrap(wrap(_))))))))))))))))))))))))))))))))))))),6048,0.0023441860465116277
B_fake_live_control,128,A(wrap(wrap(wrap(wrap(wrap(wrap(wrap(wrap(wrap(wrap(wrap(wrap(wrap(wrap(wrap(wrap(wrap(wrap(wrap(wrap(wrap(wrap(wrap(wrap(wrap(wrap(wrap(wrap(wrap(wrap(wrap(wrap(wrap(wrap(wrap(wrap(wrap(_)))))))))))))))))))))))))))))))))))))),6048,0.0023441860465116277
B_fake_live_control,128,A(wrap(wrap(wrap(wrap(wrap(wrap(wrap(wrap(wrap(wrap(wrap(wrap(wrap(wrap(wrap(wrap(wrap(wrap(wrap(wrap(wrap(wrap(wrap(wrap(wrap(wrap(wrap(wrap(wrap(wrap(wrap(wrap(wrap(wrap(wrap(wrap(wrap(wrap(_))))))))))))))))))))))))))))))))))))))),6048,0.0023441860465116277
B_fake_live_control,128,A(wrap(wrap(wrap(wrap(wrap(wrap(wrap(wrap(wrap(wrap(wrap(wrap(wrap(wrap(wrap(wrap(wrap(wrap(wrap(wrap(wrap(wrap(wrap(wrap(wrap(wrap(wrap(wrap(wrap(wrap(wrap(wrap(wrap(wrap(wrap(wrap(wrap(wrap(wrap(_)))))))))))))))))))))))))))))))))))))))),6048,0.0023441860465116277
B_fake_live_control,128,A(wrap(wrap(wrap(wrap(wrap(wrap(wrap(wrap(wrap(wrap(wrap(wrap(wrap(wrap(wrap(wrap(wrap(wrap(wrap(wrap(wrap(wrap(wrap(wrap(wrap(wrap(wrap(wrap(wrap(wrap(wrap(wrap(wrap(wrap(wrap(wrap(wrap(wrap(wrap(wrap(_))))))))))))))))))))))))))))))))))))))))),6048,0.0023441860465116277
B_fake_live_control,128,A(wrap(wrap(wrap(wrap(wrap(wrap(wrap(wrap(wrap(wrap(wrap(wrap(wrap(wrap(wrap(wrap(wrap(wrap(wrap(wrap(wrap(wrap(wrap(wrap(wrap(wrap(wrap(wrap(wrap(wrap(wrap(wrap(wrap(wrap(wrap(wrap(wrap(wrap(wrap(wrap(wrap(_)))))))))))))))))))))))))))))))))))))))))),6048,0.0023441860465116277
B_fake_live_control,128,A(wrap(wrap(wrap(wrap(wrap(wrap(wrap(wrap(wrap(wrap(wrap(wrap(wrap(wrap(wrap(wrap(wrap(wrap(wrap(wrap(wrap(wrap(wrap(wrap(wrap(wrap(wrap(wrap(wrap(wrap(wrap(wrap(wrap(wrap(wrap(wrap(wrap(wrap(wrap(wrap(wrap(wrap(_))))))))))))))))))))))))))))))))))))))))))),6048,0.0023441860465116277
B_fake_live_control,128,A(wrap(wrap(wrap(wrap(wrap(wrap(wrap(wrap(wrap(wrap(wrap(wrap(wrap(wrap(wrap(wrap(wrap(wrap(wrap(wrap(wrap(wrap(wrap(wrap(wrap(wrap(wrap(wrap(wrap(wrap(wrap(wrap(wrap(wrap(wrap(wrap(wrap(wrap(wrap(wrap(wrap(wrap(wrap(_)))))))))))))))))))))))))))))))))))))))))))),6048,0.0023441860465116277
B_fake_live_control,128,A(wrap(wrap(wrap(wrap(wrap(wrap(wrap(wrap(wrap(wrap(wrap(wrap(wrap(wrap(wrap(wrap(wrap(wrap(wrap(wrap(wrap(wrap(wrap(wrap(wrap(wrap(wrap(wrap(wrap(wrap(wrap(wrap(wrap(wrap(wrap(wrap(wrap(wrap(wrap(wrap(wrap(wrap(wrap(wrap(_))))))))))))))))))))))))))))))))))))))))))))),6048,0.0023441860465116277
B_fake_live_control,128,A(wrap(wrap(wrap(wrap(wrap(wrap(wrap(wrap(wrap(wrap(wrap(wrap(wrap(wrap(wrap(wrap(wrap(wrap(wrap(wrap(wrap(wrap(wrap(wrap(wrap(wrap(wrap(wrap(wrap(wrap(wrap(wrap(wrap(wrap(wrap(wrap(wrap(wrap(wrap(wrap(wrap(wrap(wrap(wrap(wrap(_)))))))))))))))))))))))))))))))))))))))))))))),6048,0.0023441860465116277
B_fake_live_control,128,A(wrap(wrap(wrap(wrap(wrap(wrap(wrap(wrap(wrap(wrap(wrap(wrap(wrap(wrap(wrap(wrap(wrap(wrap(wrap(wrap(wrap(wrap(wrap(wrap(wrap(wrap(wrap(wrap(wrap(wrap(wrap(wrap(wrap(wrap(wrap(wrap(wrap(wrap(wrap(wrap(wrap(wrap(wrap(wrap(wrap(wrap(_))))))))))))))))))))))))))))))))))))))))))))))),6048,0.0023441860465116277
B_fake_live_control,128,A(wrap(wrap(wrap(wrap(wrap(wrap(wrap(wrap(wrap(wrap(wrap(wrap(wrap(wrap(wrap(wrap(wrap(wrap(wrap(wrap(wrap(wrap(wrap(wrap(wrap(wrap(wrap(wrap(wrap(wrap(wrap(wrap(wrap(wrap(wrap(wrap(wrap(wrap(wrap(wrap(wrap(wrap(wrap(wrap(wrap(wrap(wrap(_)))))))))))))))))))))))))))))))))))))))))))))))),6048,0.0023441860465116277
B_fake_live_control,128,A(wrap(wrap(wrap(wrap(wrap(wrap(wrap(wrap(wrap(wrap(wrap(wrap(wrap(wrap(wrap(wrap(wrap(wrap(wrap(wrap(wrap(wrap(wrap(wrap(wrap(wrap(wrap(wrap(wrap(wrap(wrap(wrap(wrap(wrap(wrap(wrap(wrap(wrap(wrap(wrap(wrap(wrap(wrap(wrap(wrap(wrap(wrap(wrap(_))))))))))))))))))))))))))))))))))))))))))))))))),6048,0.0023441860465116277
B_fake_live_control,128,A(wrap(wrap(wrap(wrap(wrap(wrap(wrap(wrap(wrap(wrap(wrap(wrap(wrap(wrap(wrap(wrap(wrap(wrap(wrap(wrap(wrap(wrap(wrap(wrap(wrap(wrap(wrap(wrap(wrap(wrap(wrap(wrap(wrap(wrap(wrap(wrap(wrap(wrap(wrap(wrap(wrap(wrap(wrap(wrap(wrap(wrap(wrap(wrap(wrap(_)))))))))))))))))))))))))))))))))))))))))))))))))),6048,0.0023441860465116277
B_fake_live_control,128,A(wrap(wrap(wrap(wrap(wrap(wrap(wrap(wrap(wrap(wrap(wrap(wrap(wrap(wrap(wrap(wrap(wrap(wrap(wrap(wrap(wrap(wrap(wrap(wrap(wrap(wrap(wrap(wrap(wrap(wrap(wrap(wrap(wrap(wrap(wrap(wrap(wrap(wrap(wrap(wrap(wrap(wrap(wrap(wrap(wrap(wrap(wrap(wrap(wrap(wrap(_))))))))))))))))))))))))))))))))))))))))))))))))))),6048,0.0023441860465116277
B_fake_live_control,128,A(wrap(wrap(wrap(wrap(wrap(wrap(wrap(wrap(wrap(wrap(wrap(wrap(wrap(wrap(wrap(wrap(wrap(wrap(wrap(wrap(wrap(wrap(wrap(wrap(wrap(wrap(wrap(wrap(wrap(wrap(wrap(wrap(wrap(wrap(wrap(wrap(wrap(wrap(wrap(wrap(wrap(wrap(wrap(wrap(wrap(wrap(wrap(wrap(wrap(wrap(wrap(_)))))))))))))))))))))))))))))))))))))))))))))))))))),6048,0.0023441860465116277
B_fake_live_control,128,A(wrap(wrap(wrap(wrap(wrap(wrap(wrap(wrap(wrap(wrap(wrap(wrap(wrap(wrap(wrap(wrap(wrap(wrap(wrap(wrap(wrap(wrap(wrap(wrap(wrap(wrap(wrap(wrap(wrap(wrap(wrap(wrap(wrap(wrap(wrap(wrap(wrap(wrap(wrap(wrap(wrap(wrap(wrap(wrap(wrap(wrap(wrap(wrap(wrap(wrap(wrap(wrap(_))))))))))))))))))))))))))))))))))))))))))))))))))))),6048,0.0023441860465116277
B_fake_live_control,128,A(wrap(wrap(wrap(wrap(wrap(wrap(wrap(wrap(wrap(wrap(wrap(wrap(wrap(wrap(wrap(wrap(wrap(wrap(wrap(wrap(wrap(wrap(wrap(wrap(wrap(wrap(wrap(wrap(wrap(wrap(wrap(wrap(wrap(wrap(wrap(wrap(wrap(wrap(wrap(wrap(wrap(wrap(wrap(wrap(wrap(wrap(wrap(wrap(wrap(wrap(wrap(wrap(wrap(_)))))))))))))))))))))))))))))))))))))))))))))))))))))),6048,0.0023441860465116277
B_fake_live_control,128,A(wrap(wrap(wrap(wrap(wrap(wrap(wrap(wrap(wrap(wrap(wrap(wrap(wrap(wrap(wrap(wrap(wrap(wrap(wrap(wrap(wrap(wrap(wrap(wrap(wrap(wrap(wrap(wrap(wrap(wrap(wrap(wrap(wrap(wrap(wrap(wrap(wrap(wrap(wrap(wrap(wrap(wrap(wrap(wrap(wrap(wrap(wrap(wrap(wrap(wrap(wrap(wrap(wrap(wrap(_))))))))))))))))))))))))))))))))))))))))))))))))))))))),6048,0.0023441860465116277
B_fake_live_control,128,A(wrap(wrap(wrap(wrap(wrap(wrap(wrap(wrap(wrap(wrap(wrap(wrap(wrap(wrap(wrap(wrap(wrap(wrap(wrap(wrap(wrap(wrap(wrap(wrap(wrap(wrap(wrap(wrap(wrap(wrap(wrap(wrap(wrap(wrap(wrap(wrap(wrap(wrap(wrap(wrap(wrap(wrap(wrap(wrap(wrap(wrap(wrap(wrap(wrap(wrap(wrap(wrap(wrap(wrap(wrap(_)))))))))))))))))))))))))))))))))))))))))))))))))))))))),6048,0.0023441860465116277
B_fake_live_control,128,A(wrap(wrap(wrap(wrap(wrap(wrap(wrap(wrap(wrap(wrap(wrap(wrap(wrap(wrap(wrap(wrap(wrap(wrap(wrap(wrap(wrap(wrap(wrap(wrap(wrap(wrap(wrap(wrap(wrap(wrap(wrap(wrap(wrap(wrap(wrap(wrap(wrap(wrap(wrap(wrap(wrap(wrap(wrap(wrap(wrap(wrap(wrap(wrap(wrap(wrap(wrap(wrap(wrap(wrap(wrap(wrap(_))))))))))))))))))))))))))))))))))))))))))))))))))))))))),6048,0.0023441860465116277
B_fake_live_control,128,A(wrap(wrap(wrap(wrap(wrap(wrap(wrap(wrap(wrap(wrap(wrap(wrap(wrap(wrap(wrap(wrap(wrap(wrap(wrap(wrap(wrap(wrap(wrap(wrap(wrap(wrap(wrap(wrap(wrap(wrap(wrap(wrap(wrap(wrap(wrap(wrap(wrap(wrap(wrap(wrap(wrap(wrap(wrap(wrap(wrap(wrap(wrap(wrap(wrap(wrap(wrap(wrap(wrap(wrap(wrap(wrap(wrap(_)))))))))))))))))))))))))))))))))))))))))))))))))))))))))),6048,0.0023441860465116277
B_fake_live_control,128,A(wrap(wrap(wrap(wrap(wrap(wrap(wrap(wrap(wrap(wrap(wrap(wrap(wrap(wrap(wrap(wrap(wrap(wrap(wrap(wrap(wrap(wrap(wrap(wrap(wrap(wrap(wrap(wrap(wrap(wrap(wrap(wrap(wrap(wrap(wrap(wrap(wrap(wrap(wrap(wrap(wrap(wrap(wrap(wrap(wrap(wrap(wrap(wrap(wrap(wrap(wrap(wrap(wrap(wrap(wrap(wrap(wrap(wrap(_))))))))))))))))))))))))))))))))))))))))))))))))))))))))))),6048,0.0023441860465116277
B_fake_live_control,128,A(wrap(wrap(wrap(wrap(wrap(wrap(wrap(wrap(wrap(wrap(wrap(wrap(wrap(wrap(wrap(wrap(wrap(wrap(wrap(wrap(wrap(wrap(wrap(wrap(wrap(wrap(wrap(wrap(wrap(wrap(wrap(wrap(wrap(wrap(wrap(wrap(wrap(wrap(wrap(wrap(wrap(wrap(wrap(wrap(wrap(wrap(wrap(wrap(wrap(wrap(wrap(wrap(wrap(wrap(wrap(wrap(wrap(wrap(wrap(_)))))))))))))))))))))))))))))))))))))))))))))))))))))))))))),6048,0.0023441860465116277
B_fake_live_control,128,A(wrap(wrap(wrap(wrap(wrap(wrap(wrap(wrap(wrap(wrap(wrap(wrap(wrap(wrap(wrap(wrap(wrap(wrap(wrap(wrap(wrap(wrap(wrap(wrap(wrap(wrap(wrap(wrap(wrap(wrap(wrap(wrap(wrap(wrap(wrap(wrap(wrap(wrap(wrap(wrap(wrap(wrap(wrap(wrap(wrap(wrap(wrap(wrap(wrap(wrap(wrap(wrap(wrap(wrap(wrap(wrap(wrap(wrap(wrap(wrap(_))))))))))))))))))))))))))))))))))))))))))))))))))))))))))))),6048,0.0023441860465116277
B_fake_live_control,128,A(wrap(wrap(wrap(wrap(wrap(wrap(wrap(wrap(wrap(wrap(wrap(wrap(wrap(wrap(wrap(wrap(wrap(wrap(wrap(wrap(wrap(wrap(wrap(wrap(wrap(wrap(wrap(wrap(wrap(wrap(wrap(wrap(wrap(wrap(wrap(wrap(wrap(wrap(wrap(wrap(wrap(wrap(wrap(wrap(wrap(wrap(wrap(wrap(wrap(wrap(wrap(wrap(wrap(wrap(wrap(wrap(wrap(wrap(wrap(wrap(wrap(_)))))))))))))))))))))))))))))))))))))))))))))))))))))))))))))),6048,0.0023441860465116277
B_fake_live_control,128,A(wrap(wrap(wrap(wrap(wrap(wrap(wrap(wrap(wrap(wrap(wrap(wrap(wrap(wrap(wrap(wrap(wrap(wrap(wrap(wrap(wrap(wrap(wrap(wrap(wrap(wrap(wrap(wrap(wrap(wrap(wrap(wrap(wrap(wrap(wrap(wrap(wrap(wrap(wrap(wrap(wrap(wrap(wrap(wrap(wrap(wrap(wrap(wrap(wrap(wrap(wrap(wrap(wrap(wrap(wrap(wrap(wrap(wrap(wrap(wrap(wrap(wrap(_))))))))))))))))))))))))))))))))))))))))))))))))))))))))))))))),6048,0.0023441860465116277
B_fake_live_control,128,A(wrap(wrap(wrap(wrap(wrap(wrap(wrap(wrap(wrap(wrap(wrap(wrap(wrap(wrap(wrap(wrap(wrap(wrap(wrap(wrap(wrap(wrap(wrap(wrap(wrap(wrap(wrap(wrap(wrap(wrap(wrap(wrap(wrap(wrap(wrap(wrap(wrap(wrap(wrap(wrap(wrap(wrap(wrap(wrap(wrap(wrap(wrap(wrap(wrap(wrap(wrap(wrap(wrap(wrap(wrap(wrap(wrap(wrap(wrap(wrap(wrap(wrap(wrap(_)))))))))))))))))))))))))))))))))))))))))))))))))))))))))))))))),6048,0.0023441860465116277
B_fake_live_control,128,A(wrap(wrap(wrap(wrap(wrap(wrap(wrap(wrap(wrap(wrap(wrap(wrap(wrap(wrap(wrap(wrap(wrap(wrap(wrap(wrap(wrap(wrap(wrap(wrap(wrap(wrap(wrap(wrap(wrap(wrap(wrap(wrap(wrap(wrap(wrap(wrap(wrap(wrap(wrap(wrap(wrap(wrap(wrap(wrap(wrap(wrap(wrap(wrap(wrap(wrap(wrap(wrap(wrap(wrap(wrap(wrap(wrap(wrap(wrap(wrap(wrap(wrap(wrap(wrap(_))))))))))))))))))))))))))))))))))))))))))))))))))))))))))))))))),6048,0.0023441860465116277
B_fake_live_control,128,A(wrap(wrap(wrap(wrap(wrap(wrap(wrap(wrap(wrap(wrap(wrap(wrap(wrap(wrap(wrap(wrap(wrap(wrap(wrap(wrap(wrap(wrap(wrap(wrap(wrap(wrap(wrap(wrap(wrap(wrap(wrap(wrap(wrap(wrap(wrap(wrap(wrap(wrap(wrap(wrap(wrap(wrap(wrap(wrap(wrap(wrap(wrap(wrap(wrap(wrap(wrap(wrap(wrap(wrap(wrap(wrap(wrap(wrap(wrap(wrap(wrap(wrap(wrap(wrap(wrap(_)))))))))))))))))))))))))))))))))))))))))))))))))))))))))))))))))),6048,0.0023441860465116277
B_fake_live_control,128,A(wrap(wrap(wrap(wrap(wrap(wrap(wrap(wrap(wrap(wrap(wrap(wrap(wrap(wrap(wrap(wrap(wrap(wrap(wrap(wrap(wrap(wrap(wrap(wrap(wrap(wrap(wrap(wrap(wrap(wrap(wrap(wrap(wrap(wrap(wrap(wrap(wrap(wrap(wrap(wrap(wrap(wrap(wrap(wrap(wrap(wrap(wrap(wrap(wrap(wrap(wrap(wrap(wrap(wrap(wrap(wrap(wrap(wrap(wrap(wrap(wrap(wrap(wrap(wrap(wrap(wrap(_))))))))))))))))))))))))))))))))))))))))))))))))))))))))))))))))))),6048,0.0023441860465116277
B_fake_live_control,128,A(wrap(wrap(wrap(wrap(wrap(wrap(wrap(wrap(wrap(wrap(wrap(wrap(wrap(wrap(wrap(wrap(wrap(wrap(wrap(wrap(wrap(wrap(wrap(wrap(wrap(wrap(wrap(wrap(wrap(wrap(wrap(wrap(wrap(wrap(wrap(wrap(wrap(wrap(wrap(wrap(wrap(wrap(wrap(wrap(wrap(wrap(wrap(wrap(wrap(wrap(wrap(wrap(wrap(wrap(wrap(wrap(wrap(wrap(wrap(wrap(wrap(wrap(wrap(wrap(wrap(wrap(wrap(_)))))))))))))))))))))))))))))))))))))))))))))))))))))))))))))))))))),6048,0.0023441860465116277
B_fake_live_control,128,A(wrap(wrap(wrap(wrap(wrap(wrap(wrap(wrap(wrap(wrap(wrap(wrap(wrap(wrap(wrap(wrap(wrap(wrap(wrap(wrap(wrap(wrap(wrap(wrap(wrap(wrap(wrap(wrap(wrap(wrap(wrap(wrap(wrap(wrap(wrap(wrap(wrap(wrap(wrap(wrap(wrap(wrap(wrap(wrap(wrap(wrap(wrap(wrap(wrap(wrap(wrap(wrap(wrap(wrap(wrap(wrap(wrap(wrap(wrap(wrap(wrap(wrap(wrap(wrap(wrap(wrap(wrap(wrap(_))))))))))))))))))))))))))))))))))))))))))))))))))))))))))))))))))))),6048,0.0023441860465116277
B_fake_live_control,128,A(wrap(wrap(wrap(wrap(wrap(wrap(wrap(wrap(wrap(wrap(wrap(wrap(wrap(wrap(wrap(wrap(wrap(wrap(wrap(wrap(wrap(wrap(wrap(wrap(wrap(wrap(wrap(wrap(wrap(wrap(wrap(wrap(wrap(wrap(wrap(wrap(wrap(wrap(wrap(wrap(wrap(wrap(wrap(wrap(wrap(wrap(wrap(wrap(wrap(wrap(wrap(wrap(wrap(wrap(wrap(wrap(wrap(wrap(wrap(wrap(wrap(wrap(wrap(wrap(wrap(wrap(wrap(wrap(wrap(_)))))))))))))))))))))))))))))))))))))))))))))))))))))))))))))))))))))),6048,0.0023441860465116277
B_fake_live_control,128,A(wrap(wrap(wrap(wrap(wrap(wrap(wrap(wrap(wrap(wrap(wrap(wrap(wrap(wrap(wrap(wrap(wrap(wrap(wrap(wrap(wrap(wrap(wrap(wrap(wrap(wrap(wrap(wrap(wrap(wrap(wrap(wrap(wrap(wrap(wrap(wrap(wrap(wrap(wrap(wrap(wrap(wrap(wrap(wrap(wrap(wrap(wrap(wrap(wrap(wrap(wrap(wrap(wrap(wrap(wrap(wrap(wrap(wrap(wrap(wrap(wrap(wrap(wrap(wrap(wrap(wrap(wrap(wrap(wrap(wrap(_))))))))))))))))))))))))))))))))))))))))))))))))))))))))))))))))))))))),6048,0.0023441860465116277
B_fake_live_control,128,A(wrap(wrap(wrap(wrap(wrap(wrap(wrap(wrap(wrap(wrap(wrap(wrap(wrap(wrap(wrap(wrap(wrap(wrap(wrap(wrap(wrap(wrap(wrap(wrap(wrap(wrap(wrap(wrap(wrap(wrap(wrap(wrap(wrap(wrap(wrap(wrap(wrap(wrap(wrap(wrap(wrap(wrap(wrap(wrap(wrap(wrap(wrap(wrap(wrap(wrap(wrap(wrap(wrap(wrap(wrap(wrap(wrap(wrap(wrap(wrap(wrap(wrap(wrap(wrap(wrap(wrap(wrap(wrap(wrap(wrap(wrap(_)))))))))))))))))))))))))))))))))))))))))))))))))))))))))))))))))))))))),6048,0.0023441860465116277
B_fake_live_control,128,A(wrap(wrap(wrap(wrap(wrap(wrap(wrap(wrap(wrap(wrap(wrap(wrap(wrap(wrap(wrap(wrap(wrap(wrap(wrap(wrap(wrap(wrap(wrap(wrap(wrap(wrap(wrap(wrap(wrap(wrap(wrap(wrap(wrap(wrap(wrap(wrap(wrap(wrap(wrap(wrap(wrap(wrap(wrap(wrap(wrap(wrap(wrap(wrap(wrap(wrap(wrap(wrap(wrap(wrap(wrap(wrap(wrap(wrap(wrap(wrap(wrap(wrap(wrap(wrap(wrap(wrap(wrap(wrap(wrap(wrap(wrap(wrap(_))))))))))))))))))))))))))))))))))))))))))))))))))))))))))))))))))))))))),6048,0.0023441860465116277
B_fake_live_control,128,A(wrap(wrap(wrap(wrap(wrap(wrap(wrap(wrap(wrap(wrap(wrap(wrap(wrap(wrap(wrap(wrap(wrap(wrap(wrap(wrap(wrap(wrap(wrap(wrap(wrap(wrap(wrap(wrap(wrap(wrap(wrap(wrap(wrap(wrap(wrap(wrap(wrap(wrap(wrap(wrap(wrap(wrap(wrap(wrap(wrap(wrap(wrap(wrap(wrap(wrap(wrap(wrap(wrap(wrap(wrap(wrap(wrap(wrap(wrap(wrap(wrap(wrap(wrap(wrap(wrap(wrap(wrap(wrap(wrap(wrap(wrap(wrap(wrap(_)))))))))))))))))))))))))))))))))))))))))))))))))))))))))))))))))))))))))),6048,0.0023441860465116277
B_fake_live_control,128,A(wrap(wrap(wrap(wrap(wrap(wrap(wrap(wrap(wrap(wrap(wrap(wrap(wrap(wrap(wrap(wrap(wrap(wrap(wrap(wrap(wrap(wrap(wrap(wrap(wrap(wrap(wrap(wrap(wrap(wrap(wrap(wrap(wrap(wrap(wrap(wrap(wrap(wrap(wrap(wrap(wrap(wrap(wrap(wrap(wrap(wrap(wrap(wrap(wrap(wrap(wrap(wrap(wrap(wrap(wrap(wrap(wrap(wrap(wrap(wrap(wrap(wrap(wrap(wrap(wrap(wrap(wrap(wrap(wrap(wrap(wrap(wrap(wrap(wrap(_))))))))))))))))))))))))))))))))))))))))))))))))))))))))))))))))))))))))))),6048,0.0023441860465116277
B_fake_live_control,128,A(wrap(wrap(wrap(wrap(wrap(wrap(wrap(wrap(wrap(wrap(wrap(wrap(wrap(wrap(wrap(wrap(wrap(wrap(wrap(wrap(wrap(wrap(wrap(wrap(wrap(wrap(wrap(wrap(wrap(wrap(wrap(wrap(wrap(wrap(wrap(wrap(wrap(wrap(wrap(wrap(wrap(wrap(wrap(wrap(wrap(wrap(wrap(wrap(wrap(wrap(wrap(wrap(wrap(wrap(wrap(wrap(wrap(wrap(wrap(wrap(wrap(wrap(wrap(wrap(wrap(wrap(wrap(wrap(wrap(wrap(wrap(wrap(wrap(wrap(wrap(_)))))))))))))))))))))))))))))))))))))))))))))))))))))))))))))))))))))))))))),6048,0.0023441860465116277
B_fake_live_control,128,A(wrap(wrap(wrap(wrap(wrap(wrap(wrap(wrap(wrap(wrap(wrap(wrap(wrap(wrap(wrap(wrap(wrap(wrap(wrap(wrap(wrap(wrap(wrap(wrap(wrap(wrap(wrap(wrap(wrap(wrap(wrap(wrap(wrap(wrap(wrap(wrap(wrap(wrap(wrap(wrap(wrap(wrap(wrap(wrap(wrap(wrap(wrap(wrap(wrap(wrap(wrap(wrap(wrap(wrap(wrap(wrap(wrap(wrap(wrap(wrap(wrap(wrap(wrap(wrap(wrap(wrap(wrap(wrap(wrap(wrap(wrap(wrap(wrap(wrap(wrap(wrap(_))))))))))))))))))))))))))))))))))))))))))))))))))))))))))))))))))))))))))))),6048,0.0023441860465116277
B_fake_live_control,128,A(wrap(wrap(wrap(wrap(wrap(wrap(wrap(wrap(wrap(wrap(wrap(wrap(wrap(wrap(wrap(wrap(wrap(wrap(wrap(wrap(wrap(wrap(wrap(wrap(wrap(wrap(wrap(wrap(wrap(wrap(wrap(wrap(wrap(wrap(wrap(wrap(wrap(wrap(wrap(wrap(wrap(wrap(wrap(wrap(wrap(wrap(wrap(wrap(wrap(wrap(wrap(wrap(wrap(wrap(wrap(wrap(wrap(wrap(wrap(wrap(wrap(wrap(wrap(wrap(wrap(wrap(wrap(wrap(wrap(wrap(wrap(wrap(wrap(wrap(wrap(wrap(wrap(_)))))))))))))))))))))))))))))))))))))))))))))))))))))))))))))))))))))))))))))),6048,0.0023441860465116277
B_fake_live_control,128,A(wrap(wrap(wrap(wrap(wrap(wrap(wrap(wrap(wrap(wrap(wrap(wrap(wrap(wrap(wrap(wrap(wrap(wrap(wrap(wrap(wrap(wrap(wrap(wrap(wrap(wrap(wrap(wrap(wrap(wrap(wrap(wrap(wrap(wrap(wrap(wrap(wrap(wrap(wrap(wrap(wrap(wrap(wrap(wrap(wrap(wrap(wrap(wrap(wrap(wrap(wrap(wrap(wrap(wrap(wrap(wrap(wrap(wrap(wrap(wrap(wrap(wrap(wrap(wrap(wrap(wrap(wrap(wrap(wrap(wrap(wrap(wrap(wrap(wrap(wrap(wrap(wrap(wrap(_))))))))))))))))))))))))))))))))))))))))))))))))))))))))))))))))))))))))))))))),6048,0.0023441860465116277
B_fake_live_control,128,A(wrap(wrap(wrap(wrap(wrap(wrap(wrap(wrap(wrap(wrap(wrap(wrap(wrap(wrap(wrap(wrap(wrap(wrap(wrap(wrap(wrap(wrap(wrap(wrap(wrap(wrap(wrap(wrap(wrap(wrap(wrap(wrap(wrap(wrap(wrap(wrap(wrap(wrap(wrap(wrap(wrap(wrap(wrap(wrap(wrap(wrap(wrap(wrap(wrap(wrap(wrap(wrap(wrap(wrap(wrap(wrap(wrap(wrap(wrap(wrap(wrap(wrap(wrap(wrap(wrap(wrap(wrap(wrap(wrap(wrap(wrap(wrap(wrap(wrap(wrap(wrap(wrap(wrap(wrap(_)))))))))))))))))))))))))))))))))))))))))))))))))))))))))))))))))))))))))))))))),6048,0.0023441860465116277
B_fake_live_control,128,A(wrap(wrap(wrap(wrap(wrap(wrap(wrap(wrap(wrap(wrap(wrap(wrap(wrap(wrap(wrap(wrap(wrap(wrap(wrap(wrap(wrap(wrap(wrap(wrap(wrap(wrap(wrap(wrap(wrap(wrap(wrap(wrap(wrap(wrap(wrap(wrap(wrap(wrap(wrap(wrap(wrap(wrap(wrap(wrap(wrap(wrap(wrap(wrap(wrap(wrap(wrap(wrap(wrap(wrap(wrap(wrap(wrap(wrap(wrap(wrap(wrap(wrap(wrap(wrap(wrap(wrap(wrap(wrap(wrap(wrap(wrap(wrap(wrap(wrap(wrap(wrap(wrap(wrap(wrap(wrap(_))))))))))))))))))))))))))))))))))))))))))))))))))))))))))))))))))))))))))))))))),6048,0.0023441860465116277
B_fake_live_control,128,A(wrap(wrap(wrap(wrap(wrap(wrap(wrap(wrap(wrap(wrap(wrap(wrap(wrap(wrap(wrap(wrap(wrap(wrap(wrap(wrap(wrap(wrap(wrap(wrap(wrap(wrap(wrap(wrap(wrap(wrap(wrap(wrap(wrap(wrap(wrap(wrap(wrap(wrap(wrap(wrap(wrap(wrap(wrap(wrap(wrap(wrap(wrap(wrap(wrap(wrap(wrap(wrap(wrap(wrap(wrap(wrap(wrap(wrap(wrap(wrap(wrap(wrap(wrap(wrap(wrap(wrap(wrap(wrap(wrap(wrap(wrap(wrap(wrap(wrap(wrap(wrap(wrap(wrap(wrap(wrap(wrap(_)))))))))))))))))))))))))))))))))))))))))))))))))))))))))))))))))))))))))))))))))),6048,0.0023441860465116277
B_fake_live_control,128,A(wrap(wrap(wrap(wrap(wrap(wrap(wrap(wrap(wrap(wrap(wrap(wrap(wrap(wrap(wrap(wrap(wrap(wrap(wrap(wrap(wrap(wrap(wrap(wrap(wrap(wrap(wrap(wrap(wrap(wrap(wrap(wrap(wrap(wrap(wrap(wrap(wrap(wrap(wrap(wrap(wrap(wrap(wrap(wrap(wrap(wrap(wrap(wrap(wrap(wrap(wrap(wrap(wrap(wrap(wrap(wrap(wrap(wrap(wrap(wrap(wrap(wrap(wrap(wrap(wrap(wrap(wrap(wrap(wrap(wrap(wrap(wrap(wrap(wrap(wrap(wrap(wrap(wrap(wrap(wrap(wrap(wrap(_))))))))))))))))))))))))))))))))))))))))))))))))))))))))))))))))))))))))))))))))))),6048,0.0023441860465116277
B_fake_live_control,128,A(wrap(wrap(wrap(wrap(wrap(wrap(wrap(wrap(wrap(wrap(wrap(wrap(wrap(wrap(wrap(wrap(wrap(wrap(wrap(wrap(wrap(wrap(wrap(wrap(wrap(wrap(wrap(wrap(wrap(wrap(wrap(wrap(wrap(wrap(wrap(wrap(wrap(wrap(wrap(wrap(wrap(wrap(wrap(wrap(wrap(wrap(wrap(wrap(wrap(wrap(wrap(wrap(wrap(wrap(wrap(wrap(wrap(wrap(wrap(wrap(wrap(wrap(wrap(wrap(wrap(wrap(wrap(wrap(wrap(wrap(wrap(wrap(wrap(wrap(wrap(wrap(wrap(wrap(wrap(wrap(wrap(wrap(wrap(_)))))))))))))))))))))))))))))))))))))))))))))))))))))))))))))))))))))))))))))))))))),6048,0.0023441860465116277
B_fake_live_control,128,A(wrap(wrap(wrap(wrap(wrap(wrap(wrap(wrap(wrap(wrap(wrap(wrap(wrap(wrap(wrap(wrap(wrap(wrap(wrap(wrap(wrap(wrap(wrap(wrap(wrap(wrap(wrap(wrap(wrap(wrap(wrap(wrap(wrap(wrap(wrap(wrap(wrap(wrap(wrap(wrap(wrap(wrap(wrap(wrap(wrap(wrap(wrap(wrap(wrap(wrap(wrap(wrap(wrap(wrap(wrap(wrap(wrap(wrap(wrap(wrap(wrap(wrap(wrap(wrap(wrap(wrap(wrap(wrap(wrap(wrap(wrap(wrap(wrap(wrap(wrap(wrap(wrap(wrap(wrap(wrap(wrap(wrap(wrap(wrap(_))))))))))))))))))))))))))))))))))))))))))))))))))))))))))))))))))))))))))))))))))))),6048,0.0023441860465116277
B_fake_live_control,128,A(wrap(wrap(wrap(wrap(wrap(wrap(wrap(wrap(wrap(wrap(wrap(wrap(wrap(wrap(wrap(wrap(wrap(wrap(wrap(wrap(wrap(wrap(wrap(wrap(wrap(wrap(wrap(wrap(wrap(wrap(wrap(wrap(wrap(wrap(wrap(wrap(wrap(wrap(wrap(wrap(wrap(wrap(wrap(wrap(wrap(wrap(wrap(wrap(wrap(wrap(wrap(wrap(wrap(wrap(wrap(wrap(wrap(wrap(wrap(wrap(wrap(wrap(wrap(wrap(wrap(wrap(wrap(wrap(wrap(wrap(wrap(wrap(wrap(wrap(wrap(wrap(wrap(wrap(wrap(wrap(wrap(wrap(wrap(wrap(wrap(_)))))))))))))))))))))))))))))))))))))))))))))))))))))))))))))))))))))))))))))))))))))),6048,0.0023441860465116277
B_fake_live_control,128,A(wrap(wrap(wrap(wrap(wrap(wrap(wrap(wrap(wrap(wrap(wrap(wrap(wrap(wrap(wrap(wrap(wrap(wrap(wrap(wrap(wrap(wrap(wrap(wrap(wrap(wrap(wrap(wrap(wrap(wrap(wrap(wrap(wrap(wrap(wrap(wrap(wrap(wrap(wrap(wrap(wrap(wrap(wrap(wrap(wrap(wrap(wrap(wrap(wrap(wrap(wrap(wrap(wrap(wrap(wrap(wrap(wrap(wrap(wrap(wrap(wrap(wrap(wrap(wrap(wrap(wrap(wrap(wrap(wrap(wrap(wrap(wrap(wrap(wrap(wrap(wrap(wrap(wrap(wrap(wrap(wrap(wrap(wrap(wrap(wrap(wrap(_))))))))))))))))))))))))))))))))))))))))))))))))))))))))))))))))))))))))))))))))))))))),6048,0.0023441860465116277
B_fake_live_control,128,A(wrap(wrap(wrap(wrap(wrap(wrap(wrap(wrap(wrap(wrap(wrap(wrap(wrap(wrap(wrap(wrap(wrap(wrap(wrap(wrap(wrap(wrap(wrap(wrap(wrap(wrap(wrap(wrap(wrap(wrap(wrap(wrap(wrap(wrap(wrap(wrap(wrap(wrap(wrap(wrap(wrap(wrap(wrap(wrap(wrap(wrap(wrap(wrap(wrap(wrap(wrap(wrap(wrap(wrap(wrap(wrap(wrap(wrap(wrap(wrap(wrap(wrap(wrap(wrap(wrap(wrap(wrap(wrap(wrap(wrap(wrap(wrap(wrap(wrap(wrap(wrap(wrap(wrap(wrap(wrap(wrap(wrap(wrap(wrap(wrap(wrap(wrap(_)))))))))))))))))))))))))))))))))))))))))))))))))))))))))))))))))))))))))))))))))))))))),6048,0.0023441860465116277
B_fake_live_control,128,A(wrap(wrap(wrap(wrap(wrap(wrap(wrap(wrap(wrap(wrap(wrap(wrap(wrap(wrap(wrap(wrap(wrap(wrap(wrap(wrap(wrap(wrap(wrap(wrap(wrap(wrap(wrap(wrap(wrap(wrap(wrap(wrap(wrap(wrap(wrap(wrap(wrap(wrap(wrap(wrap(wrap(wrap(wrap(wrap(wrap(wrap(wrap(wrap(wrap(wrap(wrap(wrap(wrap(wrap(wrap(wrap(wrap(wrap(wrap(wrap(wrap(wrap(wrap(wrap(wrap(wrap(wrap(wrap(wrap(wrap(wrap(wrap(wrap(wrap(wrap(wrap(wrap(wrap(wrap(wrap(wrap(wrap(wrap(wrap(wrap(wrap(wrap(wrap(_))))))))))))))))))))))))))))))))))))))))))))))))))))))))))))))))))))))))))))))))))))))))),6048,0.0023441860465116277
B_fake_live_control,128,A(wrap(wrap(wrap(wrap(wrap(wrap(wrap(wrap(wrap(wrap(wrap(wrap(wrap(wrap(wrap(wrap(wrap(wrap(wrap(wrap(wrap(wrap(wrap(wrap(wrap(wrap(wrap(wrap(wrap(wrap(wrap(wrap(wrap(wrap(wrap(wrap(wrap(wrap(wrap(wrap(wrap(wrap(wrap(wrap(wrap(wrap(wrap(wrap(wrap(wrap(wrap(wrap(wrap(wrap(wrap(wrap(wrap(wrap(wrap(wrap(wrap(wrap(wrap(wrap(wrap(wrap(wrap(wrap(wrap(wrap(wrap(wrap(wrap(wrap(wrap(wrap(wrap(wrap(wrap(wrap(wrap(wrap(wrap(wrap(wrap(wrap(wrap(wrap(wrap(_)))))))))))))))))))))))))))))))))))))))))))))))))))))))))))))))))))))))))))))))))))))))))),6048,0.0023441860465116277
B_fake_live_control,128,A(wrap(wrap(wrap(wrap(wrap(wrap(wrap(wrap(wrap(wrap(wrap(wrap(wrap(wrap(wrap(wrap(wrap(wrap(wrap(wrap(wrap(wrap(wrap(wrap(wrap(wrap(wrap(wrap(wrap(wrap(wrap(wrap(wrap(wrap(wrap(wrap(wrap(wrap(wrap(wrap(wrap(wrap(wrap(wrap(wrap(wrap(wrap(wrap(wrap(wrap(wrap(wrap(wrap(wrap(wrap(wrap(wrap(wrap(wrap(wrap(wrap(wrap(wrap(wrap(wrap(wrap(wrap(wrap(wrap(wrap(wrap(wrap(wrap(wrap(wrap(wrap(wrap(wrap(wrap(wrap(wrap(wrap(wrap(wrap(wrap(wrap(wrap(wrap(wrap(wrap(_))))))))))))))))))))))))))))))))))))))))))))))))))))))))))))))))))))))))))))))))))))))))))),6048,0.0023441860465116277
B_fake_live_control,128,A(wrap(wrap(wrap(wrap(wrap(wrap(wrap(wrap(wrap(wrap(wrap(wrap(wrap(wrap(wrap(wrap(wrap(wrap(wrap(wrap(wrap(wrap(wrap(wrap(wrap(wrap(wrap(wrap(wrap(wrap(wrap(wrap(wrap(wrap(wrap(wrap(wrap(wrap(wrap(wrap(wrap(wrap(wrap(wrap(wrap(wrap(wrap(wrap(wrap(wrap(wrap(wrap(wrap(wrap(wrap(wrap(wrap(wrap(wrap(wrap(wrap(wrap(wrap(wrap(wrap(wrap(wrap(wrap(wrap(wrap(wrap(wrap(wrap(wrap(wrap(wrap(wrap(wrap(wrap(wrap(wrap(wrap(wrap(wrap(wrap(wrap(wrap(wrap(wrap(wrap(wrap(_)))))))))))))))))))))))))))))))))))))))))))))))))))))))))))))))))))))))))))))))))))))))))))),6048,0.0023441860465116277
B_fake_live_control,128,A(wrap(wrap(wrap(wrap(wrap(wrap(wrap(wrap(wrap(wrap(wrap(wrap(wrap(wrap(wrap(wrap(wrap(wrap(wrap(wrap(wrap(wrap(wrap(wrap(wrap(wrap(wrap(wrap(wrap(wrap(wrap(wrap(wrap(wrap(wrap(wrap(wrap(wrap(wrap(wrap(wrap(wrap(wrap(wrap(wrap(wrap(wrap(wrap(wrap(wrap(wrap(wrap(wrap(wrap(wrap(wrap(wrap(wrap(wrap(wrap(wrap(wrap(wrap(wrap(wrap(wrap(wrap(wrap(wrap(wrap(wrap(wrap(wrap(wrap(wrap(wrap(wrap(wrap(wrap(wrap(wrap(wrap(wrap(wrap(wrap(wrap(wrap(wrap(wrap(wrap(wrap(wrap(_))))))))))))))))))))))))))))))))))))))))))))))))))))))))))))))))))))))))))))))))))))))))))))),6048,0.0023441860465116277
B_fake_live_control,128,A(wrap(wrap(wrap(wrap(wrap(wrap(wrap(wrap(wrap(wrap(wrap(wrap(wrap(wrap(wrap(wrap(wrap(wrap(wrap(wrap(wrap(wrap(wrap(wrap(wrap(wrap(wrap(wrap(wrap(wrap(wrap(wrap(wrap(wrap(wrap(wrap(wrap(wrap(wrap(wrap(wrap(wrap(wrap(wrap(wrap(wrap(wrap(wrap(wrap(wrap(wrap(wrap(wrap(wrap(wrap(wrap(wrap(wrap(wrap(wrap(wrap(wrap(wrap(wrap(wrap(wrap(wrap(wrap(wrap(wrap(wrap(wrap(wrap(wrap(wrap(wrap(wrap(wrap(wrap(wrap(wrap(wrap(wrap(wrap(wrap(wrap(wrap(wrap(wrap(wrap(wrap(wrap(wrap(_)))))))))))))))))))))))))))))))))))))))))))))))))))))))))))))))))))))))))))))))))))))))))))))),6048,0.0023441860465116277
B_fake_live_control,128,A(wrap(wrap(wrap(wrap(wrap(wrap(wrap(wrap(wrap(wrap(wrap(wrap(wrap(wrap(wrap(wrap(wrap(wrap(wrap(wrap(wrap(wrap(wrap(wrap(wrap(wrap(wrap(wrap(wrap(wrap(wrap(wrap(wrap(wrap(wrap(wrap(wrap(wrap(wrap(wrap(wrap(wrap(wrap(wrap(wrap(wrap(wrap(wrap(wrap(wrap(wrap(wrap(wrap(wrap(wrap(wrap(wrap(wrap(wrap(wrap(wrap(wrap(wrap(wrap(wrap(wrap(wrap(wrap(wrap(wrap(wrap(wrap(wrap(wrap(wrap(wrap(wrap(wrap(wrap(wrap(wrap(wrap(wrap(wrap(wrap(wrap(wrap(wrap(wrap(wrap(wrap(wrap(wrap(wrap(_))))))))))))))))))))))))))))))))))))))))))))))))))))))))))))))))))))))))))))))))))))))))))))))),6048,0.0023441860465116277
B_fake_live_control,128,A(wrap(wrap(wrap(wrap(wrap(wrap(wrap(wrap(wrap(wrap(wrap(wrap(wrap(wrap(wrap(wrap(wrap(wrap(wrap(wrap(wrap(wrap(wrap(wrap(wrap(wrap(wrap(wrap(wrap(wrap(wrap(wrap(wrap(wrap(wrap(wrap(wrap(wrap(wrap(wrap(wrap(wrap(wrap(wrap(wrap(wrap(wrap(wrap(wrap(wrap(wrap(wrap(wrap(wrap(wrap(wrap(wrap(wrap(wrap(wrap(wrap(wrap(wrap(wrap(wrap(wrap(wrap(wrap(wrap(wrap(wrap(wrap(wrap(wrap(wrap(wrap(wrap(wrap(wrap(wrap(wrap(wrap(wrap(wrap(wrap(wrap(wrap(wrap(wrap(wrap(wrap(wrap(wrap(wrap(wrap(_)))))))))))))))))))))))))))))))))))))))))))))))))))))))))))))))))))))))))))))))))))))))))))))))),6048,0.0023441860465116277
B_fake_live_control,128,A(wrap(wrap(wrap(wrap(wrap(wrap(wrap(wrap(wrap(wrap(wrap(wrap(wrap(wrap(wrap(wrap(wrap(wrap(wrap(wrap(wrap(wrap(wrap(wrap(wrap(wrap(wrap(wrap(wrap(wrap(wrap(wrap(wrap(wrap(wrap(wrap(wrap(wrap(wrap(wrap(wrap(wrap(wrap(wrap(wrap(wrap(wrap(wrap(wrap(wrap(wrap(wrap(wrap(wrap(wrap(wrap(wrap(wrap(wrap(wrap(wrap(wrap(wrap(wrap(wrap(wrap(wrap(wrap(wrap(wrap(wrap(wrap(wrap(wrap(wrap(wrap(wrap(wrap(wrap(wrap(wrap(wrap(wrap(wrap(wrap(wrap(wrap(wrap(wrap(wrap(wrap(wrap(wrap(wrap(wrap(wrap(_))))))))))))))))))))))))))))))))))))))))))))))))))))))))))))))))))))))))))))))))))))))))))))))))),6048,0.0023441860465116277
C_collapsing_live_candidate,1,"F(G(a(_)),G(b(_)))",20000,0.5
C_collapsing_live_candidate,1,G(_),10095,0.252375
C_collapsing_live_candidate,1,"F(F(G(a(a(_))),G(b(a(_)))),G(b(_)))",2510,0.06275
C_collapsing_live_candidate,1,"F(G(a(_)),F(G(a(b(_))),G(b(b(_)))))",2477,0.061925
C_collapsing_live_candidate,1,G(b(_)),2472,0.0618
C_collapsing_live_candidate,1,G(a(_)),2446,0.06115
C_collapsing_live_candidate,2,"F(G(a(_)),G(b(_)))",20000,0.3333333333333333
C_collapsing_live_candidate,2,G(_),10051,0.16751666666666667
C_collapsing_live_candidate,2,G(a(_)),5387,0.08978333333333334
C_collapsing_live_candidate,2,G(b(_)),5334,0.0889
C_collapsing_live_candidate,2,"F(G(a(_)),F(G(a(b(_))),G(b(b(_)))))",5057,0.08428333333333334
C_collapsing_live_candidate,2,"F(F(G(a(a(_))),G(b(a(_)))),G(b(_)))",4910,0.08183333333333333
C_collapsing_live_candidate,2,"F(G(a(b(_))),G(b(b(_))))",2886,0.0481
C_collapsing_live_candidate,2,"F(G(a(a(_))),G(b(a(_))))",2853,0.04755
C_collapsing_live_candidate,2,"F(F(G(a(a(_))),G(b(a(_)))),F(G(a(b(_))),G(b(b(_)))))",688,0.011466666666666667
C_collapsing_live_candidate,2,"F(G(a(_)),F(G(a(b(_))),F(G(a(b(b(_)))),G(b(b(b(_)))))))",389,0.006483333333333333
C_collapsing_live_candidate,2,"F(G(a(a(_))),G(b(_)))",362,0.006033333333333333
C_collapsing_live_candidate,2,"F(G(a(_)),G(b(b(_))))",361,0.006016666666666667
C_collapsing_live_candidate,2,"F(F(F(G(a(a(a(_)))),G(b(a(a(_))))),G(b(a(_)))),G(b(_)))",356,0.005933333333333333
C_collapsing_live_candidate,2,"F(G(a(_)),F(F(G(a(a(b(_)))),G(b(a(b(_))))),G(b(b(_)))))",349,0.005816666666666667
C_collapsing_live_candidate,2,"F(G(b(a(_))),G(b(_)))",347,0.005783333333333333
C_collapsing_live_candidate,2,"F(F(G(a(a(_))),F(G(a(b(a(_)))),G(b(b(a(_)))))),G(b(_)))",340,0.005666666666666667
C_collapsing_live_candidate,2,"F(G(a(_)),G(a(b(_))))",330,0.0055
C_collapsing_live_candidate,4,"F(G(a(_)),G(b(_)))",20000,0.2
C_collapsing_live_candidate,4,G(_),10114,0.10114
C_collapsing_live_candidate,4,"F(G(a(b(_))),G(b(b(_))))",6955,0.06955
C_collapsing_live_candidate,4,"F(G(a(a(_))),G(b(a(_))))",6898,0.06898
C_collapsing_live_candidate,4,G(b(_)),6349,0.06349
C_collapsing_live_candidate,4,G(a(_)),6327,0.06327
C_collapsing_live_candidate,4,"F(F(G(a(a(_))),G(b(a(_)))),G(b(_)))",5054,0.05054
C_collapsing_live_candidate,4,"F(G(a(_)),F(G(a(b(_))),G(b(b(_)))))",4853,0.04853
C_collapsing_live_candidate,4,G(a(a(_))),1886,0.01886
C_collapsing_live_candidate,4,G(b(b(_))),1861,0.01861
C_collapsing_live_candidate,4,G(a(b(_))),1852,0.01852
C_collapsing_live_candidate,4,G(b(a(_))),1798,0.01798
C_collapsing_live_candidate,4,"F(G(a(a(_))),F(G(a(b(a(_)))),G(b(b(a(_))))))",1654,0.01654
C_collapsing_live_candidate,4,"F(F(G(a(a(a(_)))),G(b(a(a(_))))),G(b(a(_))))",1651,0.01651
C_collapsing_live_candidate,4,"F(G(a(b(_))),F(G(a(b(b(_)))),G(b(b(b(_))))))",1639,0.01639
C_collapsing_live_candidate,4,"F(F(G(a(a(b(_)))),G(b(a(b(_))))),G(b(b(_))))",1602,0.01602
C_collapsing_live_candidate,4,"F(F(G(a(a(_))),G(b(a(_)))),F(G(a(b(_))),G(b(b(_)))))",1437,0.01437
C_collapsing_live_candidate,4,"F(G(a(b(b(_)))),G(b(b(b(_)))))",971,0.00971
C_collapsing_live_candidate,4,"F(G(a(a(b(_)))),G(b(a(b(_)))))",941,0.00941
C_collapsing_live_candidate,4,"F(G(a(a(a(_)))),G(b(a(a(_)))))",936,0.00936
C_collapsing_live_candidate,4,"F(G(a(b(a(_)))),G(b(b(a(_)))))",906,0.00906
C_collapsing_live_candidate,4,"F(G(b(a(_))),G(b(_)))",822,0.00822
C_collapsing_live_candidate,4,"F(G(a(a(_))),G(b(_)))",804,0.00804
C_collapsing_live_candidate,4,"F(G(a(_)),G(b(b(_))))",757,0.00757
C_collapsing_live_candidate,4,"F(G(a(_)),G(a(b(_))))",748,0.00748
C_collapsing_live_candidate,4,"F(F(F(G(a(a(a(_)))),G(b(a(a(_))))),G(b(a(_)))),G(b(_)))",728,0.00728
C_collapsing_live_candidate,4,"F(F(G(a(a(_))),F(G(a(b(a(_)))),G(b(b(a(_)))))),G(b(_)))",712,0.00712
C_collapsing_live_candidate,4,"F(G(a(_)),F(G(a(b(_))),F(G(a(b(b(_)))),G(b(b(b(_)))))))",693,0.00693
C_collapsing_live_candidate,4,"F(G(a(_)),F(F(G(a(a(b(_)))),G(b(a(b(_))))),G(b(b(_)))))",687,0.00687
C_collapsing_live_candidate,4,"F(G(a(a(_))),F(G(a(b(_))),G(b(b(_)))))",373,0.00373
C_collapsing_live_candidate,4,"F(G(b(a(_))),F(G(a(b(_))),G(b(b(_)))))",357,0.00357
C_collapsing_live_candidate,4,"F(F(G(a(a(_))),G(b(a(_)))),G(a(b(_))))",336,0.00336
C_collapsing_live_candidate,4,"F(F(G(a(a(_))),G(b(a(_)))),G(b(b(_))))",311,0.00311
C_collapsing_live_candidate,4,"F(F(G(a(b(a(_)))),G(b(b(a(_))))),G(b(_)))",265,0.00265
C_collapsing_live_candidate,4,"F(G(a(_)),F(G(a(b(b(_)))),G(b(b(b(_))))))",258,0.00258
C_collapsing_live_candidate,4,"F(F(G(a(a(a(_)))),G(b(a(a(_))))),G(b(_)))",257,0.00257
C_collapsing_live_candidate,4,"F(G(a(_)),F(G(a(a(b(_)))),G(b(a(b(_))))))",250,0.0025
C_collapsing_live_candidate,4,"F(F(G(a(a(b(_)))),G(b(a(b(_))))),F(G(a(b(b(_)))),G(b(b(b(_))))))",237,0.00237
C_collapsing_live_candidate,4,"F(F(G(a(a(a(_)))),G(b(a(a(_))))),F(G(a(b(a(_)))),G(b(b(a(_))))))",236,0.00236
C_collapsing_live_candidate,4,"F(F(G(a(a(_))),G(b(a(_)))),F(F(G(a(a(b(_)))),G(b(a(b(_))))),G(b(b(_)))))",224,0.00224
C_collapsing_live_candidate,4,"F(F(G(a(a(_))),G(b(a(_)))),F(G(a(b(_))),F(G(a(b(b(_)))),G(b(b(b(_)))))))",208,0.00208
C_collapsing_live_candidate,4,"F(F(F(G(a(a(a(_)))),G(b(a(a(_))))),G(b(a(_)))),F(G(a(b(_))),G(b(b(_)))))",196,0.00196
C_collapsing_live_candidate,4,"F(F(G(a(a(_))),F(G(a(b(a(_)))),G(b(b(a(_)))))),F(G(a(b(_))),G(b(b(_)))))",186,0.00186
C_collapsing_live_candidate,4,"F(G(a(_)),F(F(G(a(a(b(_)))),G(b(a(b(_))))),F(G(a(b(b(_)))),G(b(b(b(_)))))))",158,0.00158
C_collapsing_live_candidate,4,"F(F(F(G(a(a(a(_)))),G(b(a(a(_))))),F(G(a(b(a(_)))),G(b(b(a(_)))))),G(b(_)))",127,0.00127
C_collapsing_live_candidate,4,"F(G(b(a(b(_)))),G(b(b(_))))",120,0.0012
C_collapsing_live_candidate,4,"F(G(a(a(_))),G(b(b(a(_)))))",119,0.00119
C_collapsing_live_candidate,4,"F(G(a(a(_))),F(F(G(a(a(b(a(_))))),G(b(a(b(a(_)))))),G(b(b(a(_))))))",117,0.00117
C_collapsing_live_candidate,4,"F(F(F(G(a(a(a(a(_))))),G(b(a(a(a(_)))))),G(b(a(a(_))))),G(b(a(_))))",116,0.00116
C_collapsing_live_candidate,4,"F(G(a(b(_))),G(b(b(b(_)))))",115,0.00115
C_collapsing_live_candidate,4,"F(F(G(a(a(a(_)))),F(G(a(b(a(a(_))))),G(b(b(a(a(_))))))),G(b(a(_))))",112,0.00112
C_collapsing_live_candidate,4,"F(G(a(b(_))),G(a(b(b(_)))))",111,0.00111
C_collapsing_live_candidate,4,"F(G(a(a(b(_)))),G(b(b(_))))",110,0.0011
C_collapsing_live_candidate,4,"F(G(a(b(_))),F(G(a(b(b(_)))),F(G(a(b(b(b(_))))),G(b(b(b(b(_))))))))",109,0.00109
C_collapsing_live_candidate,4,"F(F(G(a(a(b(_)))),F(G(a(b(a(b(_))))),G(b(b(a(b(_))))))),G(b(b(_))))",108,0.00108
C_collapsing_live_candidate,4,"F(G(b(a(a(_)))),G(b(a(_))))",105,0.00105
C_collapsing_live_candidate,4,"F(G(a(b(_))),F(F(G(a(a(b(b(_))))),G(b(a(b(b(_)))))),G(b(b(b(_))))))",103,0.00103
C_collapsing_live_candidate,4,"F(G(a(a(a(_)))),G(b(a(_))))",102,0.00102
C_collapsing_live_candidate,4,"F(G(a(a(_))),G(a(b(a(_)))))",97,0.00097
C_collapsing_live_candidate,4,"F(F(F(G(a(a(a(b(_))))),G(b(a(a(b(_)))))),G(b(a(b(_))))),G(b(b(_))))",94,0.00094
C_collapsing_live_candidate,4,"F(F(G(a(a(_))),G(b(b(a(_))))),G(b(_)))",91,0.00091
C_collapsing_live_candidate,4,"F(G(a(a(_))),F(G(a(b(a(_)))),F(G(a(b(b(a(_))))),G(b(b(b(a(_))))))))",89,0.00089
C_collapsing_live_candidate,4,"F(F(G(a(a(_))),G(a(b(a(_))))),G(b(_)))",81,0.00081
C_collapsing_live_candidate,4,"F(G(a(_)),F(G(a(b(_))),G(b(b(b(_))))))",80,0.0008
C_collapsing_live_candidate,4,"F(G(a(_)),F(F(F(G(a(a(a(b(_))))),G(b(a(a(b(_)))))),G(b(a(b(_))))),G(b(b(_)))))",78,0.00078
C_collapsing_live_candidate,4,"F(F(G(b(a(a(_)))),G(b(a(_)))),G(b(_)))",78,0.00078
C_collapsing_live_candidate,4,"F(G(a(_)),F(G(a(b(_))),G(a(b(b(_))))))",77,0.00077
C_collapsing_live_candidate,4,"F(G(a(_)),F(G(a(b(_))),F(F(G(a(a(b(b(_))))),G(b(a(b(b(_)))))),G(b(b(b(_)))))))",76,0.00076
C_collapsing_live_candidate,4,"F(F(F(F(G(a(a(a(a(_))))),G(b(a(a(a(_)))))),G(b(a(a(_))))),G(b(a(_)))),G(b(_)))",75,0.00075
C_collapsing_live_candidate,4,"F(F(F(G(a(a(a(_)))),F(G(a(b(a(a(_))))),G(b(b(a(a(_))))))),G(b(a(_)))),G(b(_)))",75,0.00075
C_collapsing_live_candidate,4,"F(F(G(a(a(a(_)))),G(b(a(_)))),G(b(_)))",71,0.00071
C_collapsing_live_candidate,4,"F(F(G(a(a(_))),F(G(a(b(a(_)))),F(G(a(b(b(a(_))))),G(b(b(b(a(_)))))))),G(b(_)))",71,0.00071
C_collapsing_live_candidate,4,"F(F(G(a(a(_))),F(F(G(a(a(b(a(_))))),G(b(a(b(a(_)))))),G(b(b(a(_)))))),G(b(_)))",70,0.0007
C_collapsing_live_candidate,4,"F(G(a(_)),F(G(b(a(b(_)))),G(b(b(_)))))",67,0.00067
C_collapsing_live_candidate,4,"F(G(a(_)),F(F(G(a(a(b(_)))),F(G(a(b(a(b(_))))),G(b(b(a(b(_))))))),G(b(b(_)))))",65,0.00065
C_collapsing_live_candidate,4,"F(G(a(_)),F(G(a(a(b(_)))),G(b(b(_)))))",62,0.00062
C_collapsing_live_candidate,4,"F(G(a(a(_))),G(a(b(_))))",55,0.00055
C_collapsing_live_candidate,4,"F(G(a(_)),F(G(a(b(_))),F(G(a(b(b(_)))),F(G(a(b(b(b(_))))),G(b(b(b(b(_)))))))))",49,0.00049
C_collapsing_live_candidate,4,"F(G(b(a(_))),G(b(b(_))))",47,0.00047
C_collapsing_live_candidate,4,"F(F(G(a(b(a(_)))),G(b(b(a(_))))),F(G(a(b(_))),G(b(b(_)))))",47,0.00047
C_collapsing_live_candidate,4,"F(G(a(a(_))),G(b(b(_))))",45,0.00045
C_collapsing_live_candidate,4,"F(F(G(a(a(_))),G(b(a(_)))),F(G(a(a(b(_)))),G(b(a(b(_))))))",41,0.00041
C_collapsing_live_candidate,4,"F(F(G(a(a(_))),G(b(a(_)))),F(G(a(b(b(_)))),G(b(b(b(_))))))",38,0.00038
C_collapsing_live_candidate,4,"F(F(G(a(a(a(_)))),G(b(a(a(_))))),F(G(a(b(_))),G(b(b(_)))))",36,0.00036
C_collapsing_live_candidate,4,"F(G(a(a(_))),F(F(G(a(a(b(_)))),G(b(a(b(_))))),G(b(b(_)))))",35,0.00035
C_collapsing_live_candidate,4,"F(F(G(a(a(_))),F(G(a(b(a(_)))),G(b(b(a(_)))))),G(a(b(_))))",33,0.00033
C_collapsing_live_candidate,4,"F(G(b(a(_))),G(a(b(_))))",32,0.00032
C_collapsing_live_candidate,4,"F(G(b(a(_))),F(F(G(a(a(b(_)))),G(b(a(b(_))))),G(b(b(_)))))",31,0.00031
C_collapsing_live_candidate,4,"F(G(a(a(_))),F(G(a(b(_))),F(G(a(b(b(_)))),G(b(b(b(_)))))))",31,0.00031
C_collapsing_live_candidate,4,"F(G(b(b(a(_)))),G(b(_)))",28,0.00028
C_collapsing_live_candidate,4,"F(F(F(G(a(a(a(_)))),G(b(a(a(_))))),G(b(a(_)))),G(a(b(_))))",27,0.00027
C_collapsing_live_candidate,4,"F(G(a(b(a(_)))),G(b(_)))",27,0.00027
C_collapsing_live_candidate,4,"F(G(a(_)),G(a(b(b(_)))))",26,0.00026
C_collapsing_live_candidate,4,"F(G(b(a(_))),F(G(a(b(_))),F(G(a(b(b(_)))),G(b(b(b(_)))))))",26,0.00026
C_collapsing_live_candidate,4,"F(F(F(G(a(a(a(a(_))))),G(b(a(a(a(_)))))),G(b(a(a(_))))),G(b(_)))",23,0.00023
C_collapsing_live_candidate,4,"F(G(a(_)),F(F(G(a(a(a(b(_))))),G(b(a(a(b(_)))))),G(b(a(b(_))))))",23,0.00023
C_collapsing_live_candidate,4,"F(F(G(a(a(a(_)))),F(G(a(b(a(a(_))))),G(b(b(a(a(_))))))),G(b(_)))",22,0.00022
C_collapsing_live_candidate,4,"F(F(F(G(a(a(a(_)))),G(b(a(a(_))))),G(b(a(_)))),G(b(b(_))))",22,0.00022
C_collapsing_live_candidate,4,"F(G(a(_)),F(G(a(a(b(_)))),F(G(a(b(a(b(_))))),G(b(b(a(b(_))))))))",21,0.00021
C_collapsing_live_candidate,4,"F(F(G(a(a(_))),F(G(a(b(a(_)))),G(b(b(a(_)))))),F(F(G(a(a(b(_)))),G(b(a(b(_))))),G(b(b(_)))))",21,0.00021
C_collapsing_live_candidate,8,"F(G(a(_)),G(b(_)))",20000,0.1111111111111111
C_collapsing_live_candidate,8,G(_),9903,0.055016666666666665
C_collapsing_live_candidate,8,"F(G(a(a(_))),G(b(a(_))))",7772,0.04317777777777778
C_collapsing_live_candidate,8,"F(G(a(b(_))),G(b(b(_))))",7672,0.04262222222222222
C_collapsing_live_candidate,8,G(a(_)),6642,0.0369
C_collapsing_live_candidate,8,G(b(_)),6607,0.036705555555555554
C_collapsing_live_candidate,8,"F(G(a(_)),F(G(a(b(_))),G(b(b(_)))))",5040,0.028
C_collapsing_live_candidate,8,"F(F(G(a(a(_))),G(b(a(_)))),G(b(_)))",4955,0.02752777777777778
C_collapsing_live_candidate,8,"F(G(a(a(a(_)))),G(b(a(a(_)))))",3329,0.018494444444444445
C_collapsing_live_candidate,8,"F(G(a(b(a(_)))),G(b(b(a(_)))))",3296,0.01831111111111111
C_collapsing_live_candidate,8,"F(G(a(a(b(_)))),G(b(a(b(_)))))",3245,0.018027777777777778
C_collapsing_live_candidate,8,"F(G(a(b(b(_)))),G(b(b(b(_)))))",3216,0.017866666666666666
C_collapsing_live_candidate,8,G(a(a(_))),2920,0.01622222222222222
C_collapsing_live_candidate,8,G(b(a(_))),2894,0.016077777777777778
C_collapsing_live_candidate,8,G(a(b(_))),2878,0.01598888888888889
C_collapsing_live_candidate,8,G(b(b(_))),2850,0.015833333333333335
C_collapsing_live_candidate,8,"F(G(a(b(_))),F(G(a(b(b(_)))),G(b(b(b(_))))))",2036,0.01131111111111111
C_collapsing_live_candidate,8,"F(F(G(a(a(a(_)))),G(b(a(a(_))))),G(b(a(_))))",2029,0.011272222222222222
C_collapsing_live_candidate,8,"F(F(G(a(a(b(_)))),G(b(a(b(_))))),G(b(b(_))))",1998,0.0111
C_collapsing_live_candidate,8,"F(G(a(a(_))),F(G(a(b(a(_)))),G(b(b(a(_))))))",1983,0.011016666666666666
C_collapsing_live_candidate,8,"F(F(G(a(a(_))),G(b(a(_)))),F(G(a(b(_))),G(b(b(_)))))",1431,0.00795
C_collapsing_live_candidate,8,G(b(b(a(_)))),1176,0.006533333333333334
C_collapsing_live_candidate,8,G(a(a(a(_)))),1156,0.006422222222222222
C_collapsing_live_candidate,8,"F(G(a(a(a(a(_))))),G(b(a(a(a(_))))))",1123,0.006238888888888889
C_collapsing_live_candidate,8,G(b(a(b(_)))),1113,0.006183333333333333
C_collapsing_live_candidate,8,G(a(b(b(_)))),1109,0.006161111111111111
C_collapsing_live_candidate,8,"F(G(a(b(b(a(_))))),G(b(b(b(a(_))))))",1108,0.006155555555555556
C_collapsing_live_candidate,8,G(b(a(a(_)))),1096,0.0060888888888888885
C_collapsing_live_candidate,8,"F(G(a(b(a(b(_))))),G(b(b(a(b(_))))))",1090,0.006055555555555555
C_collapsing_live_candidate,8,G(a(b(a(_)))),1089,0.00605
C_collapsing_live_candidate,8,"F(G(a(b(b(b(_))))),G(b(b(b(b(_))))))",1078,0.005988888888888889
C_collapsing_live_candidate,8,G(b(b(b(_)))),1074,0.005966666666666667
C_collapsing_live_candidate,8,"F(G(a(a(b(a(_))))),G(b(a(b(a(_))))))",1064,0.005911111111111111
C_collapsing_live_candidate,8,"F(G(a(a(b(b(_))))),G(b(a(b(b(_))))))",1057,0.005872222222222222
C_collapsing_live_candidate,8,"F(G(a(b(a(a(_))))),G(b(b(a(a(_))))))",1047,0.005816666666666667
C_collapsing_live_candidate,8,G(a(a(b(_)))),1036,0.005755555555555555
C_collapsing_live_candidate,8,"F(G(a(a(a(b(_))))),G(b(a(a(b(_))))))",997,0.005538888888888889
C_collapsing_live_candidate,8,"F(G(a(_)),G(a(b(_))))",874,0.004855555555555556
C_collapsing_live_candidate,8,"F(F(G(a(a(a(a(_))))),G(b(a(a(a(_)))))),G(b(a(a(_)))))",839,0.0046611111111111115
C_collapsing_live_candidate,8,"F(G(b(a(_))),G(b(_)))",838,0.004655555555555555
C_collapsing_live_candidate,8,"F(G(a(_)),G(b(b(_))))",834,0.004633333333333333
C_collapsing_live_candidate,8,"F(F(G(a(a(a(b(_))))),G(b(a(a(b(_)))))),G(b(a(b(_)))))",828,0.0046
C_collapsing_live_candidate,8,"F(G(a(a(a(_)))),F(G(a(b(a(a(_))))),G(b(b(a(a(_)))))))",817,0.004538888888888889
C_collapsing_live_candidate,8,"F(G(a(a(b(_)))),F(G(a(b(a(b(_))))),G(b(b(a(b(_)))))))",816,0.004533333333333334
C_collapsing_live_candidate,8,"F(G(a(a(_))),G(b(_)))",807,0.004483333333333333
C_collapsing_live_candidate,8,"F(F(G(a(a(b(b(_))))),G(b(a(b(b(_)))))),G(b(b(b(_)))))",803,0.004461111111111111
C_collapsing_live_candidate,8,"F(F(G(a(a(b(a(_))))),G(b(a(b(a(_)))))),G(b(b(a(_)))))",803,0.004461111111111111
C_collapsing_live_candidate,8,"F(G(a(b(b(_)))),F(G(a(b(b(b(_))))),G(b(b(b(b(_)))))))",801,0.00445
C_collapsing_live_candidate,8,"F(G(a(b(a(_)))),F(G(a(b(b(a(_))))),G(b(b(b(a(_)))))))",789,0.004383333333333334
C_collapsing_live_candidate,8,"F(G(a(_)),F(G(a(b(_))),F(G(a(b(b(_)))),G(b(b(b(_)))))))",726,0.004033333333333333
C_collapsing_live_candidate,8,"F(G(a(_)),F(F(G(a(a(b(_)))),G(b(a(b(_))))),G(b(b(_)))))",717,0.0039833333333333335
C_collapsing_live_candidate,8,"F(F(F(G(a(a(a(_)))),G(b(a(a(_))))),G(b(a(_)))),G(b(_)))",688,0.003822222222222222
C_collapsing_live_candidate,8,"F(F(G(a(a(_))),F(G(a(b(a(_)))),G(b(b(a(_)))))),G(b(_)))",642,0.0035666666666666668
C_collapsing_live_candidate,8,"F(F(G(a(a(b(_)))),G(b(a(b(_))))),F(G(a(b(b(_)))),G(b(b(b(_))))))",617,0.003427777777777778
C_collapsing_live_candidate,8,"F(F(G(a(a(a(_)))),G(b(a(a(_))))),F(G(a(b(a(_)))),G(b(b(a(_))))))",564,0.0031333333333333335
C_collapsing_live_candidate,8,"F(G(b(a(_))),F(G(a(b(_))),G(b(b(_)))))",388,0.0021555555555555555
C_collapsing_live_candidate,8,"F(F(G(a(a(_))),G(b(a(_)))),G(b(b(_))))",387,0.00215
C_collapsing_live_candidate,8,"F(G(b(a(a(_)))),G(b(a(_))))",382,0.0021222222222222224
C_collapsing_live_candidate,8,"F(G(a(a(_))),F(G(a(b(_))),G(b(b(_)))))",367,0.0020388888888888887
C_collapsing_live_candidate,8,"F(F(G(a(a(_))),G(b(a(_)))),G(a(b(_))))",363,0.0020166666666666666
C_collapsing_live_candidate,8,"F(G(a(a(_))),G(b(b(a(_)))))",361,0.0020055555555555556
C_collapsing_live_candidate,8,"F(G(a(b(_))),G(a(b(b(_)))))",360,0.002
C_collapsing_live_candidate,8,"F(G(a(a(a(_)))),G(b(a(_))))",359,0.0019944444444444445
C_collapsing_live_candidate,8,"F(G(a(b(_))),G(b(b(b(_)))))",357,0.0019833333333333335
C_collapsing_live_candidate,8,"F(G(a(_)),F(G(a(a(b(_)))),G(b(a(b(_))))))",349,0.0019388888888888889
C_collapsing_live_candidate,8,"F(G(a(a(_))),G(a(b(a(_)))))",346,0.0019222222222222223
C_collapsing_live_candidate,8,"F(G(b(a(b(_)))),G(b(b(_))))",341,0.0018944444444444445
C_collapsing_live_candidate,8,"F(G(a(a(b(_)))),G(b(b(_))))",334,0.0018555555555555556
C_collapsing_live_candidate,8,"F(G(a(_)),F(G(a(b(b(_)))),G(b(b(b(_))))))",300,0.0016666666666666668
C_collapsing_live_candidate,8,"F(G(a(a(_))),F(F(G(a(a(b(a(_))))),G(b(a(b(a(_)))))),G(b(b(a(_))))))",295,0.001638888888888889
C_collapsing_live_candidate,8,"F(F(F(G(a(a(a(b(_))))),G(b(a(a(b(_)))))),G(b(a(b(_))))),G(b(b(_))))",291,0.0016166666666666666
C_collapsing_live_candidate,8,"F(F(G(a(a(a(_)))),G(b(a(a(_))))),G(b(_)))",287,0.0015944444444444443
C_collapsing_live_candidate,8,"F(G(a(b(_))),F(F(G(a(a(b(b(_))))),G(b(a(b(b(_)))))),G(b(b(b(_))))))",286,0.0015888888888888888
C_collapsing_live_candidate,8,"F(F(G(a(a(a(_)))),F(G(a(b(a(a(_))))),G(b(b(a(a(_))))))),G(b(a(_))))",282,0.0015666666666666667
C_collapsing_live_candidate,8,"F(G(a(b(_))),F(G(a(b(b(_)))),F(G(a(b(b(b(_))))),G(b(b(b(b(_))))))))",277,0.001538888888888889
C_collapsing_live_candidate,8,"F(F(G(a(b(a(_)))),G(b(b(a(_))))),G(b(_)))",272,0.001511111111111111
C_collapsing_live_candidate,8,"F(F(G(a(a(b(_)))),F(G(a(b(a(b(_))))),G(b(b(a(b(_))))))),G(b(b(_))))",269,0.0014944444444444445
C_collapsing_live_candidate,8,G(b(a(a(a(_))))),260,0.0014444444444444444
C_collapsing_live_candidate,8,"F(G(a(a(_))),F(G(a(b(a(_)))),F(G(a(b(b(a(_))))),G(b(b(b(a(_))))))))",256,0.0014222222222222223
C_collapsing_live_candidate,8,"F(F(F(G(a(a(a(a(_))))),G(b(a(a(a(_)))))),G(b(a(a(_))))),G(b(a(_))))",256,0.0014222222222222223
C_collapsing_live_candidate,8,G(a(a(a(a(_))))),254,0.001411111111111111
C_collapsing_live_candidate,8,G(a(b(a(b(_))))),250,0.001388888888888889
C_collapsing_live_candidate,8,G(b(b(a(b(_))))),246,0.0013666666666666666
C_collapsing_live_candidate,8,G(a(b(a(a(_))))),245,0.0013611111111111111
C_collapsing_live_candidate,8,G(b(a(b(a(_))))),244,0.0013555555555555556
C_collapsing_live_candidate,8,G(a(a(b(b(_))))),244,0.0013555555555555556
C_collapsing_live_candidate,8,G(b(b(a(a(_))))),241,0.0013388888888888888
C_collapsing_live_candidate,8,G(a(b(b(b(_))))),237,0.0013166666666666667
C_collapsing_live_candidate,8,G(b(b(b(b(_))))),236,0.0013111111111111112
C_collapsing_live_candidate,8,"F(F(G(a(a(_))),F(G(a(b(a(_)))),G(b(b(a(_)))))),F(G(a(b(_))),G(b(b(_)))))",234,0.0013
C_collapsing_live_candidate,8,G(a(a(a(b(_))))),234,0.0013
C_collapsing_live_candidate,8,"F(F(G(a(a(a(a(a(_)))))),G(b(a(a(a(a(_))))))),G(b(a(a(a(_))))))",232,0.001288888888888889
C_collapsing_live_candidate,8,G(a(b(b(a(_))))),231,0.0012833333333333334
C_collapsing_live_candidate,8,"F(G(a(a(a(a(_))))),F(G(a(b(a(a(a(_)))))),G(b(b(a(a(a(_))))))))",228,0.0012666666666666666
C_collapsing_live_candidate,8,"F(F(G(a(a(a(b(_))))),G(b(a(a(b(_)))))),F(G(a(b(a(b(_))))),G(b(b(a(b(_)))))))",221,0.0012277777777777777
C_collapsing_live_candidate,8,G(b(a(a(b(_))))),221,0.0012277777777777777
C_collapsing_live_candidate,8,G(b(b(b(a(_))))),221,0.0012277777777777777
C_collapsing_live_candidate,8,"F(F(G(a(a(b(b(a(_)))))),G(b(a(b(b(a(_))))))),G(b(b(b(a(_))))))",218,0.0012111111111111112
C_collapsing_live_candidate,8,"F(F(G(a(a(b(b(b(_)))))),G(b(a(b(b(b(_))))))),G(b(b(b(b(_))))))",215,0.0011944444444444444
C_collapsing_live_candidate,8,"F(G(a(b(b(a(_))))),F(G(a(b(b(b(a(_)))))),G(b(b(b(b(a(_))))))))",213,0.0011833333333333333
C_collapsing_live_candidate,16,"F(G(a(_)),G(b(_)))",20000,0.058823529411764705
C_collapsing_live_candidate,16,G(_),10073,0.029626470588235296
C_collapsing_live_candidate,16,"F(G(a(a(_))),G(b(a(_))))",7845,0.023073529411764705
C_collapsing_live_candidate,16,"F(G(a(b(_))),G(b(b(_))))",7663,0.022538235294117647
C_collapsing_live_candidate,16,G(a(_)),6678,0.019641176470588235
C_collapsing_live_candidate,16,G(b(_)),6541,0.019238235294117646
C_collapsing_live_candidate,16,"F(F(G(a(a(_))),G(b(a(_)))),G(b(_)))",5101,0.015002941176470589
C_collapsing_live_candidate,16,"F(G(a(_)),F(G(a(b(_))),G(b(b(_)))))",4966,0.014605882352941177
C_collapsing_live_candidate,16,"F(G(a(a(a(_)))),G(b(a(a(_)))))",3754,0.011041176470588235
C_collapsing_live_candidate,16,"F(G(a(b(a(_)))),G(b(b(a(_)))))",3672,0.0108
C_collapsing_live_candidate,16,"F(G(a(a(b(_)))),G(b(a(b(_)))))",3637,0.010697058823529412
C_collapsing_live_candidate,16,"F(G(a(b(b(_)))),G(b(b(b(_)))))",3614,0.010629411764705882
C_collapsing_live_candidate,16,G(a(a(_))),3180,0.009352941176470588
C_collapsing_live_candidate,16,G(a(b(_))),3162,0.0093
C_collapsing_live_candidate,16,G(b(a(_))),3103,0.009126470588235295
C_collapsing_live_candidate,16,G(b(b(_))),3072,0.009035294117647058
C_collapsing_live_candidate,16,"F(F(G(a(a(a(_)))),G(b(a(a(_))))),G(b(a(_))))",2129,0.006261764705882353
C_collapsing_live_candidate,16,"F(G(a(a(_))),F(G(a(b(a(_)))),G(b(b(a(_))))))",2066,0.006076470588235294
C_collapsing_live_candidate,16,"F(G(a(b(_))),F(G(a(b(b(_)))),G(b(b(b(_))))))",2000,0.0058823529411764705
C_collapsing_live_candidate,16,"F(F(G(a(a(b(_)))),G(b(a(b(_))))),G(b(b(_))))",1943,0.005714705882352941
C_collapsing_live_candidate,16,"F(G(a(b(a(a(_))))),G(b(b(a(a(_))))))",1834,0.0053941176470588235
C_collapsing_live_candidate,16,"F(G(a(a(b(a(_))))),G(b(a(b(a(_))))))",1833,0.005391176470588235
C_collapsing_live_candidate,16,"F(G(a(a(a(a(_))))),G(b(a(a(a(_))))))",1798,0.005288235294117647
C_collapsing_live_candidate,16,"F(G(a(b(b(a(_))))),G(b(b(b(a(_))))))",1788,0.005258823529411765
C_collapsing_live_candidate,16,"F(G(a(b(b(b(_))))),G(b(b(b(b(_))))))",1763,0.005185294117647059
C_collapsing_live_candidate,16,"F(G(a(a(a(b(_))))),G(b(a(a(b(_))))))",1731,0.005091176470588235
C_collapsing_live_candidate,16,"F(G(a(b(a(b(_))))),G(b(b(a(b(_))))))",1713,0.005038235294117647
C_collapsing_live_candidate,16,"F(G(a(a(b(b(_))))),G(b(a(b(b(_))))))",1703,0.005008823529411764
C_collapsing_live_candidate,16,G(b(a(a(_)))),1580,0.004647058823529412
C_collapsing_live_candidate,16,G(a(b(a(_)))),1543,0.004538235294117647
C_collapsing_live_candidate,16,G(a(a(a(_)))),1531,0.004502941176470588
C_collapsing_live_candidate,16,G(b(b(a(_)))),1509,0.004438235294117647
C_collapsing_live_candidate,16,G(b(b(b(_)))),1486,0.004370588235294117
C_collapsing_live_candidate,16,G(a(a(b(_)))),1463,0.004302941176470588
C_collapsing_live_candidate,16,G(b(a(b(_)))),1452,0.004270588235294118
C_collapsing_live_candidate,16,"F(F(G(a(a(_))),G(b(a(_)))),F(G(a(b(_))),G(b(b(_)))))",1426,0.004194117647058824
C_collapsing_live_candidate,16,G(a(b(b(_)))),1423,0.004185294117647059
C_collapsing_live_candidate,16,"F(G(a(a(a(_)))),F(G(a(b(a(a(_))))),G(b(b(a(a(_)))))))",1043,0.0030676470588235295
C_collapsing_live_candidate,16,"F(F(G(a(a(b(a(_))))),G(b(a(b(a(_)))))),G(b(b(a(_)))))",987,0.002902941176470588
C_collapsing_live_candidate,16,"F(G(a(b(a(_)))),F(G(a(b(b(a(_))))),G(b(b(b(a(_)))))))",983,0.002891176470588235
C_collapsing_live_candidate,16,"F(F(G(a(a(a(b(_))))),G(b(a(a(b(_)))))),G(b(a(b(_)))))",977,0.0028735294117647058
C_collapsing_live_candidate,16,"F(F(G(a(a(a(a(_))))),G(b(a(a(a(_)))))),G(b(a(a(_)))))",975,0.0028676470588235295
C_collapsing_live_candidate,16,"F(G(a(b(b(_)))),F(G(a(b(b(b(_))))),G(b(b(b(b(_)))))))",969,0.00285
C_collapsing_live_candidate,16,"F(G(a(a(b(_)))),F(G(a(b(a(b(_))))),G(b(b(a(b(_)))))))",955,0.0028088235294117646
C_collapsing_live_candidate,16,"F(F(G(a(a(b(b(_))))),G(b(a(b(b(_)))))),G(b(b(b(_)))))",936,0.002752941176470588
C_collapsing_live_candidate,16,"F(G(a(b(a(a(a(_)))))),G(b(b(a(a(a(_)))))))",890,0.0026176470588235292
C_collapsing_live_candidate,16,"F(G(a(a(b(a(a(_)))))),G(b(a(b(a(a(_)))))))",889,0.0026147058823529413
C_collapsing_live_candidate,16,"F(G(a(a(a(b(a(_)))))),G(b(a(a(b(a(_)))))))",887,0.0026088235294117646
C_collapsing_live_candidate,16,"F(G(a(a(_))),G(b(_)))",850,0.0025
C_collapsing_live_candidate,16,"F(G(a(b(b(b(a(_)))))),G(b(b(b(b(a(_)))))))",836,0.0024588235294117646
C_collapsing_live_candidate,16,"F(G(a(a(b(a(b(_)))))),G(b(a(b(a(b(_)))))))",831,0.0024441176470588236
C_collapsing_live_candidate,16,"F(G(a(b(b(a(a(_)))))),G(b(b(b(a(a(_)))))))",831,0.0024441176470588236
C_collapsing_live_candidate,16,"F(G(b(a(_))),G(b(_)))",830,0.0024411764705882352
C_collapsing_live_candidate,16,"F(G(a(_)),G(a(b(_))))",822,0.0024176470588235296
C_collapsing_live_candidate,16,"F(G(a(b(b(b(b(_)))))),G(b(b(b(b(b(_)))))))",819,0.002408823529411765
C_collapsing_live_candidate,16,"F(G(a(b(a(b(a(_)))))),G(b(b(a(b(a(_)))))))",816,0.0024
C_collapsing_live_candidate,16,"F(G(a(b(a(a(b(_)))))),G(b(b(a(a(b(_)))))))",814,0.0023941176470588235
C_collapsing_live_candidate,16,"F(G(a(a(b(b(b(_)))))),G(b(a(b(b(b(_)))))))",803,0.002361764705882353
C_collapsing_live_candidate,16,"F(G(a(_)),G(b(b(_))))",801,0.0023558823529411764
C_collapsing_live_candidate,16,"F(G(a(a(b(b(a(_)))))),G(b(a(b(b(a(_)))))))",799,0.00235
C_collapsing_live_candidate,16,"F(G(a(b(b(a(b(_)))))),G(b(b(b(a(b(_)))))))",796,0.0023411764705882354
C_collapsing_live_candidate,16,"F(G(a(a(a(a(b(_)))))),G(b(a(a(a(b(_)))))))",794,0.0023352941176470587
C_collapsing_live_candidate,16,G(b(a(a(a(_))))),781,0.0022970588235294116
C_collapsing_live_candidate,16,"F(G(a(b(a(b(b(_)))))),G(b(b(a(b(b(_)))))))",778,0.002288235294117647
C_collapsing_live_candidate,16,"F(G(a(a(a(a(a(_)))))),G(b(a(a(a(a(_)))))))",770,0.0022647058823529412
C_collapsing_live_candidate,16,G(a(b(a(a(_))))),762,0.002241176470588235
C_collapsing_live_candidate,16,"F(G(a(a(a(b(b(_)))))),G(b(a(a(b(b(_)))))))",758,0.0022294117647058825
C_collapsing_live_candidate,16,G(a(a(b(a(_))))),756,0.002223529411764706
C_collapsing_live_candidate,16,"F(F(G(a(a(_))),F(G(a(b(a(_)))),G(b(b(a(_)))))),G(b(_)))",736,0.002164705882352941
C_collapsing_live_candidate,16,G(b(a(b(a(_))))),727,0.002138235294117647
C_collapsing_live_candidate,16,"F(G(a(_)),F(G(a(b(_))),F(G(a(b(b(_)))),G(b(b(b(_)))))))",725,0.0021323529411764706
C_collapsing_live_candidate,16,"F(G(a(_)),F(F(G(a(a(b(_)))),G(b(a(b(_))))),G(b(b(_)))))",725,0.0021323529411764706
C_collapsing_live_candidate,16,G(b(b(a(a(_))))),723,0.002126470588235294
C_collapsing_live_candidate,16,G(b(b(b(a(_))))),719,0.0021147058823529413
C_collapsing_live_candidate,16,G(a(b(a(b(_))))),714,0.0021
C_collapsing_live_candidate,16,G(a(b(b(b(_))))),711,0.002091176470588235
C_collapsing_live_candidate,16,"F(F(F(G(a(a(a(_)))),G(b(a(a(_))))),G(b(a(_)))),G(b(_)))",711,0.002091176470588235
C_collapsing_live_candidate,16,G(a(b(b(a(_))))),706,0.002076470588235294
C_collapsing_live_candidate,16,G(b(a(b(b(_))))),704,0.0020705882352941175
C_collapsing_live_candidate,16,G(b(b(b(b(_))))),704,0.0020705882352941175
C_collapsing_live_candidate,16,G(b(b(a(b(_))))),699,0.0020558823529411765
C_collapsing_live_candidate,16,G(a(a(a(b(_))))),698,0.002052941176470588
C_collapsing_live_candidate,16,G(b(a(a(b(_))))),686,0.0020176470588235294
C_collapsing_live_candidate,16,G(a(a(b(b(_))))),665,0.0019558823529411767
C_collapsing_live_candidate,16,G(a(a(a(a(_))))),663,0.00195
C_collapsing_live_candidate,16,"F(F(G(a(a(a(_)))),G(b(a(a(_))))),F(G(a(b(a(_)))),G(b(b(a(_))))))",654,0.0019235294117647059
C_collapsing_live_candidate,16,"F(F(G(a(a(b(_)))),G(b(a(b(_))))),F(G(a(b(b(_)))),G(b(b(b(_))))))",611,0.0017970588235294118
C_collapsing_live_candidate,16,"F(F(G(a(a(a(a(a(_)))))),G(b(a(a(a(a(_))))))),G(b(a(a(a(_))))))",488,0.001435294117647059
C_collapsing_live_candidate,16,"F(F(G(a(a(b(a(a(_)))))),G(b(a(b(a(a(_))))))),G(b(b(a(a(_))))))",486,0.0014294117647058824
C_collapsing_live_candidate,16,"F(G(a(a(b(a(_))))),F(G(a(b(a(b(a(_)))))),G(b(b(a(b(a(_))))))))",483,0.0014205882352941177
C_collapsing_live_candidate,16,"F(F(G(a(a(b(b(a(_)))))),G(b(a(b(b(a(_))))))),G(b(b(b(a(_))))))",477,0.0014029411764705881
C_collapsing_live_candidate,16,"F(G(a(b(a(a(_))))),F(G(a(b(b(a(a(_)))))),G(b(b(b(a(a(_))))))))",477,0.0014029411764705881
C_collapsing_live_candidate,16,"F(F(G(a(a(a(a(b(_)))))),G(b(a(a(a(b(_))))))),G(b(a(a(b(_))))))",476,0.0014
C_collapsing_live_candidate,16,"F(G(a(b(b(b(_))))),F(G(a(b(b(b(b(_)))))),G(b(b(b(b(b(_))))))))",473,0.0013911764705882353
C_collapsing_live_candidate,16,"F(F(G(a(a(b(a(b(_)))))),G(b(a(b(a(b(_))))))),G(b(b(a(b(_))))))",472,0.0013882352941176472
C_collapsing_live_candidate,16,"F(G(a(a(a(a(_))))),F(G(a(b(a(a(a(_)))))),G(b(b(a(a(a(_))))))))",470,0.0013823529411764706
C_collapsing_live_candidate,16,"F(F(G(a(a(a(b(a(_)))))),G(b(a(a(b(a(_))))))),G(b(a(b(a(_))))))",466,0.0013705882352941176
C_collapsing_live_candidate,16,"F(F(G(a(a(b(b(b(_)))))),G(b(a(b(b(b(_))))))),G(b(b(b(b(_))))))",464,0.0013647058823529413
C_collapsing_live_candidate,16,"F(G(a(a(a(b(_))))),F(G(a(b(a(a(b(_)))))),G(b(b(a(a(b(_))))))))",462,0.0013588235294117647
C_collapsing_live_candidate,16,"F(G(a(b(b(a(_))))),F(G(a(b(b(b(a(_)))))),G(b(b(b(b(a(_))))))))",456,0.0013411764705882354
C_collapsing_live_candidate,32,"F(G(a(_)),G(b(_)))",20000,0.03629270063058567
C_collapsing_live_candidate,32,G(_),9949,0.018053803928684845
C_collapsing_live_candidate,32,"F(G(a(b(_))),G(b(b(_))))",7808,0.014168670326180646
C_collapsing_live_candidate,32,"F(G(a(a(_))),G(b(a(_))))",7680,0.013936397042144898
C_collapsing_live_candidate,32,G(b(_)),6696,0.012150796171120084
C_collapsing_live_candidate,32,G(a(_)),6566,0.011914893617021277
C_collapsing_live_candidate,32,"F(F(G(a(a(_))),G(b(a(_)))),G(b(_)))",5038,0.009142131288844531
C_collapsing_live_candidate,32,"F(G(a(_)),F(G(a(b(_))),G(b(b(_)))))",4996,0.0090659166175203
C_collapsing_live_candidate,32,"F(G(a(b(a(_)))),G(b(b(a(_)))))",3755,0.00681395454339246
C_collapsing_live_candidate,32,"F(G(a(b(b(_)))),G(b(b(b(_)))))",3694,0.006703261806469174
C_collapsing_live_candidate,32,"F(G(a(a(b(_)))),G(b(a(b(_)))))",3632,0.006590754434514358
C_collapsing_live_candidate,32,"F(G(a(a(a(_)))),G(b(a(a(_)))))",3611,0.006552647098852243
C_collapsing_live_candidate,32,G(b(a(_))),3195,0.005797758925736062
C_collapsing_live_candidate,32,G(b(b(_))),3135,0.005688880823844305
C_collapsing_live_candidate,32,G(a(b(_))),3033,0.005503788050628317
C_collapsing_live_candidate,32,G(a(a(_))),3017,0.0054747538901238485
C_collapsing_live_candidate,32,"F(F(G(a(a(b(_)))),G(b(a(b(_))))),G(b(b(_))))",2118,0.003843396996779023
C_collapsing_live_candidate,32,"F(F(G(a(a(a(_)))),G(b(a(a(_))))),G(b(a(_))))",2050,0.0037200018146350314
C_collapsing_live_candidate,32,"F(G(a(b(_))),F(G(a(b(b(_)))),G(b(b(b(_))))))",2043,0.0037072993694143267
C_collapsing_live_candidate,32,"F(G(a(a(_))),F(G(a(b(a(_)))),G(b(b(a(_))))))",1987,0.0036056798076486867
C_collapsing_live_candidate,32,"F(G(a(a(a(b(_))))),G(b(a(a(b(_))))))",1889,0.003427845574558817
C_collapsing_live_candidate,32,"F(G(a(b(b(b(_))))),G(b(b(b(b(_))))))",1852,0.003360704078392233
C_collapsing_live_candidate,32,"F(G(a(b(b(a(_))))),G(b(b(b(a(_))))))",1844,0.003346186998139999
C_collapsing_live_candidate,32,"F(G(a(a(a(a(_))))),G(b(a(a(a(_))))))",1836,0.0033316699178877647
C_collapsing_live_candidate,32,"F(G(a(a(b(a(_))))),G(b(a(b(a(_))))))",1835,0.0033298552828562355
C_collapsing_live_candidate,32,"F(G(a(b(a(b(_))))),G(b(b(a(b(_))))))",1798,0.003262713786689652
C_collapsing_live_candidate,32,"F(G(a(a(b(b(_))))),G(b(a(b(b(_))))))",1792,0.0032518259765004763
C_collapsing_live_candidate,32,"F(G(a(b(a(a(_))))),G(b(b(a(a(_))))))",1747,0.0031701674000816586
C_collapsing_live_candidate,32,G(a(a(b(_)))),1615,0.002930635575919793
C_collapsing_live_candidate,32,G(b(b(b(_)))),1549,0.0028108696638388603
C_collapsing_live_candidate,32,G(b(b(a(_)))),1547,0.002807240393775802
C_collapsing_live_candidate,32,G(a(b(a(_)))),1537,0.002789094043460509
C_collapsing_live_candidate,32,G(a(a(a(_)))),1518,0.0027546159778614526
C_collapsing_live_candidate,32,G(a(b(b(_)))),1496,0.0027146940071678086
C_collapsing_live_candidate,32,G(b(a(b(_)))),1492,0.002707435467041691
C_collapsing_live_candidate,32,"F(F(G(a(a(_))),G(b(a(_)))),F(G(a(b(_))),G(b(b(_)))))",1457,0.0026439232409381664
C_collapsing_live_candidate,32,G(b(a(a(_)))),1455,0.002640293970875108
C_collapsing_live_candidate,32,"F(F(G(a(a(b(a(_))))),G(b(a(b(a(_)))))),G(b(b(a(_)))))",1021,0.0018527423671913987
C_collapsing_live_candidate,32,"F(G(a(b(a(_)))),F(G(a(b(b(a(_))))),G(b(b(b(a(_)))))))",1011,0.0018345960168761057
C_collapsing_live_candidate,32,"F(F(G(a(a(b(b(_))))),G(b(a(b(b(_)))))),G(b(b(b(_)))))",1004,0.0018218935716554007
C_collapsing_live_candidate,32,"F(G(a(a(b(_)))),F(G(a(b(a(b(_))))),G(b(b(a(b(_)))))))",997,0.0018091911264346958
C_collapsing_live_candidate,32,"F(F(G(a(a(a(a(_))))),G(b(a(a(a(_)))))),G(b(a(a(_)))))",986,0.0017892301410878737
C_collapsing_live_candidate,32,"F(G(a(b(b(_)))),F(G(a(b(b(b(_))))),G(b(b(b(b(_)))))))",980,0.001778342330898698
C_collapsing_live_candidate,32,"F(G(a(a(a(_)))),F(G(a(b(a(a(_))))),G(b(b(a(a(_)))))))",961,0.0017438642652996415
C_collapsing_live_candidate,32,"F(G(a(b(b(b(a(_)))))),G(b(b(b(b(a(_)))))))",950,0.0017239032799528195
C_collapsing_live_candidate,32,"F(G(a(b(a(a(b(_)))))),G(b(b(a(a(b(_)))))))",947,0.0017184593748582316
C_collapsing_live_candidate,32,"F(G(a(b(a(b(b(_)))))),G(b(b(a(b(b(_)))))))",940,0.0017057569296375266
C_collapsing_live_candidate,32,"F(G(a(a(b(a(b(_)))))),G(b(a(b(a(b(_)))))))",933,0.0016930544844168216
C_collapsing_live_candidate,32,"F(G(a(a(b(b(b(_)))))),G(b(a(b(b(b(_)))))))",923,0.0016749081341015288
C_collapsing_live_candidate,32,"F(G(a(a(b(b(a(_)))))),G(b(a(b(b(a(_)))))))",912,0.0016549471487547066
C_collapsing_live_candidate,32,"F(G(a(b(b(a(a(_)))))),G(b(b(b(a(a(_)))))))",909,0.0016495032436601189
C_collapsing_live_candidate,32,"F(G(a(b(a(b(a(_)))))),G(b(b(a(b(a(_)))))))",909,0.0016495032436601189
C_collapsing_live_candidate,32,"F(G(a(a(a(a(a(_)))))),G(b(a(a(a(a(_)))))))",903,0.0016386154334709431
C_collapsing_live_candidate,32,"F(G(a(a(a(b(a(_)))))),G(b(a(a(b(a(_)))))))",903,0.0016386154334709431
C_collapsing_live_candidate,32,"F(F(G(a(a(a(b(_))))),G(b(a(a(b(_)))))),G(b(a(b(_)))))",902,0.0016368007984394139
C_collapsing_live_candidate,32,"F(G(a(a(a(a(b(_)))))),G(b(a(a(a(b(_)))))))",888,0.0016113959079980039
C_collapsing_live_candidate,32,"F(G(a(b(a(a(a(_)))))),G(b(b(a(a(a(_)))))))",880,0.0015968788277457696
C_collapsing_live_candidate,32,"F(G(a(a(b(a(a(_)))))),G(b(a(b(a(a(_)))))))",861,0.0015624007621467132
C_collapsing_live_candidate,32,"F(G(a(b(b(a(b(_)))))),G(b(b(b(a(b(_)))))))",860,0.001560586127115184
C_collapsing_live_candidate,32,"F(G(a(b(b(b(b(_)))))),G(b(b(b(b(b(_)))))))",854,0.0015496983169260082
C_collapsing_live_candidate,32,"F(G(b(a(_))),G(b(_)))",844,0.0015315519666107154
C_collapsing_live_candidate,32,"F(G(a(a(a(b(b(_)))))),G(b(a(a(b(b(_)))))))",840,0.0015242934264845982
C_collapsing_live_candidate,32,"F(G(a(_)),G(a(b(_))))",839,0.001522478791453069
C_collapsing_live_candidate,32,"F(G(a(a(_))),G(b(_)))",833,0.0015115909812638932
C_collapsing_live_candidate,32,"F(G(a(_)),G(b(b(_))))",827,0.0015007031710747177
C_collapsing_live_candidate,32,G(b(a(b(b(_))))),800,0.001451708025223427
C_collapsing_live_candidate,32,G(b(a(a(b(_))))),792,0.0014371909449711927
C_collapsing_live_candidate,32,G(a(b(a(b(_))))),787,0.0014281177698135463
C_collapsing_live_candidate,32,G(b(b(a(a(_))))),772,0.001400898244340607
C_collapsing_live_candidate,32,G(b(b(b(a(_))))),772,0.001400898244340607
C_collapsing_live_candidate,32,G(a(b(b(b(_))))),769,0.001395454339246019
C_collapsing_live_candidate,32,G(a(a(b(a(_))))),767,0.0013918250691829605
C_collapsing_live_candidate,32,G(a(b(b(a(_))))),762,0.001382751894025314
C_collapsing_live_candidate,32,G(b(a(b(a(_))))),756,0.0013718640838361385
C_collapsing_live_candidate,32,G(b(a(a(a(_))))),745,0.0013519030984893163
C_collapsing_live_candidate,32,G(a(a(a(b(_))))),743,0.0013482738284262578
C_collapsing_live_candidate,32,"F(G(a(_)),F(G(a(b(_))),F(G(a(b(b(_)))),G(b(b(b(_)))))))",734,0.0013319421131424943
C_collapsing_live_candidate,32,"F(F(G(a(a(_))),F(G(a(b(a(_)))),G(b(b(a(_)))))),G(b(_)))",734,0.0013319421131424943
C_collapsing_live_candidate,32,G(a(a(a(a(_))))),733,0.0013301274781109648
C_collapsing_live_candidate,32,"F(F(F(G(a(a(a(_)))),G(b(a(a(_))))),G(b(a(_)))),G(b(_)))",731,0.0013264982080479063
C_collapsing_live_candidate,32,G(a(b(a(a(_))))),730,0.001324683573016377
C_collapsing_live_candidate,32,"F(G(a(_)),F(F(G(a(a(b(_)))),G(b(a(b(_))))),G(b(b(_)))))",719,0.0013047225876695549
C_collapsing_live_candidate,32,G(b(b(b(b(_))))),715,0.0012974640475434378
C_collapsing_live_candidate,32,G(a(a(b(b(_))))),710,0.0012883908723857914
C_collapsing_live_candidate,32,G(b(b(a(b(_))))),710,0.0012883908723857914
C_collapsing_live_candidate,32,"F(F(G(a(a(b(_)))),G(b(a(b(_))))),F(G(a(b(b(_)))),G(b(b(b(_))))))",615,0.0011160005443905095
C_collapsing_live_candidate,32,"F(F(G(a(a(a(_)))),G(b(a(a(_))))),F(G(a(b(a(_)))),G(b(b(a(_))))))",574,0.0010416005080978088
C_collapsing_live_candidate,32,"F(G(a(a(b(a(_))))),F(G(a(b(a(b(a(_)))))),G(b(b(a(b(a(_))))))))",526,0.0009544980265844032
C_collapsing_live_candidate,32,"F(F(G(a(a(a(a(b(_)))))),G(b(a(a(a(b(_))))))),G(b(a(a(b(_))))))",526,0.0009544980265844032
C_collapsing_live_candidate,32,"F(G(a(b(a(b(_))))),F(G(a(b(b(a(b(_)))))),G(b(b(b(a(b(_))))))))",508,0.0009218345960168761
C_collapsing_live_candidate,32,"F(G(a(b(a(a(_))))),F(G(a(b(b(a(a(_)))))),G(b(b(b(a(a(_))))))))",503,0.0009127614208592297
C_collapsing_live_candidate,32,"F(F(G(a(a(b(b(b(_)))))),G(b(a(b(b(b(_))))))),G(b(b(b(b(_))))))",503,0.0009127614208592297
C_collapsing_live_candidate,32,"F(G(a(b(b(a(a(b(_))))))),G(b(b(b(a(a(b(_))))))))",502,0.0009109467858277004
C_collapsing_live_candidate,32,"F(F(G(a(a(b(b(a(_)))))),G(b(a(b(b(a(_))))))),G(b(b(b(a(_))))))",501,0.0009091321507961711
C_collapsing_live_candidate,32,"F(F(G(a(a(a(a(a(_)))))),G(b(a(a(a(a(_))))))),G(b(a(a(a(_))))))",498,0.0009036882457015833
C_collapsing_live_candidate,32,"F(G(a(a(b(b(_))))),F(G(a(b(a(b(b(_)))))),G(b(b(a(b(b(_))))))))",496,0.0009000589756385247
C_collapsing_live_candidate,32,"F(F(G(a(a(a(b(b(_)))))),G(b(a(a(b(b(_))))))),G(b(a(b(b(_))))))",494,0.0008964297055754661
C_collapsing_live_candidate,32,"F(F(G(a(a(b(a(b(_)))))),G(b(a(b(a(b(_))))))),G(b(b(a(b(_))))))",492,0.0008928004355124075
C_collapsing_live_candidate,32,"F(G(a(b(b(b(_))))),F(G(a(b(b(b(b(_)))))),G(b(b(b(b(b(_))))))))",491,0.0008909858004808783
C_collapsing_live_candidate,32,"F(G(a(b(b(a(b(b(_))))))),G(b(b(b(a(b(b(_))))))))",491,0.0008909858004808783
C_collapsing_live_candidate,64,"F(G(a(_)),G(b(_)))",20000,0.03537594011560857
C_collapsing_live_candidate,64,G(_),10049,0.01777464111108753
C_collapsing_live_candidate,64,"F(G(a(a(_))),G(b(a(_))))",7842,0.013870906119330121
C_collapsing_live_candidate,64,"F(G(a(b(_))),G(b(b(_))))",7758,0.013722327170844565
C_collapsing_live_candidate,64,G(b(_)),6694,0.011840327156694188
C_collapsing_live_candidate,64,G(a(_)),6690,0.011833251968671068
C_collapsing_live_candidate,64,"F(G(a(_)),F(G(a(b(_))),G(b(b(_)))))",4964,0.008780308336694048
C_collapsing_live_candidate,64,"F(F(G(a(a(_))),G(b(a(_)))),G(b(_)))",4957,0.008767926757653585
C_collapsing_live_candidate,64,"F(G(a(a(a(_)))),G(b(a(a(_)))))",3728,0.006594075237549438
C_collapsing_live_candidate,64,"F(G(a(b(a(_)))),G(b(b(a(_)))))",3702,0.006548086515399147
C_collapsing_live_candidate,64,"F(G(a(a(b(_)))),G(b(a(b(_)))))",3696,0.006537473733364464
C_collapsing_live_candidate,64,"F(G(a(b(b(_)))),G(b(b(b(_)))))",3608,0.0063818195968557865
C_collapsing_live_candidate,64,G(a(a(_))),3162,0.005592936132277715
C_collapsing_live_candidate,64,G(a(b(_))),3135,0.005545178613121643
C_collapsing_live_candidate,64,G(b(a(_))),3095,0.005474426732890426
C_collapsing_live_candidate,64,G(b(b(_))),3068,0.005426669213734355
C_collapsing_live_candidate,64,"F(G(a(b(_))),F(G(a(b(b(_)))),G(b(b(b(_))))))",2113,0.003737468073214046
C_collapsing_live_candidate,64,"F(G(a(a(_))),F(G(a(b(a(_)))),G(b(b(a(_))))))",2063,0.0036490282229250243
C_collapsing_live_candidate,64,"F(F(G(a(a(a(_)))),G(b(a(a(_))))),G(b(a(_))))",2049,0.003624265064844098
C_collapsing_live_candidate,64,"F(F(G(a(a(b(_)))),G(b(a(b(_))))),G(b(b(_))))",2036,0.0036012707037689526
C_collapsing_live_candidate,64,"F(G(a(b(a(a(_))))),G(b(b(a(a(_))))))",1899,0.003358945513977034
C_collapsing_live_candidate,64,"F(G(a(a(b(a(_))))),G(b(a(b(a(_))))))",1848,0.003268736866682232
C_collapsing_live_candidate,64,"F(G(a(b(a(b(_))))),G(b(b(a(b(_))))))",1848,0.003268736866682232
C_collapsing_live_candidate,64,"F(G(a(a(a(b(_))))),G(b(a(a(b(_))))))",1842,0.0032581240846475496
C_collapsing_live_candidate,64,"F(G(a(a(a(a(_))))),G(b(a(a(a(_))))))",1830,0.0032368985205781845
C_collapsing_live_candidate,64,"F(G(a(a(b(b(_))))),G(b(a(b(b(_))))))",1792,0.003169684234358528
C_collapsing_live_candidate,64,"F(G(a(b(b(b(_))))),G(b(b(b(b(_))))))",1772,0.0031343082942429197
C_collapsing_live_candidate,64,"F(G(a(b(b(a(_))))),G(b(b(b(a(_))))))",1747,0.003090088369098409
C_collapsing_live_candidate,64,G(b(a(a(_)))),1603,0.002835381600266027
C_collapsing_live_candidate,64,G(b(a(b(_)))),1569,0.0027752425020694926
C_collapsing_live_candidate,64,G(a(b(a(_)))),1556,0.002752248140994347
C_collapsing_live_candidate,64,G(a(a(b(_)))),1547,0.002736328967942323
C_collapsing_live_candidate,64,G(a(a(a(_)))),1525,0.002697415433815154
C_collapsing_live_candidate,64,G(b(b(a(_)))),1515,0.002679727463757349
C_collapsing_live_candidate,64,G(a(b(b(_)))),1508,0.0026673458847168863
C_collapsing_live_candidate,64,G(b(b(b(_)))),1484,0.002624894756578156
C_collapsing_live_candidate,64,"F(F(G(a(a(_))),G(b(a(_)))),F(G(a(b(_))),G(b(b(_)))))",1420,0.0025116917482082084
C_collapsing_live_candidate,64,"F(G(a(b(a(_)))),F(G(a(b(b(a(_))))),G(b(b(b(a(_)))))))",1038,0.001836011292000085
C_collapsing_live_candidate,64,"F(F(G(a(a(a(a(_))))),G(b(a(a(a(_)))))),G(b(a(a(_)))))",1024,0.0018112481339191589
C_collapsing_live_candidate,64,"F(F(G(a(a(b(a(_))))),G(b(a(b(a(_)))))),G(b(b(a(_)))))",998,0.0017652594117688678
C_collapsing_live_candidate,64,"F(G(a(b(b(_)))),F(G(a(b(b(b(_))))),G(b(b(b(b(_)))))))",995,0.0017599530207515264
C_collapsing_live_candidate,64,"F(G(a(a(b(_)))),F(G(a(b(a(b(_))))),G(b(b(a(b(_)))))))",984,0.0017404962536879418
C_collapsing_live_candidate,64,"F(G(a(a(b(a(b(_)))))),G(b(a(b(a(b(_)))))))",977,0.0017281146746474787
C_collapsing_live_candidate,64,"F(G(a(b(b(a(a(_)))))),G(b(b(b(a(a(_)))))))",969,0.0017139642986012354
C_collapsing_live_candidate,64,"F(G(a(a(a(_)))),F(G(a(b(a(a(_))))),G(b(b(a(a(_)))))))",950,0.0016803571554914072
C_collapsing_live_candidate,64,"F(F(G(a(a(b(b(_))))),G(b(a(b(b(_)))))),G(b(b(b(_)))))",942,0.0016662067794451637
C_collapsing_live_candidate,64,"F(G(a(b(a(a(a(_)))))),G(b(b(a(a(a(_)))))))",932,0.0016485188093873595
C_collapsing_live_candidate,64,"F(G(a(a(a(a(b(_)))))),G(b(a(a(a(b(_)))))))",920,0.0016272932453179944
C_collapsing_live_candidate,64,"F(G(a(a(a(b(a(_)))))),G(b(a(a(b(a(_)))))))",919,0.001625524448312214
C_collapsing_live_candidate,64,"F(G(a(b(a(b(a(_)))))),G(b(b(a(b(a(_)))))))",919,0.001625524448312214
C_collapsing_live_candidate,64,"F(F(G(a(a(a(b(_))))),G(b(a(a(b(_)))))),G(b(a(b(_)))))",913,0.0016149116662775313
C_collapsing_live_candidate,64,"F(G(a(b(b(b(b(_)))))),G(b(b(b(b(b(_)))))))",912,0.0016131428692717509
C_collapsing_live_candidate,64,"F(G(a(a(b(a(a(_)))))),G(b(a(b(a(a(_)))))))",911,0.0016113740722659704
C_collapsing_live_candidate,64,"F(G(a(a(b(b(b(_)))))),G(b(a(b(b(b(_)))))))",893,0.0015795357261619227
C_collapsing_live_candidate,64,"F(G(a(b(b(a(b(_)))))),G(b(b(b(a(b(_)))))))",889,0.001572460538138801
C_collapsing_live_candidate,64,"F(G(a(a(b(b(a(_)))))),G(b(a(b(b(a(_)))))))",887,0.00156892294412724
C_collapsing_live_candidate,64,"F(G(a(b(a(a(b(_)))))),G(b(b(a(a(b(_)))))))",879,0.0015547725680809968
C_collapsing_live_candidate,64,"F(G(a(a(a(a(a(_)))))),G(b(a(a(a(a(_)))))))",879,0.0015547725680809968
C_collapsing_live_candidate,64,"F(G(a(b(a(b(b(_)))))),G(b(b(a(b(b(_)))))))",870,0.0015388533950289728
C_collapsing_live_candidate,64,"F(G(a(b(b(b(a(_)))))),G(b(b(b(b(a(_)))))))",862,0.0015247030189827295
C_collapsing_live_candidate,64,"F(G(a(a(a(b(b(_)))))),G(b(a(a(b(b(_)))))))",856,0.001514090236948047
C_collapsing_live_candidate,64,G(a(b(a(b(_))))),839,0.0014840206878497797
C_collapsing_live_candidate,64,"F(G(a(_)),G(a(b(_))))",837,0.0014804830938382188
C_collapsing_live_candidate,64,"F(G(a(a(_))),G(b(_)))",830,0.0014681015147977557
C_collapsing_live_candidate,64,G(b(b(a(a(_))))),817,0.00144510715372261
C_collapsing_live_candidate,64,"F(G(a(_)),G(b(b(_))))",792,0.0014008872285780996
C_collapsing_live_candidate,64,"F(G(b(a(_))),G(b(_)))",786,0.001390274446543417
C_collapsing_live_candidate,64,G(b(b(b(b(_))))),780,0.0013796616645087344
C_collapsing_live_candidate,64,G(a(a(b(a(_))))),775,0.001370817679479832
C_collapsing_live_candidate,64,G(a(a(a(b(_))))),774,0.0013690488824740518
C_collapsing_live_candidate,64,G(a(b(a(a(_))))),767,0.0013566673034335888
C_collapsing_live_candidate,64,G(a(b(b(a(_))))),765,0.0013531297094220279
C_collapsing_live_candidate,64,G(b(a(a(a(_))))),761,0.0013460545213989062
C_collapsing_live_candidate,64,G(a(b(b(b(_))))),759,0.0013425169273873453
C_collapsing_live_candidate,64,G(b(a(b(a(_))))),757,0.0013389793333757846
C_collapsing_live_candidate,64,"F(G(a(_)),F(F(G(a(a(b(_)))),G(b(a(b(_))))),G(b(b(_)))))",750,0.0013265977543353215
C_collapsing_live_candidate,64,G(b(a(a(b(_))))),747,0.0013212913633179801
C_collapsing_live_candidate,64,G(a(a(a(a(_))))),736,0.0013018345962543954
C_collapsing_live_candidate,64,G(b(a(b(b(_))))),730,0.0012912218142197129
C_collapsing_live_candidate,64,G(b(b(a(b(_))))),729,0.0012894530172139324
C_collapsing_live_candidate,64,G(b(b(b(a(_))))),720,0.0012735338441619086
C_collapsing_live_candidate,64,G(a(a(b(b(_))))),719,0.0012717650471561282
C_collapsing_live_candidate,64,"F(G(a(_)),F(G(a(b(_))),F(G(a(b(b(_)))),G(b(b(b(_)))))))",713,0.0012611522651214456
C_collapsing_live_candidate,64,"F(F(G(a(a(_))),F(G(a(b(a(_)))),G(b(b(a(_)))))),G(b(_)))",704,0.0012452330920694219
C_collapsing_live_candidate,64,"F(F(F(G(a(a(a(_)))),G(b(a(a(_))))),G(b(a(_)))),G(b(_)))",699,0.0012363891070405195
C_collapsing_live_candidate,64,"F(F(G(a(a(b(_)))),G(b(a(b(_))))),F(G(a(b(b(_)))),G(b(b(b(_))))))",611,0.0010807349705318418
C_collapsing_live_candidate,64,"F(F(G(a(a(a(_)))),G(b(a(a(_))))),F(G(a(b(a(_)))),G(b(b(a(_))))))",603,0.0010665845944855985
C_collapsing_live_candidate,64,"F(G(a(b(a(a(_))))),F(G(a(b(b(a(a(_)))))),G(b(b(b(a(a(_))))))))",549,0.0009710695561734553
C_collapsing_live_candidate,64,"F(F(G(a(a(a(b(b(_)))))),G(b(a(a(b(b(_))))))),G(b(a(b(b(_))))))",511,0.0009038552699537991
C_collapsing_live_candidate,64,"F(G(a(a(a(a(_))))),F(G(a(b(a(a(a(_)))))),G(b(b(a(a(a(_))))))))",508,0.0008985488789364578
C_collapsing_live_candidate,64,"F(G(a(a(b(a(_))))),F(G(a(b(a(b(a(_)))))),G(b(b(a(b(a(_))))))))",506,0.0008950112849248969
C_collapsing_live_candidate,64,"F(G(a(b(b(a(_))))),F(G(a(b(b(b(a(_)))))),G(b(b(b(b(a(_))))))))",506,0.0008950112849248969
C_collapsing_live_candidate,64,"F(G(a(b(a(b(_))))),F(G(a(b(b(a(b(_)))))),G(b(b(b(a(b(_))))))))",502,0.0008879360969017752
C_collapsing_live_candidate,64,"F(F(G(a(a(a(b(a(_)))))),G(b(a(a(b(a(_))))))),G(b(a(b(a(_))))))",497,0.000879092111872873
C_collapsing_live_candidate,64,"F(G(a(b(b(b(a(a(_))))))),G(b(b(b(b(a(a(_))))))))",496,0.0008773233148670926
C_collapsing_live_candidate,64,"F(G(a(a(b(b(_))))),F(G(a(b(a(b(b(_)))))),G(b(b(a(b(b(_))))))))",495,0.0008755545178613122
C_collapsing_live_candidate,64,"F(F(G(a(a(b(a(a(_)))))),G(b(a(b(a(a(_))))))),G(b(b(a(a(_))))))",493,0.0008720169238497513
C_collapsing_live_candidate,64,"F(F(G(a(a(b(a(b(_)))))),G(b(a(b(a(b(_))))))),G(b(b(a(b(_))))))",492,0.0008702481268439709
C_collapsing_live_candidate,64,"F(G(a(a(b(b(a(a(_))))))),G(b(a(b(b(a(a(_))))))))",490,0.0008667105328324101
C_collapsing_live_candidate,64,"F(F(G(a(a(a(a(a(_)))))),G(b(a(a(a(a(_))))))),G(b(a(a(a(_))))))",488,0.0008631729388208491
C_collapsing_live_candidate,128,"F(G(a(_)),G(b(_)))",20000,0.03538025816974386
C_collapsing_live_candidate,128,G(_),9992,0.017675976981604034
C_collapsing_live_candidate,128,"F(G(a(a(_))),G(b(a(_))))",7854,0.013893827383258416
C_collapsing_live_candidate,128,"F(G(a(b(_))),G(b(b(_))))",7697,0.013616092356625926
C_collapsing_live_candidate,128,G(a(_)),6784,0.01200098357117712
C_collapsing_live_candidate,128,G(b(_)),6502,0.01150212193098373
C_collapsing_live_candidate,128,"F(G(a(_)),F(G(a(b(_))),G(b(b(_)))))",5095,0.00901312076874225
C_collapsing_live_candidate,128,"F(F(G(a(a(_))),G(b(a(_)))),G(b(_)))",4976,0.008802608232632273
C_collapsing_live_candidate,128,"F(G(a(b(b(_)))),G(b(b(b(_)))))",3749,0.0066320293939184875
C_collapsing_live_candidate,128,"F(G(a(b(a(_)))),G(b(b(a(_)))))",3715,0.006571882955029923
C_collapsing_live_candidate,128,"F(G(a(a(a(_)))),G(b(a(a(_)))))",3679,0.006508198490324384
C_collapsing_live_candidate,128,"F(G(a(a(b(_)))),G(b(a(b(_)))))",3585,0.006341911276926588
C_collapsing_live_candidate,128,G(b(b(_))),3161,0.005591849803728018
C_collapsing_live_candidate,128,G(b(a(_))),3127,0.005531703364839454
C_collapsing_live_candidate,128,G(a(a(_))),3107,0.0054963231066697095
C_collapsing_live_candidate,128,G(a(b(_))),3015,0.005333573919088888
C_collapsing_live_candidate,128,"F(F(G(a(a(a(_)))),G(b(a(a(_))))),G(b(a(_))))",2164,0.0038281439339662863
C_collapsing_live_candidate,128,"F(G(a(a(_))),F(G(a(b(a(_)))),G(b(b(a(_))))))",2072,0.0036653947463854645
C_collapsing_live_candidate,128,"F(G(a(b(_))),F(G(a(b(b(_)))),G(b(b(b(_))))))",2045,0.00361763139785631
C_collapsing_live_candidate,128,"F(F(G(a(a(b(_)))),G(b(a(b(_))))),G(b(b(_))))",2031,0.0035928652171374896
C_collapsing_live_candidate,128,"F(G(a(a(b(b(_))))),G(b(a(b(b(_))))))",1872,0.0033115921646880257
C_collapsing_live_candidate,128,"F(G(a(a(a(a(_))))),G(b(a(a(a(_))))))",1865,0.0032992090743286153
C_collapsing_live_candidate,128,"F(G(a(b(b(a(_))))),G(b(b(b(a(_))))))",1836,0.003247907699982487
C_collapsing_live_candidate,128,"F(G(a(b(a(b(_))))),G(b(b(a(b(_))))))",1819,0.0032178344805382044
C_collapsing_live_candidate,128,"F(G(a(b(b(b(_))))),G(b(b(b(b(_))))))",1794,0.003173609157826025
C_collapsing_live_candidate,128,"F(G(a(a(b(a(_))))),G(b(a(b(a(_))))))",1766,0.003124076796388383
C_collapsing_live_candidate,128,"F(G(a(b(a(a(_))))),G(b(b(a(a(_))))))",1747,0.0030904655511271267
C_collapsing_live_candidate,128,"F(G(a(a(a(b(_))))),G(b(a(a(b(_))))))",1724,0.003049778254231921
C_collapsing_live_candidate,128,G(a(b(b(_)))),1580,0.002795040395409765
C_collapsing_live_candidate,128,G(a(a(a(_)))),1566,0.002770274214690945
C_collapsing_live_candidate,128,G(b(b(a(_)))),1542,0.002727817904887252
C_collapsing_live_candidate,128,G(b(a(b(_)))),1522,0.002692437646717508
C_collapsing_live_candidate,128,G(b(b(b(_)))),1507,0.0026659024530902003
C_collapsing_live_candidate,128,G(a(b(a(_)))),1500,0.00265351936273079
C_collapsing_live_candidate,128,G(b(a(a(_)))),1473,0.002605756014201636
C_collapsing_live_candidate,128,G(a(a(b(_)))),1453,0.0025703757560318918
C_collapsing_live_candidate,128,"F(F(G(a(a(_))),G(b(a(_)))),F(G(a(b(_))),G(b(b(_)))))",1447,0.0025597616785809686
C_collapsing_live_candidate,128,"F(G(a(b(b(_)))),F(G(a(b(b(b(_))))),G(b(b(b(b(_)))))))",1029,0.0018203142828333218
C_collapsing_live_candidate,128,"F(F(G(a(a(b(a(_))))),G(b(a(b(a(_)))))),G(b(b(a(_)))))",1012,0.0017902410633890396
C_collapsing_live_candidate,128,"F(F(G(a(a(a(a(_))))),G(b(a(a(a(_)))))),G(b(a(a(_)))))",1010,0.0017867030375720652
C_collapsing_live_candidate,128,"F(G(a(b(a(_)))),F(G(a(b(b(a(_))))),G(b(b(b(a(_)))))))",1003,0.0017743199472126548
C_collapsing_live_candidate,128,"F(F(G(a(a(b(b(_))))),G(b(a(b(b(_)))))),G(b(b(b(_)))))",1002,0.0017725509343041676
C_collapsing_live_candidate,128,"F(G(a(a(a(_)))),F(G(a(b(a(a(_))))),G(b(b(a(a(_)))))))",989,0.0017495537664938342
C_collapsing_live_candidate,128,"F(G(a(a(b(b(a(_)))))),G(b(a(b(b(a(_)))))))",976,0.0017265565986835005
C_collapsing_live_candidate,128,"F(G(a(b(a(a(a(_)))))),G(b(b(a(a(a(_)))))))",962,0.00170179041796468
C_collapsing_live_candidate,128,"F(F(G(a(a(a(b(_))))),G(b(a(a(b(_)))))),G(b(a(b(_)))))",962,0.00170179041796468
C_collapsing_live_candidate,128,"F(G(a(a(b(_)))),F(G(a(b(a(b(_))))),G(b(b(a(b(_)))))))",956,0.0016911763405137567
C_collapsing_live_candidate,128,"F(G(a(a(b(b(b(_)))))),G(b(a(b(b(b(_)))))))",945,0.0016717171985203977
C_collapsing_live_candidate,128,"F(G(a(a(a(b(b(_)))))),G(b(a(a(b(b(_)))))))",933,0.0016504890436185513
C_collapsing_live_candidate,128,"F(G(a(b(a(b(b(_)))))),G(b(b(a(b(b(_)))))))",930,0.0016451820048930896
C_collapsing_live_candidate,128,"F(G(a(b(b(a(a(_)))))),G(b(b(b(a(a(_)))))))",920,0.0016274918758082178
C_collapsing_live_candidate,128,"F(G(a(a(a(a(a(_)))))),G(b(a(a(a(a(_)))))))",919,0.0016257228628997306
C_collapsing_live_candidate,128,"F(G(a(b(b(b(a(_)))))),G(b(b(b(b(a(_)))))))",917,0.0016221848370827562
C_collapsing_live_candidate,128,"F(G(a(a(a(b(a(_)))))),G(b(a(a(b(a(_)))))))",909,0.0016080327338148586
C_collapsing_live_candidate,128,"F(G(a(a(b(a(b(_)))))),G(b(a(b(a(b(_)))))))",906,0.001602725695089397
C_collapsing_live_candidate,128,"F(G(a(b(a(b(a(_)))))),G(b(b(a(b(a(_)))))))",895,0.001583266553096038
C_collapsing_live_candidate,128,"F(G(a(b(b(b(b(_)))))),G(b(b(b(b(b(_)))))))",892,0.0015779595143705764
C_collapsing_live_candidate,128,"F(G(a(b(b(a(b(_)))))),G(b(b(b(a(b(_)))))))",883,0.0015620383981941916
C_collapsing_live_candidate,128,"F(G(a(b(a(a(b(_)))))),G(b(b(a(a(b(_)))))))",874,0.001546117282017807
C_collapsing_live_candidate,128,"F(G(a(a(b(a(a(_)))))),G(b(a(b(a(a(_)))))))",874,0.001546117282017807
C_collapsing_live_candidate,128,"F(G(a(a(a(a(b(_)))))),G(b(a(a(a(b(_)))))))",858,0.0015178130754820117
C_collapsing_live_candidate,128,"F(G(a(a(_))),G(b(_)))",852,0.0015071989980310887
C_collapsing_live_candidate,128,"F(G(a(_)),G(b(b(_))))",829,0.0014665117011358833
C_collapsing_live_candidate,128,"F(G(a(_)),G(a(b(_))))",819,0.0014488215720510113
C_collapsing_live_candidate,128,G(a(b(b(a(_))))),817,0.0014452835462340368
C_collapsing_live_candidate,128,"F(G(b(a(_))),G(b(_)))",806,0.0014258244042406778
C_collapsing_live_candidate,128,G(a(b(b(b(_))))),799,0.0014134413138812674
C_collapsing_live_candidate,128,G(b(a(a(a(_))))),797,0.001409903288064293
C_collapsing_live_candidate,128,G(b(a(b(b(_))))),790,0.0013975201977048826
C_collapsing_live_candidate,128,G(b(b(a(a(_))))),781,0.001381599081528498
C_collapsing_live_candidate,128,G(a(a(b(b(_))))),777,0.0013745230298945492
C_collapsing_live_candidate,128,G(a(a(a(a(_))))),775,0.0013709850040775748
C_collapsing_live_candidate,128,G(b(b(b(a(_))))),759,0.0013426807975417798
C_collapsing_live_candidate,128,G(a(a(b(a(_))))),756,0.0013373737588163181
C_collapsing_live_candidate,128,G(a(b(a(b(_))))),751,0.0013285286942738821
C_collapsing_live_candidate,128,"F(G(a(_)),F(G(a(b(_))),F(G(a(b(b(_)))),G(b(b(b(_)))))))",751,0.0013285286942738821
C_collapsing_live_candidate,128,G(b(a(a(b(_))))),751,0.0013285286942738821
C_collapsing_live_candidate,128,G(b(b(b(b(_))))),739,0.0013073005393720357
C_collapsing_live_candidate,128,G(b(a(b(a(_))))),736,0.0013019935006465743
C_collapsing_live_candidate,128,G(a(b(a(a(_))))),735,0.0013002244877380871
C_collapsing_live_candidate,128,G(b(b(a(b(_))))),720,0.001273689294110779
C_collapsing_live_candidate,128,G(a(a(a(b(_))))),710,0.0012559991650259073
C_collapsing_live_candidate,128,"F(F(G(a(a(_))),F(G(a(b(a(_)))),G(b(b(a(_)))))),G(b(_)))",706,0.0012489231133919585
C_collapsing_live_candidate,128,"F(F(F(G(a(a(a(_)))),G(b(a(a(_))))),G(b(a(_)))),G(b(_)))",688,0.001217080881039189
C_collapsing_live_candidate,128,"F(G(a(_)),F(F(G(a(a(b(_)))),G(b(a(b(_))))),G(b(b(_)))))",667,0.001179931609960958
C_collapsing_live_candidate,128,"F(F(G(a(a(a(_)))),G(b(a(a(_))))),F(G(a(b(a(_)))),G(b(b(a(_))))))",627,0.0011091710936214701
C_collapsing_live_candidate,128,"F(F(G(a(a(b(_)))),G(b(a(b(_))))),F(G(a(b(b(_)))),G(b(b(b(_))))))",563,0.0009959542674782898
C_collapsing_live_candidate,128,"F(G(a(b(a(b(_))))),F(G(a(b(b(a(b(_)))))),G(b(b(b(a(b(_))))))))",535,0.0009464219060406483
C_collapsing_live_candidate,128,"F(G(a(a(b(b(_))))),F(G(a(b(a(b(b(_)))))),G(b(b(a(b(b(_))))))))",526,0.0009305007898642636
C_collapsing_live_candidate,128,"F(G(a(a(a(a(_))))),F(G(a(b(a(a(a(_)))))),G(b(b(a(a(a(_))))))))",509,0.0009004275704199814
C_collapsing_live_candidate,128,"F(G(a(b(b(a(_))))),F(G(a(b(b(b(a(_)))))),G(b(b(b(b(a(_))))))))",500,0.0008845064542435966
C_collapsing_live_candidate,128,"F(G(a(b(a(b(b(a(_))))))),G(b(b(a(b(b(a(_))))))))",496,0.0008774304026096479
C_collapsing_live_candidate,128,"F(G(a(b(b(b(_))))),F(G(a(b(b(b(b(_)))))),G(b(b(b(b(b(_))))))))",491,0.0008685853380672119
C_collapsing_live_candidate,128,"F(F(G(a(a(a(b(b(_)))))),G(b(a(a(b(b(_))))))),G(b(a(b(b(_))))))",489,0.0008650473122502375
C_collapsing_live_candidate,128,"F(F(G(a(a(b(b(a(_)))))),G(b(a(b(b(a(_))))))),G(b(b(b(a(_))))))",489,0.0008650473122502375
C_collapsing_live_candidate,128,"F(G(a(a(a(a(b(a(_))))))),G(b(a(a(a(b(a(_))))))))",486,0.0008597402735247759
C_collapsing_live_candidate,128,"F(G(a(a(b(a(_))))),F(G(a(b(a(b(a(_)))))),G(b(b(a(b(a(_))))))))",485,0.0008579712606162888
C_collapsing_live_candidate,128,"F(G(a(a(b(a(b(a(_))))))),G(b(a(b(a(b(a(_))))))))",484,0.0008562022477078016
C_collapsing_live_candidate,128,"F(G(a(b(a(a(b(b(_))))))),G(b(b(a(a(b(b(_))))))))",483,0.0008544332347993144
C_collapsing_live_candidate,128,"F(F(G(a(a(b(a(b(_)))))),G(b(a(b(a(b(_))))))),G(b(b(a(b(_))))))",483,0.0008544332347993144
D_structured_live_candidate,1,"choose(lemma(compose(_,_,_)),lemma(step(_,_)))",10117,0.252925
D_structured_live_candidate,1,"lemma(choose(compose(_,_,_),step(_,_)))",9883,0.247075
D_structured_live_candidate,1,"lemma(step(_,_))",3476,0.0869
D_structured_live_candidate,1,"lemma(compose(_,_,_))",3327,0.083175
D_structured_live_candidate,1,"cached(choose(compose(_,_,_),step(_,_)))",1986,0.04965
D_structured_live_candidate,1,"choose(compose(_,_,_),step(_,_))",1972,0.0493
D_structured_live_candidate,1,"lemma(choose(step(_,step(_,_)),step(_,_)))",1971,0.049275
D_structured_live_candidate,1,"choose(compose(_,_,_),lemma(step(_,_)))",1501,0.037525
D_structured_live_candidate,1,"choose(lemma(compose(_,_,_)),step(_,_))",1495,0.037375
D_structured_live_candidate,1,"choose(lemma(step(_,step(_,_))),lemma(step(_,_)))",1438,0.03595
D_structured_live_candidate,1,"choose(cached(compose(_,_,_)),lemma(step(_,_)))",1420,0.0355
D_structured_live_candidate,1,"choose(lemma(compose(_,_,_)),cached(step(_,_)))",1414,0.03535
D_structured_live_candidate,2,"lemma(choose(compose(_,_,_),step(_,_)))",10103,0.16838333333333333
D_structured_live_candidate,2,"choose(lemma(compose(_,_,_)),lemma(step(_,_)))",9897,0.16495
D_structured_live_candidate,2,"lemma(step(_,_))",4674,0.0779
D_structured_live_candidate,2,"lemma(compose(_,_,_))",3944,0.06573333333333334
D_structured_live_candidate,2,"choose(compose(_,_,_),step(_,_))",3120,0.052
D_structured_live_candidate,2,"step(_,_)",2724,0.0454
D_structured_live_candidate,2,"cached(step(_,_))",2445,0.04075
D_structured_live_candidate,2,"compose(_,_,_)",2072,0.03453333333333333
D_structured_live_candidate,2,"cached(choose(compose(_,_,_),step(_,_)))",2045,0.034083333333333334
D_structured_live_candidate,2,"lemma(choose(step(_,step(_,_)),step(_,_)))",2026,0.03376666666666667
D_structured_live_candidate,2,"lemma(step(_,step(_,_)))",1914,0.0319
D_structured_live_candidate,2,"cached(compose(_,_,_))",1839,0.03065
D_structured_live_candidate,2,"choose(compose(_,_,_),lemma(step(_,_)))",1658,0.027633333333333333
D_structured_live_candidate,2,"choose(lemma(compose(_,_,_)),step(_,_))",1646,0.027433333333333334
D_structured_live_candidate,2,"choose(cached(compose(_,_,_)),lemma(step(_,_)))",1441,0.024016666666666665
D_structured_live_candidate,2,"choose(lemma(step(_,step(_,_))),lemma(step(_,_)))",1423,0.023716666666666667
D_structured_live_candidate,2,"choose(lemma(compose(_,_,_)),cached(step(_,_)))",1376,0.022933333333333333
D_structured_live_candidate,2,"choose(step(_,step(_,_)),step(_,_))",1184,0.019733333333333332
D_structured_live_candidate,2,"cached(choose(step(_,step(_,_)),step(_,_)))",1018,0.016966666666666668
D_structured_live_candidate,2,"choose(cached(compose(_,_,_)),step(_,_))",526,0.008766666666666667
D_structured_live_candidate,2,"choose(compose(_,_,_),cached(step(_,_)))",514,0.008566666666666667
D_structured_live_candidate,2,"choose(step(_,step(_,_)),lemma(step(_,_)))",512,0.008533333333333334
D_structured_live_candidate,2,"choose(cached(compose(_,_,_)),cached(step(_,_)))",496,0.008266666666666667
D_structured_live_candidate,2,"choose(lemma(step(_,step(_,_))),step(_,_))",489,0.00815
D_structured_live_candidate,2,"choose(lemma(step(_,step(_,_))),cached(step(_,_)))",466,0.0077666666666666665
D_structured_live_candidate,2,"choose(cached(step(_,step(_,_))),lemma(step(_,_)))",448,0.007466666666666667
D_structured_live_candidate,4,"choose(lemma(compose(_,_,_)),lemma(step(_,_)))",10042,0.11604553071011729
D_structured_live_candidate,4,"lemma(choose(compose(_,_,_),step(_,_)))",9958,0.11507482521523082
D_structured_live_candidate,4,"step(_,_)",9301,0.10748252152308314
D_structured_live_candidate,4,"step(_,step(_,_))",8484,0.09804125498353268
D_structured_live_candidate,4,"lemma(step(_,_))",5043,0.05827699774657653
D_structured_live_candidate,4,"compose(_,_,_)",4079,0.04713699659097475
D_structured_live_candidate,4,"cached(step(_,_))",4053,0.0468365401282718
D_structured_live_candidate,4,"lemma(compose(_,_,_))",4010,0.0463396313630323
D_structured_live_candidate,4,"choose(compose(_,_,_),step(_,_))",3554,0.04107008724793436
D_structured_live_candidate,4,"cached(step(_,step(_,_)))",2868,0.03314265903969492
D_structured_live_candidate,4,"choose(step(_,step(_,_)),step(_,_))",2599,0.03003409025249899
D_structured_live_candidate,4,"cached(compose(_,_,_))",2416,0.027919338995782052
D_structured_live_candidate,4,"lemma(step(_,step(_,_)))",2266,0.026185936326341943
D_structured_live_candidate,4,"lemma(choose(step(_,step(_,_)),step(_,_)))",1966,0.02271913098746172
D_structured_live_candidate,4,"cached(choose(compose(_,_,_),step(_,_)))",1945,0.022476454613740104
D_structured_live_candidate,4,"choose(compose(_,_,_),lemma(step(_,_)))",1722,0.019899462645172474
D_structured_live_candidate,4,"choose(lemma(compose(_,_,_)),step(_,_))",1691,0.019541226093488184
D_structured_live_candidate,4,"choose(lemma(step(_,step(_,_))),lemma(step(_,_)))",1419,0.01639798925290345
D_structured_live_candidate,4,"choose(cached(compose(_,_,_)),lemma(step(_,_)))",1415,0.01635176518171838
D_structured_live_candidate,4,"choose(lemma(compose(_,_,_)),cached(step(_,_)))",1384,0.01599352863003409
D_structured_live_candidate,4,"cached(choose(step(_,step(_,_)),step(_,_)))",996,0.011509793725082337
D_structured_live_candidate,4,"choose(step(_,step(_,_)),lemma(step(_,_)))",700,0.008089212457387184
D_structured_live_candidate,4,"choose(cached(compose(_,_,_)),step(_,_))",693,0.008008320332813313
D_structured_live_candidate,4,"choose(compose(_,_,_),cached(step(_,_)))",689,0.007962096261628243
D_structured_live_candidate,4,"choose(lemma(step(_,step(_,_))),step(_,_))",618,0.007141618998093257
D_structured_live_candidate,4,"choose(cached(step(_,step(_,_))),step(_,_))",501,0.00578956491592997
D_structured_live_candidate,4,"choose(step(_,step(_,_)),cached(step(_,_)))",489,0.005650892702374762
D_structured_live_candidate,4,"choose(lemma(step(_,step(_,_))),cached(step(_,_)))",464,0.005361992257468077
D_structured_live_candidate,4,"choose(cached(step(_,step(_,_))),lemma(step(_,_)))",463,0.005350436239671809
D_structured_live_candidate,4,"choose(cached(compose(_,_,_)),cached(step(_,_)))",445,0.005142427919338996
D_structured_live_candidate,4,"choose(cached(step(_,step(_,_))),cached(step(_,_)))",262,0.0030276766626220605
D_structured_live_candidate,8,"lemma(choose(compose(_,_,_),step(_,_)))",10048,0.11287731556893627
D_structured_live_candidate,8,"step(_,_)",10020,0.11256276890930945
D_structured_live_candidate,8,"step(_,step(_,_))",9980,0.11211341653841402
D_structured_live_candidate,8,"choose(lemma(compose(_,_,_)),lemma(step(_,_)))",9952,0.1117988698787872
D_structured_live_candidate,8,"lemma(step(_,_))",5108,0.05738229776334857
D_structured_live_candidate,8,"cached(step(_,_))",4163,0.04676634800094364
D_structured_live_candidate,8,"compose(_,_,_)",4140,0.04650797038767876
D_structured_live_candidate,8,"lemma(compose(_,_,_))",4031,0.045283485176988665
D_structured_live_candidate,8,"choose(compose(_,_,_),step(_,_))",3494,0.03925092959771729
D_structured_live_candidate,8,"cached(step(_,step(_,_)))",3016,0.0338811687655167
D_structured_live_candidate,8,"choose(step(_,step(_,_)),step(_,_))",2585,0.02903939696911826
D_structured_live_candidate,8,"lemma(step(_,step(_,_)))",2349,0.02638821798083512
D_structured_live_candidate,8,"cached(compose(_,_,_))",2331,0.02618600941393217
D_structured_live_candidate,8,"lemma(choose(step(_,step(_,_)),step(_,_)))",2019,0.022681060920947686
D_structured_live_candidate,8,"cached(choose(compose(_,_,_),step(_,_)))",1932,0.021703719514250087
D_structured_live_candidate,8,"choose(lemma(compose(_,_,_)),step(_,_))",1698,0.019075008144511723
D_structured_live_candidate,8,"choose(compose(_,_,_),lemma(step(_,_)))",1659,0.01863688958288866
D_structured_live_candidate,8,"choose(cached(compose(_,_,_)),lemma(step(_,_)))",1467,0.016479998202590516
D_structured_live_candidate,8,"choose(lemma(step(_,step(_,_))),lemma(step(_,_)))",1382,0.015525124414437692
D_structured_live_candidate,8,"choose(lemma(compose(_,_,_)),cached(step(_,_)))",1366,0.015345383466079512
D_structured_live_candidate,8,"cached(choose(step(_,step(_,_)),step(_,_)))",978,0.010986665468393678
D_structured_live_candidate,8,"choose(step(_,step(_,_)),lemma(step(_,_)))",703,0.00789736791848748
D_structured_live_candidate,8,"choose(lemma(step(_,step(_,_))),step(_,_))",684,0.0076839255423121425
D_structured_live_candidate,8,"choose(cached(compose(_,_,_)),step(_,_))",672,0.007549119831043508
D_structured_live_candidate,8,"choose(compose(_,_,_),cached(step(_,_)))",648,0.007279508408506241
D_structured_live_candidate,8,"choose(cached(step(_,step(_,_))),step(_,_))",522,0.005864048440185583
D_structured_live_candidate,8,"choose(cached(step(_,step(_,_))),lemma(step(_,_)))",489,0.005493332734196839
D_structured_live_candidate,8,"choose(step(_,step(_,_)),cached(step(_,_)))",488,0.0054820989249244525
D_structured_live_candidate,8,"choose(cached(compose(_,_,_)),cached(step(_,_)))",416,0.004673264657312648
D_structured_live_candidate,8,"choose(lemma(step(_,step(_,_))),cached(step(_,_)))",414,0.004650797038767876
D_structured_live_candidate,8,"choose(cached(step(_,step(_,_))),cached(step(_,_)))",263,0.0029544918386375635
D_structured_live_candidate,16,"lemma(choose(compose(_,_,_),step(_,_)))",10104,0.1134898348871167
D_structured_live_candidate,16,"step(_,_)",10019,0.11253510052791194
D_structured_live_candidate,16,"step(_,step(_,_))",9981,0.11210827810850275
D_structured_live_candidate,16,"choose(lemma(compose(_,_,_)),lemma(step(_,_)))",9896,0.11115354374929799
D_structured_live_candidate,16,"lemma(step(_,_))",4968,0.05580141525328541
D_structured_live_candidate,16,"compose(_,_,_)",4200,0.04717510951364708
D_structured_live_candidate,16,"cached(step(_,_))",4086,0.04589464225541952
D_structured_live_candidate,16,"lemma(compose(_,_,_))",4006,0.04499606874087386
D_structured_live_candidate,16,"choose(compose(_,_,_),step(_,_))",3631,0.040784005391441086
D_structured_live_candidate,16,"cached(step(_,step(_,_)))",3037,0.03411209704593957
D_structured_live_candidate,16,"choose(step(_,step(_,_)),step(_,_))",2681,0.03011344490621139
D_structured_live_candidate,16,"cached(compose(_,_,_))",2395,0.02690104459171066
D_structured_live_candidate,16,"lemma(step(_,step(_,_)))",2283,0.025643041671346737
D_structured_live_candidate,16,"cached(choose(compose(_,_,_),step(_,_)))",2017,0.022655284735482423
D_structured_live_candidate,16,"lemma(choose(step(_,step(_,_)),step(_,_)))",2008,0.022554195215096034
D_structured_live_candidate,16,"choose(compose(_,_,_),lemma(step(_,_)))",1706,0.019162080197686174
D_structured_live_candidate,16,"choose(lemma(compose(_,_,_)),step(_,_))",1593,0.01789284510839043
D_structured_live_candidate,16,"choose(cached(compose(_,_,_)),lemma(step(_,_)))",1464,0.016443895316185557
D_structured_live_candidate,16,"choose(lemma(compose(_,_,_)),cached(step(_,_)))",1411,0.015848590362799057
D_structured_live_candidate,16,"choose(lemma(step(_,step(_,_))),lemma(step(_,_)))",1356,0.015230821071548916
D_structured_live_candidate,16,"cached(choose(step(_,step(_,_)),step(_,_)))",976,0.010962596877457037
D_structured_live_candidate,16,"choose(compose(_,_,_),cached(step(_,_)))",680,0.0076378748736381
D_structured_live_candidate,16,"choose(cached(compose(_,_,_)),step(_,_))",661,0.0074244636639335055
D_structured_live_candidate,16,"choose(step(_,step(_,_)),lemma(step(_,_)))",659,0.007401999326069864
D_structured_live_candidate,16,"choose(lemma(step(_,step(_,_))),step(_,_))",626,0.00703133775131978
D_structured_live_candidate,16,"choose(step(_,step(_,_)),cached(step(_,_)))",513,0.005762102662024037
D_structured_live_candidate,16,"choose(cached(step(_,step(_,_))),step(_,_))",480,0.005391441087273952
D_structured_live_candidate,16,"choose(cached(compose(_,_,_)),cached(step(_,_)))",449,0.00504324385038751
D_structured_live_candidate,16,"choose(cached(step(_,step(_,_))),lemma(step(_,_)))",447,0.005020779512523868
D_structured_live_candidate,16,"choose(lemma(step(_,step(_,_))),cached(step(_,_)))",441,0.004953386498932944
D_structured_live_candidate,16,"choose(cached(step(_,step(_,_))),cached(step(_,_)))",256,0.002875435246546108
D_structured_live_candidate,32,"lemma(choose(compose(_,_,_),step(_,_)))",10157,0.11390857706800646
D_structured_live_candidate,32,"step(_,_)",10031,0.11249551408577067
D_structured_live_candidate,32,"step(_,step(_,_))",9969,0.11180019738022609
D_structured_live_candidate,32,"choose(lemma(compose(_,_,_)),lemma(step(_,_)))",9843,0.1103871343979903
D_structured_live_candidate,32,"lemma(step(_,_))",4921,0.055187959806208504
D_structured_live_candidate,32,"cached(step(_,_))",4200,0.047102099407859324
D_structured_live_candidate,32,"compose(_,_,_)",4169,0.046754441055087026
D_structured_live_candidate,32,"lemma(compose(_,_,_))",4007,0.044937645792212454
D_structured_live_candidate,32,"choose(compose(_,_,_),step(_,_))",3589,0.04024986542257312
D_structured_live_candidate,32,"cached(step(_,step(_,_)))",3006,0.033711645433339314
D_structured_live_candidate,32,"choose(step(_,step(_,_)),step(_,_))",2677,0.030021980979723667
D_structured_live_candidate,32,"cached(compose(_,_,_))",2342,0.02626502781266822
D_structured_live_candidate,32,"lemma(step(_,step(_,_)))",2301,0.025805221604162928
D_structured_live_candidate,32,"cached(choose(compose(_,_,_),step(_,_)))",2034,0.02281087385609187
D_structured_live_candidate,32,"lemma(choose(step(_,step(_,_)),step(_,_)))",2022,0.022676296429212272
D_structured_live_candidate,32,"choose(lemma(compose(_,_,_)),step(_,_))",1672,0.01875112147855733
D_structured_live_candidate,32,"choose(compose(_,_,_),lemma(step(_,_)))",1586,0.017786649919253543
D_structured_live_candidate,32,"choose(lemma(step(_,step(_,_))),lemma(step(_,_)))",1409,0.015801632872779473
D_structured_live_candidate,32,"choose(cached(compose(_,_,_)),lemma(step(_,_)))",1407,0.015779203301632874
D_structured_live_candidate,32,"choose(lemma(compose(_,_,_)),cached(step(_,_)))",1397,0.015667055445899875
D_structured_live_candidate,32,"cached(choose(step(_,step(_,_)),step(_,_)))",1014,0.011371792571326035
D_structured_live_candidate,32,"choose(cached(compose(_,_,_)),step(_,_))",692,0.007760631616723488
D_structured_live_candidate,32,"choose(compose(_,_,_),cached(step(_,_)))",679,0.00761483940427059
D_structured_live_candidate,32,"choose(lemma(step(_,step(_,_))),step(_,_))",668,0.007491476762964292
D_structured_live_candidate,32,"choose(step(_,step(_,_)),lemma(step(_,_)))",654,0.007334469764938094
D_structured_live_candidate,32,"choose(cached(step(_,step(_,_))),step(_,_))",536,0.006011125067288714
D_structured_live_candidate,32,"choose(cached(compose(_,_,_)),cached(step(_,_)))",490,0.005495244930916921
D_structured_live_candidate,32,"choose(cached(step(_,step(_,_))),lemma(step(_,_)))",473,0.0053045935761708235
D_structured_live_candidate,32,"choose(step(_,step(_,_)),cached(step(_,_)))",469,0.005259734433877624
D_structured_live_candidate,32,"choose(lemma(step(_,step(_,_))),cached(step(_,_)))",447,0.005013009151265028
D_structured_live_candidate,32,"choose(cached(step(_,step(_,_))),cached(step(_,_)))",307,0.0034429391710030506
D_structured_live_candidate,64,"choose(lemma(compose(_,_,_)),lemma(step(_,_)))",10189,0.1141663025087678
D_structured_live_candidate,64,"step(_,_)",10035,0.11244075431106929
D_structured_live_candidate,64,"step(_,step(_,_))",9965,0.11165641422120631
D_structured_live_candidate,64,"lemma(choose(compose(_,_,_),step(_,_)))",9811,0.1099308660235078
D_structured_live_candidate,64,"lemma(step(_,_))",5085,0.05697670509933107
D_structured_live_candidate,64,"cached(step(_,_))",4149,0.04648895761202057
D_structured_live_candidate,64,"compose(_,_,_)",4123,0.046197631292928615
D_structured_live_candidate,64,"lemma(compose(_,_,_))",3967,0.04444967337837687
D_structured_live_candidate,64,"choose(compose(_,_,_),step(_,_))",3535,0.03960917453807971
D_structured_live_candidate,64,"cached(step(_,step(_,_)))",3010,0.03372662386410748
D_structured_live_candidate,64,"choose(step(_,step(_,_)),step(_,_))",2667,0.029883357423778952
D_structured_live_candidate,64,"lemma(step(_,step(_,_)))",2362,0.02646587560366175
D_structured_live_candidate,64,"cached(compose(_,_,_))",2251,0.02522213631830762
D_structured_live_candidate,64,"lemma(choose(step(_,step(_,_)),step(_,_)))",2000,0.02240971685322756
D_structured_live_candidate,64,"cached(choose(compose(_,_,_),step(_,_)))",1911,0.021412484453258933
D_structured_live_candidate,64,"choose(lemma(compose(_,_,_)),step(_,_))",1688,0.01891380102412406
D_structured_live_candidate,64,"choose(compose(_,_,_),lemma(step(_,_)))",1634,0.018308738669086916
D_structured_live_candidate,64,"choose(cached(compose(_,_,_)),lemma(step(_,_)))",1478,0.016560780754535168
D_structured_live_candidate,64,"choose(lemma(step(_,step(_,_))),lemma(step(_,_)))",1476,0.01653837103768194
D_structured_live_candidate,64,"choose(lemma(compose(_,_,_)),cached(step(_,_)))",1409,0.015787645523098817
D_structured_live_candidate,64,"cached(choose(step(_,step(_,_)),step(_,_)))",1004,0.011249677860320235
D_structured_live_candidate,64,"choose(cached(compose(_,_,_)),step(_,_))",681,0.007630508588523984
D_structured_live_candidate,64,"choose(compose(_,_,_),cached(step(_,_)))",678,0.007596894013244143
D_structured_live_candidate,64,"choose(lemma(step(_,step(_,_))),step(_,_))",673,0.007540869721111074
D_structured_live_candidate,64,"choose(step(_,step(_,_)),lemma(step(_,_)))",640,0.007171109393032819
D_structured_live_candidate,64,"choose(cached(step(_,step(_,_))),lemma(step(_,_)))",537,0.006017008975091599
D_structured_live_candidate,64,"choose(cached(step(_,step(_,_))),step(_,_))",526,0.005893755532398848
D_structured_live_candidate,64,"choose(step(_,step(_,_)),cached(step(_,_)))",501,0.005613634071733504
D_structured_live_candidate,64,"choose(cached(compose(_,_,_)),cached(step(_,_)))",488,0.005467970912187524
D_structured_live_candidate,64,"choose(lemma(step(_,step(_,_))),cached(step(_,_)))",472,0.005288693177361704
D_structured_live_candidate,64,"choose(cached(step(_,step(_,_))),cached(step(_,_)))",302,0.0033838672448373614
D_structured_live_candidate,128,"step(_,step(_,_))",10134,0.11348772621394015
D_structured_live_candidate,128,"choose(lemma(compose(_,_,_)),lemma(step(_,_)))",10133,0.11347652750403153
D_structured_live_candidate,128,"lemma(choose(compose(_,_,_),step(_,_)))",9867,0.110497670668339
D_structured_live_candidate,128,"step(_,_)",9866,0.1104864719584304
D_structured_live_candidate,128,"lemma(step(_,_))",4905,0.05492967210177387
D_structured_live_candidate,128,"compose(_,_,_)",4268,0.047796093889983876
D_structured_live_candidate,128,"cached(step(_,_))",4093,0.04583631965597563
D_structured_live_candidate,128,"lemma(compose(_,_,_))",4020,0.04501881383264648
D_structured_live_candidate,128,"choose(compose(_,_,_),step(_,_))",3468,0.03883712596308905
D_structured_live_candidate,128,"cached(step(_,step(_,_)))",3000,0.03359612972585558
D_structured_live_candidate,128,"choose(step(_,step(_,_)),step(_,_))",2669,0.02988935674610285
D_structured_live_candidate,128,"cached(compose(_,_,_))",2354,0.026361763124888013
D_structured_live_candidate,128,"lemma(step(_,step(_,_)))",2278,0.025510661171833003
D_structured_live_candidate,128,"cached(choose(compose(_,_,_),step(_,_)))",2022,0.02264379143522666
D_structured_live_candidate,128,"lemma(choose(step(_,step(_,_)),step(_,_)))",1955,0.02189347787134922
D_structured_live_candidate,128,"choose(compose(_,_,_),lemma(step(_,_)))",1761,0.019720928149077225
D_structured_live_candidate,128,"choose(lemma(compose(_,_,_)),step(_,_))",1655,0.01853386489876366
D_structured_live_candidate,128,"choose(cached(compose(_,_,_)),lemma(step(_,_)))",1445,0.01618213581795377
D_structured_live_candidate,128,"choose(lemma(step(_,step(_,_))),lemma(step(_,_)))",1439,0.01611494355850206
D_structured_live_candidate,128,"choose(lemma(compose(_,_,_)),cached(step(_,_)))",1432,0.01603655258914173
D_structured_live_candidate,128,"cached(choose(step(_,step(_,_)),step(_,_)))",1016,0.011377889267156424
D_structured_live_candidate,128,"choose(step(_,step(_,_)),lemma(step(_,_)))",707,0.0079174879053933
D_structured_live_candidate,128,"choose(compose(_,_,_),cached(step(_,_)))",690,0.007727109836946784
D_structured_live_candidate,128,"choose(lemma(step(_,step(_,_))),step(_,_))",683,0.007648718867586454
D_structured_live_candidate,128,"choose(cached(compose(_,_,_)),step(_,_))",671,0.007514334348683031
D_structured_live_candidate,128,"choose(step(_,step(_,_)),cached(step(_,_)))",537,0.006013707220928149
D_structured_live_candidate,128,"choose(cached(step(_,step(_,_))),step(_,_))",495,0.005543361404766171
D_structured_live_candidate,128,"choose(cached(step(_,step(_,_))),lemma(step(_,_)))",487,0.005453771725497223
D_structured_live_candidate,128,"choose(cached(compose(_,_,_)),cached(step(_,_)))",480,0.005375380756136893
D_structured_live_candidate,128,"choose(lemma(step(_,step(_,_))),cached(step(_,_)))",472,0.005285791076867945
D_structured_live_candidate,128,"choose(cached(step(_,step(_,_))),cached(step(_,_)))",294,0.003292420713133847
