class_id,label,class_size,valid_pair_count,broken,attack_cost,auc_gns,persistence_k1,persistence_k2,persistence_k3,persistence_k4,operator_diversity,depth_max,dag_diversity,representative
3763d524e609c5a0,representation_only,655,4,False,,1.0,1.0,1.0,1.0,1.0,3,1,268,"Ancestor(N0, N1) || Effect(N0 -> N1) || Reachable(N0, N1)"
60466c6446f76f07,representation_only,639,4,False,,1.0,1.0,1.0,1.0,1.0,3,1,268,"Ancestor(N2, N0) || Effect(N2 -> N0) || Reachable(N2, N0)"
f06dc8aafaee6a0a,representation_only,630,4,False,,1.0,1.0,1.0,1.0,1.0,3,1,274,"Ancestor(N3, N0) || Effect(N3 -> N0) || Reachable(N3, N0)"
41546aa101ee86db,representation_only,629,4,False,,1.0,1.0,1.0,1.0,1.0,3,1,266,"Ancestor(N3, N2) || Effect(N3 -> N2) || Reachable(N3, N2)"
44cb71513a7afb4d,representation_only,627,4,False,,1.0,1.0,1.0,1.0,1.0,3,1,268,"Ancestor(N0, N3) || Effect(N0 -> N3) || Reachable(N0, N3)"
9661609533bdfcb4,representation_only,623,4,False,,1.0,1.0,1.0,1.0,1.0,3,1,254,"Ancestor(N1, N0) || Effect(N1 -> N0) || Reachable(N1, N0)"
9bc6ba0c3dc6afe7,representation_only,613,4,False,,1.0,1.0,1.0,1.0,1.0,3,1,265,"Ancestor(N0, N2) || Effect(N0 -> N2) || Reachable(N0, N2)"
3565b8aaa8bf8450,representation_only,611,4,False,,1.0,1.0,1.0,1.0,1.0,3,1,264,"Ancestor(N2, N3) || Effect(N2 -> N3) || Reachable(N2, N3)"
5961ca3dd5952899,representation_only,587,4,False,,1.0,1.0,1.0,1.0,1.0,3,1,251,"Ancestor(N2, N1) || Effect(N2 -> N1) || Reachable(N2, N1)"
1c190318372b2dbe,representation_only,585,4,False,,1.0,1.0,1.0,1.0,1.0,3,1,248,"Ancestor(N1, N2) || Effect(N1 -> N2) || Reachable(N1, N2)"
57a8c160fd4fd10b,representation_only,556,4,False,,1.0,1.0,1.0,1.0,1.0,3,1,235,"Ancestor(N3, N1) || Effect(N3 -> N1) || Reachable(N3, N1)"
59aedb85463f5af4,representation_only,536,4,False,,1.0,1.0,1.0,1.0,1.0,3,1,233,"Ancestor(N1, N3) || Effect(N1 -> N3) || Reachable(N1, N3)"
48aee7c8bbd92059,representation_only,394,4,False,,1.0,1.0,1.0,1.0,1.0,3,1,194,"Ancestor(N1, N5) || Effect(N1 -> N5) || Reachable(N1, N5)"
f9bba2c615ac1262,representation_only,390,4,False,,1.0,1.0,1.0,1.0,1.0,3,1,197,"Ancestor(N2, N5) || Effect(N2 -> N5) || Reachable(N2, N5)"
801deb2b9ea182d1,representation_only,389,4,False,,1.0,1.0,1.0,1.0,1.0,3,1,187,"Ancestor(N5, N2) || Effect(N5 -> N2) || Reachable(N5, N2)"
62675f7f509bc627,representation_only,384,4,False,,1.0,1.0,1.0,1.0,1.0,3,1,180,"Ancestor(N5, N0) || Effect(N5 -> N0) || Reachable(N5, N0)"
6d6102308ec6a212,representation_only,382,4,False,,1.0,1.0,1.0,1.0,1.0,3,1,188,"Ancestor(N3, N5) || Effect(N3 -> N5) || Reachable(N3, N5)"
01835177404ee03d,representation_only,373,4,False,,1.0,1.0,1.0,1.0,1.0,3,1,174,"Ancestor(N5, N1) || Effect(N5 -> N1) || Reachable(N5, N1)"
5efbd02805d9d21b,representation_only,372,4,False,,1.0,1.0,1.0,1.0,1.0,3,1,180,"Ancestor(N0, N5) || Effect(N0 -> N5) || Reachable(N0, N5)"
bb1b7bc9d74e5bd4,representation_only,372,4,False,,1.0,1.0,1.0,1.0,1.0,3,1,183,"Ancestor(N5, N4) || Effect(N5 -> N4) || Reachable(N5, N4)"
4a1870c1c07b3acf,representation_only,371,4,False,,1.0,1.0,1.0,1.0,1.0,3,1,184,"Ancestor(N5, N3) || Effect(N5 -> N3) || Reachable(N5, N3)"
c343797fefb52184,representation_only,370,4,False,,1.0,1.0,1.0,1.0,1.0,3,1,177,"Ancestor(N4, N1) || Effect(N4 -> N1) || Reachable(N4, N1)"
6ed62e6193bc3040,representation_only,368,4,False,,1.0,1.0,1.0,1.0,1.0,3,1,185,"Ancestor(N2, N4) || Effect(N2 -> N4) || Reachable(N2, N4)"
bcd16b88418b30b5,representation_only,365,4,False,,1.0,1.0,1.0,1.0,1.0,3,1,184,"Ancestor(N4, N2) || Effect(N4 -> N2) || Reachable(N4, N2)"
39f1cf0cb64a3125,representation_only,362,4,False,,1.0,1.0,1.0,1.0,1.0,3,1,177,"Ancestor(N4, N5) || Effect(N4 -> N5) || Reachable(N4, N5)"
5f4862fddb23ab67,representation_only,359,4,False,,1.0,1.0,1.0,1.0,1.0,3,1,174,"Ancestor(N4, N3) || Effect(N4 -> N3) || Reachable(N4, N3)"
8d702122b4da0ead,representation_only,354,4,False,,1.0,1.0,1.0,1.0,1.0,3,1,173,"Ancestor(N1, N4) || Effect(N1 -> N4) || Reachable(N1, N4)"
ef6d17f31b02b012,representation_only,354,4,False,,1.0,1.0,1.0,1.0,1.0,3,1,175,"Ancestor(N0, N4) || Effect(N0 -> N4) || Reachable(N0, N4)"
47042025abe88cbf,representation_only,347,4,False,,1.0,1.0,1.0,1.0,1.0,3,1,165,"Ancestor(N4, N0) || Effect(N4 -> N0) || Reachable(N4, N0)"
5e258fa8c2710ec8,representation_only,344,2,False,,1.0,1.0,1.0,1.0,1.0,1,2,344,P(N2 | do(N1))
a1e49f1c94433d63,representation_only,339,2,False,,1.0,1.0,1.0,1.0,1.0,1,2,339,P(N3 | do(N0))
3100693433eb8c2d,representation_only,338,2,False,,1.0,1.0,1.0,1.0,1.0,1,2,338,P(N2 | do(N3))
a59afeaf3d0749cb,representation_only,336,2,False,,1.0,1.0,1.0,1.0,1.0,1,2,336,P(N0 | do(N2))
1305089c20abcf01,representation_only,334,2,False,,1.0,1.0,1.0,1.0,1.0,1,2,334,P(N0 | do(N1))
bc9c853b1e75c157,representation_only,334,2,False,,1.0,1.0,1.0,1.0,1.0,1,2,334,P(N1 | do(N0))
00d4be19dbcb5225,representation_only,333,4,False,,1.0,1.0,1.0,1.0,1.0,3,1,163,"Ancestor(N3, N4) || Effect(N3 -> N4) || Reachable(N3, N4)"
8d380d339234504a,representation_only,333,2,False,,1.0,1.0,1.0,1.0,1.0,1,2,333,P(N0 | do(N3))
a0b2c1117b29c0f8,representation_only,333,2,False,,1.0,1.0,1.0,1.0,1.0,1,2,333,P(N2 | do(N0))
d09f8b496df512b4,representation_only,333,2,False,,1.0,1.0,1.0,1.0,1.0,1,2,333,P(N3 | do(N2))
53210ae1cecdcf64,representation_only,323,2,False,,1.0,1.0,1.0,1.0,1.0,1,2,323,P(N1 | do(N2))
f21bcd69efbaa656,representation_only,322,2,False,,1.0,1.0,1.0,1.0,1.0,1,2,322,P(N3 | do(N1))
50460cde9bb67eb1,representation_only,310,2,False,,1.0,1.0,1.0,1.0,1.0,1,2,310,P(N1 | do(N3))
7104f16691a5d5bd,representation_only,256,2,False,,1.0,1.0,1.0,1.0,1.0,1,2,256,P(N2 | N0)
18e6d6ef5f48d5f1,representation_only,255,2,False,,1.0,1.0,1.0,1.0,1.0,1,2,255,P(N0 | N2)
f45b62f7e22ed194,representation_only,250,2,False,,1.0,1.0,1.0,1.0,1.0,1,2,250,P(N3 | N2)
61de080f7a72632f,representation_only,246,2,False,,1.0,1.0,1.0,1.0,1.0,1,2,246,P(N1 | N0)
18238c7d4071f241,representation_only,245,2,False,,1.0,1.0,1.0,1.0,1.0,1,2,245,P(N0 | N3)
47deeed507786d18,representation_only,245,2,False,,1.0,1.0,1.0,1.0,1.0,1,2,245,P(N2 | N3)
771831d01716c10e,representation_only,245,2,False,,1.0,1.0,1.0,1.0,1.0,1,2,245,P(N0 | N1)
0c5ca47a06964983,representation_only,243,2,False,,1.0,1.0,1.0,1.0,1.0,1,2,243,P(N3 | N0)
e52a73ec60adcfae,representation_only,236,2,False,,1.0,1.0,1.0,1.0,1.0,1,2,236,P(N5 | do(N1))
a1d78b2c6c71c63e,representation_only,235,2,False,,1.0,1.0,1.0,1.0,1.0,1,2,235,P(N2 | N1)
a9a0cc1d70da7a20,representation_only,234,2,False,,1.0,1.0,1.0,1.0,1.0,1,2,234,P(N3 | do(N4))
ec0211f2e790fff5,representation_only,234,2,False,,1.0,1.0,1.0,1.0,1.0,1,2,234,P(N2 | do(N5))
0b88c10fc68d94f6,representation_only,233,2,False,,1.0,1.0,1.0,1.0,1.0,1,2,233,P(N5 | do(N0))
0a60f33026596983,representation_only,232,2,False,,1.0,1.0,1.0,1.0,1.0,1,5,232,"P(N2 | do(N0), do(N1))"
0effd4a1f26a3c0d,representation_only,232,2,False,,1.0,1.0,1.0,1.0,1.0,1,5,232,"P(N1 | do(N0), do(N2))"
8061f519a055e2f1,representation_only,231,2,False,,1.0,1.0,1.0,1.0,1.0,1,2,231,P(N5 | do(N2))
061d51f8a43f53d2,representation_only,230,2,False,,1.0,1.0,1.0,1.0,1.0,1,2,230,P(N1 | N2)
d5261fa8638ea9f5,representation_only,229,2,False,,1.0,1.0,1.0,1.0,1.0,1,5,229,"P(N2 | do(N1), do(N3))"
1a548869f66c2e7c,representation_only,228,2,False,,1.0,1.0,1.0,1.0,1.0,1,2,228,P(N2 | do(N4))
491ca705673fd562,representation_only,228,2,False,,1.0,1.0,1.0,1.0,1.0,1,2,228,P(N4 | do(N1))
8959232792ca88b1,representation_only,228,2,False,,1.0,1.0,1.0,1.0,1.0,1,2,228,P(N4 | do(N3))
d53de0fdf9ed6571,representation_only,227,2,False,,1.0,1.0,1.0,1.0,1.0,1,5,227,"P(N0 | do(N3), do(N1))"
fdb58ef9a852cbdf,representation_only,227,2,False,,1.0,1.0,1.0,1.0,1.0,1,2,227,P(N1 | do(N4))
3eda75dd3fd8193e,representation_only,226,2,False,,1.0,1.0,1.0,1.0,1.0,1,2,226,P(N0 | do(N5))
6ebac04a743cc80e,representation_only,226,2,False,,1.0,1.0,1.0,1.0,1.0,1,2,226,P(N0 | do(N4))
d92bdf13def8dec0,representation_only,226,2,False,,1.0,1.0,1.0,1.0,1.0,1,5,226,"P(N3 | do(N2), do(N0))"
e0b81fb890105b24,representation_only,226,2,False,,1.0,1.0,1.0,1.0,1.0,1,2,226,P(N4 | do(N5))
62a1047c5866c2f9,representation_only,224,2,False,,1.0,1.0,1.0,1.0,1.0,1,2,224,P(N5 | do(N4))
6b74b81c77ab30a8,representation_only,224,2,False,,1.0,1.0,1.0,1.0,1.0,1,5,224,"P(N2 | do(N1), do(N0))"
85f86af669d48f90,representation_only,224,2,False,,1.0,1.0,1.0,1.0,1.0,1,5,224,"P(N3 | do(N1), do(N2))"
9255006dc40fdc78,representation_only,224,2,False,,1.0,1.0,1.0,1.0,1.0,1,5,224,"P(N0 | do(N2), do(N3))"
a91cd87936d8548d,representation_only,223,2,False,,1.0,1.0,1.0,1.0,1.0,1,5,223,"P(N1 | do(N0), do(N3))"
d622539aadbdefcc,representation_only,223,2,False,,1.0,1.0,1.0,1.0,1.0,1,2,223,P(N5 | do(N3))
ac3d178dae40cba0,representation_only,220,2,False,,1.0,1.0,1.0,1.0,1.0,1,5,220,"P(N2 | do(N3), do(N0))"
57fa86a7b4840e85,representation_only,217,2,False,,1.0,1.0,1.0,1.0,1.0,1,2,217,P(N4 | do(N0))
5e5220eb2a7fab00,representation_only,217,2,False,,1.0,1.0,1.0,1.0,1.0,1,5,217,"P(N3 | do(N2), do(N1))"
d201c023f52bc1c3,representation_only,217,2,False,,1.0,1.0,1.0,1.0,1.0,1,5,217,"P(N0 | do(N3), do(N2))"
5ea08d3f215b4b00,representation_only,216,2,False,,1.0,1.0,1.0,1.0,1.0,1,2,216,P(N4 | do(N2))
90cefc9b766e431f,representation_only,216,2,False,,1.0,1.0,1.0,1.0,1.0,1,4,216,"P(N2 | do(N0), N3)"
a74053cd9fbcdf58,representation_only,216,2,False,,1.0,1.0,1.0,1.0,1.0,1,4,216,"P(N2 | do(N1), N0)"
1459edfd8986a239,representation_only,215,2,False,,1.0,1.0,1.0,1.0,1.0,1,2,215,P(N3 | N1)
3dbce805a0b141a8,representation_only,215,2,False,,1.0,1.0,1.0,1.0,1.0,1,5,215,"P(N0 | do(N2), do(N1))"
54905406f96b37ba,representation_only,215,2,False,,1.0,1.0,1.0,1.0,1.0,1,5,215,"P(N1 | do(N2), do(N0))"
952059cd0404cb5f,representation_only,215,2,False,,1.0,1.0,1.0,1.0,1.0,1,5,215,"P(N3 | do(N0), do(N2))"
cb760f4a09447a8f,representation_only,215,2,False,,1.0,1.0,1.0,1.0,1.0,1,2,215,P(N1 | do(N5))
b3993b8e57f8a169,representation_only,214,2,False,,1.0,1.0,1.0,1.0,1.0,1,5,214,"P(N3 | do(N0), do(N1))"
3e1359b0723bcff4,representation_only,213,2,False,,1.0,1.0,1.0,1.0,1.0,1,2,213,P(N3 | do(N5))
deb58f5ea5753fb1,representation_only,213,2,False,,1.0,1.0,1.0,1.0,1.0,1,4,213,"P(N1 | do(N0), N2)"
1d67abcf23151a94,representation_only,212,2,False,,1.0,1.0,1.0,1.0,1.0,1,5,212,"P(N3 | do(N1), do(N0))"
23d692927ea19a6c,representation_only,212,2,False,,1.0,1.0,1.0,1.0,1.0,1,5,212,"P(N0 | do(N1), do(N3))"
3cdaebde575c5b37,representation_only,212,2,False,,1.0,1.0,1.0,1.0,1.0,1,4,212,"P(N2 | do(N0), N1)"
6820c5d670a6d1b8,representation_only,212,2,False,,1.0,1.0,1.0,1.0,1.0,1,5,212,"P(N2 | do(N0), do(N3))"
ee1b864a704f7369,representation_only,211,2,False,,1.0,1.0,1.0,1.0,1.0,1,5,211,"P(N2 | do(N3), do(N1))"
50435e826defda84,representation_only,209,2,False,,1.0,1.0,1.0,1.0,1.0,1,5,209,"P(N1 | do(N2), do(N3))"
ea9ccc8c09fa75d7,representation_only,207,2,False,,1.0,1.0,1.0,1.0,1.0,1,2,207,P(N1 | N3)
cb94e7d7e1f7d083,representation_only,206,2,False,,1.0,1.0,1.0,1.0,1.0,1,4,206,"P(N0 | do(N2), N3)"
5a84018b7ada0f76,representation_only,205,2,False,,1.0,1.0,1.0,1.0,1.0,1,4,205,"P(N1 | do(N0), N3)"
5af5480f52cf5615,representation_only,204,2,False,,1.0,1.0,1.0,1.0,1.0,1,4,204,"P(N0 | do(N3), N1)"
3d44c118bbff65e9,representation_only,203,2,False,,1.0,1.0,1.0,1.0,1.0,1,5,203,"P(N0 | do(N1), do(N2))"
bd14af00f41da381,representation_only,203,2,False,,1.0,1.0,1.0,1.0,1.0,1,4,203,"P(N2 | do(N1), N3)"
4453fc0896b211ea,representation_only,202,2,False,,1.0,1.0,1.0,1.0,1.0,1,4,202,"P(N0 | do(N1), N3)"
b49119c13665cce9,representation_only,202,2,False,,1.0,1.0,1.0,1.0,1.0,1,4,202,"P(N3 | do(N0), N1)"
3e20939de73aa357,representation_only,201,2,False,,1.0,1.0,1.0,1.0,1.0,1,5,201,"P(N1 | do(N3), do(N2))"
02045ee32d053013,representation_only,197,2,False,,1.0,1.0,1.0,1.0,1.0,1,4,197,"P(N0 | do(N2), N1)"
b480fbcf99aa331c,representation_only,197,4,False,,1.0,1.0,1.0,1.0,1.0,2,3,120,"Blocked(N0, N2 | N1) || Independent(N0, N2 | N1)"
3106fdec81eb7cf2,representation_only,196,2,False,,1.0,1.0,1.0,1.0,1.0,1,4,196,"P(N0 | do(N1), N2)"
a11c2863198aa93b,representation_only,195,2,False,,1.0,1.0,1.0,1.0,1.0,1,4,195,"P(N3 | do(N0), N2)"
cb7d67388749b3b5,representation_only,195,2,False,,1.0,1.0,1.0,1.0,1.0,1,4,195,"P(N0 | do(N3), N2)"
e9fa4024f8762230,representation_only,195,2,False,,1.0,1.0,1.0,1.0,1.0,1,5,195,"P(N1 | do(N3), do(N0))"
2b7f0d4e6e6eae6e,representation_only,194,4,False,,1.0,1.0,1.0,1.0,1.0,2,3,120,"Blocked(N0, N1 | N3) || Independent(N0, N1 | N3)"
4c081c59a3909c3f,representation_only,194,4,False,,1.0,1.0,1.0,1.0,1.0,2,3,119,"Blocked(N2, N0 | N3) || Independent(N2, N0 | N3)"
9ef5790eada8a129,representation_only,194,2,False,,1.0,1.0,1.0,1.0,1.0,1,4,194,"P(N2 | do(N3), N1)"
4b5d05947b62026f,representation_only,193,2,False,,1.0,1.0,1.0,1.0,1.0,1,4,193,"P(N3 | do(N2), N0)"
2b69a96860905434,representation_only,192,4,False,,1.0,1.0,1.0,1.0,1.0,2,3,118,"Blocked(N0, N2 | N3) || Independent(N0, N2 | N3)"
87c14dd4a70303a3,representation_only,192,2,False,,1.0,1.0,1.0,1.0,1.0,1,4,192,"P(N2 | do(N3), N0)"
87e639f5c9ed4c90,representation_only,190,2,False,,1.0,1.0,1.0,1.0,1.0,1,4,190,"P(N3 | do(N1), N0)"
885e0775dbe82fcc,representation_only,190,2,False,,1.0,1.0,1.0,1.0,1.0,1,4,190,"P(N3 | do(N2), N1)"
4499febacc3f222f,representation_only,189,2,False,,1.0,1.0,1.0,1.0,1.0,1,4,189,"P(N3 | do(N1), N2)"
54ef6082de2ef264,representation_only,189,2,False,,1.0,1.0,1.0,1.0,1.0,1,4,189,"P(N1 | do(N2), N0)"
65d48fb1aa39b3e1,representation_only,189,4,False,,1.0,1.0,1.0,1.0,1.0,2,3,115,"Blocked(N2, N1 | N0) || Independent(N2, N1 | N0)"
05894539fcdf4840,representation_only,188,4,False,,1.0,1.0,1.0,1.0,1.0,2,3,115,"Blocked(N2, N3 | N0) || Independent(N2, N3 | N0)"
9b800db4670e2be1,representation_only,187,2,False,,1.0,1.0,1.0,1.0,1.0,1,4,187,"P(N1 | do(N2), N3)"
fcadfa2dbea901bf,representation_only,187,4,False,,1.0,1.0,1.0,1.0,1.0,2,3,116,"Blocked(N0, N3 | N1) || Independent(N0, N3 | N1)"
a16e3db210295541,representation_only,186,4,False,,1.0,1.0,1.0,1.0,1.0,2,3,112,"Blocked(N3, N2 | N0) || Independent(N3, N2 | N0)"
6a2060297152f5d7,representation_only,183,4,False,,1.0,1.0,1.0,1.0,1.0,2,3,111,"Blocked(N1, N0 | N3) || Independent(N1, N0 | N3)"
59a8881b96fb5ada,representation_only,182,2,False,,1.0,1.0,1.0,1.0,1.0,1,4,182,"P(N1 | do(N3), N2)"
5a5194b943ca7fb0,representation_only,181,4,False,,1.0,1.0,1.0,1.0,1.0,2,3,110,"Blocked(N2, N0 | N1) || Independent(N2, N0 | N1)"
9cf1065f26518c10,representation_only,181,4,False,,1.0,1.0,1.0,1.0,1.0,2,3,115,"Blocked(N0, N3 | N2) || Independent(N0, N3 | N2)"
c595b30162c25e08,representation_only,178,4,False,,1.0,1.0,1.0,1.0,1.0,2,3,107,"Blocked(N1, N2 | N0) || Independent(N1, N2 | N0)"
5c765713553f954a,representation_only,175,4,False,,1.0,1.0,1.0,1.0,1.0,3,1,105,"Ancestor(N4, N7) || Effect(N4 -> N7) || Reachable(N4, N7)"
a3de368c5fdff3c3,representation_only,175,4,False,,1.0,1.0,1.0,1.0,1.0,2,3,108,"Blocked(N2, N3 | N1) || Independent(N2, N3 | N1)"
07bc49e1c055f3b2,representation_only,174,2,False,,1.0,1.0,1.0,1.0,1.0,1,4,174,"P(N1 | do(N3), N0)"
749b3152bc4c62b7,representation_only,174,2,False,,1.0,1.0,1.0,1.0,1.0,1,2,174,P(N2 | N5)
68e277f026e4f333,representation_only,173,2,False,,1.0,1.0,1.0,1.0,1.0,1,2,173,P(N5 | N2)
bc0d4043cdbf6ab1,representation_only,172,4,False,,1.0,1.0,1.0,1.0,1.0,2,3,104,"Blocked(N3, N0 | N1) || Independent(N3, N0 | N1)"
25572c9e75be476a,representation_only,171,4,False,,1.0,1.0,1.0,1.0,1.0,2,3,104,"Blocked(N3, N0 | N2) || Independent(N3, N0 | N2)"
218c9377835c7fdd,representation_only,170,4,False,,1.0,1.0,1.0,1.0,1.0,3,1,109,"Ancestor(N6, N4) || Effect(N6 -> N4) || Reachable(N6, N4)"
20441710b6474ee5,representation_only,169,4,False,,1.0,1.0,1.0,1.0,1.0,3,1,102,"Ancestor(N0, N7) || Effect(N0 -> N7) || Reachable(N0, N7)"
33c20b0013778993,representation_only,169,2,False,,1.0,1.0,1.0,1.0,1.0,1,2,169,P(N5 | N4)
ca5a0d4466da3a0f,representation_only,169,4,False,,1.0,1.0,1.0,1.0,1.0,3,1,104,"Ancestor(N6, N2) || Effect(N6 -> N2) || Reachable(N6, N2)"
0d7619ef3e57cb35,representation_only,167,2,False,,1.0,1.0,1.0,1.0,1.0,1,2,167,P(N5 | N1)
16590d791998de04,representation_only,165,4,False,,1.0,1.0,1.0,1.0,1.0,3,1,71,"Ancestor(N1, N3) || Effect(N1 -> N3) || Reachable(N1, N3)"
3b2aba26cd86dc2f,representation_only,165,4,False,,1.0,1.0,1.0,1.0,1.0,2,3,104,"Blocked(N0, N1 | N2) || Independent(N0, N1 | N2)"
e207c9cbf8393e9b,representation_only,165,4,False,,1.0,1.0,1.0,1.0,1.0,3,1,104,"Ancestor(N6, N1) || Effect(N6 -> N1) || Reachable(N6, N1)"
1d7a1ac1513eb48c,representation_only,164,4,False,,1.0,1.0,1.0,1.0,1.0,3,1,103,"Ancestor(N3, N6) || Effect(N3 -> N6) || Reachable(N3, N6)"
27e26d2341e697ad,representation_only,164,4,False,,1.0,1.0,1.0,1.0,1.0,2,3,103,"Blocked(N1, N0 | N2) || Independent(N1, N0 | N2)"
cd253129c9a24d43,representation_only,164,2,False,,1.0,1.0,1.0,1.0,1.0,1,2,164,P(N1 | N4)
d594b4a2418a7382,representation_only,164,4,False,,1.0,1.0,1.0,1.0,1.0,2,3,98,"Blocked(N3, N2 | N1) || Independent(N3, N2 | N1)"
06dfbbfb6d453364,representation_only,163,4,False,,1.0,1.0,1.0,1.0,1.0,3,1,103,"Ancestor(N4, N6) || Effect(N4 -> N6) || Reachable(N4, N6)"
76f1e10c1ce66b59,representation_only,162,2,False,,1.0,1.0,1.0,1.0,1.0,1,2,162,P(N1 | N5)
cb0f642a6861499d,representation_only,162,4,False,,1.0,1.0,1.0,1.0,1.0,2,3,97,"Blocked(N1, N3 | N0) || Independent(N1, N3 | N0)"
e4cf54dbc3cdf299,representation_only,162,4,False,,1.0,1.0,1.0,1.0,1.0,3,1,99,"Ancestor(N6, N5) || Effect(N6 -> N5) || Reachable(N6, N5)"
276ad787af6a299e,representation_only,161,4,False,,1.0,1.0,1.0,1.0,1.0,3,1,107,"Ancestor(N7, N2) || Effect(N7 -> N2) || Reachable(N7, N2)"
8229ab2f44578101,representation_only,161,4,False,,1.0,1.0,1.0,1.0,1.0,2,3,95,"Blocked(N3, N1 | N0) || Independent(N3, N1 | N0)"
069dc362cc83fb7a,representation_only,160,2,False,,1.0,1.0,1.0,1.0,1.0,1,2,160,P(N4 | N3)
141c19060cd9bcd7,representation_only,159,2,False,,1.0,1.0,1.0,1.0,1.0,1,2,159,P(N4 | N1)
2c3ab647caa1215c,representation_only,159,4,False,,1.0,1.0,1.0,1.0,1.0,3,1,103,"Ancestor(N6, N3) || Effect(N6 -> N3) || Reachable(N6, N3)"
4d776f2e423c4353,representation_only,159,2,False,,1.0,1.0,1.0,1.0,1.0,1,2,159,P(N5 | N3)
c98e7ce7bea5dc46,representation_only,159,4,False,,1.0,1.0,1.0,1.0,1.0,2,3,99,"Blocked(N1, N2 | N3) || Independent(N1, N2 | N3)"
d0778f255b2af544,representation_only,159,2,False,,1.0,1.0,1.0,1.0,1.0,1,2,159,P(N4 | N5)
1014ee8f64ca04ec,representation_only,158,2,False,,1.0,1.0,1.0,1.0,1.0,1,2,158,P(N5 | N0)
a75cb0b1f9c7f780,representation_only,158,4,False,,1.0,1.0,1.0,1.0,1.0,3,1,110,"Ancestor(N2, N7) || Effect(N2 -> N7) || Reachable(N2, N7)"
6ec1dde5bf01adde,representation_only,157,2,False,,1.0,1.0,1.0,1.0,1.0,1,2,157,P(N4 | N2)
c9729f40e5f3069d,representation_only,157,2,False,,1.0,1.0,1.0,1.0,1.0,1,2,157,P(N3 | N4)
27046f7fbc9a85cb,representation_only,156,4,False,,1.0,1.0,1.0,1.0,1.0,2,3,96,"Blocked(N3, N1 | N2) || Independent(N3, N1 | N2)"
7b6740531b41e33e,representation_only,156,4,False,,1.0,1.0,1.0,1.0,1.0,3,1,96,"Ancestor(N6, N7) || Effect(N6 -> N7) || Reachable(N6, N7)"
3ab07d974c2c13c9,representation_only,155,2,False,,1.0,1.0,1.0,1.0,1.0,1,2,155,P(N2 | N4)
e29313ae73b8a98a,representation_only,155,4,False,,1.0,1.0,1.0,1.0,1.0,2,3,100,"Blocked(N2, N1 | N3) || Independent(N2, N1 | N3)"
f0fe9658e96aaa33,representation_only,154,4,False,,1.0,1.0,1.0,1.0,1.0,3,1,100,"Ancestor(N7, N1) || Effect(N7 -> N1) || Reachable(N7, N1)"
265c28c7520c434f,representation_only,153,4,False,,1.0,1.0,1.0,1.0,1.0,3,1,101,"Ancestor(N2, N6) || Effect(N2 -> N6) || Reachable(N2, N6)"
857b3c27b5df4d12,representation_only,153,4,False,,1.0,1.0,1.0,1.0,1.0,3,1,63,"Ancestor(N1, N2) || Effect(N1 -> N2) || Reachable(N1, N2)"
749dcca641c13156,representation_only,152,4,False,,1.0,1.0,1.0,1.0,1.0,3,1,100,"Ancestor(N7, N6) || Effect(N7 -> N6) || Reachable(N7, N6)"
78c7835cabe2a424,representation_only,152,4,False,,1.0,1.0,1.0,1.0,1.0,3,1,96,"Ancestor(N7, N4) || Effect(N7 -> N4) || Reachable(N7, N4)"
c657e99ca35a3b1c,representation_only,152,4,False,,1.0,1.0,1.0,1.0,1.0,3,1,103,"Ancestor(N5, N6) || Effect(N5 -> N6) || Reachable(N5, N6)"
d5004a458d5a5de6,representation_only,151,4,False,,1.0,1.0,1.0,1.0,1.0,3,1,97,"Ancestor(N7, N0) || Effect(N7 -> N0) || Reachable(N7, N0)"
4cfe54014cfc790e,representation_only,150,2,False,,1.0,1.0,1.0,1.0,1.0,1,2,150,P(N0 | N5)
ba97020b93362854,representation_only,149,2,False,,1.0,1.0,1.0,1.0,1.0,1,2,149,P(N3 | N5)
c27f06f97add8be0,representation_only,147,2,False,,1.0,1.0,1.0,1.0,1.0,1,2,147,P(N4 | N0)
6b6dd43bb4c3d2bc,representation_only,146,2,False,,1.0,1.0,1.0,1.0,1.0,1,2,146,P(N0 | N4)
a74c3ae53c430b3b,representation_only,146,4,False,,1.0,1.0,1.0,1.0,1.0,2,3,88,"Blocked(N1, N3 | N2) || Independent(N1, N3 | N2)"
d02eaeb87d9b35d8,representation_only,144,4,False,,1.0,1.0,1.0,1.0,1.0,3,1,91,"Ancestor(N6, N0) || Effect(N6 -> N0) || Reachable(N6, N0)"
c35e11d293d91169,representation_only,142,4,False,,1.0,1.0,1.0,1.0,1.0,3,1,103,"Ancestor(N1, N7) || Effect(N1 -> N7) || Reachable(N1, N7)"
53fa109b722d8860,representation_only,141,4,False,,1.0,1.0,1.0,1.0,1.0,3,1,57,"Ancestor(N3, N1) || Effect(N3 -> N1) || Reachable(N3, N1)"
adb6b0bcabeab64f,representation_only,138,4,False,,1.0,1.0,1.0,1.0,1.0,2,6,77,"Blocked(N2, N0 | N1, N3) || Independent(N2, N0 | N1, N3)"
df3aa1cdf382f132,representation_only,138,4,False,,1.0,1.0,1.0,1.0,1.0,3,1,91,"Ancestor(N7, N3) || Effect(N7 -> N3) || Reachable(N7, N3)"
df9dfb656b51ec72,representation_only,138,2,False,,1.0,1.0,1.0,1.0,1.0,1,6,138,"P(N2 | do(N0), N1, N3)"
ec0d746a50f71661,representation_only,136,4,False,,1.0,1.0,1.0,1.0,1.0,3,1,92,"Ancestor(N1, N6) || Effect(N1 -> N6) || Reachable(N1, N6)"
05105ed5b9c8b7e1,representation_only,133,2,False,,1.0,1.0,1.0,1.0,1.0,1,2,133,P(N2 | do(N7))
2944e7104a653621,representation_only,133,4,False,,1.0,1.0,1.0,1.0,1.0,3,1,84,"Ancestor(N5, N7) || Effect(N5 -> N7) || Reachable(N5, N7)"
543eed61464807ec,representation_only,133,4,False,,1.0,1.0,1.0,1.0,1.0,3,1,64,"Ancestor(N1, N2) || Effect(N1 -> N2) || Reachable(N1, N2)"
0f2f893b845d1cf6,representation_only,132,4,False,,1.0,1.0,1.0,1.0,1.0,3,1,55,"Ancestor(N3, N2) || Effect(N3 -> N2) || Reachable(N3, N2)"
36eaf3ea3917a058,representation_only,132,2,False,,1.0,1.0,1.0,1.0,1.0,1,5,132,"P(N0 | do(N5), do(N4))"
aacf1b660b608287,representation_only,131,4,False,,1.0,1.0,1.0,1.0,1.0,2,6,72,"Blocked(N0, N2 | N1, N3) || Independent(N0, N2 | N1, N3)"
08ec7aa12f5a9d83,representation_only,129,2,False,,1.0,1.0,1.0,1.0,1.0,1,2,129,P(N3 | do(N7))
4888e4fe0cd53d6a,representation_only,129,2,False,,1.0,1.0,1.0,1.0,1.0,1,6,129,"P(N3 | do(N0), N1, N2)"
ab7b4b08ede83c0d,representation_only,129,4,False,,1.0,1.0,1.0,1.0,1.0,3,1,84,"Ancestor(N3, N7) || Effect(N3 -> N7) || Reachable(N3, N7)"
d92e8806b74ccd4a,representation_only,129,2,False,,1.0,1.0,1.0,1.0,1.0,1,6,129,"P(N1 | do(N0), N2, N3)"
2560fba0bc93a1cf,representation_only,128,4,False,,1.0,1.0,1.0,1.0,1.0,3,1,56,"Ancestor(N2, N3) || Effect(N2 -> N3) || Reachable(N2, N3)"
3593af66f00142f2,representation_only,128,2,False,,1.0,1.0,1.0,1.0,1.0,1,2,128,P(N7 | do(N3))
39b2afd93581c5bb,representation_only,128,2,False,,1.0,1.0,1.0,1.0,1.0,1,2,128,P(N0 | do(N6))
5065ce10f5436114,representation_only,128,2,False,,1.0,1.0,1.0,1.0,1.0,1,2,128,P(N1 | do(N6))
43218941d64aa8e0,representation_only,127,2,False,,1.0,1.0,1.0,1.0,1.0,1,6,127,"P(N2 | do(N1), N0, N3)"
6f0b9874b0d45a86,representation_only,127,2,False,,1.0,1.0,1.0,1.0,1.0,1,2,127,P(N4 | do(N6))
b31d9ae6ec21ffb7,representation_only,127,2,False,,1.0,1.0,1.0,1.0,1.0,1,2,127,P(N6 | do(N7))
07d6ec22de700779,representation_only,126,4,False,,1.0,1.0,1.0,1.0,1.0,3,1,61,"Ancestor(N2, N1) || Effect(N2 -> N1) || Reachable(N2, N1)"
11d905138b1b186a,representation_only,126,4,False,,1.0,1.0,1.0,1.0,1.0,3,1,55,"Ancestor(N3, N1) || Effect(N3 -> N1) || Reachable(N3, N1)"
078a85e3ddc78640,representation_only,125,2,False,,1.0,1.0,1.0,1.0,1.0,1,2,125,P(N0 | do(N7))
62d60895b47b258a,representation_only,125,2,False,,1.0,1.0,1.0,1.0,1.0,1,5,125,"P(N2 | do(N4), do(N1))"
3fbe1f86d8fcf3bd,representation_only,124,4,False,,1.0,1.0,1.0,1.0,1.0,3,1,59,"Ancestor(N0, N3) || Effect(N0 -> N3) || Reachable(N0, N3)"
6b923a0c168e488b,representation_only,124,2,False,,1.0,1.0,1.0,1.0,1.0,1,2,124,P(N6 | do(N2))
857d7973568d6d75,representation_only,124,2,False,,1.0,1.0,1.0,1.0,1.0,1,2,124,P(N6 | do(N4))
c07918bfa1fe894e,representation_only,124,4,False,,1.0,1.0,1.0,1.0,1.0,3,1,90,"Ancestor(N7, N5) || Effect(N7 -> N5) || Reachable(N7, N5)"
887571efd2a5c81a,representation_only,123,4,False,,1.0,1.0,1.0,1.0,1.0,3,1,85,"Ancestor(N0, N6) || Effect(N0 -> N6) || Reachable(N0, N6)"
0f84d4e97b6e5aa6,representation_only,122,4,False,,1.0,1.0,1.0,1.0,1.0,3,1,53,"Ancestor(N0, N1) || Effect(N0 -> N1) || Reachable(N0, N1)"
395f5e12314263ad,representation_only,122,2,False,,1.0,1.0,1.0,1.0,1.0,1,5,122,"P(N3 | do(N1), do(N4))"
bd08b5afd4100cdf,representation_only,122,2,False,,1.0,1.0,1.0,1.0,1.0,1,5,122,"P(N1 | do(N0), do(N4))"
c042fcbeb35388e1,representation_only,122,2,False,,1.0,1.0,1.0,1.0,1.0,1,5,122,"P(N2 | do(N1), do(N4))"
c27db25ce54c22b5,representation_only,122,4,False,,1.0,1.0,1.0,1.0,1.0,3,1,58,"Ancestor(N3, N0) || Effect(N3 -> N0) || Reachable(N3, N0)"
faf5a5055675342a,representation_only,122,2,False,,1.0,1.0,1.0,1.0,1.0,1,2,122,P(N6 | do(N5))
1a685eb760c42f2d,representation_only,121,2,False,,1.0,1.0,1.0,1.0,1.0,1,2,121,P(N7 | do(N6))
e0fb9578095c1a71,representation_only,121,2,False,,1.0,1.0,1.0,1.0,1.0,1,5,121,"P(N4 | do(N3), do(N5))"
f30de8f6ccdf2d3a,representation_only,121,2,False,,1.0,1.0,1.0,1.0,1.0,1,2,121,P(N5 | do(N6))
4857789f48d884fb,representation_only,120,2,False,,1.0,1.0,1.0,1.0,1.0,1,2,120,P(N7 | do(N4))
54a68425ad800fb7,representation_only,120,2,False,,1.0,1.0,1.0,1.0,1.0,1,6,120,"P(N0 | do(N2), N1, N3)"
5791b0acad463990,representation_only,120,2,False,,1.0,1.0,1.0,1.0,1.0,1,2,120,P(N2 | do(N6))
6b4b9a5e058e86d9,representation_only,120,2,False,,1.0,1.0,1.0,1.0,1.0,1,5,120,"P(N3 | do(N0), do(N4))"
6f278f0d08806579,representation_only,120,2,False,,1.0,1.0,1.0,1.0,1.0,1,6,120,"P(N0 | do(N1), N2, N3)"
091bf0ad75d65bb4,representation_only,119,2,False,,1.0,1.0,1.0,1.0,1.0,1,5,119,"P(N3 | do(N4), do(N1))"
7fca0b221d4df82d,representation_only,119,2,False,,1.0,1.0,1.0,1.0,1.0,1,2,119,P(N4 | do(N7))
8e2c0fa415ccba4f,representation_only,119,4,False,,1.0,1.0,1.0,1.0,1.0,3,1,49,"Ancestor(N2, N1) || Effect(N2 -> N1) || Reachable(N2, N1)"
cf63e254acd519cb,representation_only,119,4,False,,1.0,1.0,1.0,1.0,1.0,3,1,49,"Ancestor(N0, N2) || Effect(N0 -> N2) || Reachable(N0, N2)"
de1ec6ec4fd282ed,representation_only,119,2,False,,1.0,1.0,1.0,1.0,1.0,1,2,119,P(N5 | do(N7))
f289674768fa65af,representation_only,119,2,False,,1.0,1.0,1.0,1.0,1.0,1,5,119,"P(N1 | do(N4), do(N3))"
050088987e60dfbf,representation_only,118,4,False,,1.0,1.0,1.0,1.0,1.0,3,1,61,"Ancestor(N4, N1) || Effect(N4 -> N1) || Reachable(N4, N1)"
4b7081483f0f9d80,representation_only,118,4,False,,1.0,1.0,1.0,1.0,1.0,2,6,65,"Blocked(N2, N3 | N0, N1) || Independent(N2, N3 | N0, N1)"
777bb1fe4c10213d,representation_only,118,2,False,,1.0,1.0,1.0,1.0,1.0,1,2,118,P(N1 | do(N7))
9428d6484a633ced,representation_only,118,2,False,,1.0,1.0,1.0,1.0,1.0,1,5,118,"P(N5 | do(N2), do(N0))"
d2acdf0d788ab530,representation_only,118,2,False,,1.0,1.0,1.0,1.0,1.0,1,5,118,"P(N1 | do(N2), do(N4))"
f8dc1b8fb8226cee,representation_only,118,2,False,,1.0,1.0,1.0,1.0,1.0,1,2,118,P(N7 | do(N2))
018a76962705dd37,representation_only,117,4,False,,1.0,1.0,1.0,1.0,1.0,3,1,57,"Ancestor(N2, N0) || Effect(N2 -> N0) || Reachable(N2, N0)"
4a681fe4b0cd497d,representation_only,117,2,False,,1.0,1.0,1.0,1.0,1.0,1,2,117,P(N7 | do(N1))
82627b49adb24fc2,representation_only,117,2,False,,1.0,1.0,1.0,1.0,1.0,1,6,117,"P(N2 | do(N3), N0, N1)"
9c379f16497a1fcc,representation_only,117,2,False,,1.0,1.0,1.0,1.0,1.0,1,4,117,"P(N2 | do(N5), N4)"
02a6d1331db9e5b5,representation_only,116,2,False,,1.0,1.0,1.0,1.0,1.0,1,5,116,"P(N4 | do(N5), do(N0))"
32630ef4656ab47c,representation_only,116,4,False,,1.0,1.0,1.0,1.0,1.0,2,6,67,"Blocked(N1, N2 | N0, N3) || Independent(N1, N2 | N0, N3)"
61f651ba26bb7ae3,representation_only,116,2,False,,1.0,1.0,1.0,1.0,1.0,1,5,116,"P(N0 | do(N2), do(N4))"
750aca7124f3c40b,representation_only,116,2,False,,1.0,1.0,1.0,1.0,1.0,1,5,116,"P(N4 | do(N0), do(N5))"
7787642c9b00671b,representation_only,116,2,False,,1.0,1.0,1.0,1.0,1.0,1,2,116,P(N6 | do(N3))
7a209e4be61a0a4a,representation_only,116,2,False,,1.0,1.0,1.0,1.0,1.0,1,2,116,P(N3 | do(N6))
9a548e3bd9206aad,representation_only,116,4,False,,1.0,1.0,1.0,1.0,1.0,3,1,56,"Ancestor(N1, N3) || Effect(N1 -> N3) || Reachable(N1, N3)"
e2e01f33e86bf520,representation_only,116,2,False,,1.0,1.0,1.0,1.0,1.0,1,5,116,"P(N5 | do(N1), do(N3))"
19749d53077fd0a7,representation_only,115,2,False,,1.0,1.0,1.0,1.0,1.0,1,2,115,P(N7 | do(N0))
3cb8e25f1e9211c6,representation_only,115,2,False,,1.0,1.0,1.0,1.0,1.0,1,5,115,"P(N3 | do(N0), do(N5))"
76fe4b465499b07c,representation_only,115,2,False,,1.0,1.0,1.0,1.0,1.0,1,5,115,"P(N2 | do(N4), do(N5))"
ad41e02cbafaaaaf,representation_only,115,4,False,,1.0,1.0,1.0,1.0,1.0,2,6,64,"Blocked(N3, N2 | N0, N1) || Independent(N3, N2 | N0, N1)"
b9d4e7d447578b52,representation_only,115,2,False,,1.0,1.0,1.0,1.0,1.0,1,5,115,"P(N1 | do(N0), do(N5))"
c7daf17b48a916d5,representation_only,115,4,False,,1.0,1.0,1.0,1.0,1.0,3,1,58,"Ancestor(N1, N0) || Effect(N1 -> N0) || Reachable(N1, N0)"
2c1342e255ddaa7c,representation_only,114,2,False,,1.0,1.0,1.0,1.0,1.0,1,5,114,"P(N0 | do(N3), do(N5))"
41fcef1e2c990c20,representation_only,114,2,False,,1.0,1.0,1.0,1.0,1.0,1,5,114,"P(N5 | do(N1), do(N4))"
5d1ca8b7c39d1c88,representation_only,114,2,False,,1.0,1.0,1.0,1.0,1.0,1,5,114,"P(N1 | do(N4), do(N0))"
96b2b6066caa702b,representation_only,114,2,False,,1.0,1.0,1.0,1.0,1.0,1,5,114,"P(N4 | do(N1), do(N3))"
e43eb3a316b33037,representation_only,114,2,False,,1.0,1.0,1.0,1.0,1.0,1,5,114,"P(N4 | do(N2), do(N3))"
f130aa9acbd20355,representation_only,114,2,False,,1.0,1.0,1.0,1.0,1.0,1,6,114,"P(N3 | do(N1), N0, N2)"
f5abbb8868a4e852,representation_only,114,2,False,,1.0,1.0,1.0,1.0,1.0,1,5,114,"P(N3 | do(N5), do(N0))"
74d0103e838aa36d,representation_only,113,2,False,,1.0,1.0,1.0,1.0,1.0,1,6,113,"P(N1 | do(N2), N0, N3)"
77b6a1021cf1a462,representation_only,113,4,False,,1.0,1.0,1.0,1.0,1.0,3,1,58,"Ancestor(N3, N1) || Effect(N3 -> N1) || Reachable(N3, N1)"
a36666a1fdfbd6fe,representation_only,113,2,False,,1.0,1.0,1.0,1.0,1.0,1,6,113,"P(N0 | do(N3), N1, N2)"
c956020212186038,representation_only,113,2,False,,1.0,1.0,1.0,1.0,1.0,1,5,113,"P(N0 | do(N4), do(N5))"
de87665367a2b6c2,representation_only,113,2,False,,1.0,1.0,1.0,1.0,1.0,1,5,113,"P(N1 | do(N5), do(N3))"
022ea0865d780b69,representation_only,112,2,False,,1.0,1.0,1.0,1.0,1.0,1,5,112,"P(N5 | do(N0), do(N2))"
20d77ec6974b1f6e,representation_only,112,4,False,,1.0,1.0,1.0,1.0,1.0,2,6,63,"Blocked(N0, N3 | N1, N2) || Independent(N0, N3 | N1, N2)"
4e222580e0f7a6b8,representation_only,112,2,False,,1.0,1.0,1.0,1.0,1.0,1,5,112,"P(N1 | do(N5), do(N2))"
939f964afacaca90,representation_only,112,2,False,,1.0,1.0,1.0,1.0,1.0,1,6,112,"P(N1 | do(N3), N0, N2)"
970d2a69e69e0222,representation_only,112,2,False,,1.0,1.0,1.0,1.0,1.0,1,5,112,"P(N5 | do(N0), do(N3))"
a8faccc412d618f4,representation_only,112,2,False,,1.0,1.0,1.0,1.0,1.0,1,5,112,"P(N3 | do(N4), do(N2))"
c7991651448fa26d,representation_only,112,2,False,,1.0,1.0,1.0,1.0,1.0,1,5,112,"P(N3 | do(N2), do(N4))"
c901173368173056,representation_only,112,2,False,,1.0,1.0,1.0,1.0,1.0,1,5,112,"P(N3 | do(N4), do(N0))"
e4f4f85261586267,representation_only,112,2,False,,1.0,1.0,1.0,1.0,1.0,1,5,112,"P(N4 | do(N5), do(N1))"
f5e02243fe17432c,representation_only,112,4,False,,1.0,1.0,1.0,1.0,1.0,2,6,63,"Blocked(N3, N0 | N1, N2) || Independent(N3, N0 | N1, N2)"
17e289b3c332294d,representation_only,111,4,False,,1.0,1.0,1.0,1.0,1.0,3,1,60,"Ancestor(N0, N1) || Effect(N0 -> N1) || Reachable(N0, N1)"
30cf8098b2047150,representation_only,111,4,False,,1.0,1.0,1.0,1.0,1.0,2,6,62,"Blocked(N2, N1 | N0, N3) || Independent(N2, N1 | N0, N3)"
4435072886c94aa8,representation_only,111,2,False,,1.0,1.0,1.0,1.0,1.0,1,5,111,"P(N1 | do(N5), do(N0))"
78a056287cab4d7a,representation_only,111,2,False,,1.0,1.0,1.0,1.0,1.0,1,5,111,"P(N2 | do(N4), do(N3))"
7dfa1dffc285acf1,representation_only,111,2,False,,1.0,1.0,1.0,1.0,1.0,1,5,111,"P(N0 | do(N5), do(N1))"
9ba73e6751977abb,representation_only,111,2,False,,1.0,1.0,1.0,1.0,1.0,1,5,111,"P(N5 | do(N4), do(N0))"
fc0ef0d63ac6a111,representation_only,111,2,False,,1.0,1.0,1.0,1.0,1.0,1,5,111,"P(N0 | do(N1), do(N4))"
1d0cdf54c289290f,representation_only,110,2,False,,1.0,1.0,1.0,1.0,1.0,1,5,110,"P(N2 | do(N3), do(N5))"
63c9bcc3f1570df4,representation_only,110,2,False,,1.0,1.0,1.0,1.0,1.0,1,5,110,"P(N5 | do(N3), do(N4))"
775d6f86f21aa07e,representation_only,110,2,False,,1.0,1.0,1.0,1.0,1.0,1,5,110,"P(N0 | do(N1), do(N5))"
91e598a8ba5ae552,representation_only,110,2,False,,1.0,1.0,1.0,1.0,1.0,1,5,110,"P(N0 | do(N4), do(N1))"
9a34b24908a2e282,representation_only,110,4,False,,1.0,1.0,1.0,1.0,1.0,3,1,58,"Ancestor(N1, N4) || Effect(N1 -> N4) || Reachable(N1, N4)"
ab9c0e0c3c7a7e6f,representation_only,110,2,False,,1.0,1.0,1.0,1.0,1.0,1,5,110,"P(N5 | do(N2), do(N3))"
b6fb5ff3f4269208,representation_only,110,2,False,,1.0,1.0,1.0,1.0,1.0,1,5,110,"P(N4 | do(N2), do(N0))"
b70200eecba73fae,representation_only,110,2,False,,1.0,1.0,1.0,1.0,1.0,1,5,110,"P(N3 | do(N4), do(N5))"
20ce0fa312bc7124,representation_only,109,2,False,,1.0,1.0,1.0,1.0,1.0,1,5,109,"P(N0 | do(N2), do(N5))"
25218f5687d29274,representation_only,109,2,False,,1.0,1.0,1.0,1.0,1.0,1,5,109,"P(N2 | do(N5), do(N0))"
50abdfca27d73898,representation_only,109,2,False,,1.0,1.0,1.0,1.0,1.0,1,5,109,"P(N4 | do(N1), do(N0))"
693848cfd627416c,representation_only,109,4,False,,1.0,1.0,1.0,1.0,1.0,2,6,62,"Blocked(N1, N0 | N2, N3) || Independent(N1, N0 | N2, N3)"
cb6f9f05f1dba6c8,representation_only,109,2,False,,1.0,1.0,1.0,1.0,1.0,1,4,109,"P(N5 | do(N0), N4)"
e4734377bddbb032,representation_only,109,2,False,,1.0,1.0,1.0,1.0,1.0,1,6,109,"P(N3 | do(N2), N0, N1)"
efe94d049572c238,representation_only,109,2,False,,1.0,1.0,1.0,1.0,1.0,1,4,109,"P(N3 | do(N0), N5)"
03b5f399baaf191a,representation_only,108,2,False,,1.0,1.0,1.0,1.0,1.0,1,5,108,"P(N4 | do(N5), do(N2))"
790deb8b1a58a82f,representation_only,108,2,False,,1.0,1.0,1.0,1.0,1.0,1,5,108,"P(N5 | do(N2), do(N4))"
bba6391b04c1fff7,representation_only,108,2,False,,1.0,1.0,1.0,1.0,1.0,1,5,108,"P(N2 | do(N1), do(N5))"
ce568b41e555c521,representation_only,108,2,False,,1.0,1.0,1.0,1.0,1.0,1,4,108,"P(N4 | do(N1), N0)"
d8730d74142d945a,representation_only,108,4,False,,1.0,1.0,1.0,1.0,1.0,3,1,45,"Ancestor(N2, N0) || Effect(N2 -> N0) || Reachable(N2, N0)"
d91455e75ff999b6,representation_only,108,2,False,,1.0,1.0,1.0,1.0,1.0,1,5,108,"P(N1 | do(N4), do(N2))"
efa738fc4a4ac5cc,representation_only,108,4,False,,1.0,1.0,1.0,1.0,1.0,2,6,63,"Blocked(N1, N3 | N0, N2) || Independent(N1, N3 | N0, N2)"
16c537f56d998e2f,representation_only,107,2,False,,1.0,1.0,1.0,1.0,1.0,1,5,107,"P(N5 | do(N2), do(N1))"
2bd93f4db6bf4ab6,representation_only,107,2,False,,1.0,1.0,1.0,1.0,1.0,1,4,107,"P(N2 | do(N4), N3)"
35c37b63941c7713,representation_only,107,2,False,,1.0,1.0,1.0,1.0,1.0,1,5,107,"P(N5 | do(N0), do(N1))"
3b0fd7ab34ba241e,representation_only,107,2,False,,1.0,1.0,1.0,1.0,1.0,1,4,107,"P(N4 | do(N5), N0)"
3cb21b3cf01fbff1,representation_only,107,2,False,,1.0,1.0,1.0,1.0,1.0,1,5,107,"P(N1 | do(N3), do(N5))"
9625036aa1b90fb6,representation_only,107,2,False,,1.0,1.0,1.0,1.0,1.0,1,5,107,"P(N4 | do(N1), do(N2))"
aca0c0f8f9952ee3,representation_only,107,2,False,,1.0,1.0,1.0,1.0,1.0,1,5,107,"P(N3 | do(N5), do(N1))"
f17ab7314f600b11,representation_only,107,2,False,,1.0,1.0,1.0,1.0,1.0,1,2,107,P(N6 | do(N1))
01c8968fd0f30e16,representation_only,106,2,False,,1.0,1.0,1.0,1.0,1.0,1,5,106,"P(N0 | do(N3), do(N4))"
2484caa5d255d994,representation_only,106,4,False,,1.0,1.0,1.0,1.0,1.0,3,1,53,"Ancestor(N0, N3) || Effect(N0 -> N3) || Reachable(N0, N3)"
3f7e891e8ef49e9d,representation_only,106,2,False,,1.0,1.0,1.0,1.0,1.0,1,4,106,"P(N2 | do(N5), N0)"
64d06954828e13e9,representation_only,106,4,False,,1.0,1.0,1.0,1.0,1.0,3,1,43,"Ancestor(N2, N1) || Effect(N2 -> N1) || Reachable(N2, N1)"
7461cd33e630797b,representation_only,106,2,False,,1.0,1.0,1.0,1.0,1.0,1,5,106,"P(N2 | do(N0), do(N4))"
95924e6eb5919609,representation_only,106,2,False,,1.0,1.0,1.0,1.0,1.0,1,5,106,"P(N4 | do(N0), do(N3))"
a83354d3cedbe160,representation_only,106,2,False,,1.0,1.0,1.0,1.0,1.0,1,4,106,"P(N5 | do(N3), N0)"
1ae4c786afa69918,representation_only,105,2,False,,1.0,1.0,1.0,1.0,1.0,1,5,105,"P(N3 | do(N1), do(N5))"
55596538d4de2784,representation_only,105,2,False,,1.0,1.0,1.0,1.0,1.0,1,4,105,"P(N2 | do(N4), N5)"
60d47367517a5a62,representation_only,105,2,False,,1.0,1.0,1.0,1.0,1.0,1,5,105,"P(N0 | do(N4), do(N2))"
695a9df52153f354,representation_only,105,4,False,,1.0,1.0,1.0,1.0,1.0,3,1,56,"Ancestor(N0, N2) || Effect(N0 -> N2) || Reachable(N0, N2)"
9d8a4262ca9cfd4f,representation_only,105,2,False,,1.0,1.0,1.0,1.0,1.0,1,4,105,"P(N1 | do(N4), N0)"
aec33b85993bec38,representation_only,105,2,False,,1.0,1.0,1.0,1.0,1.0,1,5,105,"P(N4 | do(N3), do(N2))"
b2e7b5049005c23e,representation_only,105,2,False,,1.0,1.0,1.0,1.0,1.0,1,4,105,"P(N4 | do(N0), N5)"
f91c1bf89522a3a0,representation_only,105,2,False,,1.0,1.0,1.0,1.0,1.0,1,4,105,"P(N5 | do(N0), N1)"
3248f0ab5394b3f7,representation_only,104,2,False,,1.0,1.0,1.0,1.0,1.0,1,2,104,P(N7 | do(N5))
3a09fe2b6793a89f,representation_only,104,2,False,,1.0,1.0,1.0,1.0,1.0,1,4,104,"P(N2 | do(N0), N4)"
78fc0fa6fe1b7e3d,representation_only,104,2,False,,1.0,1.0,1.0,1.0,1.0,1,5,104,"P(N0 | do(N4), do(N3))"
79edc1dfe73c6f19,representation_only,104,2,False,,1.0,1.0,1.0,1.0,1.0,1,5,104,"P(N2 | do(N5), do(N4))"
df2643b3b6ff4c31,representation_only,104,2,False,,1.0,1.0,1.0,1.0,1.0,1,5,104,"P(N5 | do(N4), do(N3))"
e7999c0055fa2dd5,representation_only,104,2,False,,1.0,1.0,1.0,1.0,1.0,1,4,104,"P(N1 | do(N0), N4)"
e9045f0f6ec24613,representation_only,104,2,False,,1.0,1.0,1.0,1.0,1.0,1,4,104,"P(N5 | do(N4), N1)"
267e1d05ab9d988c,representation_only,103,2,False,,1.0,1.0,1.0,1.0,1.0,1,5,103,"P(N1 | do(N3), do(N4))"
d34ee4c2c0f1cec7,representation_only,103,2,False,,1.0,1.0,1.0,1.0,1.0,1,5,103,"P(N0 | do(N5), do(N3))"
32a33cca94733276,representation_only,102,2,False,,1.0,1.0,1.0,1.0,1.0,1,4,102,"P(N0 | do(N4), N3)"
4b5cddf390319edb,representation_only,102,2,False,,1.0,1.0,1.0,1.0,1.0,1,5,102,"P(N5 | do(N3), do(N1))"
50822c6173307e9a,representation_only,102,4,False,,1.0,1.0,1.0,1.0,1.0,2,6,56,"Blocked(N3, N1 | N0, N2) || Independent(N3, N1 | N0, N2)"
66e9fe0ad7ab9685,representation_only,102,2,False,,1.0,1.0,1.0,1.0,1.0,1,4,102,"P(N1 | do(N0), N5)"
7585f89f592aab2b,representation_only,102,2,False,,1.0,1.0,1.0,1.0,1.0,1,5,102,"P(N2 | do(N0), do(N5))"
915e5ea2e7f67f0e,representation_only,102,2,False,,1.0,1.0,1.0,1.0,1.0,1,5,102,"P(N4 | do(N0), do(N2))"
b68c5f1fb75de82f,representation_only,102,2,False,,1.0,1.0,1.0,1.0,1.0,1,5,102,"P(N4 | do(N3), do(N1))"
c1187f49d8677fa0,representation_only,102,2,False,,1.0,1.0,1.0,1.0,1.0,1,5,102,"P(N1 | do(N5), do(N4))"
f233f66a9c4585a5,representation_only,102,2,False,,1.0,1.0,1.0,1.0,1.0,1,4,102,"P(N1 | do(N4), N2)"
f84de65bbeb3ccab,representation_only,102,2,False,,1.0,1.0,1.0,1.0,1.0,1,4,102,"P(N4 | do(N5), N2)"
12e01b638aad530d,representation_only,101,2,False,,1.0,1.0,1.0,1.0,1.0,1,4,101,"P(N3 | do(N4), N5)"
6663bc4876a75531,representation_only,101,2,False,,1.0,1.0,1.0,1.0,1.0,1,4,101,"P(N1 | do(N4), N3)"
6a8f5782706e1232,representation_only,101,4,False,,1.0,1.0,1.0,1.0,1.0,2,6,58,"Blocked(N0, N1 | N2, N3) || Independent(N0, N1 | N2, N3)"
75b39afa4648a41d,representation_only,101,2,False,,1.0,1.0,1.0,1.0,1.0,1,5,101,"P(N5 | do(N1), do(N0))"
93716563584676cd,representation_only,101,2,False,,1.0,1.0,1.0,1.0,1.0,1,4,101,"P(N0 | do(N2), N5)"
dd0f36ef259210c8,representation_only,101,4,False,,1.0,1.0,1.0,1.0,1.0,3,1,42,"Ancestor(N1, N0) || Effect(N1 -> N0) || Reachable(N1, N0)"
dfcf64c41378966a,representation_only,101,2,False,,1.0,1.0,1.0,1.0,1.0,1,4,101,"P(N0 | do(N4), N1)"
f6a4cf3ed77b36bc,representation_only,101,2,False,,1.0,1.0,1.0,1.0,1.0,1,5,101,"P(N5 | do(N3), do(N0))"
020fc7970debc94f,representation_only,100,2,False,,1.0,1.0,1.0,1.0,1.0,1,5,100,"P(N2 | do(N3), do(N4))"
163cbdb6514059dd,representation_only,100,2,False,,1.0,1.0,1.0,1.0,1.0,1,5,100,"P(N1 | do(N2), do(N5))"
2e3f468c9e105a2b,representation_only,100,2,False,,1.0,1.0,1.0,1.0,1.0,1,5,100,"P(N3 | do(N5), do(N4))"
5c94e8378ab8a68e,representation_only,100,4,False,,1.0,1.0,1.0,1.0,1.0,3,1,46,"Ancestor(N3, N2) || Effect(N3 -> N2) || Reachable(N3, N2)"
7ae83086e8564f38,representation_only,100,2,False,,1.0,1.0,1.0,1.0,1.0,1,5,100,"P(N5 | do(N3), do(N2))"
9a2845d35028b968,representation_only,100,2,False,,1.0,1.0,1.0,1.0,1.0,1,4,100,"P(N4 | do(N2), N0)"
bd1b3c44f26b54cb,representation_only,100,2,False,,1.0,1.0,1.0,1.0,1.0,1,4,100,"P(N2 | do(N5), N1)"
d1c86ceed85c0c86,representation_only,100,2,False,,1.0,1.0,1.0,1.0,1.0,1,4,100,"P(N5 | do(N1), N4)"
dc4f8558c415cdbb,representation_only,100,2,False,,1.0,1.0,1.0,1.0,1.0,1,5,100,"P(N4 | do(N2), do(N1))"
e869d9adcb5cdf37,representation_only,100,2,False,,1.0,1.0,1.0,1.0,1.0,1,5,100,"P(N0 | do(N5), do(N2))"
f3f200976023b897,representation_only,100,2,False,,1.0,1.0,1.0,1.0,1.0,1,4,100,"P(N0 | do(N5), N3)"
1887a25ae7a473dc,representation_only,99,2,False,,1.0,1.0,1.0,1.0,1.0,1,4,99,"P(N4 | do(N2), N5)"
21b834da31a44d01,representation_only,99,2,False,,1.0,1.0,1.0,1.0,1.0,1,4,99,"P(N5 | do(N2), N0)"
298a004c1ba730c3,representation_only,99,2,False,,1.0,1.0,1.0,1.0,1.0,1,5,99,"P(N5 | do(N4), do(N1))"
4ee67d6b5bf2fad8,representation_only,99,2,False,,1.0,1.0,1.0,1.0,1.0,1,4,99,"P(N2 | do(N3), N5)"
a66a5ad80a504934,representation_only,99,2,False,,1.0,1.0,1.0,1.0,1.0,1,4,99,"P(N5 | do(N3), N1)"
aa15fa050c3298e9,representation_only,99,4,False,,1.0,1.0,1.0,1.0,1.0,3,1,37,"Ancestor(N1, N3) || Effect(N1 -> N3) || Reachable(N1, N3)"
c31b1000b059ef5c,representation_only,99,2,False,,1.0,1.0,1.0,1.0,1.0,1,4,99,"P(N3 | do(N2), N5)"
3baccd794ae907ef,representation_only,98,2,False,,1.0,1.0,1.0,1.0,1.0,1,4,98,"P(N2 | do(N5), N3)"
51596134e31be259,representation_only,98,2,False,,1.0,1.0,1.0,1.0,1.0,1,4,98,"P(N0 | do(N1), N4)"
51e8740f909c88ad,representation_only,98,2,False,,1.0,1.0,1.0,1.0,1.0,1,4,98,"P(N4 | do(N3), N1)"
6bcf0d9e3c753d05,representation_only,98,2,False,,1.0,1.0,1.0,1.0,1.0,1,5,98,"P(N2 | do(N4), do(N0))"
70f9ebddf09ebf04,representation_only,98,2,False,,1.0,1.0,1.0,1.0,1.0,1,4,98,"P(N0 | do(N3), N4)"
75dd5e62ad098e57,representation_only,98,2,False,,1.0,1.0,1.0,1.0,1.0,1,5,98,"P(N3 | do(N5), do(N2))"
ab7bfb2581864a12,representation_only,98,2,False,,1.0,1.0,1.0,1.0,1.0,1,5,98,"P(N5 | do(N0), do(N4))"
e31496b2ad042438,representation_only,98,2,False,,1.0,1.0,1.0,1.0,1.0,1,4,98,"P(N4 | do(N0), N1)"
ec5d9eb826b6271f,representation_only,98,2,False,,1.0,1.0,1.0,1.0,1.0,1,4,98,"P(N3 | do(N0), N4)"
edab001865ad7fc8,representation_only,98,2,False,,1.0,1.0,1.0,1.0,1.0,1,5,98,"P(N5 | do(N1), do(N2))"
ff85de9c7d763b5b,representation_only,98,2,False,,1.0,1.0,1.0,1.0,1.0,1,5,98,"P(N4 | do(N5), do(N3))"
0075bb92efd32195,representation_only,97,2,False,,1.0,1.0,1.0,1.0,1.0,1,4,97,"P(N0 | do(N5), N2)"
01963a539f82eb4d,representation_only,97,2,False,,1.0,1.0,1.0,1.0,1.0,1,4,97,"P(N4 | do(N5), N1)"
12b2622546947e66,representation_only,97,4,False,,1.0,1.0,1.0,1.0,1.0,3,1,37,"Ancestor(N2, N0) || Effect(N2 -> N0) || Reachable(N2, N0)"
a69b6cf50c8186da,representation_only,97,2,False,,1.0,1.0,1.0,1.0,1.0,1,4,97,"P(N3 | do(N5), N2)"
a92a0bbb08ede8ca,representation_only,97,2,False,,1.0,1.0,1.0,1.0,1.0,1,4,97,"P(N5 | do(N4), N2)"
d259543a3b27a289,representation_only,97,2,False,,1.0,1.0,1.0,1.0,1.0,1,4,97,"P(N2 | do(N4), N1)"
d94caddbb75215b3,representation_only,97,2,False,,1.0,1.0,1.0,1.0,1.0,1,4,97,"P(N0 | do(N3), N5)"
db84e9aeb0a907b8,representation_only,97,2,False,,1.0,1.0,1.0,1.0,1.0,1,4,97,"P(N2 | do(N1), N4)"
0c57eb6d78c86555,representation_only,96,2,False,,1.0,1.0,1.0,1.0,1.0,1,5,96,"P(N2 | do(N5), do(N3))"
18832a1741342697,representation_only,96,2,False,,1.0,1.0,1.0,1.0,1.0,1,4,96,"P(N5 | do(N4), N0)"
6a7c768bb733662b,representation_only,96,2,False,,1.0,1.0,1.0,1.0,1.0,1,4,96,"P(N2 | do(N4), N0)"
71041ceeac8e055f,representation_only,96,2,False,,1.0,1.0,1.0,1.0,1.0,1,4,96,"P(N5 | do(N2), N1)"
79840e0cfceb2634,representation_only,96,2,False,,1.0,1.0,1.0,1.0,1.0,1,4,96,"P(N4 | do(N2), N3)"
820712b00e76526f,representation_only,96,2,False,,1.0,1.0,1.0,1.0,1.0,1,4,96,"P(N5 | do(N3), N4)"
85bd88404fb80da0,representation_only,96,2,False,,1.0,1.0,1.0,1.0,1.0,1,4,96,"P(N1 | do(N4), N5)"
870d838329f0b33f,representation_only,96,2,False,,1.0,1.0,1.0,1.0,1.0,1,4,96,"P(N3 | do(N4), N2)"
8b3ea0be2f3b6a3d,representation_only,96,2,False,,1.0,1.0,1.0,1.0,1.0,1,5,96,"P(N5 | do(N4), do(N2))"
c0310f827190f8ca,representation_only,96,4,False,,1.0,1.0,1.0,1.0,1.0,3,1,53,"Ancestor(N4, N0) || Effect(N4 -> N0) || Reachable(N4, N0)"
fcad5c8d2d1b819a,representation_only,96,2,False,,1.0,1.0,1.0,1.0,1.0,1,4,96,"P(N4 | do(N1), N2)"
1ad43b276f1b492d,representation_only,95,2,False,,1.0,1.0,1.0,1.0,1.0,1,4,95,"P(N0 | do(N2), N4)"
409f6f665cc32738,representation_only,95,4,False,,1.0,1.0,1.0,1.0,1.0,3,1,49,"Ancestor(N2, N3) || Effect(N2 -> N3) || Reachable(N2, N3)"
68f90e93dae9b5fb,representation_only,95,2,False,,1.0,1.0,1.0,1.0,1.0,1,4,95,"P(N3 | do(N1), N5)"
7c0693e04c558e63,representation_only,95,2,False,,1.0,1.0,1.0,1.0,1.0,1,4,95,"P(N5 | do(N1), N3)"
819b92e001336f42,representation_only,95,2,False,,1.0,1.0,1.0,1.0,1.0,1,5,95,"P(N2 | do(N5), do(N1))"
93b596c3aa0ea50a,representation_only,95,2,False,,1.0,1.0,1.0,1.0,1.0,1,4,95,"P(N2 | do(N3), N4)"
99ac6b2ff8b860b0,representation_only,95,2,False,,1.0,1.0,1.0,1.0,1.0,1,4,95,"P(N4 | do(N5), N3)"
9d3930526e566071,representation_only,95,2,False,,1.0,1.0,1.0,1.0,1.0,1,4,95,"P(N5 | do(N3), N2)"
aa95f6825f45d357,representation_only,95,2,False,,1.0,1.0,1.0,1.0,1.0,1,4,95,"P(N3 | do(N5), N0)"
d58c3a0652610662,representation_only,95,2,False,,1.0,1.0,1.0,1.0,1.0,1,2,95,P(N6 | do(N0))
0002b39161df4061,representation_only,94,4,False,,1.0,1.0,1.0,1.0,1.0,3,1,46,"Ancestor(N1, N0) || Effect(N1 -> N0) || Reachable(N1, N0)"
0961069fec03ff85,representation_only,94,2,False,,1.0,1.0,1.0,1.0,1.0,1,4,94,"P(N5 | do(N0), N2)"
22f7ca722629e2c7,representation_only,94,2,False,,1.0,1.0,1.0,1.0,1.0,1,5,94,"P(N3 | do(N2), do(N5))"
49ec1e1bad3b8644,representation_only,94,2,False,,1.0,1.0,1.0,1.0,1.0,1,4,94,"P(N0 | do(N5), N4)"
5946d2fd389a788a,representation_only,94,2,False,,1.0,1.0,1.0,1.0,1.0,1,4,94,"P(N0 | do(N4), N5)"
a79778948941b933,representation_only,94,2,False,,1.0,1.0,1.0,1.0,1.0,1,4,94,"P(N4 | do(N3), N5)"
ce655dbe4d6c414b,representation_only,94,4,False,,1.0,1.0,1.0,1.0,1.0,3,1,42,"Ancestor(N3, N0) || Effect(N3 -> N0) || Reachable(N3, N0)"
dca5063f6d713be8,representation_only,94,2,False,,1.0,1.0,1.0,1.0,1.0,1,5,94,"P(N4 | do(N0), do(N1))"
eba78261a974dc47,representation_only,94,2,False,,1.0,1.0,1.0,1.0,1.0,1,4,94,"P(N1 | do(N5), N4)"
303591b6605addb1,representation_only,93,2,False,,1.0,1.0,1.0,1.0,1.0,1,4,93,"P(N2 | do(N1), N5)"
67ce0638aba19a22,representation_only,93,2,False,,1.0,1.0,1.0,1.0,1.0,1,5,93,"P(N1 | do(N4), do(N5))"
8671ca92de2cc639,representation_only,93,2,False,,1.0,1.0,1.0,1.0,1.0,1,4,93,"P(N0 | do(N5), N1)"
c25e25d519cf7fee,representation_only,93,2,False,,1.0,1.0,1.0,1.0,1.0,1,4,93,"P(N4 | do(N3), N2)"
d9311a7efdc3d2d1,representation_only,93,4,False,,1.0,1.0,1.0,1.0,1.0,3,1,50,"Ancestor(N4, N3) || Effect(N4 -> N3) || Reachable(N4, N3)"
1f9c5109c2d9af59,representation_only,92,2,False,,1.0,1.0,1.0,1.0,1.0,1,4,92,"P(N4 | do(N1), N5)"
39fca43a4e009d13,representation_only,92,4,False,,1.0,1.0,1.0,1.0,1.0,3,1,51,"Ancestor(N3, N4) || Effect(N3 -> N4) || Reachable(N3, N4)"
75dab016769e0f43,representation_only,92,2,False,,1.0,1.0,1.0,1.0,1.0,1,4,92,"P(N0 | do(N4), N2)"
93c142b2a4c52935,representation_only,92,2,False,,1.0,1.0,1.0,1.0,1.0,1,4,92,"P(N4 | do(N0), N2)"
d9bf7427d46b9040,representation_only,92,2,False,,1.0,1.0,1.0,1.0,1.0,1,4,92,"P(N5 | do(N2), N3)"
f4d81470ae001413,representation_only,92,2,False,,1.0,1.0,1.0,1.0,1.0,1,5,92,"P(N4 | do(N1), do(N5))"
184bc5bc2d701bf8,representation_only,91,2,False,,1.0,1.0,1.0,1.0,1.0,1,4,91,"P(N5 | do(N0), N3)"
a47e03a95d815b23,representation_only,91,2,False,,1.0,1.0,1.0,1.0,1.0,1,4,91,"P(N1 | do(N5), N0)"
e103fd0d469698fb,representation_only,91,2,False,,1.0,1.0,1.0,1.0,1.0,1,5,91,"P(N4 | do(N3), do(N0))"
e24f0ad4dec57387,representation_only,91,2,False,,1.0,1.0,1.0,1.0,1.0,1,4,91,"P(N0 | do(N1), N5)"
1a4f3eaebcc68d73,representation_only,90,2,False,,1.0,1.0,1.0,1.0,1.0,1,4,90,"P(N1 | do(N5), N2)"
31746e0d66255986,representation_only,90,2,False,,1.0,1.0,1.0,1.0,1.0,1,4,90,"P(N3 | do(N5), N1)"
7de572334dd160fc,representation_only,90,2,False,,1.0,1.0,1.0,1.0,1.0,1,4,90,"P(N4 | do(N1), N3)"
d62062c30d38c995,representation_only,90,2,False,,1.0,1.0,1.0,1.0,1.0,1,5,90,"P(N4 | do(N2), do(N5))"
dd24ab168765de64,representation_only,90,2,False,,1.0,1.0,1.0,1.0,1.0,1,4,90,"P(N2 | do(N0), N5)"
275e896bf4cb93df,representation_only,89,2,False,,1.0,1.0,1.0,1.0,1.0,1,4,89,"P(N1 | do(N3), N4)"
444d4bc366976068,representation_only,89,2,False,,1.0,1.0,1.0,1.0,1.0,1,4,89,"P(N1 | do(N2), N5)"
45f7e0b6dcef908d,representation_only,89,2,False,,1.0,1.0,1.0,1.0,1.0,1,4,89,"P(N5 | do(N2), N4)"
706cf08a5049d81a,representation_only,89,2,False,,1.0,1.0,1.0,1.0,1.0,1,4,89,"P(N3 | do(N2), N4)"
2b387bae148b5b1a,representation_only,88,4,False,,1.0,1.0,1.0,1.0,1.0,3,1,48,"Ancestor(N0, N5) || Effect(N0 -> N5) || Reachable(N0, N5)"
6c13c877eb131a7f,representation_only,88,2,False,,1.0,1.0,1.0,1.0,1.0,1,4,88,"P(N1 | do(N5), N3)"
727966235a4ec90a,representation_only,88,2,False,,1.0,1.0,1.0,1.0,1.0,1,4,88,"P(N5 | do(N1), N0)"
cc78428b84f9c77d,representation_only,88,4,False,,1.0,1.0,1.0,1.0,1.0,3,1,46,"Ancestor(N4, N5) || Effect(N4 -> N5) || Reachable(N4, N5)"
35731fd683c2b40d,representation_only,87,4,False,,1.0,1.0,1.0,1.0,1.0,3,1,34,"Ancestor(N2, N3) || Effect(N2 -> N3) || Reachable(N2, N3)"
66821197d414cec1,representation_only,87,2,False,,1.0,1.0,1.0,1.0,1.0,1,4,87,"P(N5 | do(N4), N3)"
af37d4d69fd7d015,representation_only,87,2,False,,1.0,1.0,1.0,1.0,1.0,1,4,87,"P(N4 | do(N3), N0)"
d8a032e00c3e50f6,representation_only,87,2,False,,1.0,1.0,1.0,1.0,1.0,1,4,87,"P(N1 | do(N3), N5)"
020f7f853a61d2a5,representation_only,86,2,False,,1.0,1.0,1.0,1.0,1.0,1,4,86,"P(N5 | do(N1), N2)"
477ed62913779ccb,representation_only,86,4,False,,1.0,1.0,1.0,1.0,1.0,3,1,41,"Ancestor(N4, N2) || Effect(N4 -> N2) || Reachable(N4, N2)"
b8112efe346c2103,representation_only,86,4,False,,1.0,1.0,1.0,1.0,1.0,3,1,50,"Ancestor(N5, N0) || Effect(N5 -> N0) || Reachable(N5, N0)"
14b5464d618b7780,representation_only,85,4,False,,1.0,1.0,1.0,1.0,1.0,3,1,44,"Ancestor(N5, N4) || Effect(N5 -> N4) || Reachable(N5, N4)"
453caed3274ea14f,representation_only,85,4,False,,1.0,1.0,1.0,1.0,1.0,3,1,44,"Ancestor(N2, N5) || Effect(N2 -> N5) || Reachable(N2, N5)"
49e60a26428108d0,representation_only,85,4,False,,1.0,1.0,1.0,1.0,1.0,3,1,49,"Ancestor(N0, N4) || Effect(N0 -> N4) || Reachable(N0, N4)"
72c40d7028571a6d,representation_only,85,2,False,,1.0,1.0,1.0,1.0,1.0,1,4,85,"P(N4 | do(N2), N1)"
adda5a44eeb78f05,representation_only,85,2,False,,1.0,1.0,1.0,1.0,1.0,1,2,85,P(N2 | N6)
bec8a25c1e8964d8,representation_only,85,2,False,,1.0,1.0,1.0,1.0,1.0,1,4,85,"P(N1 | do(N2), N4)"
d38965440f88d744,representation_only,85,2,False,,1.0,1.0,1.0,1.0,1.0,1,4,85,"P(N3 | do(N1), N4)"
ffcf7b7269b035e3,representation_only,85,4,False,,1.0,1.0,1.0,1.0,1.0,3,1,39,"Ancestor(N4, N2) || Effect(N4 -> N2) || Reachable(N4, N2)"
30208bff9d7b4777,representation_only,84,2,False,,1.0,1.0,1.0,1.0,1.0,1,4,84,"P(N4 | do(N0), N3)"
905cc044d2f11f7e,representation_only,84,2,False,,1.0,1.0,1.0,1.0,1.0,1,4,84,"P(N3 | do(N5), N4)"
9f61429b5a9a09da,representation_only,84,2,False,,1.0,1.0,1.0,1.0,1.0,1,4,84,"P(N3 | do(N4), N1)"
1db13d3c15f32024,representation_only,83,4,False,,1.0,1.0,1.0,1.0,1.0,3,1,51,"Ancestor(N5, N1) || Effect(N5 -> N1) || Reachable(N5, N1)"
20ba60e44044f987,representation_only,83,4,False,,1.0,1.0,1.0,1.0,1.0,3,1,35,"Ancestor(N3, N0) || Effect(N3 -> N0) || Reachable(N3, N0)"
73e0a1077aae63f6,representation_only,83,2,False,,1.0,1.0,1.0,1.0,1.0,1,2,83,P(N1 | N6)
a41037b2d482b57b,representation_only,83,4,False,,1.0,1.0,1.0,1.0,1.0,3,1,43,"Ancestor(N2, N4) || Effect(N2 -> N4) || Reachable(N2, N4)"
b34302fee1684bb1,representation_only,83,4,False,,1.0,1.0,1.0,1.0,1.0,3,1,33,"Ancestor(N0, N3) || Effect(N0 -> N3) || Reachable(N0, N3)"
fba61d948ac424a2,representation_only,83,2,False,,1.0,1.0,1.0,1.0,1.0,1,2,83,P(N6 | N4)
5c55067dffc9ede0,representation_only,82,2,False,,1.0,1.0,1.0,1.0,1.0,1,4,82,"P(N3 | do(N4), N0)"
23ff66bccc190bf8,representation_only,81,4,False,,1.0,1.0,1.0,1.0,1.0,3,1,58,"Ancestor(N9, N3) || Effect(N9 -> N3) || Reachable(N9, N3)"
e948b12c967f621b,representation_only,81,2,False,,1.0,1.0,1.0,1.0,1.0,1,2,81,P(N2 | N7)
1ae396282c7ef300,representation_only,80,2,False,,1.0,1.0,1.0,1.0,1.0,1,2,80,P(N7 | N3)
3cd92f8b54bb0724,representation_only,79,2,False,,1.0,1.0,1.0,1.0,1.0,1,2,79,P(N5 | N6)
62a874d0b403449c,representation_only,79,2,False,,1.0,1.0,1.0,1.0,1.0,1,2,79,P(N4 | N7)
8e5d1ff2953544fe,representation_only,79,4,False,,1.0,1.0,1.0,1.0,1.0,3,1,39,"Ancestor(N4, N0) || Effect(N4 -> N0) || Reachable(N4, N0)"
7833f4a2541cfefe,representation_only,78,2,False,,1.0,1.0,1.0,1.0,1.0,1,2,78,P(N7 | N1)
81f85c879126ecee,representation_only,78,2,False,,1.0,1.0,1.0,1.0,1.0,1,2,78,P(N7 | N2)
875c52be041846c8,representation_only,78,2,False,,1.0,1.0,1.0,1.0,1.0,1,2,78,P(N3 | N6)
9032bee791188bf6,representation_only,78,2,False,,1.0,1.0,1.0,1.0,1.0,1,2,78,P(N4 | N6)
aec1d025a7c8cadc,representation_only,78,2,False,,1.0,1.0,1.0,1.0,1.0,1,2,78,P(N6 | N2)
086fd017905204a2,representation_only,77,4,False,,1.0,1.0,1.0,1.0,1.0,3,1,44,"Ancestor(N1, N5) || Effect(N1 -> N5) || Reachable(N1, N5)"
15db7edd02fe8580,representation_only,77,4,False,,1.0,1.0,1.0,1.0,1.0,3,1,39,"Ancestor(N0, N4) || Effect(N0 -> N4) || Reachable(N0, N4)"
362b6de213df9f67,representation_only,77,4,False,,1.0,1.0,1.0,1.0,1.0,3,1,43,"Ancestor(N3, N5) || Effect(N3 -> N5) || Reachable(N3, N5)"
648f95a006d64b8a,representation_only,77,4,False,,1.0,1.0,1.0,1.0,1.0,2,3,63,"Blocked(N0, N1 | N4) || Independent(N0, N1 | N4)"
665f357a9ee1a4d4,representation_only,77,4,False,,1.0,1.0,1.0,1.0,1.0,3,1,34,"Ancestor(N3, N2) || Effect(N3 -> N2) || Reachable(N3, N2)"
6d15cb5ce5ffde8b,representation_only,77,4,False,,1.0,1.0,1.0,1.0,1.0,3,1,33,"Ancestor(N0, N2) || Effect(N0 -> N2) || Reachable(N0, N2)"
e8de81867fec6836,representation_only,77,2,False,,1.0,1.0,1.0,1.0,1.0,1,2,77,P(N7 | N4)
f6499917f76b9cad,representation_only,77,2,False,,1.0,1.0,1.0,1.0,1.0,1,2,77,P(N7 | N5)
54000b099d64ca49,representation_only,76,4,False,,1.0,1.0,1.0,1.0,1.0,3,1,30,"Ancestor(N1, N2) || Effect(N1 -> N2) || Reachable(N1, N2)"
56fb872112996a6a,representation_only,76,4,False,,1.0,1.0,1.0,1.0,1.0,3,1,39,"Ancestor(N4, N5) || Effect(N4 -> N5) || Reachable(N4, N5)"
cacb310f2e09a0dd,representation_only,76,4,False,,1.0,1.0,1.0,1.0,1.0,3,1,39,"Ancestor(N1, N5) || Effect(N1 -> N5) || Reachable(N1, N5)"
f4acbdb5aeded86b,representation_only,76,2,False,,1.0,1.0,1.0,1.0,1.0,1,2,76,P(N6 | N3)
077567325cccd3b1,representation_only,75,2,False,,1.0,1.0,1.0,1.0,1.0,1,2,75,P(N6 | N1)
49e64086134d5f68,representation_only,75,4,False,,1.0,1.0,1.0,1.0,1.0,3,1,49,"Ancestor(N6, N7) || Effect(N6 -> N7) || Reachable(N6, N7)"
9d2c5de3fca02e17,representation_only,75,4,False,,1.0,1.0,1.0,1.0,1.0,3,1,37,"Ancestor(N2, N5) || Effect(N2 -> N5) || Reachable(N2, N5)"
9ed9d0204d1e2de6,representation_only,74,2,False,,1.0,1.0,1.0,1.0,1.0,1,2,74,P(N6 | N7)
a1abef07e56658dd,representation_only,74,2,False,,1.0,1.0,1.0,1.0,1.0,1,2,74,P(N7 | N0)
bad75f8936100621,representation_only,73,2,False,,1.0,1.0,1.0,1.0,1.0,1,2,73,P(N0 | N7)
0e143e6744034d6e,representation_only,72,4,False,,1.0,1.0,1.0,1.0,1.0,3,1,33,"Ancestor(N5, N2) || Effect(N5 -> N2) || Reachable(N5, N2)"
236beb0ae491c676,representation_only,72,4,False,,1.0,1.0,1.0,1.0,1.0,3,1,53,"Ancestor(N9, N8) || Effect(N9 -> N8) || Reachable(N9, N8)"
8335e6cb51dcc7c9,representation_only,72,4,False,,1.0,1.0,1.0,1.0,1.0,2,3,60,"Blocked(N2, N5 | N0) || Independent(N2, N5 | N0)"
a5139a445e104744,representation_only,72,2,False,,1.0,1.0,1.0,1.0,1.0,1,2,72,P(N7 | N6)
05adc0d50f11cd6b,representation_only,71,4,False,,1.0,1.0,1.0,1.0,1.0,2,3,64,"Blocked(N5, N3 | N4) || Independent(N5, N3 | N4)"
4c3bc72cf61eee06,representation_only,71,2,False,,1.0,1.0,1.0,1.0,1.0,1,2,71,P(N0 | N6)
89fe1994a342a713,representation_only,71,2,False,,1.0,1.0,1.0,1.0,1.0,1,2,71,P(N1 | N7)
b6886eff8778de9e,representation_only,71,4,False,,1.0,1.0,1.0,1.0,1.0,2,3,59,"Blocked(N5, N2 | N0) || Independent(N5, N2 | N0)"
26194cd4808aa51b,representation_only,70,2,False,,1.0,1.0,1.0,1.0,1.0,1,2,70,P(N5 | N7)
78d6e19286583d34,representation_only,70,4,False,,1.0,1.0,1.0,1.0,1.0,3,1,36,"Ancestor(N5, N4) || Effect(N5 -> N4) || Reachable(N5, N4)"
c7cd3b1fd1524f85,representation_only,70,4,False,,1.0,1.0,1.0,1.0,1.0,3,1,37,"Ancestor(N3, N4) || Effect(N3 -> N4) || Reachable(N3, N4)"
fd2f6664d4d89ed3,representation_only,69,4,False,,1.0,1.0,1.0,1.0,1.0,2,3,55,"Blocked(N2, N4 | N0) || Independent(N2, N4 | N0)"
3f6ce7e58e9f0eff,representation_only,68,2,False,,1.0,1.0,1.0,1.0,1.0,1,2,68,P(N1 | do(N3))
789273306a9f68f4,representation_only,68,4,False,,1.0,1.0,1.0,1.0,1.0,2,3,57,"Blocked(N4, N0 | N3) || Independent(N4, N0 | N3)"
5d9ac2aed18c8888,representation_only,67,2,False,,1.0,1.0,1.0,1.0,1.0,1,2,67,P(N6 | N0)
83a0053c8bdacc22,representation_only,67,4,False,,1.0,1.0,1.0,1.0,1.0,3,1,34,"Ancestor(N5, N3) || Effect(N5 -> N3) || Reachable(N5, N3)"
1e22bd0554b3fb40,representation_only,66,4,False,,1.0,1.0,1.0,1.0,1.0,2,3,54,"Blocked(N5, N0 | N4) || Independent(N5, N0 | N4)"
2b45772c418f98d0,representation_only,66,4,False,,1.0,1.0,1.0,1.0,1.0,3,1,35,"Ancestor(N5, N0) || Effect(N5 -> N0) || Reachable(N5, N0)"
6f2921884359553c,representation_only,66,4,False,,1.0,1.0,1.0,1.0,1.0,3,1,47,"Ancestor(N6, N9) || Effect(N6 -> N9) || Reachable(N6, N9)"
c79f14a8b0a19379,representation_only,66,4,False,,1.0,1.0,1.0,1.0,1.0,3,1,36,"Ancestor(N0, N5) || Effect(N0 -> N5) || Reachable(N0, N5)"
c9c8228db1cea8e3,representation_only,66,4,False,,1.0,1.0,1.0,1.0,1.0,3,1,47,"Ancestor(N8, N3) || Effect(N8 -> N3) || Reachable(N8, N3)"
d43b54e451ff8634,representation_only,66,4,False,,1.0,1.0,1.0,1.0,1.0,2,3,58,"Blocked(N5, N1 | N4) || Independent(N5, N1 | N4)"
1a640f47997922dc,representation_only,65,4,False,,1.0,1.0,1.0,1.0,1.0,2,3,54,"Blocked(N2, N0 | N5) || Independent(N2, N0 | N5)"
254866c58ce013eb,representation_only,65,4,False,,1.0,1.0,1.0,1.0,1.0,3,1,32,"Ancestor(N5, N3) || Effect(N5 -> N3) || Reachable(N5, N3)"
47f55c29cfaa8049,representation_only,65,4,False,,1.0,1.0,1.0,1.0,1.0,2,3,53,"Blocked(N1, N5 | N0) || Independent(N1, N5 | N0)"
637629121efabc70,representation_only,65,4,False,,1.0,1.0,1.0,1.0,1.0,3,1,34,"Ancestor(N4, N1) || Effect(N4 -> N1) || Reachable(N4, N1)"
f0ae0032f48e9ad9,representation_only,65,4,False,,1.0,1.0,1.0,1.0,1.0,3,1,44,"Ancestor(N2, N9) || Effect(N2 -> N9) || Reachable(N2, N9)"
3a13bfd114b1cbf8,representation_only,64,4,False,,1.0,1.0,1.0,1.0,1.0,2,3,62,"Blocked(N3, N2 | N5) || Independent(N3, N2 | N5)"
65c22d615940cf57,representation_only,64,2,False,,1.0,1.0,1.0,1.0,1.0,1,2,64,P(N3 | N7)
767775f7fe716e0b,representation_only,64,4,False,,1.0,1.0,1.0,1.0,1.0,3,1,34,"Ancestor(N4, N3) || Effect(N4 -> N3) || Reachable(N4, N3)"
870cdc764fa66d02,representation_only,64,4,False,,1.0,1.0,1.0,1.0,1.0,3,1,34,"Ancestor(N3, N5) || Effect(N3 -> N5) || Reachable(N3, N5)"
908819d3c7614b50,representation_only,64,4,False,,1.0,1.0,1.0,1.0,1.0,2,3,54,"Blocked(N5, N1 | N3) || Independent(N5, N1 | N3)"
cc8c966d1f92cbfd,representation_only,64,2,False,,1.0,1.0,1.0,1.0,1.0,1,2,64,P(N3 | N1)
00936b6b636bc015,representation_only,63,4,False,,1.0,1.0,1.0,1.0,1.0,3,1,46,"Ancestor(N8, N9) || Effect(N8 -> N9) || Reachable(N8, N9)"
05aebe6e164eaf90,representation_only,63,2,False,,1.0,1.0,1.0,1.0,1.0,1,2,63,P(N6 | N5)
740db4f85bc8066f,representation_only,63,4,False,,1.0,1.0,1.0,1.0,1.0,3,1,48,"Ancestor(N3, N9) || Effect(N3 -> N9) || Reachable(N3, N9)"
8060ad241da4cc19,representation_only,63,4,False,,1.0,1.0,1.0,1.0,1.0,2,3,49,"Blocked(N1, N4 | N0) || Independent(N1, N4 | N0)"
82459aed94986517,representation_only,63,4,False,,1.0,1.0,1.0,1.0,1.0,2,3,54,"Blocked(N2, N1 | N5) || Independent(N2, N1 | N5)"
c37e9257b5db5507,representation_only,63,4,False,,1.0,1.0,1.0,1.0,1.0,2,3,49,"Blocked(N3, N5 | N0) || Independent(N3, N5 | N0)"
d3272a4a1e704d68,representation_only,63,4,False,,1.0,1.0,1.0,1.0,1.0,2,3,57,"Blocked(N0, N5 | N3) || Independent(N0, N5 | N3)"
e663c53c2caf0bd8,representation_only,63,4,False,,1.0,1.0,1.0,1.0,1.0,3,1,45,"Ancestor(N9, N5) || Effect(N9 -> N5) || Reachable(N9, N5)"
0755c2eb8c213677,representation_only,62,4,False,,1.0,1.0,1.0,1.0,1.0,2,3,50,"Blocked(N3, N5 | N4) || Independent(N3, N5 | N4)"
1396e91ba0293f39,representation_only,62,4,False,,1.0,1.0,1.0,1.0,1.0,2,3,53,"Blocked(N5, N1 | N0) || Independent(N5, N1 | N0)"
3942568ebd5eb8db,representation_only,62,4,False,,1.0,1.0,1.0,1.0,1.0,3,1,34,"Ancestor(N5, N2) || Effect(N5 -> N2) || Reachable(N5, N2)"
3e3ae35ba02ab249,representation_only,62,4,False,,1.0,1.0,1.0,1.0,1.0,2,3,54,"Blocked(N4, N5 | N1) || Independent(N4, N5 | N1)"
3f7ab9843f95651e,representation_only,62,4,False,,1.0,1.0,1.0,1.0,1.0,2,3,39,"Blocked(N2, N1 | N0) || Independent(N2, N1 | N0)"
48c98eaeb47c6683,representation_only,62,4,False,,1.0,1.0,1.0,1.0,1.0,2,3,49,"Blocked(N1, N4 | N5) || Independent(N1, N4 | N5)"
522253af50b7f228,representation_only,62,4,False,,1.0,1.0,1.0,1.0,1.0,2,3,55,"Blocked(N5, N3 | N0) || Independent(N5, N3 | N0)"
5d141836aa670fb8,representation_only,62,4,False,,1.0,1.0,1.0,1.0,1.0,3,1,44,"Ancestor(N7, N6) || Effect(N7 -> N6) || Reachable(N7, N6)"
d8c7780a7c23aca4,representation_only,62,4,False,,1.0,1.0,1.0,1.0,1.0,2,3,55,"Blocked(N5, N4 | N1) || Independent(N5, N4 | N1)"
01056645f130ef71,representation_only,61,4,False,,1.0,1.0,1.0,1.0,1.0,3,1,41,"Ancestor(N7, N0) || Effect(N7 -> N0) || Reachable(N7, N0)"
02d514e9ea446d65,representation_only,61,4,False,,1.0,1.0,1.0,1.0,1.0,2,3,53,"Blocked(N2, N3 | N5) || Independent(N2, N3 | N5)"
06e2ace14b074539,representation_only,61,4,False,,1.0,1.0,1.0,1.0,1.0,2,3,54,"Blocked(N1, N0 | N5) || Independent(N1, N0 | N5)"
2cfefbd7db02084a,representation_only,61,4,False,,1.0,1.0,1.0,1.0,1.0,2,3,53,"Blocked(N4, N2 | N0) || Independent(N4, N2 | N0)"
6050378ae3d1f574,representation_only,61,4,False,,1.0,1.0,1.0,1.0,1.0,2,3,55,"Blocked(N5, N0 | N1) || Independent(N5, N0 | N1)"
74c273b4ad25789f,representation_only,61,4,False,,1.0,1.0,1.0,1.0,1.0,3,1,46,"Ancestor(N8, N5) || Effect(N8 -> N5) || Reachable(N8, N5)"
b2594fc2be5eea60,representation_only,61,4,False,,1.0,1.0,1.0,1.0,1.0,2,3,54,"Blocked(N1, N2 | N4) || Independent(N1, N2 | N4)"
cada75286b3f0056,representation_only,61,4,False,,1.0,1.0,1.0,1.0,1.0,2,3,53,"Blocked(N0, N4 | N1) || Independent(N0, N4 | N1)"
d5902d15bdffe594,representation_only,61,4,False,,1.0,1.0,1.0,1.0,1.0,2,3,52,"Blocked(N0, N3 | N4) || Independent(N0, N3 | N4)"
d83d0605245b810a,representation_only,61,4,False,,1.0,1.0,1.0,1.0,1.0,2,3,35,"Blocked(N1, N3 | N0) || Independent(N1, N3 | N0)"
e867c6bf52d9b57a,representation_only,61,4,False,,1.0,1.0,1.0,1.0,1.0,2,3,53,"Blocked(N2, N3 | N4) || Independent(N2, N3 | N4)"
f46221d04f5bac89,representation_only,61,4,False,,1.0,1.0,1.0,1.0,1.0,2,3,55,"Blocked(N0, N1 | N5) || Independent(N0, N1 | N5)"
f4651d37de18d3a2,representation_only,61,4,False,,1.0,1.0,1.0,1.0,1.0,2,3,53,"Blocked(N5, N2 | N3) || Independent(N5, N2 | N3)"
2ca2a1b64975c739,representation_only,60,4,False,,1.0,1.0,1.0,1.0,1.0,2,3,53,"Blocked(N4, N3 | N5) || Independent(N4, N3 | N5)"
3517590aa219edf3,representation_only,60,4,False,,1.0,1.0,1.0,1.0,1.0,3,1,46,"Ancestor(N9, N2) || Effect(N9 -> N2) || Reachable(N9, N2)"
37a2778aa2c10a05,representation_only,60,2,False,,1.0,1.0,1.0,1.0,1.0,1,2,60,P(N2 | N1)
384b6be6540fdc55,representation_only,60,4,False,,1.0,1.0,1.0,1.0,1.0,3,1,41,"Ancestor(N8, N4) || Effect(N8 -> N4) || Reachable(N8, N4)"
3a91a2ed615ac19c,representation_only,60,4,False,,1.0,1.0,1.0,1.0,1.0,3,1,41,"Ancestor(N8, N0) || Effect(N8 -> N0) || Reachable(N8, N0)"
5a405e514d4554ea,representation_only,60,2,False,,1.0,1.0,1.0,1.0,1.0,1,2,60,P(N1 | do(N2))
6d7269c3021b1fd9,representation_only,60,4,False,,1.0,1.0,1.0,1.0,1.0,3,1,41,"Ancestor(N1, N6) || Effect(N1 -> N6) || Reachable(N1, N6)"
72e3111bf62267ff,representation_only,60,4,False,,1.0,1.0,1.0,1.0,1.0,2,3,54,"Blocked(N0, N2 | N5) || Independent(N0, N2 | N5)"
21ddbb3a4e085e8a,representation_only,59,4,False,,1.0,1.0,1.0,1.0,1.0,3,1,35,"Ancestor(N1, N7) || Effect(N1 -> N7) || Reachable(N1, N7)"
6148d95ae2ff452c,representation_only,59,4,False,,1.0,1.0,1.0,1.0,1.0,2,3,51,"Blocked(N5, N0 | N3) || Independent(N5, N0 | N3)"
9ab412be63f4a9ee,representation_only,59,4,False,,1.0,1.0,1.0,1.0,1.0,3,1,34,"Ancestor(N7, N4) || Effect(N7 -> N4) || Reachable(N7, N4)"
a8b94d55144b9a8e,representation_only,59,4,False,,1.0,1.0,1.0,1.0,1.0,3,1,36,"Ancestor(N0, N6) || Effect(N0 -> N6) || Reachable(N0, N6)"
c53822f9dcb1c4e7,representation_only,59,2,False,,1.0,1.0,1.0,1.0,1.0,1,2,59,P(N9 | do(N5))
e8c8be80f133ca5f,representation_only,59,4,False,,1.0,1.0,1.0,1.0,1.0,3,1,28,"Ancestor(N5, N1) || Effect(N5 -> N1) || Reachable(N5, N1)"
f9d5283f6534f160,representation_only,59,4,False,,1.0,1.0,1.0,1.0,1.0,3,1,40,"Ancestor(N0, N8) || Effect(N0 -> N8) || Reachable(N0, N8)"
07328633e416da56,representation_only,58,4,False,,1.0,1.0,1.0,1.0,1.0,3,1,33,"Ancestor(N2, N4) || Effect(N2 -> N4) || Reachable(N2, N4)"
29c7c2d5b153080f,representation_only,58,4,False,,1.0,1.0,1.0,1.0,1.0,2,3,52,"Blocked(N5, N0 | N2) || Independent(N5, N0 | N2)"
491ca18b0b67a4d0,representation_only,58,2,False,,1.0,1.0,1.0,1.0,1.0,1,2,58,P(N1 | N4)
580edb407508220e,representation_only,58,4,False,,1.0,1.0,1.0,1.0,1.0,2,3,50,"Blocked(N3, N0 | N5) || Independent(N3, N0 | N5)"
6325528709ddc79c,representation_only,58,4,False,,1.0,1.0,1.0,1.0,1.0,2,3,35,"Blocked(N1, N2 | N0) || Independent(N1, N2 | N0)"
991367e8923f3bd4,representation_only,58,4,False,,1.0,1.0,1.0,1.0,1.0,2,3,50,"Blocked(N3, N4 | N1) || Independent(N3, N4 | N1)"
afb4ef6b0624be47,representation_only,58,4,False,,1.0,1.0,1.0,1.0,1.0,2,3,38,"Blocked(N3, N1 | N0) || Independent(N3, N1 | N0)"
b4b0654b492609dd,representation_only,58,4,False,,1.0,1.0,1.0,1.0,1.0,2,3,51,"Blocked(N4, N1 | N0) || Independent(N4, N1 | N0)"
e256a234c710a519,representation_only,58,4,False,,1.0,1.0,1.0,1.0,1.0,2,3,50,"Blocked(N5, N3 | N2) || Independent(N5, N3 | N2)"
e6801aded2cc12e5,representation_only,58,4,False,,1.0,1.0,1.0,1.0,1.0,3,1,40,"Ancestor(N4, N7) || Effect(N4 -> N7) || Reachable(N4, N7)"
22aaf5c1c5000f4a,representation_only,57,4,False,,1.0,1.0,1.0,1.0,1.0,3,1,46,"Ancestor(N9, N1) || Effect(N9 -> N1) || Reachable(N9, N1)"
4bba1b9b2b3ce8c0,representation_only,57,4,False,,1.0,1.0,1.0,1.0,1.0,2,3,51,"Blocked(N5, N4 | N3) || Independent(N5, N4 | N3)"
55768f76722199fa,representation_only,57,4,False,,1.0,1.0,1.0,1.0,1.0,2,3,48,"Blocked(N0, N5 | N4) || Independent(N0, N5 | N4)"
75cf997a8ea90d4a,representation_only,57,4,False,,1.0,1.0,1.0,1.0,1.0,2,3,54,"Blocked(N2, N0 | N4) || Independent(N2, N0 | N4)"
76e2f188461d1ded,representation_only,57,4,False,,1.0,1.0,1.0,1.0,1.0,3,1,26,"Ancestor(N0, N1) || Effect(N0 -> N1) || Reachable(N0, N1)"
82cb9d69b50a2669,representation_only,57,4,False,,1.0,1.0,1.0,1.0,1.0,2,3,52,"Blocked(N2, N5 | N1) || Independent(N2, N5 | N1)"
9a836da84f4aa898,representation_only,57,4,False,,1.0,1.0,1.0,1.0,1.0,2,3,51,"Blocked(N3, N5 | N2) || Independent(N3, N5 | N2)"
c55df85c454ce966,representation_only,57,4,False,,1.0,1.0,1.0,1.0,1.0,3,1,39,"Ancestor(N7, N1) || Effect(N7 -> N1) || Reachable(N7, N1)"
e7b53a0abee530b5,representation_only,57,4,False,,1.0,1.0,1.0,1.0,1.0,3,1,38,"Ancestor(N8, N1) || Effect(N8 -> N1) || Reachable(N8, N1)"
f2885dafa1391fc9,representation_only,57,4,False,,1.0,1.0,1.0,1.0,1.0,2,3,50,"Blocked(N2, N4 | N5) || Independent(N2, N4 | N5)"
f88514d26db6a359,representation_only,57,4,False,,1.0,1.0,1.0,1.0,1.0,2,3,52,"Blocked(N2, N1 | N4) || Independent(N2, N1 | N4)"
fa309145a213efb6,representation_only,57,4,False,,1.0,1.0,1.0,1.0,1.0,3,1,37,"Ancestor(N6, N1) || Effect(N6 -> N1) || Reachable(N6, N1)"
fea82713cde5a4ce,representation_only,57,4,False,,1.0,1.0,1.0,1.0,1.0,2,3,50,"Blocked(N5, N2 | N4) || Independent(N5, N2 | N4)"
11067e9ee392f365,representation_only,56,4,False,,1.0,1.0,1.0,1.0,1.0,3,1,29,"Ancestor(N1, N4) || Effect(N1 -> N4) || Reachable(N1, N4)"
20c17a164aff860a,representation_only,56,4,False,,1.0,1.0,1.0,1.0,1.0,2,3,50,"Blocked(N3, N4 | N0) || Independent(N3, N4 | N0)"
6b4ade50f163f3eb,representation_only,56,4,False,,1.0,1.0,1.0,1.0,1.0,3,1,41,"Ancestor(N8, N7) || Effect(N8 -> N7) || Reachable(N8, N7)"
7f64f41dd3ccffc9,representation_only,56,4,False,,1.0,1.0,1.0,1.0,1.0,2,3,48,"Blocked(N5, N1 | N2) || Independent(N5, N1 | N2)"
daae47212a4b7ad6,representation_only,56,4,False,,1.0,1.0,1.0,1.0,1.0,2,3,45,"Blocked(N0, N4 | N3) || Independent(N0, N4 | N3)"
19d02a084389edb9,representation_only,55,4,False,,1.0,1.0,1.0,1.0,1.0,2,3,46,"Blocked(N3, N0 | N4) || Independent(N3, N0 | N4)"
1b22131d18231bae,representation_only,55,4,False,,1.0,1.0,1.0,1.0,1.0,2,3,48,"Blocked(N4, N5 | N2) || Independent(N4, N5 | N2)"
36408538cc55159e,representation_only,55,4,False,,1.0,1.0,1.0,1.0,1.0,3,1,42,"Ancestor(N5, N8) || Effect(N5 -> N8) || Reachable(N5, N8)"
57fe66fb24a13b91,representation_only,55,2,False,,1.0,1.0,1.0,1.0,1.0,1,2,55,P(N0 | do(N8))
6299074455827443,representation_only,55,4,False,,1.0,1.0,1.0,1.0,1.0,2,3,51,"Blocked(N4, N2 | N5) || Independent(N4, N2 | N5)"
8b0a6f549e36f591,representation_only,55,4,False,,1.0,1.0,1.0,1.0,1.0,2,3,49,"Blocked(N4, N1 | N5) || Independent(N4, N1 | N5)"
a1cc7d298dcdac37,representation_only,55,2,False,,1.0,1.0,1.0,1.0,1.0,1,2,55,P(N2 | N1)
ead610af2d943b96,representation_only,55,4,False,,1.0,1.0,1.0,1.0,1.0,3,1,26,"Ancestor(N4, N0) || Effect(N4 -> N0) || Reachable(N4, N0)"
01e7c5204a45bc0e,representation_only,54,4,False,,1.0,1.0,1.0,1.0,1.0,2,3,49,"Blocked(N1, N5 | N4) || Independent(N1, N5 | N4)"
1af7e1815054c7e2,representation_only,54,4,False,,1.0,1.0,1.0,1.0,1.0,2,3,45,"Blocked(N1, N5 | N3) || Independent(N1, N5 | N3)"
2c703ec0fa5ce328,representation_only,54,4,False,,1.0,1.0,1.0,1.0,1.0,2,3,47,"Blocked(N4, N3 | N1) || Independent(N4, N3 | N1)"
404523787f34a62b,representation_only,54,4,False,,1.0,1.0,1.0,1.0,1.0,2,3,48,"Blocked(N2, N4 | N1) || Independent(N2, N4 | N1)"
6a26f58bc555a074,representation_only,54,4,False,,1.0,1.0,1.0,1.0,1.0,3,1,36,"Ancestor(N7, N5) || Effect(N7 -> N5) || Reachable(N7, N5)"
6aee6138df63cb31,representation_only,54,4,False,,1.0,1.0,1.0,1.0,1.0,3,1,26,"Ancestor(N2, N4) || Effect(N2 -> N4) || Reachable(N2, N4)"
957f9583418b507e,representation_only,54,4,False,,1.0,1.0,1.0,1.0,1.0,2,3,52,"Blocked(N0, N5 | N1) || Independent(N0, N5 | N1)"
96587f530be77631,representation_only,54,4,False,,1.0,1.0,1.0,1.0,1.0,3,1,38,"Ancestor(N6, N8) || Effect(N6 -> N8) || Reachable(N6, N8)"
9c96bfafe046c408,representation_only,54,2,False,,1.0,1.0,1.0,1.0,1.0,1,2,54,P(N9 | do(N2))
a077bdaf8052e43d,representation_only,54,4,False,,1.0,1.0,1.0,1.0,1.0,2,3,33,"Blocked(N3, N1 | N0) || Independent(N3, N1 | N0)"
adf266573bf7109d,representation_only,54,4,False,,1.0,1.0,1.0,1.0,1.0,2,3,50,"Blocked(N0, N5 | N2) || Independent(N0, N5 | N2)"
b2bfaa0a47cdef1d,representation_only,54,4,False,,1.0,1.0,1.0,1.0,1.0,2,3,48,"Blocked(N5, N4 | N2) || Independent(N5, N4 | N2)"
ef71571ac29769f5,representation_only,54,4,False,,1.0,1.0,1.0,1.0,1.0,2,3,44,"Blocked(N0, N3 | N5) || Independent(N0, N3 | N5)"
f66221685d26ff9e,representation_only,54,4,False,,1.0,1.0,1.0,1.0,1.0,3,1,41,"Ancestor(N0, N7) || Effect(N0 -> N7) || Reachable(N0, N7)"
f72d5ad2a173fdd9,representation_only,54,4,False,,1.0,1.0,1.0,1.0,1.0,2,3,50,"Blocked(N1, N0 | N4) || Independent(N1, N0 | N4)"
170b4ea24331c5a4,representation_only,53,4,False,,1.0,1.0,1.0,1.0,1.0,2,3,43,"Blocked(N4, N1 | N2) || Independent(N4, N1 | N2)"
83804df1e043a1c3,representation_only,53,4,False,,1.0,1.0,1.0,1.0,1.0,2,3,46,"Blocked(N4, N0 | N2) || Independent(N4, N0 | N2)"
856892f28835ca79,representation_only,53,4,False,,1.0,1.0,1.0,1.0,1.0,2,3,48,"Blocked(N2, N5 | N4) || Independent(N2, N5 | N4)"
d2338702ddaa5623,representation_only,53,4,False,,1.0,1.0,1.0,1.0,1.0,2,3,46,"Blocked(N5, N3 | N1) || Independent(N5, N3 | N1)"
6ac80d0c2d693821,representation_only,52,4,False,,1.0,1.0,1.0,1.0,1.0,2,3,44,"Blocked(N3, N1 | N4) || Independent(N3, N1 | N4)"
82fad9e9200b3eb3,representation_only,52,2,False,,1.0,1.0,1.0,1.0,1.0,1,2,52,P(N1 | N3)
918d9935932a3fea,representation_only,52,2,False,,1.0,1.0,1.0,1.0,1.0,1,2,52,P(N3 | do(N8))
c30b3b741db499ae,representation_only,52,4,False,,1.0,1.0,1.0,1.0,1.0,3,1,34,"Ancestor(N4, N9) || Effect(N4 -> N9) || Reachable(N4, N9)"
d34283f682fb5db5,representation_only,52,2,False,,1.0,1.0,1.0,1.0,1.0,1,2,52,P(N1 | N0)
dabe6be0e260b262,representation_only,52,4,False,,1.0,1.0,1.0,1.0,1.0,2,3,44,"Blocked(N3, N5 | N1) || Independent(N3, N5 | N1)"
dcb88b59b4e1e470,representation_only,52,4,False,,1.0,1.0,1.0,1.0,1.0,3,1,34,"Ancestor(N7, N3) || Effect(N7 -> N3) || Reachable(N7, N3)"
0bd443680d8bc298,representation_only,51,4,False,,1.0,1.0,1.0,1.0,1.0,3,1,37,"Ancestor(N2, N6) || Effect(N2 -> N6) || Reachable(N2, N6)"
0f44f2627e455894,representation_only,51,4,False,,1.0,1.0,1.0,1.0,1.0,2,3,45,"Blocked(N1, N4 | N3) || Independent(N1, N4 | N3)"
34ad32a5b977f6a7,representation_only,51,2,False,,1.0,1.0,1.0,1.0,1.0,1,5,51,"P(N1 | do(N3), do(N0))"
60f7a80a7ffe3d1a,representation_only,51,2,False,,1.0,1.0,1.0,1.0,1.0,1,5,51,"P(N3 | do(N6), do(N1))"
9d17e7b97f8c8dc6,representation_only,51,4,False,,1.0,1.0,1.0,1.0,1.0,3,1,32,"Ancestor(N6, N3) || Effect(N6 -> N3) || Reachable(N6, N3)"
a78668044e13a686,representation_only,51,4,False,,1.0,1.0,1.0,1.0,1.0,2,3,44,"Blocked(N0, N2 | N4) || Independent(N0, N2 | N4)"
b6f70aaec077d500,representation_only,51,4,False,,1.0,1.0,1.0,1.0,1.0,2,3,46,"Blocked(N3, N4 | N5) || Independent(N3, N4 | N5)"
d221d9b5e05b2607,representation_only,51,2,False,,1.0,1.0,1.0,1.0,1.0,1,2,51,P(N2 | N3)
d607429e8a09d1b8,representation_only,51,2,False,,1.0,1.0,1.0,1.0,1.0,1,2,51,P(N3 | N2)
d7be5ca6c386bbdd,representation_only,51,4,False,,1.0,1.0,1.0,1.0,1.0,2,3,32,"Blocked(N1, N2 | N3) || Independent(N1, N2 | N3)"
e69efc5f799ffa48,representation_only,51,2,False,,1.0,1.0,1.0,1.0,1.0,1,2,51,P(N3 | N1)
04218f1a6e23777f,representation_only,50,4,False,,1.0,1.0,1.0,1.0,1.0,3,1,40,"Ancestor(N1, N9) || Effect(N1 -> N9) || Reachable(N1, N9)"
141984ff137158d6,representation_only,50,2,False,,1.0,1.0,1.0,1.0,1.0,1,5,50,"P(N3 | do(N7), do(N0))"
30457c48f4bf11da,representation_only,50,2,False,,1.0,1.0,1.0,1.0,1.0,1,2,50,P(N1 | N3)
325347815665d8a9,representation_only,50,4,False,,1.0,1.0,1.0,1.0,1.0,2,3,31,"Blocked(N1, N3 | N2) || Independent(N1, N3 | N2)"
39a1498ac731e5d3,representation_only,50,2,False,,1.0,1.0,1.0,1.0,1.0,1,2,50,P(N1 | N2)
39a917e19d927110,representation_only,50,2,False,,1.0,1.0,1.0,1.0,1.0,1,5,50,"P(N2 | do(N7), do(N4))"
4955c64e148a70f2,representation_only,50,2,False,,1.0,1.0,1.0,1.0,1.0,1,2,50,P(N0 | N3)
5edcc351475cdf02,representation_only,50,4,False,,1.0,1.0,1.0,1.0,1.0,2,3,46,"Blocked(N2, N5 | N3) || Independent(N2, N5 | N3)"
8d384d5d5c2dfb69,representation_only,50,4,False,,1.0,1.0,1.0,1.0,1.0,3,1,38,"Ancestor(N7, N8) || Effect(N7 -> N8) || Reachable(N7, N8)"
adc608b7896bb705,representation_only,50,4,False,,1.0,1.0,1.0,1.0,1.0,2,3,32,"Blocked(N1, N3 | N0) || Independent(N1, N3 | N0)"
b89d1821974d0f4b,representation_only,50,4,False,,1.0,1.0,1.0,1.0,1.0,2,3,45,"Blocked(N0, N4 | N5) || Independent(N0, N4 | N5)"
bcea12b37895f54f,representation_only,50,4,False,,1.0,1.0,1.0,1.0,1.0,2,3,32,"Blocked(N3, N1 | N2) || Independent(N3, N1 | N2)"
d70b2d638b366fe2,representation_only,50,4,False,,1.0,1.0,1.0,1.0,1.0,3,1,32,"Ancestor(N7, N5) || Effect(N7 -> N5) || Reachable(N7, N5)"
e98db7bb226cdbaa,representation_only,50,4,False,,1.0,1.0,1.0,1.0,1.0,3,1,36,"Ancestor(N5, N9) || Effect(N5 -> N9) || Reachable(N5, N9)"
f54f46e216891a7b,representation_only,50,4,False,,1.0,1.0,1.0,1.0,1.0,2,3,44,"Blocked(N4, N0 | N5) || Independent(N4, N0 | N5)"
0ee90c9aa518812d,representation_only,49,4,False,,1.0,1.0,1.0,1.0,1.0,3,1,32,"Ancestor(N2, N7) || Effect(N2 -> N7) || Reachable(N2, N7)"
2f10f682ed11029b,representation_only,49,2,False,,1.0,1.0,1.0,1.0,1.0,1,2,49,P(N3 | do(N1))
46434ed840c2c19b,representation_only,49,4,False,,1.0,1.0,1.0,1.0,1.0,3,1,36,"Ancestor(N2, N8) || Effect(N2 -> N8) || Reachable(N2, N8)"
55e25390138dc623,representation_only,49,4,False,,1.0,1.0,1.0,1.0,1.0,3,1,35,"Ancestor(N8, N6) || Effect(N8 -> N6) || Reachable(N8, N6)"
72583b260a68e20a,representation_only,49,2,False,,1.0,1.0,1.0,1.0,1.0,1,2,49,P(N1 | N0)
77675054447de0e7,representation_only,49,2,False,,1.0,1.0,1.0,1.0,1.0,1,2,49,P(N9 | do(N3))
c0a9debff24c409a,representation_only,49,4,False,,1.0,1.0,1.0,1.0,1.0,3,1,36,"Ancestor(N3, N8) || Effect(N3 -> N8) || Reachable(N3, N8)"
d673ea2307885c33,representation_only,49,2,False,,1.0,1.0,1.0,1.0,1.0,1,2,49,P(N0 | do(N2))
f0040bd7d3375fef,representation_only,49,4,False,,1.0,1.0,1.0,1.0,1.0,3,1,37,"Ancestor(N9, N4) || Effect(N9 -> N4) || Reachable(N9, N4)"
f4882fcff54fc3e4,representation_only,49,4,False,,1.0,1.0,1.0,1.0,1.0,2,3,44,"Blocked(N5, N2 | N1) || Independent(N5, N2 | N1)"
f8c63ef0ad84e779,representation_only,49,2,False,,1.0,1.0,1.0,1.0,1.0,1,5,49,"P(N3 | do(N2), do(N7))"
06596913c7cf0e07,representation_only,48,2,False,,1.0,1.0,1.0,1.0,1.0,1,2,48,P(N8 | do(N4))
073f492ba2e9546b,representation_only,48,4,False,,1.0,1.0,1.0,1.0,1.0,2,3,41,"Blocked(N4, N3 | N2) || Independent(N4, N3 | N2)"
0a57e15f8278a066,representation_only,48,2,False,,1.0,1.0,1.0,1.0,1.0,1,2,48,P(N2 | N0)
0a6d6208603728dd,representation_only,48,2,False,,1.0,1.0,1.0,1.0,1.0,1,2,48,P(N2 | do(N9))
318970c387b9e81a,representation_only,48,2,False,,1.0,1.0,1.0,1.0,1.0,1,5,48,"P(N4 | do(N7), do(N3))"
343f4579493bdd5b,representation_only,48,4,False,,1.0,1.0,1.0,1.0,1.0,3,1,38,"Ancestor(N9, N6) || Effect(N9 -> N6) || Reachable(N9, N6)"
38b8e8007fa9161a,representation_only,48,2,False,,1.0,1.0,1.0,1.0,1.0,1,2,48,P(N0 | do(N1))
3c0317bf2ed55193,representation_only,48,4,False,,1.0,1.0,1.0,1.0,1.0,3,1,36,"Ancestor(N7, N2) || Effect(N7 -> N2) || Reachable(N7, N2)"
429afd28f828374f,representation_only,48,4,False,,1.0,1.0,1.0,1.0,1.0,2,3,43,"Blocked(N4, N2 | N1) || Independent(N4, N2 | N1)"
5118d86abab1c84e,representation_only,48,2,False,,1.0,1.0,1.0,1.0,1.0,1,2,48,P(N8 | do(N3))
53b16c30a7f9d314,representation_only,48,2,False,,1.0,1.0,1.0,1.0,1.0,1,2,48,P(N3 | N0)
5aaf14bb81bc04dc,representation_only,48,2,False,,1.0,1.0,1.0,1.0,1.0,1,5,48,"P(N1 | do(N7), do(N5))"
5aea6c574094cdfc,representation_only,48,4,False,,1.0,1.0,1.0,1.0,1.0,3,1,21,"Ancestor(N5, N1) || Effect(N5 -> N1) || Reachable(N5, N1)"
5c81ea6efb0368ff,representation_only,48,2,False,,1.0,1.0,1.0,1.0,1.0,1,5,48,"P(N1 | do(N7), do(N3))"
67a98a0c21baeca2,representation_only,48,4,False,,1.0,1.0,1.0,1.0,1.0,2,3,42,"Blocked(N4, N2 | N3) || Independent(N4, N2 | N3)"
6f1556a192bb96d8,representation_only,48,2,False,,1.0,1.0,1.0,1.0,1.0,1,2,48,P(N9 | do(N0))
74518dbc6b5920fb,representation_only,48,4,False,,1.0,1.0,1.0,1.0,1.0,3,1,40,"Ancestor(N7, N9) || Effect(N7 -> N9) || Reachable(N7, N9)"
9a78a83728d8b9b9,representation_only,48,4,False,,1.0,1.0,1.0,1.0,1.0,3,1,39,"Ancestor(N4, N8) || Effect(N4 -> N8) || Reachable(N4, N8)"
add0401001168563,representation_only,48,4,False,,1.0,1.0,1.0,1.0,1.0,2,3,40,"Blocked(N5, N4 | N0) || Independent(N5, N4 | N0)"
bd692552ba39df25,representation_only,48,4,False,,1.0,1.0,1.0,1.0,1.0,3,1,29,"Ancestor(N6, N5) || Effect(N6 -> N5) || Reachable(N6, N5)"
de373ef2829d3135,representation_only,48,4,False,,1.0,1.0,1.0,1.0,1.0,2,3,31,"Blocked(N1, N0 | N3) || Independent(N1, N0 | N3)"
e33475a06a60c7f8,representation_only,48,2,False,,1.0,1.0,1.0,1.0,1.0,1,2,48,P(N3 | N0)
19a350797da49c63,representation_only,47,2,False,,1.0,1.0,1.0,1.0,1.0,1,5,47,"P(N2 | do(N1), do(N7))"
4a580ea2abd543b8,representation_only,47,4,False,,1.0,1.0,1.0,1.0,1.0,2,3,29,"Blocked(N1, N0 | N2) || Independent(N1, N0 | N2)"
6ee41ef1f6a0a3c0,representation_only,47,4,False,,1.0,1.0,1.0,1.0,1.0,2,3,42,"Blocked(N1, N2 | N5) || Independent(N1, N2 | N5)"
908f8edb3f79affa,representation_only,47,4,False,,1.0,1.0,1.0,1.0,1.0,3,1,31,"Ancestor(N4, N6) || Effect(N4 -> N6) || Reachable(N4, N6)"
a442dd32e1e1c430,representation_only,47,4,False,,1.0,1.0,1.0,1.0,1.0,3,1,30,"Ancestor(N3, N6) || Effect(N3 -> N6) || Reachable(N3, N6)"
bb5a0375ea02f1d5,representation_only,47,4,False,,1.0,1.0,1.0,1.0,1.0,3,1,39,"Ancestor(N9, N7) || Effect(N9 -> N7) || Reachable(N9, N7)"
ce57ef12c4a6419a,representation_only,47,4,False,,1.0,1.0,1.0,1.0,1.0,2,3,42,"Blocked(N4, N5 | N3) || Independent(N4, N5 | N3)"
dc1cf62e6e94708a,representation_only,47,2,False,,1.0,1.0,1.0,1.0,1.0,1,2,47,P(N4 | N1)
f053f95ac28e0b8b,representation_only,47,2,False,,1.0,1.0,1.0,1.0,1.0,1,2,47,P(N9 | do(N1))
1a066aff2833ad6d,representation_only,46,4,False,,1.0,1.0,1.0,1.0,1.0,3,1,33,"Ancestor(N5, N7) || Effect(N5 -> N7) || Reachable(N5, N7)"
757155a934f5b7dc,representation_only,46,2,False,,1.0,1.0,1.0,1.0,1.0,1,5,46,"P(N6 | do(N0), do(N3))"
8e660c45b5627730,representation_only,46,2,False,,1.0,1.0,1.0,1.0,1.0,1,2,46,P(N0 | N1)
ae1b3875d49b6367,representation_only,46,4,False,,1.0,1.0,1.0,1.0,1.0,2,3,31,"Blocked(N0, N3 | N1) || Independent(N0, N3 | N1)"
f4bde60e9c0a9ea8,representation_only,46,2,False,,1.0,1.0,1.0,1.0,1.0,1,2,46,P(N5 | do(N9))
f790402ad996edb3,representation_only,46,4,False,,1.0,1.0,1.0,1.0,1.0,3,1,24,"Ancestor(N5, N3) || Effect(N5 -> N3) || Reachable(N5, N3)"
2cf228f89c52502f,representation_only,45,4,False,,1.0,1.0,1.0,1.0,1.0,2,3,43,"Blocked(N4, N0 | N1) || Independent(N4, N0 | N1)"
32e5584e11de19a6,representation_only,45,2,False,,1.0,1.0,1.0,1.0,1.0,1,2,45,P(N3 | N4)
333d4ad2334fa474,representation_only,45,2,False,,1.0,1.0,1.0,1.0,1.0,1,2,45,P(N1 | N3)
3eec7cd8557c22ad,representation_only,45,2,False,,1.0,1.0,1.0,1.0,1.0,1,2,45,P(N2 | do(N8))
4db0c90fdf0acb73,representation_only,45,4,False,,1.0,1.0,1.0,1.0,1.0,3,1,23,"Ancestor(N5, N4) || Effect(N5 -> N4) || Reachable(N5, N4)"
5eef51a25b003d4e,representation_only,45,2,False,,1.0,1.0,1.0,1.0,1.0,1,5,45,"P(N3 | do(N0), do(N7))"
8490cc87ffd7df90,representation_only,45,2,False,,1.0,1.0,1.0,1.0,1.0,1,2,45,P(N4 | do(N8))
89575e35be739026,representation_only,45,2,False,,1.0,1.0,1.0,1.0,1.0,1,2,45,P(N9 | do(N7))
8a9616136ed4af33,representation_only,45,2,False,,1.0,1.0,1.0,1.0,1.0,1,2,45,P(N0 | do(N3))
8def91ef5847af5a,representation_only,45,2,False,,1.0,1.0,1.0,1.0,1.0,1,5,45,"P(N1 | do(N3), do(N2))"
917644520a340b49,representation_only,45,2,False,,1.0,1.0,1.0,1.0,1.0,1,2,45,P(N3 | do(N9))
a6dc1f7f22c31699,representation_only,45,4,False,,1.0,1.0,1.0,1.0,1.0,3,1,36,"Ancestor(N6, N0) || Effect(N6 -> N0) || Reachable(N6, N0)"
b1a57eb203f45eda,representation_only,45,2,False,,1.0,1.0,1.0,1.0,1.0,1,2,45,P(N8 | do(N9))
b5b2fb602d9fc52e,representation_only,45,4,False,,1.0,1.0,1.0,1.0,1.0,2,3,37,"Blocked(N3, N4 | N2) || Independent(N3, N4 | N2)"
b957122507d551c7,representation_only,45,4,False,,1.0,1.0,1.0,1.0,1.0,3,1,30,"Ancestor(N6, N5) || Effect(N6 -> N5) || Reachable(N6, N5)"
c863cb7e6210f94a,representation_only,45,2,False,,1.0,1.0,1.0,1.0,1.0,1,2,45,P(N0 | N2)
d7dbbf1256cb46e4,representation_only,45,2,False,,1.0,1.0,1.0,1.0,1.0,1,2,45,P(N2 | do(N3))
ec00257b27932151,representation_only,45,2,False,,1.0,1.0,1.0,1.0,1.0,1,5,45,"P(N4 | do(N0), do(N6))"
f2400457c55ff4a2,representation_only,45,4,False,,1.0,1.0,1.0,1.0,1.0,3,1,35,"Ancestor(N3, N7) || Effect(N3 -> N7) || Reachable(N3, N7)"
f937144f7ce51614,representation_only,45,4,False,,1.0,1.0,1.0,1.0,1.0,2,3,27,"Blocked(N3, N2 | N0) || Independent(N3, N2 | N0)"
f96e064ba4ec3244,representation_only,45,2,False,,1.0,1.0,1.0,1.0,1.0,1,5,45,"P(N1 | do(N6), do(N4))"
febbbb49a55775b1,representation_only,45,4,False,,1.0,1.0,1.0,1.0,1.0,3,1,19,"Ancestor(N5, N0) || Effect(N5 -> N0) || Reachable(N5, N0)"
025d748256a6347e,representation_only,44,2,False,,1.0,1.0,1.0,1.0,1.0,1,5,44,"P(N7 | do(N2), do(N1))"
0d94c52d6b7aa932,representation_only,44,2,False,,1.0,1.0,1.0,1.0,1.0,1,2,44,P(N0 | N3)
0ea947357d7ed7f7,representation_only,44,2,False,,1.0,1.0,1.0,1.0,1.0,1,2,44,P(N4 | do(N9))
14c797bb9f73e45f,representation_only,44,2,False,,1.0,1.0,1.0,1.0,1.0,1,5,44,"P(N1 | do(N4), do(N7))"
210dc2e782ce6534,representation_only,44,2,False,,1.0,1.0,1.0,1.0,1.0,1,2,44,P(N2 | N0)
3fe0a0b8cc845199,representation_only,44,2,False,,1.0,1.0,1.0,1.0,1.0,1,2,44,P(N3 | do(N2))
4f453172a8426bab,representation_only,44,2,False,,1.0,1.0,1.0,1.0,1.0,1,2,44,P(N6 | do(N8))
5a066ebdbd318c69,representation_only,44,2,False,,1.0,1.0,1.0,1.0,1.0,1,2,44,P(N9 | do(N6))
678f98ee2e7f9c8b,representation_only,44,4,False,,1.0,1.0,1.0,1.0,1.0,3,1,18,"Ancestor(N2, N5) || Effect(N2 -> N5) || Reachable(N2, N5)"
7d9b057d74de858b,representation_only,44,2,False,,1.0,1.0,1.0,1.0,1.0,1,5,44,"P(N4 | do(N6), do(N5))"
8b9af0670cc3f27c,representation_only,44,2,False,,1.0,1.0,1.0,1.0,1.0,1,5,44,"P(N6 | do(N2), do(N0))"
8c47e46e0807a79b,representation_only,44,2,False,,1.0,1.0,1.0,1.0,1.0,1,5,44,"P(N3 | do(N6), do(N0))"
8ec86fb0b3d4817f,representation_only,44,2,False,,1.0,1.0,1.0,1.0,1.0,1,5,44,"P(N1 | do(N6), do(N3))"
8f3d72235e3221bc,representation_only,44,2,False,,1.0,1.0,1.0,1.0,1.0,1,5,44,"P(N6 | do(N0), do(N7))"
9e4ed1038f097ccf,representation_only,44,4,False,,1.0,1.0,1.0,1.0,1.0,2,3,37,"Blocked(N3, N2 | N4) || Independent(N3, N2 | N4)"
b4e0b199b0141562,representation_only,44,2,False,,1.0,1.0,1.0,1.0,1.0,1,5,44,"P(N0 | do(N7), do(N4))"
b9cec39a02f08a31,representation_only,44,2,False,,1.0,1.0,1.0,1.0,1.0,1,5,44,"P(N2 | do(N1), do(N6))"
c94a6b6406620b62,representation_only,44,4,False,,1.0,1.0,1.0,1.0,1.0,2,3,27,"Blocked(N0, N1 | N3) || Independent(N0, N1 | N3)"
da90947f1780706a,representation_only,44,4,False,,1.0,1.0,1.0,1.0,1.0,2,3,27,"Blocked(N3, N0 | N1) || Independent(N3, N0 | N1)"
e1b5b30ad9c78faf,representation_only,44,2,False,,1.0,1.0,1.0,1.0,1.0,1,5,44,"P(N0 | do(N6), do(N3))"
fb929282347e51f7,representation_only,44,2,False,,1.0,1.0,1.0,1.0,1.0,1,2,44,P(N1 | N2)
fccec98bb59716d3,representation_only,44,2,False,,1.0,1.0,1.0,1.0,1.0,1,2,44,P(N8 | do(N6))
1006c10b490212e1,representation_only,43,2,False,,1.0,1.0,1.0,1.0,1.0,1,5,43,"P(N0 | do(N6), do(N1))"
1bfb1ae05c49204c,representation_only,43,4,False,,1.0,1.0,1.0,1.0,1.0,2,3,26,"Blocked(N2, N1 | N3) || Independent(N2, N1 | N3)"
2e3585bf561a7033,representation_only,43,4,False,,1.0,1.0,1.0,1.0,1.0,2,3,38,"Blocked(N0, N4 | N2) || Independent(N0, N4 | N2)"
4330d121c856340b,representation_only,43,2,False,,1.0,1.0,1.0,1.0,1.0,1,2,43,P(N1 | N5)
45e54137ad749d4a,representation_only,43,2,False,,1.0,1.0,1.0,1.0,1.0,1,2,43,P(N8 | do(N0))
4b9cb97d6c92c396,representation_only,43,2,False,,1.0,1.0,1.0,1.0,1.0,1,5,43,"P(N6 | do(N4), do(N3))"
4c45fbf6573a0190,representation_only,43,2,False,,1.0,1.0,1.0,1.0,1.0,1,5,43,"P(N2 | do(N6), do(N5))"
52b11f53c548af0f,representation_only,43,4,False,,1.0,1.0,1.0,1.0,1.0,2,3,38,"Blocked(N1, N3 | N4) || Independent(N1, N3 | N4)"
718129c8bed453b1,representation_only,43,2,False,,1.0,1.0,1.0,1.0,1.0,1,5,43,"P(N7 | do(N5), do(N1))"
78ce8ff5b0d7e3e3,representation_only,43,4,False,,1.0,1.0,1.0,1.0,1.0,2,3,28,"Blocked(N2, N3 | N1) || Independent(N2, N3 | N1)"
7c048f91578b0c81,representation_only,43,4,False,,1.0,1.0,1.0,1.0,1.0,3,1,39,"Ancestor(N9, N0) || Effect(N9 -> N0) || Reachable(N9, N0)"
8de1740364c27558,representation_only,43,2,False,,1.0,1.0,1.0,1.0,1.0,1,5,43,"P(N2 | do(N6), do(N3))"
9aa40fd5d5003b98,representation_only,43,4,False,,1.0,1.0,1.0,1.0,1.0,2,3,39,"Blocked(N4, N1 | N3) || Independent(N4, N1 | N3)"
9bfdda2a952d2f16,representation_only,43,4,False,,1.0,1.0,1.0,1.0,1.0,3,1,33,"Ancestor(N1, N8) || Effect(N1 -> N8) || Reachable(N1, N8)"
a23ed826db33f06e,representation_only,43,4,False,,1.0,1.0,1.0,1.0,1.0,2,3,25,"Blocked(N3, N2 | N1) || Independent(N3, N2 | N1)"
a2598a2a908de074,representation_only,43,2,False,,1.0,1.0,1.0,1.0,1.0,1,2,43,P(N1 | N2)
b31e7688d6334e5f,representation_only,43,4,False,,1.0,1.0,1.0,1.0,1.0,3,1,29,"Ancestor(N6, N4) || Effect(N6 -> N4) || Reachable(N6, N4)"
bc4e1a8460b81296,representation_only,43,2,False,,1.0,1.0,1.0,1.0,1.0,1,5,43,"P(N0 | do(N7), do(N3))"
c3cb20392b0b99fb,representation_only,43,4,False,,1.0,1.0,1.0,1.0,1.0,3,1,18,"Ancestor(N4, N5) || Effect(N4 -> N5) || Reachable(N4, N5)"
cfd3c60fdb66f005,representation_only,43,2,False,,1.0,1.0,1.0,1.0,1.0,1,5,43,"P(N2 | do(N5), do(N6))"
cfe3b453c2d85ccb,representation_only,43,4,False,,1.0,1.0,1.0,1.0,1.0,3,1,35,"Ancestor(N8, N2) || Effect(N8 -> N2) || Reachable(N8, N2)"
f2c7243bb22318fe,representation_only,43,2,False,,1.0,1.0,1.0,1.0,1.0,1,4,43,"P(N7 | do(N1), N2)"
f94aaa0eb0938b1a,representation_only,43,2,False,,1.0,1.0,1.0,1.0,1.0,1,5,43,"P(N3 | do(N6), do(N7))"
fd17b16a28c62025,representation_only,43,2,False,,1.0,1.0,1.0,1.0,1.0,1,5,43,"P(N6 | do(N5), do(N3))"
fd901ac787df1f2d,representation_only,43,2,False,,1.0,1.0,1.0,1.0,1.0,1,4,43,"P(N7 | do(N2), N0)"
069d32ca4c99fa88,representation_only,42,2,False,,1.0,1.0,1.0,1.0,1.0,1,4,42,"P(N4 | do(N0), N7)"
0b7727cded33f0f6,representation_only,42,2,False,,1.0,1.0,1.0,1.0,1.0,1,5,42,"P(N0 | do(N7), do(N2))"
148030aba632c060,representation_only,42,2,False,,1.0,1.0,1.0,1.0,1.0,1,2,42,P(N8 | do(N7))
1e565464cbc3b2f5,representation_only,42,2,False,,1.0,1.0,1.0,1.0,1.0,1,5,42,"P(N6 | do(N4), do(N7))"
418268609c663190,representation_only,42,2,False,,1.0,1.0,1.0,1.0,1.0,1,5,42,"P(N6 | do(N3), do(N7))"
42a8a4caf78a1c0a,representation_only,42,2,False,,1.0,1.0,1.0,1.0,1.0,1,5,42,"P(N4 | do(N5), do(N7))"
4438cc90f769802e,representation_only,42,2,False,,1.0,1.0,1.0,1.0,1.0,1,4,42,"P(N5 | do(N6), N3)"
6feb3744c86fcddb,representation_only,42,2,False,,1.0,1.0,1.0,1.0,1.0,1,5,42,"P(N6 | do(N3), do(N1))"
7872c4c377df79a1,representation_only,42,4,False,,1.0,1.0,1.0,1.0,1.0,2,3,39,"Blocked(N1, N5 | N2) || Independent(N1, N5 | N2)"
7c16d1aadca429cf,representation_only,42,2,False,,1.0,1.0,1.0,1.0,1.0,1,4,42,"P(N1 | do(N3), N0)"
86460e85d7e6a763,representation_only,42,2,False,,1.0,1.0,1.0,1.0,1.0,1,2,42,P(N5 | do(N8))
8999fde84148adb5,representation_only,42,2,False,,1.0,1.0,1.0,1.0,1.0,1,2,42,P(N8 | do(N5))
bf6cbe15411a3e81,representation_only,42,2,False,,1.0,1.0,1.0,1.0,1.0,1,2,42,P(N0 | N4)
c1f5b16955c5bae8,representation_only,42,2,False,,1.0,1.0,1.0,1.0,1.0,1,5,42,"P(N1 | do(N2), do(N6))"
c2cba1d29e94ddde,representation_only,42,2,False,,1.0,1.0,1.0,1.0,1.0,1,2,42,P(N8 | do(N2))
c53d5600115f602d,representation_only,42,2,False,,1.0,1.0,1.0,1.0,1.0,1,5,42,"P(N5 | do(N0), do(N6))"
c6b1abaa6b929831,representation_only,42,4,False,,1.0,1.0,1.0,1.0,1.0,2,3,24,"Blocked(N0, N1 | N2) || Independent(N0, N1 | N2)"
d4381cfaeb3b384f,representation_only,42,4,False,,1.0,1.0,1.0,1.0,1.0,2,3,27,"Blocked(N3, N1 | N2) || Independent(N3, N1 | N2)"
dea25b21d4a3f142,representation_only,42,2,False,,1.0,1.0,1.0,1.0,1.0,1,4,42,"P(N0 | do(N6), N4)"
0c9a89c3163a0960,representation_only,41,2,False,,1.0,1.0,1.0,1.0,1.0,1,5,41,"P(N3 | do(N6), do(N2))"
0f7eb6b38a07e024,representation_only,41,4,False,,1.0,1.0,1.0,1.0,1.0,3,1,26,"Ancestor(N6, N2) || Effect(N6 -> N2) || Reachable(N6, N2)"
1f3da9ec1bbe4b9e,representation_only,41,2,False,,1.0,1.0,1.0,1.0,1.0,1,2,41,P(N9 | do(N8))
2b5b4112a5c472cd,representation_only,41,2,False,,1.0,1.0,1.0,1.0,1.0,1,5,41,"P(N6 | do(N2), do(N5))"
34aeb55c3d38743d,representation_only,41,2,False,,1.0,1.0,1.0,1.0,1.0,1,5,41,"P(N5 | do(N1), do(N7))"
448bcef6de9db23e,representation_only,41,2,False,,1.0,1.0,1.0,1.0,1.0,1,4,41,"P(N0 | do(N7), N2)"
59a7eb8059280265,representation_only,41,4,False,,1.0,1.0,1.0,1.0,1.0,3,1,34,"Ancestor(N0, N9) || Effect(N0 -> N9) || Reachable(N0, N9)"
5b1e40303130495f,representation_only,41,2,False,,1.0,1.0,1.0,1.0,1.0,1,2,41,P(N1 | do(N8))
5b25e41614561248,representation_only,41,4,False,,1.0,1.0,1.0,1.0,1.0,2,3,23,"Blocked(N0, N2 | N1) || Independent(N0, N2 | N1)"
68680cb73b80a0bb,representation_only,41,2,False,,1.0,1.0,1.0,1.0,1.0,1,5,41,"P(N7 | do(N2), do(N6))"
6b9d075603ed56be,representation_only,41,4,False,,1.0,1.0,1.0,1.0,1.0,2,3,26,"Blocked(N2, N3 | N1) || Independent(N2, N3 | N1)"
7ce9bcb9120bf9d7,representation_only,41,4,False,,1.0,1.0,1.0,1.0,1.0,3,1,21,"Ancestor(N0, N5) || Effect(N0 -> N5) || Reachable(N0, N5)"
92ce8c7bcb269148,representation_only,41,2,False,,1.0,1.0,1.0,1.0,1.0,1,2,41,P(N4 | N3)
94b6ac832ea1d42c,representation_only,41,2,False,,1.0,1.0,1.0,1.0,1.0,1,5,41,"P(N6 | do(N4), do(N2))"
a2db31cf44c5d0bb,representation_only,41,2,False,,1.0,1.0,1.0,1.0,1.0,1,5,41,"P(N7 | do(N2), do(N0))"
b34cfb3dca3fcd92,representation_only,41,2,False,,1.0,1.0,1.0,1.0,1.0,1,5,41,"P(N4 | do(N6), do(N1))"
ba713f992760a275,representation_only,41,2,False,,1.0,1.0,1.0,1.0,1.0,1,5,41,"P(N7 | do(N0), do(N1))"
c5b5bde41579f813,representation_only,41,2,False,,1.0,1.0,1.0,1.0,1.0,1,5,41,"P(N3 | do(N0), do(N6))"
d2e603c10f1a2256,representation_only,41,2,False,,1.0,1.0,1.0,1.0,1.0,1,2,41,P(N9 | do(N4))
d9433ab1ef0a2903,representation_only,41,2,False,,1.0,1.0,1.0,1.0,1.0,1,4,41,"P(N6 | do(N3), N4)"
f650428f496f830f,representation_only,41,2,False,,1.0,1.0,1.0,1.0,1.0,2,3,41,"Blocked(N4, N5 | N0) || Independent(N4, N5 | N0)"
f8dfe97ae400c291,representation_only,41,4,False,,1.0,1.0,1.0,1.0,1.0,2,3,22,"Blocked(N0, N1 | N2) || Independent(N0, N1 | N2)"
f97fe8edc7a7f210,representation_only,41,4,False,,1.0,1.0,1.0,1.0,1.0,2,3,24,"Blocked(N2, N3 | N0) || Independent(N2, N3 | N0)"
fc4a4cd5ce73d21e,representation_only,41,2,False,,1.0,1.0,1.0,1.0,1.0,1,5,41,"P(N6 | do(N7), do(N3))"
ffa41687be23a52f,representation_only,41,2,False,,1.0,1.0,1.0,1.0,1.0,1,5,41,"P(N6 | do(N1), do(N5))"
0e3c5b91c7654c4b,representation_only,40,2,False,,1.0,1.0,1.0,1.0,1.0,1,5,40,"P(N3 | do(N6), do(N5))"
119799a7fdaed7ba,representation_only,40,2,False,,1.0,1.0,1.0,1.0,1.0,1,5,40,"P(N2 | do(N7), do(N3))"
13bd445287a0c106,representation_only,40,2,False,,1.0,1.0,1.0,1.0,1.0,1,5,40,"P(N1 | do(N7), do(N4))"
16f6f3c2fee174e0,representation_only,40,2,False,,1.0,1.0,1.0,1.0,1.0,1,5,40,"P(N3 | do(N6), do(N4))"
17effc0a335b0f0c,representation_only,40,2,False,,1.0,1.0,1.0,1.0,1.0,1,5,40,"P(N7 | do(N0), do(N2))"
272709d97d70f87a,representation_only,40,2,False,,1.0,1.0,1.0,1.0,1.0,1,4,40,"P(N0 | do(N7), N1)"
293d1b42c638d321,representation_only,40,2,False,,1.0,1.0,1.0,1.0,1.0,1,4,40,"P(N0 | do(N6), N1)"
2e24d3ebbfd39352,representation_only,40,2,False,,1.0,1.0,1.0,1.0,1.0,1,2,40,P(N6 | do(N9))
3813d280edd1aea9,representation_only,40,2,False,,1.0,1.0,1.0,1.0,1.0,1,5,40,"P(N5 | do(N2), do(N7))"
40af71eeca99721f,representation_only,40,2,False,,1.0,1.0,1.0,1.0,1.0,1,5,40,"P(N7 | do(N1), do(N0))"
49f60e64ec11094c,representation_only,40,2,False,,1.0,1.0,1.0,1.0,1.0,1,2,40,P(N3 | do(N0))
5fd2125dc7ee12cf,representation_only,40,2,False,,1.0,1.0,1.0,1.0,1.0,1,5,40,"P(N6 | do(N3), do(N2))"
6b0bff4f691511da,representation_only,40,2,False,,1.0,1.0,1.0,1.0,1.0,1,4,40,"P(N1 | do(N3), N2)"
80ab367f5e79b072,representation_only,40,2,False,,1.0,1.0,1.0,1.0,1.0,1,5,40,"P(N1 | do(N5), do(N6))"
8258b89dbb94223f,representation_only,40,4,False,,1.0,1.0,1.0,1.0,1.0,2,3,25,"Blocked(N2, N0 | N3) || Independent(N2, N0 | N3)"
a0cb2eee4d4e8739,representation_only,40,2,False,,1.0,1.0,1.0,1.0,1.0,1,5,40,"P(N5 | do(N7), do(N4))"
a5e142921d3aaba4,representation_only,40,2,False,,1.0,1.0,1.0,1.0,1.0,1,5,40,"P(N4 | do(N0), do(N7))"
a71ddb782f6d2be0,representation_only,40,4,False,,1.0,1.0,1.0,1.0,1.0,3,1,18,"Ancestor(N3, N5) || Effect(N3 -> N5) || Reachable(N3, N5)"
c009d1ee390ee134,representation_only,40,2,False,,1.0,1.0,1.0,1.0,1.0,1,5,40,"P(N2 | do(N7), do(N0))"
e3a09325796ac254,representation_only,40,4,False,,1.0,1.0,1.0,1.0,1.0,3,1,27,"Ancestor(N7, N3) || Effect(N7 -> N3) || Reachable(N7, N3)"
eca020354a8f48cb,representation_only,40,2,False,,1.0,1.0,1.0,1.0,1.0,1,4,40,"P(N3 | do(N6), N4)"
007ab83162e57b3e,representation_only,39,2,False,,1.0,1.0,1.0,1.0,1.0,1,5,39,"P(N7 | do(N1), do(N6))"
07f3f8fb0442bd12,representation_only,39,2,False,,1.0,1.0,1.0,1.0,1.0,1,5,39,"P(N0 | do(N2), do(N7))"
08ae699d954c689d,representation_only,39,2,False,,1.0,1.0,1.0,1.0,1.0,1,2,39,P(N0 | N5)
0e14c1ea8e072b33,representation_only,39,2,False,,1.0,1.0,1.0,1.0,1.0,1,5,39,"P(N1 | do(N0), do(N6))"
1398bbeb17e695a1,representation_only,39,2,False,,1.0,1.0,1.0,1.0,1.0,1,4,39,"P(N0 | do(N7), N5)"
13ce6a2916d974d1,representation_only,39,2,False,,1.0,1.0,1.0,1.0,1.0,1,5,39,"P(N3 | do(N1), do(N7))"
1e286a6ec3257e77,representation_only,39,4,False,,1.0,1.0,1.0,1.0,1.0,3,1,26,"Ancestor(N6, N0) || Effect(N6 -> N0) || Reachable(N6, N0)"
245636c7170a1f93,representation_only,39,2,False,,1.0,1.0,1.0,1.0,1.0,1,4,39,"P(N6 | do(N0), N7)"
2920154d4fff0c95,representation_only,39,2,False,,1.0,1.0,1.0,1.0,1.0,1,5,39,"P(N6 | do(N7), do(N2))"
2f1b250bcc58da2c,representation_only,39,2,False,,1.0,1.0,1.0,1.0,1.0,1,4,39,"P(N2 | do(N6), N0)"
36277d6b1f4cecba,representation_only,39,2,False,,1.0,1.0,1.0,1.0,1.0,1,5,39,"P(N2 | do(N4), do(N6))"
39c9bb80f1ad0fab,representation_only,39,2,False,,1.0,1.0,1.0,1.0,1.0,1,5,39,"P(N1 | do(N6), do(N2))"
435531c96a24d75b,representation_only,39,2,False,,1.0,1.0,1.0,1.0,1.0,1,2,39,P(N2 | N3)
443276ff8b465f66,representation_only,39,2,False,,1.0,1.0,1.0,1.0,1.0,1,5,39,"P(N1 | do(N3), do(N6))"
4f7e7704a0dbabd3,representation_only,39,2,False,,1.0,1.0,1.0,1.0,1.0,1,2,39,P(N0 | do(N9))
4fb1c3885530560e,representation_only,39,4,False,,1.0,1.0,1.0,1.0,1.0,2,3,22,"Blocked(N2, N0 | N1) || Independent(N2, N0 | N1)"
51a18d02c7c6e587,representation_only,39,2,False,,1.0,1.0,1.0,1.0,1.0,1,5,39,"P(N1 | do(N7), do(N0))"
6b0eb82d60bdd4b5,representation_only,39,4,False,,1.0,1.0,1.0,1.0,1.0,2,3,24,"Blocked(N0, N2 | N3) || Independent(N0, N2 | N3)"
6d9d79c6cf09ae01,representation_only,39,2,False,,1.0,1.0,1.0,1.0,1.0,1,5,39,"P(N3 | do(N7), do(N4))"
77411db99e1918a5,representation_only,39,4,False,,1.0,1.0,1.0,1.0,1.0,3,1,27,"Ancestor(N5, N6) || Effect(N5 -> N6) || Reachable(N5, N6)"
906225a3a7872467,representation_only,39,2,False,,1.0,1.0,1.0,1.0,1.0,1,4,39,"P(N4 | do(N7), N2)"
9510b49fe7c05b17,representation_only,39,2,False,,1.0,1.0,1.0,1.0,1.0,1,5,39,"P(N2 | do(N0), do(N7))"
9d6e50cb6190afd5,representation_only,39,2,False,,1.0,1.0,1.0,1.0,1.0,1,4,39,"P(N1 | do(N7), N3)"
a06b7c4e9ef24382,representation_only,39,4,False,,1.0,1.0,1.0,1.0,1.0,2,3,27,"Blocked(N1, N3 | N2) || Independent(N1, N3 | N2)"
b878d8a565fd20c8,representation_only,39,2,False,,1.0,1.0,1.0,1.0,1.0,1,4,39,"P(N5 | do(N2), N6)"
cf066abb741ab2cf,representation_only,39,2,False,,1.0,1.0,1.0,1.0,1.0,1,5,39,"P(N3 | do(N7), do(N5))"
cf0c22b503907e5e,representation_only,39,2,False,,1.0,1.0,1.0,1.0,1.0,1,4,39,"P(N7 | do(N1), N5)"
db74624f15e9e298,representation_only,39,2,False,,1.0,1.0,1.0,1.0,1.0,1,2,39,P(N0 | N2)
dbf040b90f97cfdd,representation_only,39,2,False,,1.0,1.0,1.0,1.0,1.0,1,5,39,"P(N6 | do(N5), do(N4))"
ea23e225b75b0313,representation_only,39,2,False,,1.0,1.0,1.0,1.0,1.0,1,5,39,"P(N5 | do(N4), do(N6))"
eabf6e7934b192f9,representation_only,39,2,False,,1.0,1.0,1.0,1.0,1.0,1,5,39,"P(N0 | do(N6), do(N2))"
fc957f9290c35f93,representation_only,39,4,False,,1.0,1.0,1.0,1.0,1.0,2,3,25,"Blocked(N3, N0 | N2) || Independent(N3, N0 | N2)"
00a13ad5e53b8c27,representation_only,38,2,False,,1.0,1.0,1.0,1.0,1.0,1,2,38,P(N5 | N2)
0b52b6805b0d535f,representation_only,38,4,False,,1.0,1.0,1.0,1.0,1.0,2,3,23,"Blocked(N0, N3 | N1) || Independent(N0, N3 | N1)"
1e1e6318b15c67a1,representation_only,38,2,False,,1.0,1.0,1.0,1.0,1.0,1,5,38,"P(N7 | do(N6), do(N2))"
20275260b367c959,representation_only,38,2,False,,1.0,1.0,1.0,1.0,1.0,1,2,38,P(N0 | N1)
293ec371db4f1faa,representation_only,38,4,False,,1.0,1.0,1.0,1.0,1.0,3,1,22,"Ancestor(N5, N7) || Effect(N5 -> N7) || Reachable(N5, N7)"
2ad7a97f175dbd83,representation_only,38,2,False,,1.0,1.0,1.0,1.0,1.0,1,4,38,"P(N5 | do(N7), N4)"
38d3f11000f82f76,representation_only,38,4,False,,1.0,1.0,1.0,1.0,1.0,3,1,19,"Ancestor(N1, N4) || Effect(N1 -> N4) || Reachable(N1, N4)"
3e42409a5a302ce8,representation_only,38,2,False,,1.0,1.0,1.0,1.0,1.0,1,5,38,"P(N2 | do(N7), do(N1))"
3e93480b32b4357d,representation_only,38,2,False,,1.0,1.0,1.0,1.0,1.0,1,4,38,"P(N4 | do(N7), N3)"
4873650212640f20,representation_only,38,2,False,,1.0,1.0,1.0,1.0,1.0,1,5,38,"P(N7 | do(N3), do(N5))"
5f4e421072de1e9f,representation_only,38,2,False,,1.0,1.0,1.0,1.0,1.0,1,2,38,P(N7 | do(N8))
63b08a1b86a1899a,representation_only,38,2,False,,1.0,1.0,1.0,1.0,1.0,1,4,38,"P(N1 | do(N6), N0)"
66bd73a243915e60,representation_only,38,2,False,,1.0,1.0,1.0,1.0,1.0,1,5,38,"P(N0 | do(N6), do(N7))"
6870df21f4b8dfbc,representation_only,38,2,False,,1.0,1.0,1.0,1.0,1.0,1,5,38,"P(N7 | do(N5), do(N6))"
7e9d34f09376bd35,representation_only,38,2,False,,1.0,1.0,1.0,1.0,1.0,1,5,38,"P(N6 | do(N1), do(N0))"
85d1d319ce588b6b,representation_only,38,2,False,,1.0,1.0,1.0,1.0,1.0,1,5,38,"P(N3 | do(N5), do(N6))"
8803fe16d305cfae,representation_only,38,2,False,,1.0,1.0,1.0,1.0,1.0,1,4,38,"P(N7 | do(N2), N3)"
89c3895220c745d4,representation_only,38,2,False,,1.0,1.0,1.0,1.0,1.0,1,4,38,"P(N6 | do(N1), N3)"
920b9038dd13dfd0,representation_only,38,2,False,,1.0,1.0,1.0,1.0,1.0,1,4,38,"P(N2 | do(N6), N4)"
94d2cc8e1cfd6439,representation_only,38,2,False,,1.0,1.0,1.0,1.0,1.0,1,4,38,"P(N4 | do(N6), N2)"
99be36f2b843b6a9,representation_only,38,2,False,,1.0,1.0,1.0,1.0,1.0,1,5,38,"P(N0 | do(N1), do(N6))"
abad9379e4cd1237,representation_only,38,2,False,,1.0,1.0,1.0,1.0,1.0,1,5,38,"P(N1 | do(N5), do(N7))"
b13afbff8e8d7970,representation_only,38,4,False,,1.0,1.0,1.0,1.0,1.0,2,3,33,"Blocked(N1, N4 | N2) || Independent(N1, N4 | N2)"
c5e02e5b55ace2fa,representation_only,38,2,False,,1.0,1.0,1.0,1.0,1.0,1,5,38,"P(N6 | do(N1), do(N7))"
cbf93b31948049a2,representation_only,38,2,False,,1.0,1.0,1.0,1.0,1.0,1,2,38,P(N1 | N9)
d1c3535c325c3d1d,representation_only,38,4,False,,1.0,1.0,1.0,1.0,1.0,3,1,18,"Ancestor(N5, N3) || Effect(N5 -> N3) || Reachable(N5, N3)"
dc09e0bb4f511440,representation_only,38,4,False,,1.0,1.0,1.0,1.0,1.0,2,3,23,"Blocked(N1, N2 | N3) || Independent(N1, N2 | N3)"
e33e48f2e4af6281,representation_only,38,2,False,,1.0,1.0,1.0,1.0,1.0,1,5,38,"P(N2 | do(N4), do(N7))"
e97b57c07c077349,representation_only,38,2,False,,1.0,1.0,1.0,1.0,1.0,1,2,38,P(N3 | N2)
f4a73b4f536cd9dc,representation_only,38,2,False,,1.0,1.0,1.0,1.0,1.0,1,5,38,"P(N6 | do(N5), do(N1))"
0ce3cf7f2ea88baf,representation_only,37,2,False,,1.0,1.0,1.0,1.0,1.0,1,4,37,"P(N5 | do(N7), N0)"
1971551d4e954708,representation_only,37,2,False,,1.0,1.0,1.0,1.0,1.0,1,4,37,"P(N4 | do(N7), N1)"
1ed67705c01350e5,representation_only,37,4,False,,1.0,1.0,1.0,1.0,1.0,3,1,16,"Ancestor(N3, N4) || Effect(N3 -> N4) || Reachable(N3, N4)"
269c3e1b03a1f7d2,representation_only,37,2,False,,1.0,1.0,1.0,1.0,1.0,1,2,37,P(N4 | do(N2))
2936ed830a7be498,representation_only,37,2,False,,1.0,1.0,1.0,1.0,1.0,1,5,37,"P(N3 | do(N2), do(N6))"
2a0a6879fede334a,representation_only,37,2,False,,1.0,1.0,1.0,1.0,1.0,1,4,37,"P(N0 | do(N2), N1)"
37713ebf4c170dd2,representation_only,37,2,False,,1.0,1.0,1.0,1.0,1.0,1,4,37,"P(N6 | do(N4), N0)"
48234c592ce1fb48,representation_only,37,2,False,,1.0,1.0,1.0,1.0,1.0,1,4,37,"P(N0 | do(N6), N5)"
497cede9de1d9c59,representation_only,37,2,False,,1.0,1.0,1.0,1.0,1.0,1,2,37,P(N2 | N4)
522327d4201b52bd,representation_only,37,2,False,,1.0,1.0,1.0,1.0,1.0,1,4,37,"P(N7 | do(N0), N3)"
635c0d3f889a072b,representation_only,37,2,False,,1.0,1.0,1.0,1.0,1.0,1,4,37,"P(N7 | do(N1), N0)"
74dbb45f9e71629e,representation_only,37,2,False,,1.0,1.0,1.0,1.0,1.0,1,4,37,"P(N4 | do(N2), N7)"
807d8b3d34854df5,representation_only,37,2,False,,1.0,1.0,1.0,1.0,1.0,1,5,37,"P(N5 | do(N6), do(N2))"
8a5dee3b9fe29aaa,representation_only,37,2,False,,1.0,1.0,1.0,1.0,1.0,1,5,37,"P(N4 | do(N1), do(N6))"
8b1ce6b9508532b0,representation_only,37,2,False,,1.0,1.0,1.0,1.0,1.0,1,5,37,"P(N3 | do(N7), do(N2))"
9503d979832ad077,representation_only,37,2,False,,1.0,1.0,1.0,1.0,1.0,1,5,37,"P(N7 | do(N4), do(N1))"
a055bb47d5f72bb1,representation_only,37,4,False,,1.0,1.0,1.0,1.0,1.0,2,3,21,"Blocked(N1, N0 | N2) || Independent(N1, N0 | N2)"
aac23afd1be90b50,representation_only,37,4,False,,1.0,1.0,1.0,1.0,1.0,2,3,35,"Blocked(N2, N4 | N3) || Independent(N2, N4 | N3)"
b2728c7b7bcb49cd,representation_only,37,2,False,,1.0,1.0,1.0,1.0,1.0,1,5,37,"P(N5 | do(N0), do(N7))"
b7df40b797fa104c,representation_only,37,2,False,,1.0,1.0,1.0,1.0,1.0,1,4,37,"P(N2 | do(N7), N4)"
b8567a95f753d74d,representation_only,37,2,False,,1.0,1.0,1.0,1.0,1.0,1,5,37,"P(N6 | do(N3), do(N0))"
c1c9744c9961ecef,representation_only,37,2,False,,1.0,1.0,1.0,1.0,1.0,1,4,37,"P(N0 | do(N4), N6)"
c58971ed018679bc,representation_only,37,2,False,,1.0,1.0,1.0,1.0,1.0,1,2,37,P(N4 | N5)
c64e0eb696379445,representation_only,37,4,False,,1.0,1.0,1.0,1.0,1.0,2,3,24,"Blocked(N0, N1 | N3) || Independent(N0, N1 | N3)"
c83155f961ae0e28,representation_only,37,4,False,,1.0,1.0,1.0,1.0,1.0,2,3,23,"Blocked(N3, N0 | N1) || Independent(N3, N0 | N1)"
d7574fc2454b783d,representation_only,37,2,False,,1.0,1.0,1.0,1.0,1.0,1,4,37,"P(N6 | do(N1), N4)"
e4b39904e7210e7d,representation_only,37,2,False,,1.0,1.0,1.0,1.0,1.0,1,4,37,"P(N3 | do(N4), N6)"
e75ceabeb8aff03d,representation_only,37,4,False,,1.0,1.0,1.0,1.0,1.0,3,1,23,"Ancestor(N0, N8) || Effect(N0 -> N8) || Reachable(N0, N8)"
f0fbc45f0d12c9ed,representation_only,37,2,False,,1.0,1.0,1.0,1.0,1.0,1,5,37,"P(N0 | do(N3), do(N7))"
fa82d26d17e05049,representation_only,37,4,False,,1.0,1.0,1.0,1.0,1.0,2,3,31,"Blocked(N3, N1 | N5) || Independent(N3, N1 | N5)"
06488a860d6b4852,representation_only,36,4,False,,1.0,1.0,1.0,1.0,1.0,2,3,21,"Blocked(N3, N2 | N1) || Independent(N3, N2 | N1)"
06c5675e06923cf3,representation_only,36,2,False,,1.0,1.0,1.0,1.0,1.0,1,2,36,P(N1 | do(N0))
0788c1f5e0941401,representation_only,36,2,False,,1.0,1.0,1.0,1.0,1.0,1,5,36,"P(N0 | do(N7), do(N6))"
0865c64c797ff672,representation_only,36,2,False,,1.0,1.0,1.0,1.0,1.0,1,5,36,"P(N6 | do(N3), do(N5))"
1f5974fee6358a54,representation_only,36,2,False,,1.0,1.0,1.0,1.0,1.0,1,4,36,"P(N4 | do(N5), N7)"
21c0823d23c7fc2b,representation_only,36,2,False,,1.0,1.0,1.0,1.0,1.0,1,5,36,"P(N4 | do(N6), do(N7))"
2b52fc7225bd53aa,representation_only,36,2,False,,1.0,1.0,1.0,1.0,1.0,1,5,36,"P(N1 | do(N6), do(N5))"
3a10a6c666a7a554,representation_only,36,2,False,,1.0,1.0,1.0,1.0,1.0,1,4,36,"P(N4 | do(N7), N0)"
41952c1f4b4847e4,representation_only,36,2,False,,1.0,1.0,1.0,1.0,1.0,1,2,36,P(N5 | N4)
449668f34d394393,representation_only,36,2,False,,1.0,1.0,1.0,1.0,1.0,1,5,36,"P(N4 | do(N6), do(N2))"
47027c38c137d365,representation_only,36,2,False,,1.0,1.0,1.0,1.0,1.0,1,4,36,"P(N5 | do(N7), N1)"
4c3d5953d039490f,representation_only,36,2,False,,1.0,1.0,1.0,1.0,1.0,1,5,36,"P(N6 | do(N7), do(N4))"
4cdc0fce27e5ae65,representation_only,36,2,False,,1.0,1.0,1.0,1.0,1.0,1,5,36,"P(N5 | do(N6), do(N7))"
4e1515d1c308893c,representation_only,36,4,False,,1.0,1.0,1.0,1.0,1.0,3,1,21,"Ancestor(N4, N3) || Effect(N4 -> N3) || Reachable(N4, N3)"
532ec3dbca1485fa,representation_only,36,2,False,,1.0,1.0,1.0,1.0,1.0,1,5,36,"P(N7 | do(N3), do(N6))"
5a1d31e5b6114ace,representation_only,36,2,False,,1.0,1.0,1.0,1.0,1.0,1,5,36,"P(N7 | do(N4), do(N2))"
5d7c363f8c317011,representation_only,36,2,False,,1.0,1.0,1.0,1.0,1.0,1,5,36,"P(N7 | do(N6), do(N4))"
6bd935553e3b5345,representation_only,36,2,False,,1.0,1.0,1.0,1.0,1.0,1,5,36,"P(N1 | do(N2), do(N0))"
6ce8605eb101664c,representation_only,36,2,False,,1.0,1.0,1.0,1.0,1.0,1,4,36,"P(N4 | do(N5), N6)"
6db693a9ffa5359c,representation_only,36,2,False,,1.0,1.0,1.0,1.0,1.0,1,2,36,P(N3 | N9)
7daa47cbdc1810ae,representation_only,36,2,False,,1.0,1.0,1.0,1.0,1.0,1,4,36,"P(N4 | do(N6), N5)"
7dac2d91d2024e82,representation_only,36,2,False,,1.0,1.0,1.0,1.0,1.0,1,4,36,"P(N2 | do(N6), N3)"
8e9add9b8fa27945,representation_only,36,2,False,,1.0,1.0,1.0,1.0,1.0,1,5,36,"P(N5 | do(N7), do(N1))"
908e06e1b8701df2,representation_only,36,2,False,,1.0,1.0,1.0,1.0,1.0,1,5,36,"P(N4 | do(N1), do(N7))"
9481301ccd04e29d,representation_only,36,2,False,,1.0,1.0,1.0,1.0,1.0,1,4,36,"P(N2 | do(N7), N1)"
9576619177c77900,representation_only,36,2,False,,1.0,1.0,1.0,1.0,1.0,1,5,36,"P(N6 | do(N3), do(N4))"
96b125c260037bd7,representation_only,36,2,False,,1.0,1.0,1.0,1.0,1.0,1,4,36,"P(N3 | do(N6), N5)"
9d7dbdb0d3d166c3,representation_only,36,2,False,,1.0,1.0,1.0,1.0,1.0,1,4,36,"P(N1 | do(N2), N3)"
a760a92b37922d07,representation_only,36,2,False,,1.0,1.0,1.0,1.0,1.0,1,2,36,P(N0 | N2)
a97febf4dcc33ac8,representation_only,36,2,False,,1.0,1.0,1.0,1.0,1.0,1,5,36,"P(N2 | do(N6), do(N7))"
adb9b6d84b068900,representation_only,36,2,False,,1.0,1.0,1.0,1.0,1.0,1,2,36,P(N5 | N0)
c1d79e982447aae7,representation_only,36,4,False,,1.0,1.0,1.0,1.0,1.0,2,3,20,"Blocked(N1, N0 | N3) || Independent(N1, N0 | N3)"
d9046022de2965ad,representation_only,36,2,False,,1.0,1.0,1.0,1.0,1.0,1,2,36,P(N5 | N1)
e2488f033572956c,representation_only,36,2,False,,1.0,1.0,1.0,1.0,1.0,1,5,36,"P(N7 | do(N3), do(N0))"
e9bd19092ad0b527,representation_only,36,2,False,,1.0,1.0,1.0,1.0,1.0,1,2,36,P(N4 | N0)
ec7a3dc629ee5817,representation_only,36,2,False,,1.0,1.0,1.0,1.0,1.0,1,5,36,"P(N5 | do(N6), do(N0))"
ef06efe6e7ed5180,representation_only,36,2,False,,1.0,1.0,1.0,1.0,1.0,1,5,36,"P(N1 | do(N7), do(N6))"
f84fba68f454ef29,representation_only,36,2,False,,1.0,1.0,1.0,1.0,1.0,1,4,36,"P(N6 | do(N3), N7)"
f99cdcb9d76427b5,representation_only,36,2,False,,1.0,1.0,1.0,1.0,1.0,1,5,36,"P(N7 | do(N4), do(N3))"
0674ba00f35818b1,representation_only,35,2,False,,1.0,1.0,1.0,1.0,1.0,1,4,35,"P(N3 | do(N7), N6)"
0ada4d82999163e6,representation_only,35,2,False,,1.0,1.0,1.0,1.0,1.0,1,4,35,"P(N2 | do(N7), N5)"
0cc3159cf502db9a,representation_only,35,2,False,,1.0,1.0,1.0,1.0,1.0,1,5,35,"P(N0 | do(N1), do(N3))"
0e8274bba4add51c,representation_only,35,2,False,,1.0,1.0,1.0,1.0,1.0,1,5,35,"P(N5 | do(N7), do(N0))"
0fc8d47b2e60b7fb,representation_only,35,2,False,,1.0,1.0,1.0,1.0,1.0,1,4,35,"P(N1 | do(N4), N7)"
10fa65bc3b879d21,representation_only,35,2,False,,1.0,1.0,1.0,1.0,1.0,1,5,35,"P(N6 | do(N1), do(N4))"
11bc037d61c57dc3,representation_only,35,4,False,,1.0,1.0,1.0,1.0,1.0,3,1,16,"Ancestor(N0, N4) || Effect(N0 -> N4) || Reachable(N0, N4)"
12600cb02f722506,representation_only,35,2,False,,1.0,1.0,1.0,1.0,1.0,1,4,35,"P(N1 | do(N6), N2)"
15880cfb75cfe2a9,representation_only,35,2,False,,1.0,1.0,1.0,1.0,1.0,1,2,35,P(N4 | N0)
19e882ff48e20154,representation_only,35,2,False,,1.0,1.0,1.0,1.0,1.0,1,5,35,"P(N1 | do(N3), do(N7))"
1c437836c129c708,representation_only,35,2,False,,1.0,1.0,1.0,1.0,1.0,1,4,35,"P(N6 | do(N7), N2)"
2fc174114738f0ea,representation_only,35,2,False,,1.0,1.0,1.0,1.0,1.0,1,4,35,"P(N6 | do(N2), N5)"
386da6dfcf050dc7,representation_only,35,2,False,,1.0,1.0,1.0,1.0,1.0,1,5,35,"P(N1 | do(N2), do(N3))"
41eb3a7c9064c36e,representation_only,35,2,False,,1.0,1.0,1.0,1.0,1.0,1,4,35,"P(N0 | do(N5), N6)"
434d49e3c549d90e,representation_only,35,2,False,,1.0,1.0,1.0,1.0,1.0,1,2,35,P(N1 | do(N5))
52b52c952d0305e9,representation_only,35,2,False,,1.0,1.0,1.0,1.0,1.0,1,4,35,"P(N7 | do(N5), N2)"
54ff915ff4be7a89,representation_only,35,4,False,,1.0,1.0,1.0,1.0,1.0,2,3,33,"Blocked(N1, N3 | N5) || Independent(N1, N3 | N5)"
5ee88cccd0e7cc60,representation_only,35,2,False,,1.0,1.0,1.0,1.0,1.0,1,2,35,P(N6 | N7)
5fc24d3bd363a61e,representation_only,35,2,False,,1.0,1.0,1.0,1.0,1.0,1,4,35,"P(N3 | do(N4), N7)"
611281d7495f8f3a,representation_only,35,2,False,,1.0,1.0,1.0,1.0,1.0,1,5,35,"P(N1 | do(N6), do(N7))"
6632543f386bbd31,representation_only,35,2,False,,1.0,1.0,1.0,1.0,1.0,1,4,35,"P(N2 | do(N4), N6)"
6dc894a81cab6084,representation_only,35,2,False,,1.0,1.0,1.0,1.0,1.0,1,5,35,"P(N0 | do(N1), do(N2))"
74c82a54c2d09b1f,representation_only,35,2,False,,1.0,1.0,1.0,1.0,1.0,1,2,35,P(N3 | N1)
7c84049e804c1c22,representation_only,35,2,False,,1.0,1.0,1.0,1.0,1.0,1,5,35,"P(N1 | do(N4), do(N6))"
8a9cbbc76f333827,representation_only,35,2,False,,1.0,1.0,1.0,1.0,1.0,1,5,35,"P(N6 | do(N4), do(N0))"
993897ac159b8723,representation_only,35,2,False,,1.0,1.0,1.0,1.0,1.0,1,2,35,P(N2 | do(N1))
9b68664913c1ff23,representation_only,35,2,False,,1.0,1.0,1.0,1.0,1.0,1,4,35,"P(N7 | do(N4), N3)"
a3d99ab189596bbb,representation_only,35,2,False,,1.0,1.0,1.0,1.0,1.0,1,4,35,"P(N4 | do(N6), N3)"
a82b4bab91a1e170,representation_only,35,2,False,,1.0,1.0,1.0,1.0,1.0,1,5,35,"P(N1 | do(N6), do(N0))"
b309a6d42d44aa52,representation_only,35,2,False,,1.0,1.0,1.0,1.0,1.0,1,4,35,"P(N5 | do(N6), N2)"
bf841b4ccf015c30,representation_only,35,2,False,,1.0,1.0,1.0,1.0,1.0,1,2,35,P(N2 | N4)
c5b07365d3344a65,representation_only,35,2,False,,1.0,1.0,1.0,1.0,1.0,1,5,35,"P(N5 | do(N7), do(N3))"
c86e9cec2e7bcf65,representation_only,35,2,False,,1.0,1.0,1.0,1.0,1.0,1,4,35,"P(N1 | do(N7), N2)"
c9a907d44b1a3581,representation_only,35,4,False,,1.0,1.0,1.0,1.0,1.0,2,3,22,"Blocked(N0, N2 | N1) || Independent(N0, N2 | N1)"
cd9363d1bc11038f,representation_only,35,2,False,,1.0,1.0,1.0,1.0,1.0,1,5,35,"P(N6 | do(N2), do(N4))"
d13934fd1ca5c473,representation_only,35,2,False,,1.0,1.0,1.0,1.0,1.0,1,5,35,"P(N2 | do(N6), do(N1))"
df4382eb23628e71,representation_only,35,2,False,,1.0,1.0,1.0,1.0,1.0,1,5,35,"P(N0 | do(N7), do(N1))"
e02dca6df65a31a9,representation_only,35,4,False,,1.0,1.0,1.0,1.0,1.0,3,1,15,"Ancestor(N1, N2) || Effect(N1 -> N2) || Reachable(N1, N2)"
e2c5c0d1c5a9c0dc,representation_only,35,4,False,,1.0,1.0,1.0,1.0,1.0,2,3,24,"Blocked(N2, N3 | N0) || Independent(N2, N3 | N0)"
e43c9cd92d084e77,representation_only,35,4,False,,1.0,1.0,1.0,1.0,1.0,3,1,16,"Ancestor(N0, N4) || Effect(N0 -> N4) || Reachable(N0, N4)"
ec0d1ffa8788818d,representation_only,35,2,False,,1.0,1.0,1.0,1.0,1.0,1,4,35,"P(N7 | do(N0), N1)"
ec482a507540b808,representation_only,35,2,False,,1.0,1.0,1.0,1.0,1.0,1,5,35,"P(N7 | do(N2), do(N4))"
f441c10d8bdbbbc8,representation_only,35,2,False,,1.0,1.0,1.0,1.0,1.0,1,5,35,"P(N2 | do(N3), do(N6))"
fac8d4eb17dda1f4,representation_only,35,2,False,,1.0,1.0,1.0,1.0,1.0,1,5,35,"P(N6 | do(N7), do(N0))"
0103dd170352e326,representation_only,34,4,False,,1.0,1.0,1.0,1.0,1.0,2,6,30,"Blocked(N1, N2 | N0, N4) || Independent(N1, N2 | N0, N4)"
011a73c0e8d27973,representation_only,34,2,False,,1.0,1.0,1.0,1.0,1.0,1,2,34,P(N8 | do(N1))
0add9d3aa4f2488c,representation_only,34,2,False,,1.0,1.0,1.0,1.0,1.0,1,2,34,P(N2 | N5)
1712e922cba71e91,representation_only,34,4,False,,1.0,1.0,1.0,1.0,1.0,2,6,20,"Blocked(N2, N1 | N0, N3) || Independent(N2, N1 | N0, N3)"
1836a72ed9fe6beb,representation_only,34,2,False,,1.0,1.0,1.0,1.0,1.0,1,4,34,"P(N4 | do(N0), N6)"
1b5fa7e9dbae8b9d,representation_only,34,2,False,,1.0,1.0,1.0,1.0,1.0,1,4,34,"P(N3 | do(N7), N5)"
23ccc85e2b964e88,representation_only,34,2,False,,1.0,1.0,1.0,1.0,1.0,1,5,34,"P(N7 | do(N1), do(N4))"
23fbc412bd7675d8,representation_only,34,2,False,,1.0,1.0,1.0,1.0,1.0,1,4,34,"P(N1 | do(N2), N0)"
2727b2986dfe0643,representation_only,34,2,False,,1.0,1.0,1.0,1.0,1.0,1,5,34,"P(N4 | do(N2), do(N6))"
2af9318c183b033d,representation_only,34,2,False,,1.0,1.0,1.0,1.0,1.0,1,5,34,"P(N6 | do(N7), do(N1))"
301330bfe86d9ed1,representation_only,34,2,False,,1.0,1.0,1.0,1.0,1.0,1,4,34,"P(N7 | do(N3), N5)"
34b1ef0dd4a8c01b,representation_only,34,2,False,,1.0,1.0,1.0,1.0,1.0,1,5,34,"P(N7 | do(N5), do(N3))"
3d8dcbf41724079e,representation_only,34,4,False,,1.0,1.0,1.0,1.0,1.0,3,1,20,"Ancestor(N6, N1) || Effect(N6 -> N1) || Reachable(N6, N1)"
3dc0c549581091fc,representation_only,34,2,False,,1.0,1.0,1.0,1.0,1.0,1,2,34,P(N4 | N2)
41168bf06f409b8b,representation_only,34,2,False,,1.0,1.0,1.0,1.0,1.0,1,5,34,"P(N7 | do(N3), do(N1))"
46dda7bd0dc29c55,representation_only,34,2,False,,1.0,1.0,1.0,1.0,1.0,1,5,34,"P(N2 | do(N6), do(N4))"
473a8b00066c2c5c,representation_only,34,2,False,,1.0,1.0,1.0,1.0,1.0,1,4,34,"P(N4 | do(N6), N7)"
5733661c87c5f2ad,representation_only,34,2,False,,1.0,1.0,1.0,1.0,1.0,1,4,34,"P(N6 | do(N5), N4)"
59ee63802bede7aa,representation_only,34,2,False,,1.0,1.0,1.0,1.0,1.0,1,4,34,"P(N2 | do(N0), N7)"
624beb9ba988f915,representation_only,34,2,False,,1.0,1.0,1.0,1.0,1.0,1,4,34,"P(N1 | do(N6), N3)"
6f20ff1183301701,representation_only,34,2,False,,1.0,1.0,1.0,1.0,1.0,1,5,34,"P(N0 | do(N4), do(N6))"
7b2f26bf4c7c0463,representation_only,34,4,False,,1.0,1.0,1.0,1.0,1.0,3,1,29,"Ancestor(N8, N2) || Effect(N8 -> N2) || Reachable(N8, N2)"
7ca40f67ba8cbf38,representation_only,34,4,False,,1.0,1.0,1.0,1.0,1.0,2,6,20,"Blocked(N3, N1 | N0, N2) || Independent(N3, N1 | N0, N2)"
8040a94e6a98be9d,representation_only,34,2,False,,1.0,1.0,1.0,1.0,1.0,1,4,34,"P(N6 | do(N4), N2)"
84d65ed80a99fd0f,representation_only,34,2,False,,1.0,1.0,1.0,1.0,1.0,1,4,34,"P(N1 | do(N0), N7)"
860f4f3ec83cd5a5,representation_only,34,4,False,,1.0,1.0,1.0,1.0,1.0,2,3,23,"Blocked(N2, N1 | N3) || Independent(N2, N1 | N3)"
87e7e4b6ca62adc8,representation_only,34,2,False,,1.0,1.0,1.0,1.0,1.0,1,5,34,"P(N4 | do(N7), do(N6))"
8a20047837866b42,representation_only,34,4,False,,1.0,1.0,1.0,1.0,1.0,2,3,20,"Blocked(N2, N1 | N3) || Independent(N2, N1 | N3)"
8a3748b6b6cedb9e,representation_only,34,2,False,,1.0,1.0,1.0,1.0,1.0,1,5,34,"P(N2 | do(N5), do(N7))"
905cf8becb73c0ca,representation_only,34,2,False,,1.0,1.0,1.0,1.0,1.0,1,4,34,"P(N4 | do(N1), N7)"
95e8b5648854ca3e,representation_only,34,2,False,,1.0,1.0,1.0,1.0,1.0,1,4,34,"P(N6 | do(N5), N7)"
9bda833cc44dd793,representation_only,34,4,False,,1.0,1.0,1.0,1.0,1.0,3,1,15,"Ancestor(N2, N3) || Effect(N2 -> N3) || Reachable(N2, N3)"
ac0c534c42d9b751,representation_only,34,2,False,,1.0,1.0,1.0,1.0,1.0,1,4,34,"P(N6 | do(N2), N4)"
b1e4c0bd33aee0c4,representation_only,34,2,False,,1.0,1.0,1.0,1.0,1.0,1,5,34,"P(N0 | do(N5), do(N6))"
b3ccd7ca77e3b9a2,representation_only,34,4,False,,1.0,1.0,1.0,1.0,1.0,2,3,20,"Blocked(N0, N3 | N2) || Independent(N0, N3 | N2)"
b85b64bf65d04ed1,representation_only,34,4,False,,1.0,1.0,1.0,1.0,1.0,2,3,19,"Blocked(N3, N1 | N2) || Independent(N3, N1 | N2)"
b8b4c8577b1309ea,representation_only,34,4,False,,1.0,1.0,1.0,1.0,1.0,2,6,19,"Blocked(N1, N3 | N0, N2) || Independent(N1, N3 | N0, N2)"
bc8ac4eeae23f2a8,representation_only,34,2,False,,1.0,1.0,1.0,1.0,1.0,1,5,34,"P(N7 | do(N1), do(N5))"
cc0167f4f01c76a4,representation_only,34,2,False,,1.0,1.0,1.0,1.0,1.0,1,5,34,"P(N5 | do(N7), do(N6))"
d0ba4ea43f0d14e9,representation_only,34,4,False,,1.0,1.0,1.0,1.0,1.0,2,3,20,"Blocked(N2, N0 | N1) || Independent(N2, N0 | N1)"
d21366378fc2c5be,representation_only,34,4,False,,1.0,1.0,1.0,1.0,1.0,2,3,21,"Blocked(N0, N3 | N2) || Independent(N0, N3 | N2)"
db84d349a8564c37,representation_only,34,2,False,,1.0,1.0,1.0,1.0,1.0,1,2,34,P(N5 | N1)
dd847a1528521f2f,representation_only,34,2,False,,1.0,1.0,1.0,1.0,1.0,1,5,34,"P(N7 | do(N0), do(N4))"
ece8869d21450983,representation_only,34,2,False,,1.0,1.0,1.0,1.0,1.0,1,5,34,"P(N7 | do(N6), do(N5))"
f1bdf7a28d670204,representation_only,34,4,False,,1.0,1.0,1.0,1.0,1.0,2,3,31,"Blocked(N4, N3 | N0) || Independent(N4, N3 | N0)"
f7df848e3f9397a0,representation_only,34,2,False,,1.0,1.0,1.0,1.0,1.0,1,4,34,"P(N5 | do(N7), N6)"
01272c975344cc89,representation_only,33,2,False,,1.0,1.0,1.0,1.0,1.0,1,4,33,"P(N6 | do(N0), N3)"
042261ce81c362bf,representation_only,33,4,False,,1.0,1.0,1.0,1.0,1.0,2,3,22,"Blocked(N3, N2 | N0) || Independent(N3, N2 | N0)"
05f380997678b62c,representation_only,33,2,False,,1.0,1.0,1.0,1.0,1.0,1,4,33,"P(N7 | do(N6), N3)"
0a0737c2240d2528,representation_only,33,2,False,,1.0,1.0,1.0,1.0,1.0,1,2,33,P(N0 | N1)
0b43ca56373bb641,representation_only,33,2,False,,1.0,1.0,1.0,1.0,1.0,1,5,33,"P(N3 | do(N1), do(N6))"
0ef78785eff43530,representation_only,33,2,False,,1.0,1.0,1.0,1.0,1.0,1,4,33,"P(N7 | do(N1), N6)"
1951ca3b19e3c633,representation_only,33,2,False,,1.0,1.0,1.0,1.0,1.0,1,5,33,"P(N4 | do(N6), do(N0))"
1d35e81b82e699fb,representation_only,33,2,False,,1.0,1.0,1.0,1.0,1.0,1,4,33,"P(N7 | do(N0), N4)"
21cf5c82538252a2,representation_only,33,2,False,,1.0,1.0,1.0,1.0,1.0,1,4,33,"P(N6 | do(N1), N0)"
25f939ae48ffd040,representation_only,33,2,False,,1.0,1.0,1.0,1.0,1.0,1,4,33,"P(N7 | do(N5), N0)"
265d76f34cb6ded5,representation_only,33,2,False,,1.0,1.0,1.0,1.0,1.0,1,2,33,P(N3 | N2)
2765ecca7fa7e93a,representation_only,33,4,False,,1.0,1.0,1.0,1.0,1.0,2,3,20,"Blocked(N1, N2 | N0) || Independent(N1, N2 | N0)"
31af4dd77a013d5a,representation_only,33,2,False,,1.0,1.0,1.0,1.0,1.0,1,2,33,P(N2 | do(N0))
3e3d63131fc0cc60,representation_only,33,2,False,,1.0,1.0,1.0,1.0,1.0,1,5,33,"P(N7 | do(N5), do(N0))"
42bc4d982877810b,representation_only,33,2,False,,1.0,1.0,1.0,1.0,1.0,1,2,33,P(N5 | N3)
4c97067d3a9c1d94,representation_only,33,2,False,,1.0,1.0,1.0,1.0,1.0,1,5,33,"P(N7 | do(N0), do(N6))"
53c7757417a31c28,representation_only,33,2,False,,1.0,1.0,1.0,1.0,1.0,1,5,33,"P(N2 | do(N6), do(N0))"
605d17485fb9b321,representation_only,33,2,False,,1.0,1.0,1.0,1.0,1.0,1,5,33,"P(N7 | do(N6), do(N3))"
632a42765685133e,representation_only,33,2,False,,1.0,1.0,1.0,1.0,1.0,1,4,33,"P(N6 | do(N4), N5)"
6b9454dd956afa73,representation_only,33,4,False,,1.0,1.0,1.0,1.0,1.0,3,1,20,"Ancestor(N7, N0) || Effect(N7 -> N0) || Reachable(N7, N0)"
6cb57e24a4d0db13,representation_only,33,2,False,,1.0,1.0,1.0,1.0,1.0,1,5,33,"P(N1 | do(N7), do(N2))"
6cf22a687dc57b64,representation_only,33,2,False,,1.0,1.0,1.0,1.0,1.0,1,5,33,"P(N6 | do(N0), do(N1))"
6d1d42d12a68d0a4,representation_only,33,2,False,,1.0,1.0,1.0,1.0,1.0,1,4,33,"P(N7 | do(N0), N6)"
6d3d220061fb0785,representation_only,33,2,False,,1.0,1.0,1.0,1.0,1.0,1,4,33,"P(N2 | do(N6), N7)"
6de29444cd567c1b,representation_only,33,2,False,,1.0,1.0,1.0,1.0,1.0,1,5,33,"P(N2 | do(N3), do(N7))"
6f244dea1f866eea,representation_only,33,2,False,,1.0,1.0,1.0,1.0,1.0,1,5,33,"P(N6 | do(N0), do(N5))"
74adf952cd769b57,representation_only,33,2,False,,1.0,1.0,1.0,1.0,1.0,1,4,33,"P(N6 | do(N7), N3)"
88b0fb0b674d02bb,representation_only,33,2,False,,1.0,1.0,1.0,1.0,1.0,1,5,33,"P(N7 | do(N0), do(N5))"
8a17c60b940148e6,representation_only,33,2,False,,1.0,1.0,1.0,1.0,1.0,1,4,33,"P(N1 | do(N7), N4)"
96d238e542374d4a,representation_only,33,2,False,,1.0,1.0,1.0,1.0,1.0,1,5,33,"P(N0 | do(N6), do(N5))"
a38354554de49a58,representation_only,33,2,False,,1.0,1.0,1.0,1.0,1.0,1,4,33,"P(N0 | do(N7), N6)"
a8d2f0f2221c57bf,representation_only,33,2,False,,1.0,1.0,1.0,1.0,1.0,1,5,33,"P(N5 | do(N6), do(N4))"
ac3da2cbd641e9f9,representation_only,33,2,False,,1.0,1.0,1.0,1.0,1.0,1,4,33,"P(N6 | do(N3), N0)"
bb420ab282160f19,representation_only,33,2,False,,1.0,1.0,1.0,1.0,1.0,1,4,33,"P(N7 | do(N4), N1)"
bee838cbd63185f4,representation_only,33,2,False,,1.0,1.0,1.0,1.0,1.0,1,2,33,P(N2 | N3)
c2715e1262b00dcd,representation_only,33,2,False,,1.0,1.0,1.0,1.0,1.0,1,4,33,"P(N6 | do(N5), N2)"
d1a350561be0291c,representation_only,33,2,False,,1.0,1.0,1.0,1.0,1.0,1,4,33,"P(N5 | do(N4), N7)"
d33440863b7f08af,representation_only,33,2,False,,1.0,1.0,1.0,1.0,1.0,1,2,33,P(N7 | do(N9))
d8b9f8bb14584223,representation_only,33,2,False,,1.0,1.0,1.0,1.0,1.0,1,4,33,"P(N5 | do(N6), N4)"
db1d6204236a4c10,representation_only,33,2,False,,1.0,1.0,1.0,1.0,1.0,1,5,33,"P(N3 | do(N1), do(N0))"
e6834664d1d97ada,representation_only,33,2,False,,1.0,1.0,1.0,1.0,1.0,1,2,33,P(N1 | N7)
e8990747b7970021,representation_only,33,4,False,,1.0,1.0,1.0,1.0,1.0,3,1,14,"Ancestor(N5, N2) || Effect(N5 -> N2) || Reachable(N5, N2)"
ea39e74291255574,representation_only,33,4,False,,1.0,1.0,1.0,1.0,1.0,2,3,20,"Blocked(N2, N1 | N0) || Independent(N2, N1 | N0)"
f0a9fbbe6db27634,representation_only,33,2,False,,1.0,1.0,1.0,1.0,1.0,1,5,33,"P(N7 | do(N2), do(N5))"
fcae66177668920c,representation_only,33,2,False,,1.0,1.0,1.0,1.0,1.0,1,5,33,"P(N3 | do(N5), do(N7))"
03a9ed233637e19f,representation_only,32,4,False,,1.0,1.0,1.0,1.0,1.0,3,1,17,"Ancestor(N4, N2) || Effect(N4 -> N2) || Reachable(N4, N2)"
0439b626b517cc38,representation_only,32,2,False,,1.0,1.0,1.0,1.0,1.0,1,5,32,"P(N6 | do(N1), do(N2))"
062cc9e374ee5f11,representation_only,32,4,False,,1.0,1.0,1.0,1.0,1.0,3,1,19,"Ancestor(N2, N7) || Effect(N2 -> N7) || Reachable(N2, N7)"
0d23013352667f2b,representation_only,32,2,False,,1.0,1.0,1.0,1.0,1.0,1,5,32,"P(N7 | do(N3), do(N4))"
0fb09f591e79fac2,representation_only,32,2,False,,1.0,1.0,1.0,1.0,1.0,1,5,32,"P(N7 | do(N4), do(N6))"
0fd2ecdb5b763082,representation_only,32,2,False,,1.0,1.0,1.0,1.0,1.0,1,2,32,P(N5 | do(N0))
12c6d94ea4102d04,representation_only,32,2,False,,1.0,1.0,1.0,1.0,1.0,1,4,32,"P(N6 | do(N2), N0)"
1518289c6075fd04,representation_only,32,2,False,,1.0,1.0,1.0,1.0,1.0,1,5,32,"P(N7 | do(N4), do(N0))"
1820ec0d4926ebaf,representation_only,32,2,False,,1.0,1.0,1.0,1.0,1.0,1,2,32,P(N2 | do(N5))
1f96e5c6b72bb75c,representation_only,32,4,False,,1.0,1.0,1.0,1.0,1.0,3,1,23,"Ancestor(N6, N8) || Effect(N6 -> N8) || Reachable(N6, N8)"
1fa38d2dd855592d,representation_only,32,2,False,,1.0,1.0,1.0,1.0,1.0,1,5,32,"P(N2 | do(N7), do(N5))"
212441cc9d845264,representation_only,32,2,False,,1.0,1.0,1.0,1.0,1.0,1,5,32,"P(N6 | do(N2), do(N1))"
2614e4e8f9294546,representation_only,32,2,False,,1.0,1.0,1.0,1.0,1.0,1,2,32,P(N1 | do(N9))
2e9608985596bd5e,representation_only,32,4,False,,1.0,1.0,1.0,1.0,1.0,2,6,18,"Blocked(N0, N2 | N1, N3) || Independent(N0, N2 | N1, N3)"
31d7de1ed03746f4,representation_only,32,4,False,,1.0,1.0,1.0,1.0,1.0,2,3,20,"Blocked(N3, N0 | N2) || Independent(N3, N0 | N2)"
325798502cbfa539,representation_only,32,2,False,,1.0,1.0,1.0,1.0,1.0,1,5,32,"P(N7 | do(N4), do(N5))"
36049ef8977acd49,representation_only,32,2,False,,1.0,1.0,1.0,1.0,1.0,1,5,32,"P(N6 | do(N7), do(N5))"
378ddd03ce9187b0,representation_only,32,2,False,,1.0,1.0,1.0,1.0,1.0,1,2,32,P(N6 | N2)
3a519fe78fc553c6,representation_only,32,4,False,,1.0,1.0,1.0,1.0,1.0,2,3,23,"Blocked(N0, N3 | N2) || Independent(N0, N3 | N2)"
4a8ec118a9f8007c,representation_only,32,2,False,,1.0,1.0,1.0,1.0,1.0,1,4,32,"P(N2 | do(N7), N6)"
4e7877e37937b0ad,representation_only,32,2,False,,1.0,1.0,1.0,1.0,1.0,1,5,32,"P(N3 | do(N7), do(N1))"
59bf87696024332c,representation_only,32,2,False,,1.0,1.0,1.0,1.0,1.0,1,4,32,"P(N5 | do(N2), N7)"
5ab25c0e51e03661,representation_only,32,2,False,,1.0,1.0,1.0,1.0,1.0,1,4,32,"P(N6 | do(N1), N5)"
5edac9c57bac0763,representation_only,32,2,False,,1.0,1.0,1.0,1.0,1.0,1,4,32,"P(N2 | do(N6), N5)"
6073a18f1b8936c0,representation_only,32,2,False,,1.0,1.0,1.0,1.0,1.0,1,2,32,P(N3 | do(N4))
6800f4f0bf5fe109,representation_only,32,2,False,,1.0,1.0,1.0,1.0,1.0,1,2,32,P(N1 | N6)
6bf94bb44d5f5b5d,representation_only,32,4,False,,1.0,1.0,1.0,1.0,1.0,3,1,19,"Ancestor(N6, N3) || Effect(N6 -> N3) || Reachable(N6, N3)"
7292e93d3ee5d540,representation_only,32,4,False,,1.0,1.0,1.0,1.0,1.0,3,1,14,"Ancestor(N5, N2) || Effect(N5 -> N2) || Reachable(N5, N2)"
797c2dfcb3931e31,representation_only,32,2,False,,1.0,1.0,1.0,1.0,1.0,1,5,32,"P(N0 | do(N4), do(N7))"
7aa72a677ad257bb,representation_only,32,4,False,,1.0,1.0,1.0,1.0,1.0,3,1,19,"Ancestor(N7, N4) || Effect(N7 -> N4) || Reachable(N7, N4)"
859f6695f663d624,representation_only,32,2,False,,1.0,1.0,1.0,1.0,1.0,1,4,32,"P(N1 | do(N7), N5)"
87ea7b31797ad3a1,representation_only,32,2,False,,1.0,1.0,1.0,1.0,1.0,1,5,32,"P(N6 | do(N4), do(N5))"
8d3871998c067bf1,representation_only,32,2,False,,1.0,1.0,1.0,1.0,1.0,1,4,32,"P(N6 | do(N3), N5)"
8fd08a7868c2a752,representation_only,32,2,False,,1.0,1.0,1.0,1.0,1.0,1,4,32,"P(N0 | do(N6), N3)"
a5f828f65bc731b5,representation_only,32,2,False,,1.0,1.0,1.0,1.0,1.0,1,4,32,"P(N5 | do(N3), N6)"
ab334b6c8a7965f9,representation_only,32,2,False,,1.0,1.0,1.0,1.0,1.0,1,4,32,"P(N3 | do(N2), N7)"
ac908d04fc29eae9,representation_only,32,2,False,,1.0,1.0,1.0,1.0,1.0,1,2,32,P(N7 | N1)
afaa9493782b9614,representation_only,32,2,False,,1.0,1.0,1.0,1.0,1.0,1,5,32,"P(N5 | do(N1), do(N6))"
b4715e061e7a47b6,representation_only,32,2,False,,1.0,1.0,1.0,1.0,1.0,1,4,32,"P(N0 | do(N5), N7)"
b4f8130d00b42e2e,representation_only,32,2,False,,1.0,1.0,1.0,1.0,1.0,1,4,32,"P(N3 | do(N1), N0)"
c15e92f8bff61cf6,representation_only,32,2,False,,1.0,1.0,1.0,1.0,1.0,1,4,32,"P(N0 | do(N6), N7)"
c45b5822285eecd9,representation_only,32,2,False,,1.0,1.0,1.0,1.0,1.0,1,4,32,"P(N3 | do(N0), N6)"
c8a69e5bafc543c9,representation_only,32,4,False,,1.0,1.0,1.0,1.0,1.0,2,3,22,"Blocked(N2, N3 | N1) || Independent(N2, N3 | N1)"
cca1730165b44d1d,representation_only,32,2,False,,1.0,1.0,1.0,1.0,1.0,1,5,32,"P(N4 | do(N6), do(N3))"
d4a1b5eb9f9cdc43,representation_only,32,2,False,,1.0,1.0,1.0,1.0,1.0,1,2,32,P(N0 | N3)
d6790396798fc6ad,representation_only,32,4,False,,1.0,1.0,1.0,1.0,1.0,2,3,19,"Blocked(N0, N1 | N3) || Independent(N0, N1 | N3)"
e66c154964a6d9ce,representation_only,32,2,False,,1.0,1.0,1.0,1.0,1.0,1,5,32,"P(N3 | do(N1), do(N2))"
ea3eacec6cbe1858,representation_only,32,2,False,,1.0,1.0,1.0,1.0,1.0,1,4,32,"P(N7 | do(N1), N3)"
eb6a66102227e797,representation_only,32,4,False,,1.0,1.0,1.0,1.0,1.0,3,1,21,"Ancestor(N6, N2) || Effect(N6 -> N2) || Reachable(N6, N2)"
eb9d64c31077274c,representation_only,32,4,False,,1.0,1.0,1.0,1.0,1.0,2,6,17,"Blocked(N1, N2 | N0, N3) || Independent(N1, N2 | N0, N3)"
f34794341f27b3e9,representation_only,32,2,False,,1.0,1.0,1.0,1.0,1.0,1,2,32,P(N5 | N4)
f3de0a5c7dde8aeb,representation_only,32,2,False,,1.0,1.0,1.0,1.0,1.0,1,5,32,"P(N0 | do(N7), do(N5))"
f51293571badeeeb,representation_only,32,2,False,,1.0,1.0,1.0,1.0,1.0,1,2,32,P(N7 | N4)
01bb8b45b86edcb8,representation_only,31,2,False,,1.0,1.0,1.0,1.0,1.0,1,2,31,P(N9 | N2)
0245ca31d3917f7d,representation_only,31,2,False,,1.0,1.0,1.0,1.0,1.0,1,5,31,"P(N0 | do(N3), do(N6))"
095c594b144786fb,representation_only,31,2,False,,1.0,1.0,1.0,1.0,1.0,1,4,31,"P(N1 | do(N0), N6)"
0c3d1c6eccb6d4b6,representation_only,31,4,False,,1.0,1.0,1.0,1.0,1.0,2,6,17,"Blocked(N0, N1 | N2, N3) || Independent(N0, N1 | N2, N3)"
118ac77e1bba5ff7,representation_only,31,2,False,,1.0,1.0,1.0,1.0,1.0,1,5,31,"P(N7 | do(N5), do(N4))"
156624c2724a46a2,representation_only,31,2,False,,1.0,1.0,1.0,1.0,1.0,1,4,31,"P(N4 | do(N7), N6)"
161deb7acc8aa86c,representation_only,31,2,False,,1.0,1.0,1.0,1.0,1.0,1,4,31,"P(N5 | do(N1), N7)"
2498ccc85ad0dc09,representation_only,31,2,False,,1.0,1.0,1.0,1.0,1.0,1,2,31,P(N7 | N6)
26dad0609a684bef,representation_only,31,2,False,,1.0,1.0,1.0,1.0,1.0,1,4,31,"P(N7 | do(N4), N2)"
2aa88dca21a9ad03,representation_only,31,2,False,,1.0,1.0,1.0,1.0,1.0,1,2,31,P(N0 | N7)
31a26ad598e52512,representation_only,31,2,False,,1.0,1.0,1.0,1.0,1.0,1,4,31,"P(N4 | do(N6), N1)"
3e865ee6ce069a31,representation_only,31,2,False,,1.0,1.0,1.0,1.0,1.0,1,4,31,"P(N7 | do(N5), N6)"
3f08cab84d524bfa,representation_only,31,2,False,,1.0,1.0,1.0,1.0,1.0,1,4,31,"P(N0 | do(N4), N7)"
3fbc05489f0032cb,representation_only,31,2,False,,1.0,1.0,1.0,1.0,1.0,1,4,31,"P(N5 | do(N7), N3)"
40d840a3ada8c21b,representation_only,31,2,False,,1.0,1.0,1.0,1.0,1.0,1,4,31,"P(N7 | do(N2), N1)"
43a5875f8374d6a1,representation_only,31,2,False,,1.0,1.0,1.0,1.0,1.0,1,5,31,"P(N7 | do(N2), do(N3))"
4fcbf77dae2182e7,representation_only,31,2,False,,1.0,1.0,1.0,1.0,1.0,1,2,31,P(N5 | do(N1))
51613b3901ed85a2,representation_only,31,2,False,,1.0,1.0,1.0,1.0,1.0,1,2,31,P(N8 | N2)
5186442993aecc67,representation_only,31,2,False,,1.0,1.0,1.0,1.0,1.0,1,5,31,"P(N5 | do(N2), do(N6))"
5403407c2ebd9831,representation_only,31,2,False,,1.0,1.0,1.0,1.0,1.0,1,5,31,"P(N7 | do(N6), do(N1))"
67ab2729a45e1100,representation_only,31,2,False,,1.0,1.0,1.0,1.0,1.0,1,4,31,"P(N3 | do(N7), N1)"
6a284c1a7e1174f1,representation_only,31,2,False,,1.0,1.0,1.0,1.0,1.0,1,4,31,"P(N6 | do(N1), N7)"
6abcd42d33366056,representation_only,31,2,False,,1.0,1.0,1.0,1.0,1.0,1,5,31,"P(N3 | do(N0), do(N2))"
6e0801d94f9d5f96,representation_only,31,4,False,,1.0,1.0,1.0,1.0,1.0,3,1,19,"Ancestor(N7, N6) || Effect(N7 -> N6) || Reachable(N7, N6)"
