class_id,class_a_survives,class_b_survives,class_b_attack_cost,class_b_auc_gns
17e289b3c332294d,True,False,1.0,0.5
cf63e254acd519cb,True,False,1.0,0.5
2484caa5d255d994,True,False,1.0,0.5
089911203563e566,,,,
857b3c27b5df4d12,True,False,1.0,0.5
39af24de61852bd8,,,,
0d83fb0424465a35,,,,
8e2c0fa415ccba4f,True,False,1.0,0.5
9bda833cc44dd793,True,False,1.0,0.5
c27db25ce54c22b5,True,False,1.0,0.5
77b6a1021cf1a462,True,False,1.0,0.5
0f2f893b845d1cf6,True,False,1.0,0.5
d34283f682fb5db5,True,False,1.0,0.0
210dc2e782ce6534,True,False,1.0,0.0
53b16c30a7f9d314,True,False,1.0,0.0
f0e578d57e5d51e5,,,,
37a2778aa2c10a05,True,False,1.0,0.0
d1ef19f473f194b5,,,,
af5dcc0f1bb1aaae,,,,
fb929282347e51f7,True,False,1.0,0.0
2198fe7030eb6d13,,,,
4955c64e148a70f2,True,False,1.0,0.0
333d4ad2334fa474,True,False,1.0,0.0
d221d9b5e05b2607,True,False,1.0,0.0
bc9c853b1e75c157,True,False,2.0,0.25
a0b2c1117b29c0f8,True,False,1.0,0.0
a1e49f1c94433d63,True,False,2.0,0.25
38b8e8007fa9161a,True,False,1.0,0.0
5e258fa8c2710ec8,True,False,1.0,0.5
2f10f682ed11029b,True,False,1.0,0.0
8f1242e3195a396b,,,,
5a405e514d4554ea,True,False,1.0,0.0
b728285b2ffb3555,,,,
8d380d339234504a,True,True,,1.0
50460cde9bb67eb1,True,False,1.0,0.0
3100693433eb8c2d,True,False,1.0,0.0
c3733769bb8fc44f,,,,
c94a6b6406620b62,True,False,1.0,0.5
0c8425cddbd39ea8,,,,
6b0eb82d60bdd4b5,True,False,1.0,0.5
ff0f5147443f5bba,,,,
8384d4443a4611b4,,,,
b9282ee5dc6e9fbf,,,,
de373ef2829d3135,True,False,2.0,0.625
6325528709ddc79c,True,False,1.0,0.5
d7be5ca6c386bbdd,True,False,1.0,0.5
adc608b7896bb705,True,False,1.0,0.5
688f581c6e6b6894,,,,
7f0f3736ef3bd4fe,,,,
8258b89dbb94223f,True,False,1.0,0.5
3f7ab9843f95651e,True,False,1.0,0.5
1bfb1ae05c49204c,True,False,1.0,0.5
f97fe8edc7a7f210,True,False,1.0,0.5
dd7a0953103d930f,,,,
eb4c44694007ce06,,,,
9619681c433e5b18,,,,
afb4ef6b0624be47,True,False,1.0,0.5
93ceb2f92ed269bc,,,,
f937144f7ce51614,True,False,1.0,0.5
f5ecf1ca9433a6cd,,,,
deb58f5ea5753fb1,True,False,1.0,0.0
5a84018b7ada0f76,True,False,2.0,0.25
3cdaebde575c5b37,True,False,1.0,0.0
90cefc9b766e431f,True,False,1.0,0.0
b49119c13665cce9,True,False,1.0,0.0
a11c2863198aa93b,True,False,1.0,0.0
b060e608b93e1b7f,,,,
7ad6acf61118205d,,,,
a74053cd9fbcdf58,True,False,1.0,0.0
bd14af00f41da381,True,False,1.0,0.5
b4f8130d00b42e2e,True,False,1.0,0.0
16e28a3f3dc7561d,,,,
a2aaf93ce4a8e265,,,,
15217e1b25135e99,,,,
23fbc412bd7675d8,True,False,1.0,0.0
9d7dbdb0d3d166c3,True,False,1.0,0.0
6ab6e9e153f8ad7f,,,,
dc2ef3c4af8b2018,,,,
5af5480f52cf5615,True,True,,1.0
cb7d67388749b3b5,True,False,1.0,0.0
07bc49e1c055f3b2,True,True,,1.0
59a8881b96fb5ada,True,True,,1.0
87c14dd4a70303a3,True,False,1.0,0.0
9ef5790eada8a129,True,False,2.0,0.625
0effd4a1f26a3c0d,True,False,1.0,0.0
a91cd87936d8548d,True,False,1.0,0.0
0a60f33026596983,True,False,1.0,0.0
6820c5d670a6d1b8,True,False,1.0,0.0
b3993b8e57f8a169,True,False,1.0,0.0
952059cd0404cb5f,True,False,1.0,0.0
6dc894a81cab6084,True,False,1.0,0.0
0cc3159cf502db9a,True,False,1.0,0.0
6b74b81c77ab30a8,True,False,1.0,0.0
d5261fa8638ea9f5,True,False,1.0,0.5
db1d6204236a4c10,True,False,1.0,0.0
e66c154964a6d9ce,True,False,1.0,0.0
3dbce805a0b141a8,True,False,1.0,0.0
036c2ac09d0c48af,,,,
6bd935553e3b5345,True,False,1.0,0.0
386da6dfcf050dc7,True,False,1.0,0.0
d7b8205effcc4b7a,,,,
5e5220eb2a7fab00,True,False,3.0,0.5
d53de0fdf9ed6571,True,True,,1.0
d201c023f52bc1c3,True,False,1.0,0.0
e9fa4024f8762230,True,False,1.0,0.5
3e20939de73aa357,True,False,1.0,0.125
ac3d178dae40cba0,True,True,,1.0
ee1b864a704f7369,True,True,,1.0
91ad7c8aa3ab5cba,,,,
d92e8806b74ccd4a,True,False,1.0,0.0
748743ab5794c55f,,,,
df9dfb656b51ec72,True,False,1.0,0.0
d902280dcc67d1b5,,,,
4888e4fe0cd53d6a,True,False,1.0,0.0
5c97423916aedd95,,,,
274a467d892ed0a3,,,,
eb9d64c31077274c,True,False,1.0,0.5
43218941d64aa8e0,True,False,1.0,0.0
518bdb597cc0c868,,,,
7ec0efab1b427b37,,,,
071b291413a1ad01,,,,
0db643e618097b88,,,,
1712e922cba71e91,True,False,1.0,0.5
1ee1728657df11e0,,,,
ea6e02a4adb26288,,,,
8091905f5e8f4c63,,,,
1d01b02fdb8c0bc5,,,,
a36666a1fdfbd6fe,True,False,1.0,0.0
b58f747f6c47ddcf,,,,
939f964afacaca90,True,False,1.0,0.0
14f638511ca49117,,,,
82627b49adb24fc2,True,False,1.0,0.0
3763d524e609c5a0,True,False,1.0,0.5
6d15cb5ce5ffde8b,True,False,1.0,0.5
44cb71513a7afb4d,True,False,1.0,0.5
9661609533bdfcb4,True,False,1.0,0.5
1c190318372b2dbe,True,False,1.0,0.5
59aedb85463f5af4,True,False,2.0,0.625
d8730d74142d945a,True,False,1.0,0.5
5961ca3dd5952899,True,False,1.0,0.5
3565b8aaa8bf8450,True,False,2.0,0.625
f06dc8aafaee6a0a,True,False,1.0,0.5
57a8c160fd4fd10b,True,False,1.0,0.5
41546aa101ee86db,True,False,1.0,0.5
61de080f7a72632f,True,False,1.0,0.0
9ebc721b299fe059,,,,
0c5ca47a06964983,True,False,1.0,0.0
771831d01716c10e,True,False,1.0,0.0
a1d78b2c6c71c63e,True,False,1.0,0.0
1459edfd8986a239,True,False,2.0,0.25
db74624f15e9e298,True,False,1.0,0.0
061d51f8a43f53d2,True,False,1.0,0.0
f45b62f7e22ed194,True,False,2.0,0.25
18238c7d4071f241,True,False,1.0,0.0
ea9ccc8c09fa75d7,True,False,2.0,0.5
47deeed507786d18,True,False,1.0,0.0
31af4dd77a013d5a,True,False,1.0,0.0
1305089c20abcf01,True,False,2.0,0.25
f21bcd69efbaa656,True,False,2.0,0.25
a59afeaf3d0749cb,True,True,,1.0
53210ae1cecdcf64,True,False,1.0,0.0
d09f8b496df512b4,True,False,1.0,0.5
3b2aba26cd86dc2f,True,False,1.0,0.5
2b7f0d4e6e6eae6e,True,False,1.0,0.5
c9a907d44b1a3581,True,False,1.0,0.5
2ce083ea9d20e90c,,,,
fcadfa2dbea901bf,True,False,1.0,0.5
9cf1065f26518c10,True,False,1.0,0.5
27e26d2341e697ad,True,False,1.0,0.5
6a2060297152f5d7,True,False,1.0,0.5
c6e35495b39515ad,,,,
c98e7ce7bea5dc46,True,False,2.0,0.625
cb0f642a6861499d,True,False,1.0,0.5
a74c3ae53c430b3b,True,False,1.0,0.5
d0ba4ea43f0d14e9,True,False,1.0,0.5
d2c4ddc867e53502,,,,
4263952f8ccd25e4,,,,
e29313ae73b8a98a,True,False,1.0,0.5
6836bb72c28c6914,,,,
a3de368c5fdff3c3,True,False,1.0,0.5
bc0d4043cdbf6ab1,True,False,1.0,0.5
25572c9e75be476a,True,False,1.0,0.5
8229ab2f44578101,True,False,1.0,0.5
27046f7fbc9a85cb,True,False,1.0,0.5
110c1589d19754c0,,,,
d594b4a2418a7382,True,False,3.0,0.75
34f3879dbeeada9a,,,,
2fe8204e343472e4,,,,
3106fdec81eb7cf2,True,False,1.0,0.0
4453fc0896b211ea,True,False,3.0,0.5
87e639f5c9ed4c90,True,False,4.0,0.75
4499febacc3f222f,True,False,3.0,0.75
02045ee32d053013,True,False,1.0,0.0
cb94e7d7e1f7d083,True,False,1.0,0.5
54ef6082de2ef264,True,False,1.0,0.0
9b800db4670e2be1,True,False,1.0,0.0
4b5d05947b62026f,True,True,,1.0
885e0775dbe82fcc,True,True,,1.0
d7e1fee1f9d65cf0,,,,
b1886950079f06ef,,,,
3d44c118bbff65e9,True,False,1.0,0.5
23d692927ea19a6c,True,False,1.0,0.0
1d67abcf23151a94,True,False,2.0,0.375
85f86af669d48f90,True,True,,1.0
9255006dc40fdc78,True,True,,1.0
54905406f96b37ba,True,True,,1.0
50435e826defda84,True,False,1.0,0.0
d92bdf13def8dec0,True,True,,1.0
6a8f5782706e1232,True,False,1.0,0.5
5e9f80b028d84037,,,,
a79f5797912228df,,,,
20d77ec6974b1f6e,True,False,1.0,0.5
693848cfd627416c,True,False,1.0,0.5
6f278f0d08806579,True,False,1.0,0.0
cd149fa6c822e99d,,,,
efa738fc4a4ac5cc,True,False,1.0,0.5
f130aa9acbd20355,True,False,1.0,0.0
37458bb0e64ff982,,,,
54a68425ad800fb7,True,False,1.0,0.0
185d07b7f42806ff,,,,
74d0103e838aa36d,True,False,2.0,0.25
0b04a3a8cb67c53d,,,,
e4734377bddbb032,True,False,2.0,0.25
f5e02243fe17432c,True,False,1.0,0.5
50822c6173307e9a,True,False,1.0,0.5
6dfcce64302d8297,,,,
9bc6ba0c3dc6afe7,True,False,1.0,0.5
60466c6446f76f07,True,False,1.0,0.5
7104f16691a5d5bd,True,False,1.0,0.0
18e6d6ef5f48d5f1,True,False,1.0,0.0
b480fbcf99aa331c,True,False,1.0,0.5
2b69a96860905434,True,False,1.0,0.5
c595b30162c25e08,True,False,1.0,0.5
5a5194b943ca7fb0,True,False,1.0,0.5
4c081c59a3909c3f,True,False,1.0,0.5
65d48fb1aa39b3e1,True,False,1.0,0.5
05894539fcdf4840,True,False,1.0,0.5
a16e3db210295541,True,False,1.0,0.5
aacf1b660b608287,True,False,1.0,0.5
32630ef4656ab47c,True,False,1.0,0.5
adb6b0bcabeab64f,True,False,1.0,0.5
30cf8098b2047150,True,False,1.0,0.5
4b7081483f0f9d80,True,False,1.0,0.5
ad41e02cbafaaaaf,True,False,1.0,0.5
3fbe1f86d8fcf3bd,True,False,1.0,0.5
c7daf17b48a916d5,True,False,1.0,0.5
16590d791998de04,True,False,1.0,0.5
20ba60e44044f987,True,False,1.0,0.5
11d905138b1b186a,True,False,1.0,0.5
e33475a06a60c7f8,True,False,1.0,0.0
8e660c45b5627730,True,False,1.0,0.0
cc8c966d1f92cbfd,True,False,1.0,0.0
d4a1b5eb9f9cdc43,True,False,1.0,0.0
30457c48f4bf11da,True,False,1.0,0.0
8a9616136ed4af33,True,False,1.0,0.0
3f6ce7e58e9f0eff,True,False,1.0,0.0
7f2ac62a7780fa22,,,,
1952df73ef345032,,,,
7a862cd8dd7156b4,,,,
0b52b6805b0d535f,True,False,1.0,0.5
b3ccd7ca77e3b9a2,True,False,1.0,0.5
8316c91976a4aed5,,,,
a7057a3f8d1ed9a6,,,,
dc09e0bb4f511440,True,False,1.0,0.5
d83d0605245b810a,True,False,1.0,0.5
325347815665d8a9,True,False,1.0,0.5
972ac1bca8afbd7f,,,,
8a20047837866b42,True,False,1.0,0.5
c83155f961ae0e28,True,False,1.0,0.5
fc957f9290c35f93,True,False,1.0,0.5
a077bdaf8052e43d,True,False,1.0,0.5
bcea12b37895f54f,True,False,1.0,0.5
498343274aae80b7,,,,
be77bcbce3bf5fe1,,,,
7c16d1aadca429cf,True,False,1.0,0.0
6b0bff4f691511da,True,False,1.0,0.0
a8bcc0043b68e569,,,,
25c14b485e15e27c,,,,
34ad32a5b977f6a7,True,False,1.0,0.0
8def91ef5847af5a,True,False,1.0,0.0
fe35404deef70f9d,,,,
ab2dffcf4411d172,,,,
2f10a530179ab383,,,,
fb636fc80a678527,,,,
56369f0180623b7d,,,,
b8b4c8577b1309ea,True,False,1.0,0.5
3297a424abe2e283,,,,
1b31c9b2e19a7bfe,,,,
5811fbf4b6443c86,,,,
c9a0fac609340d38,,,,
7ca40f67ba8cbf38,True,False,1.0,0.5
34fabc8e4a42f1e9,,,,
35731fd683c2b40d,True,False,1.0,0.5
265d76f34cb6ded5,True,False,1.0,0.0
3fe0a0b8cc845199,True,False,1.0,0.0
e84bbc54c09da6c8,,,,
b6aef752e6a7f912,,,,
6b9d075603ed56be,True,False,1.0,0.5
48319656180de567,,,,
b13cfb5f19321854,,,,
a23ed826db33f06e,True,False,1.0,0.5
bac6b719a8e9ba16,,,,
cd46a098717edc5d,,,,
f98748508ca25254,,,,
c3213b60fb7b1574,,,,
8a02abd5f608b475,,,,
090892bd13054a53,,,,
453fa21fa7ec4829,,,,
9b08facf2e993063,,,,
1ebddb49f229f7ad,,,,
e567742bda90966a,,,,
f23a6bbc65cc5c6a,,,,
2560fba0bc93a1cf,True,False,1.0,0.5
665f357a9ee1a4d4,True,False,1.0,0.5
d607429e8a09d1b8,True,False,1.0,0.0
bee838cbd63185f4,True,False,1.0,0.0
d7dbbf1256cb46e4,True,False,1.0,0.0
5eab7c2a10dd676e,,,,
b0a5b14615b7664f,,,,
720b2da1eefcaa5d,,,,
837f0b3a5c652dcf,,,,
e2c5c0d1c5a9c0dc,True,False,1.0,0.5
78ce8ff5b0d7e3e3,True,False,1.0,0.5
042261ce81c362bf,True,False,1.0,0.5
06488a860d6b4852,True,False,1.0,0.5
199d511a6a6aa8df,,,,
d577d0b809eff165,,,,
f7b58571728bb4b7,,,,
ddfa1f124ef8a05f,,,,
fe70cc032fdca0f0,,,,
85c6a168092afd91,,,,
7f28ceb3b33606a7,,,,
2612cd7b2f94e57d,,,,
8792699a27e32fbf,,,,
dc9b1687b5e56a31,,,,
aa5c42cf769429a1,,,,
0f84d4e97b6e5aa6,True,False,1.0,0.5
dd0f36ef259210c8,True,False,1.0,0.5
72583b260a68e20a,True,False,1.0,0.0
0a0737c2240d2528,True,False,1.0,0.0
c6b1abaa6b929831,True,False,1.0,0.5
bcc4e1673c8d8594,,,,
50b497352e40f614,,,,
4a580ea2abd543b8,True,False,1.0,0.5
b7763540e2b2ea12,,,,
00a4d7f39079550f,,,,
0c3d1c6eccb6d4b6,True,False,1.0,0.5
2c0eddce7dc322cf,,,,
2f84cba65840f689,,,,
e1057957067e72aa,,,,
61973c82f3ee613c,,,,
7591e11572c38782,,,,
aa15fa050c3298e9,True,False,1.0,0.5
53fa109b722d8860,True,False,1.0,0.5
74c82a54c2d09b1f,True,False,1.0,0.0
82fad9e9200b3eb3,True,False,1.0,0.0
c00a3a44a19b59f7,,,,
a06b7c4e9ef24382,True,False,1.0,0.5
21cd2a8482a157e3,,,,
0d5dfb98f5fcdbf2,,,,
d4381cfaeb3b384f,True,False,1.0,0.5
f7aacd4e72320316,,,,
aae37de465d28eaf,,,,
5ab514afa6fc22f9,,,,
90c26ef6e21e001b,,,,
0f3082786e7a087c,,,,
ca6aab91ad7afbd1,,,,
08b8ebfa6c8f7309,,,,
12b2622546947e66,True,False,1.0,0.5
a760a92b37922d07,True,False,1.0,0.0
d673ea2307885c33,True,False,1.0,0.0
ed5ab347109d81d1,,,,
5b25e41614561248,True,False,1.0,0.5
12815df3f328b63f,,,,
7589107bed5d5ab9,,,,
4fb1c3885530560e,True,False,1.0,0.5
742f7aa3938c7c12,,,,
2a0a6879fede334a,True,False,1.0,0.0
16a1813ab2479569,,,,
313cc604b0d496f5,,,,
e29d2bd530859a92,,,,
bcd7c725e1979d98,,,,
2e9608985596bd5e,True,False,1.0,0.5
5212f191cceb7baf,,,,
b781ec8e98166bdd,,,,
32d5100bfe70bf2d,,,,
75a723fa7222cdd0,,,,
8fab965f3fefdbd3,,,,
3a519fe78fc553c6,True,False,1.0,0.5
d8ae30552582d8e5,,,,
68223709af1a69c0,,,,
fc95657b4b2448d2,,,,
f50eb1bbc72a7dfd,,,,
5f7a381e64b8bb4c,,,,
2fedba1d10d2f5e7,,,,
49410abb5a5cf935,,,,
55bfa4d0c3f65547,,,,
0cd4b8a4e7b59657,,,,
f8dfe97ae400c291,True,False,1.0,0.5
a055bb47d5f72bb1,True,False,1.0,0.5
4c9a4c8f4a990b29,,,,
b85b64bf65d04ed1,True,False,1.0,0.5
63429f3f4a1ed764,,,,
d57d0177973535b0,,,,
474aa35a1c7e3211,,,,
1dfba4cb0bb92746,,,,
c64e0eb696379445,True,False,1.0,0.5
c1d79e982447aae7,True,False,1.0,0.5
d15368b7435c3a10,,,,
d24ffa51a2fbf607,,,,
5fa62f38015838c3,,,,
a1b980d53d5290a8,,,,
b34302fee1684bb1,True,False,1.0,0.5
ce655dbe4d6c414b,True,False,1.0,0.5
1ec247f6f5bb89ee,,,,
0d94c52d6b7aa932,True,False,1.0,0.0
49f60e64ec11094c,True,False,1.0,0.0
ae1b3875d49b6367,True,False,1.0,0.5
d21366378fc2c5be,True,False,1.0,0.5
46116e017cae97e5,,,,
ed913b563b07ed80,,,,
da90947f1780706a,True,False,1.0,0.5
31d7de1ed03746f4,True,False,1.0,0.5
e9c8ae5014ac44eb,,,,
5b0c08bb57b6ab3d,,,,
de6140d87a11e2fc,,,,
39c4f93a5008fa87,,,,
8fb8d7a6d227f355,,,,
6abcd42d33366056,True,False,1.0,0.0
1a8af835851a543e,,,,
f378dbdeec086be7,,,,
fe08071c5ca5ef36,,,,
1631a9e316b4a0da,,,,
56ce9a322c8c8581,,,,
3481e9544273aa42,,,,
55b950ae18c36e21,,,,
0bb506f593fcbd4e,,,,
e117b4bb7847020c,,,,
8998121d9c9778c7,,,,
74fd0662239c6509,,,,
b5d52e5c59446471,,,,
022f12d8e3065b29,,,,
0e95a056e1246805,,,,
e1772f3c50735f44,,,,
4f23e67af2779be8,,,,
a53e9f16c60570d1,,,,
a2ed48246f8bf9a4,,,,
376ebdd96424eaf6,,,,
1401cd4dfa225765,,,,
3716b7f0774849d4,,,,
2d7e661dade745f1,,,,
e8587a83f1d2f126,,,,
20bc4c3fe8eefe46,,,,
c0a6c3fde1fcf3a3,,,,
d55b764487ede426,,,,
3891ff30b1e9d0b0,,,,
6993b29252d2beed,,,,
164d2bba890b6007,,,,
714edab7121bf704,,,,
8e4c650a0d69788f,,,,
dc5020213cf0f641,,,,
6c4a13bf75d55427,,,,
a685756f970312a6,,,,
78068118a9105d12,,,,
089ec0367f1a0fe2,,,,
62964562b392a54a,,,,
38b53cfd188f2558,,,,
993dc2dae1f2f6ad,,,,
b72fe106e2ef2a62,,,,
74e1d91029b8963b,,,,
ca72b47c29d661cd,,,,
a67f9830649d4551,,,,
76e2f188461d1ded,True,False,1.0,0.5
0002b39161df4061,True,False,1.0,0.5
9a548e3bd9206aad,True,False,1.0,0.5
186a4cee8702039a,,,,
20275260b367c959,True,False,1.0,0.0
e69efc5f799ffa48,True,False,1.0,0.0
06c5675e06923cf3,True,False,1.0,0.0
437d4fec91e60089,,,,
d6790396798fc6ad,True,False,1.0,0.5
1012fd70155f1320,,,,
e3be4a80c6f2cd6a,,,,
75189d1df21623c9,,,,
4f71a84686020107,,,,
a97939b8c621f6a5,,,,
7ac02c3e1ebdd7d9,,,,
8feefd720b8c23e0,,,,
be19325e6fca323d,,,,
b4171c2ba518e295,,,,
04bb97406309c858,,,,
4a4648dec098b75c,,,,
d2ec2af334da1ece,,,,
c5a91f1caa9ac511,,,,
88f9a14be034163f,,,,
6c969ae01d35bc9c,,,,
a794c64f06909357,,,,
910416cc4d59dc44,,,,
90543a9b94b38e85,,,,
158dc3431971c611,,,,
695a9df52153f354,True,False,1.0,0.5
54000b099d64ca49,True,False,1.0,0.5
ec9b7fd6ea31db74,,,,
018a76962705dd37,True,False,1.0,0.5
64d06954828e13e9,True,False,1.0,0.5
80ea93902d9bc6f6,,,,
5c94e8378ab8a68e,True,False,1.0,0.5
0a57e15f8278a066,True,False,1.0,0.0
f303c6bd81a28a85,,,,
7a7811dd9e94e49f,,,,
c863cb7e6210f94a,True,False,1.0,0.0
a2598a2a908de074,True,False,1.0,0.0
2fd140efc8445c9d,,,,
435531c96a24d75b,True,False,1.0,0.0
993897ac159b8723,True,False,1.0,0.0
13b869775c785742,,,,
1f08f256fb1ea3b5,,,,
2765ecca7fa7e93a,True,False,1.0,0.5
ba03578255961e27,,,,
e805efc32e3be48c,,,,
8cc98c0a328b6db8,,,,
ea39e74291255574,True,False,1.0,0.5
860f4f3ec83cd5a5,True,False,1.0,0.5
8081549cc82bcfe2,,,,
111ceec18455221f,,,,
b200ba1a7aed4080,,,,
5b85e8f0283868a6,,,,
6a7066fb45e93d0d,,,,
222b73049552fe52,,,,
2df0b994675ea12b,,,,
3eefaf61c2e521cc,,,,
eb47585ff887e73c,,,,
0a5974a52275d8d3,,,,
e84c7317fed195dd,,,,
ad389403e7bacacb,,,,
f11f5aa145413c64,,,,
c16fabc0d7363d63,,,,
8427af312af81603,,,,
29f8b0d5a28b3a11,,,,
bfbc945ce062a033,,,,
7cc810e9cb6b848c,,,,
27cf85e9b9e346bc,,,,
2ac2e64230b99304,,,,
c60e07117bcd8d45,,,,
e02246927dce8a54,,,,
da923b35b5dfbe92,,,,
ef6866d1805ec0c9,,,,
3874374d9d481f72,,,,
3891828e0ebf54e6,,,,
0f51ca2fd32a6e65,,,,
cece079d584c41de,,,,
d4a5a0c093c26a3a,,,,
4bf4d61b8f4a57a8,,,,
95aea17a3bf6114a,,,,
7d598e449970f35c,,,,
c1ceca58ed749093,,,,
b3189b7c25f879c9,,,,
bf3b6d4f95b787cc,,,,
8d2149f1eddb53bd,,,,
c7c495845009e43d,,,,
3d0bf82a37d3f687,,,,
d0ef2aee796a7b18,,,,
01ccc76486502902,,,,
faed62683ff111dd,,,,
06b7322acc02afc3,,,,
18911f9597b558e1,,,,
6ab0f7bfe618e667,,,,
375e64c370812de8,,,,
f74a165beed8d038,,,,
2d50e8d50651e0e5,,,,
b991338476b777d5,,,,
6fa2b79316ac4fbc,,,,
650e75a55921e82e,,,,
c9d201774af653d7,,,,
3886aba7eb376e39,,,,
56a52a923486517c,,,,
b5286775c9709e53,,,,
7c564110a799df34,,,,
6cadb8b6ba919279,,,,
6b7c3aa5082d28b9,,,,
6328ac8417a33537,,,,
ff9f0f83c4cd0a73,,,,
1322d193ffdf584f,,,,
7558f8536144a7cc,,,,
eaa8de5b64bfde6d,,,,
798c2a3c33265044,,,,
0635ecd0904f1c25,,,,
a3e996c72c2c684a,,,,
2a63efbbbc91260b,,,,
0ee9f9d8bc32046d,,,,
e3f46d0bcae661df,,,,
e09c7cc2cb09942e,,,,
978556125f9a6eb7,,,,
8e7837f1ceb04921,,,,
226de33e4fd3017f,,,,
a930061fb27240e9,,,,
b745a37fd2de1f45,,,,
431da9c1f9799f4d,,,,
4c349594125c1fba,,,,
131efe30de2a010a,,,,
1f5016f8601e0c4e,,,,
63e09a371bc5df87,,,,
50f616d7be48dccf,,,,
91eb97cd84ecdb54,,,,
2631ab0f087b6d09,,,,
2d7205ae0f59aad7,,,,
7f64bb597a568708,,,,
cac7f2e883021e75,,,,
20aff3b720483b8f,,,,
36853809aaec6273,,,,
eec74b521d903840,,,,
1e9efa43c12d62b0,,,,
cf31a5ea0a3a040d,,,,
99eb434856ea5eda,,,,
46d8ae45954bdf08,,,,
dd5ffd73f442683c,,,,
57eddff9570ef80f,,,,
76e1fdc7aa407148,,,,
33c169b5b7eb7291,,,,
cafb108cad858269,,,,
ec42a8efb74e13f7,,,,
3db90eea4f815af3,,,,
cddbf1bd11c6167f,,,,
b13e8fcb78da8358,,,,
bea1b08f033f8e0f,,,,
543eed61464807ec,True,False,1.0,0.5
e77f3968ebfe63a2,,,,
409f6f665cc32738,True,False,1.0,0.5
03da99bfe297943a,,,,
a1cc7d298dcdac37,True,False,1.0,0.0
f027cc7c63570a2c,,,,
e97b57c07c077349,True,False,1.0,0.0
461e2ecf29529e2b,,,,
9d45cc3e414131ea,,,,
bfdafd6c85625b82,,,,
5d056a991e2fd13d,,,,
b93ebd0d43de3124,,,,
13eef8533b56e9ad,,,,
c8a69e5bafc543c9,True,False,1.0,0.5
8631c248d97ea436,,,,
cf7cd2d7d770c44b,,,,
ebf99adcba41b7bb,,,,
0cacc0d16b9f15a5,,,,
f3c9d9b0e65894d9,,,,
ebe8f29abe4558b7,,,,
06632f76c69d3a06,,,,
dc1b0161d69d4849,,,,
42512b93af747eb1,,,,
a2afb405a8eb524f,,,,
b24e532cdc42dc16,,,,
922f24fc7703cb0b,,,,
1d994b0aa8f819d9,,,,
cb63abbf94848494,,,,
3683a3f26211e6f6,,,,
54a1dcd026f304df,,,,
e8107c594a07a6e1,,,,
d8766e2d8369d34e,,,,
2efb24aeffe1e59b,,,,
d87959011f0f2f1e,,,,
5ded2521c7a074bd,,,,
e3869fd9af86704f,,,,
d3d463ab92f794ed,,,,
e7cad137c0250765,,,,
ee3977915b64cdc3,,,,
3f85a9829df8c79d,,,,
9be041cdb6e94b85,,,,
18caa303585d45fb,,,,
72bd043d946808a6,,,,
24e8df91460afcbd,,,,
5dfe7fef297080f8,,,,
d2cc483791479d48,,,,
593460f162c2e2b4,,,,
417d9b22ca5d4b54,,,,
d0c211e14b2dc4e6,,,,
d06c45424ad3d418,,,,
1be68c519a9d1e30,,,,
ba1f3313ee252ad3,,,,
351ea17688a80c94,,,,
0b893a1afe11b893,,,,
5d3a8b4d72feafd6,,,,
345dfeeb0301f3ab,,,,
c35b6a45d25db790,,,,
e1fbac9a469a8338,,,,
46f7410d28c692b0,,,,
72a3a65fc822da03,,,,
b0fea65b02e55a7e,,,,
05350b54ff262412,,,,
cc2992a32cebed2d,,,,
2d1b5e84ac3559ec,,,,
91848b13ea3ac9bd,,,,
cc5d2d391498aa66,,,,
cc30a26f80fce3c0,,,,
8a915b697c6c06e5,,,,
8f4668610f9a1fcb,,,,
5ddf57f1572410be,,,,
baff2c5ead95f24b,,,,
ebb49cbb7b7b374e,,,,
5330c47548933978,,,,
cbcb993ed3f803ee,,,,
38668e7a83d25678,,,,
82989d3df647c0e6,,,,
7cb56be6d499289b,,,,
39f0ed0aad7ae43d,,,,
d7d825b81e5c14cb,,,,
f777a7aa24508fe1,,,,
42fff43c44936c39,,,,
1ef28245c00f72a6,,,,
610c1ccfa067d077,,,,
b8d2bea2ff651fda,,,,
29c41b9f43182dfa,,,,
f2d8baeb954efe03,,,,
1af5be3d2cd9bd4e,,,,
4ac35302cd8a5453,,,,
aafffafbaf165db6,,,,
cbcacdcf290039b6,,,,
cacb45858af3d39a,,,,
e8f1db8fa09a1bd9,,,,
9893249f4c6abe8d,,,,
922582915217b12a,,,,
8fd5246b327bd40d,,,,
736b8d6b627b2b25,,,,
462b29fe941ef6a2,,,,
661acdd0a355744c,,,,
52d7ca2e1378271c,,,,
52ba7ea4e574ba06,,,,
38f18dfe5be6e54d,,,,
fe69d20eaf792f45,,,,
da388f32f250bd17,,,,
51df0f39c406f997,,,,
1b70c3ef76f782ca,,,,
08c9f83591fcfe77,,,,
3b0722c64950ff3f,,,,
058323346fdd4935,,,,
90e77a187b7e5a9f,,,,
011db7fad9ec8a59,,,,
e2267cc59d215872,,,,
321e0c18708eaebc,,,,
22ca7cba1811e44a,,,,
0159939ae6f01e09,,,,
f4da56b87de12326,,,,
43f8b0169c87129e,,,,
b37175507006e9b2,,,,
723210e03435299f,,,,
5af90a4ebc89cb13,,,,
77574663d2166638,,,,
dca53f3a6d9dca1b,,,,
ce7092d71ef4f50c,,,,
44ec5ff7e97c6bc4,,,,
2d42212eca6b3e0a,,,,
c7e975276afde3e5,,,,
aa67687e783ca707,,,,
3effe6803d753d13,,,,
8e88a3889d704f27,,,,
9538e21991b377bb,,,,
797808a79ca69df5,,,,
faf2d589a921ca92,,,,
3ea04faeae583d2c,,,,
6580bd9e6b0ba8bf,,,,
08016a2de3193bab,,,,
467c782284503f22,,,,
943a3ad171b6161f,,,,
a6d5beb233496017,,,,
0ce8cee96a962e1b,,,,
b14135e9612a6ed2,,,,
bd451d5091b84604,,,,
596257bf82097782,,,,
9a46171cfc0cb959,,,,
1efa15e03a0c0e87,,,,
81639785f8f92fe1,,,,
2a77a394f7c18efb,,,,
b9c0f35fa9aecdbb,,,,
4fba10e2a794dbd7,,,,
07d6ec22de700779,True,False,1.0,0.5
39a1498ac731e5d3,True,False,1.0,0.0
63f6f156468c29cf,,,,
e082f1c4ef7a6885,,,,
9913126e7aa326f3,,,,
46beabe4b776e3e4,,,,
e686d5cadab8a8f4,,,,
50e40d70bd656af1,,,,
295873491c205ad8,,,,
5b76ddc495545988,,,,
87da7895a7d1d4e6,,,,
90b2b8d8d72fb39b,,,,
fbaeafc1eba86431,,,,
f2649abe8faf2c1a,,,,
fb4cea8bc0d2a413,,,,
a37dc6fd8fb8626f,,,,
d4a8e2700e330553,,,,
cfaac63f6748c067,,,,
b9f48b996d2e2837,,,,
d75752f726ee0712,,,,
55855b3790a8c9a6,,,,
30b41ecbfb300ade,,,,
31369e93f2473b3b,,,,
65eeee0bb2ac25d4,,,,
cabc00ce32035733,,,,
48c4753942c055c1,,,,
d585b5c9b6c7dfe8,,,,
a55fb593e4237a0a,,,,
ebea15bc83b3229d,,,,
04c7486413148176,,,,
4d050a9b09827f36,,,,
0773eb2d08816af7,,,,
11866985d0b9b404,,,,
6a0cedbd76d88bad,,,,
c502732b20459946,,,,
20a52c5690897a56,,,,
616c3507a7640eba,,,,
8187c6d12e09f0d9,,,,
681f73a34e8ee385,,,,
3606c0151ebb7a5d,,,,
1798f6cd5d5c2e27,,,,
8c3512e769c3f04e,,,,
533f960711b94440,,,,
3621356bda8dcab0,,,,
d1ab26937ddb3a55,,,,
03921c382d2b12bb,,,,
32a437c94a247a6d,,,,
163349ce34dbfa8a,,,,
e99608553383cf05,,,,
2d6d3332d88a4229,,,,
ade5a20bf1aacb1a,,,,
8968598fac9a9993,,,,
043021e4d73936cd,,,,
ef2a3b9ab4f33abc,,,,
8bb912a360a31c14,,,,
c248403ef0bfa3df,,,,
f4190793797fb449,,,,
39341a7e4b0b878c,,,,
954d037481a98ce7,,,,
d705a0e043c946c0,,,,
07263debe15b1d5d,,,,
86be43f63d67f560,,,,
0199aa8ba7ae2612,,,,
cdf8e6183839bb45,,,,
783305677f4a55ab,,,,
6ca71939d9c6d38f,,,,
c65868d0f9bd1b65,,,,
374d930ff9468297,,,,
6f3fa46ea62bb678,,,,
75a1da86c3ee2d94,,,,
cc260e48df017f00,,,,
5abac68e336d9696,,,,
f1707b8851693bae,,,,
e4c560529fc6a5f2,,,,
39f94ae76527a055,,,,
a6dba0e312e3c50a,,,,
d4631602419f4472,,,,
5ef5da2dc20bf831,,,,
7d898e4ef70ed38b,,,,
7ed223e1435b6551,,,,
f1b61025ce00d1cc,,,,
d8e391c1b281da7f,,,,
2fe5b533c1380323,,,,
0da9fd22fbad8bf5,,,,
2043500ea9a9bdfe,,,,
3248721235234e24,,,,
a48822b3ea132a6f,,,,
5a003fcc6834b861,,,,
acb0d14dbd892173,,,,
7c29a060d72be2f8,,,,
92bbe06c3a05c019,,,,
cbb305e5a0f3b0dd,,,,
89c7fe7f786d8596,,,,
9cfa66dce68a0a53,,,,
fdbd3ebd9cb6dd89,,,,
67d95df35a042287,,,,
e02dca6df65a31a9,True,False,1.0,0.5
2c77eb9868915e10,,,,
96eb4d46434929e5,,,,
4be17f5340990364,,,,
5c8bb19bb0cddc8d,,,,
4f0beb86b3d9b117,,,,
5c96fa286611ee76,,,,
b2e77a91eb04174b,,,,
388b81198db9d2b4,,,,
4fb9340fb4617ad9,,,,
dbf3376971acdbbc,,,,
ec6d88d542fd4ad9,,,,
161433c9fd0d82b9,,,,
1db6ea511a4304f2,,,,
d39fd8768efedd1e,,,,
11482e5cda476698,,,,
e5923cc2b084e2e1,,,,
b2dfc685a43eeca8,,,,
02ca84a0bd73c3ee,,,,
637c72a5448683b1,,,,
dc58a671807e9521,,,,
1c3e9af1210e97b2,,,,
ebb0a90ea19dadf3,,,,
22bf0be6429ddd3b,,,,
347abcd1fa18492b,,,,
595951b1bc566be1,,,,
3ce816b420512080,,,,
bcfc0610f6e2179e,,,,
31f349361c0358b0,,,,
eaafcd76fe40af98,,,,
828d37bbd12db692,,,,
72df2726352eb151,,,,
d890a051daf386a5,,,,
6fa28ffe708c3f7d,,,,
5cd41bd012205b35,,,,
33d4120ad204eb37,,,,
44b080455505f978,,,,
9b81573662bbf9d1,,,,
856b3f5f9a925a04,,,,
038f0978de079433,,,,
8dfb081394f0689c,,,,
08831730bce72622,,,,
c1f676bf50cdec1e,,,,
d4523c2ce240e2c5,,,,
ab6e9ceff45c2f34,,,,
364b448aea421310,,,,
6017957b7af65aac,,,,
9766c4a2eb3e0cab,,,,
70ea43aca0e9fdbb,,,,
5a63c4a2a19ddd5d,,,,
d192a5fdfef4d9d6,,,,
84e723578929cdd5,,,,
d2df18c735fa999b,,,,
115ddd274ac2f1e6,,,,
40cc89b32f6c5cd1,,,,
19b6290e658579cd,,,,
a9fb44c6884658ea,,,,
55ef34ce6a903043,,,,
7d9706a480471a33,,,,
8c4b08bd45be57c9,,,,
bc45b4cbf6c2e9a0,,,,
3010f7000c431190,,,,
8387471040972de9,,,,
92d27e9613d06c6c,,,,
9bbd0fa05c41dfe5,,,,
0f7bd882a481d9a1,,,,
f1b1319a27befe29,,,,
6407ab10701d4047,,,,
aa040d2b03c1d0ca,,,,
fac5ef20cc58bfe1,,,,
7e230e9146abb8ee,,,,
4288beac1b4c4b52,,,,
72602a590d109496,,,,
bc120d9ca47d314f,,,,
2e62d65b6b1f6f9d,,,,
e37dce71746c4e4e,,,,
f836feb9c182c531,,,,
d381df5ba9580d87,,,,
b0b0e9d54ba17502,,,,
030af405a2fad478,,,,
d56801c84ac530df,,,,
188b5c7eea7d7358,,,,
145099cbd9734ea9,,,,
0b45498a1f608bb3,,,,
14915c6b7e73a41e,,,,
318206fdaa17d517,,,,
a4a1737cd90b0ad4,,,,
6d36787ca21dc094,,,,
a693231b64096e89,,,,
937b71c267a65bc9,,,,
60f0dad96ca73ae8,,,,
eb3bf31f3094d81e,,,,
76bd16c45accabe1,,,,
b7eb77d2d090d2eb,,,,
bf624e22fdce4a92,,,,
fae6197bfe6efbd4,,,,
73a0228a66601d22,,,,
9ca487829908098d,,,,
5df160a40c86a067,,,,
867d19af32cb836d,,,,
1d74018e6615b008,,,,
c50613f68b60a47c,,,,
ba230e37c5682023,,,,
ec68ec66860a2ad1,,,,
3fdefb9ab66e12c0,,,,
f34b13c2775c8f20,,,,
df0453b3cc6587f4,,,,
b22557e9707e24a3,,,,
394998ae61468943,,,,
93d9fc8ec5a6517d,,,,
73fa9244d07e3d61,,,,
b8131b5ccbd51ae2,,,,
6271f6cb92383222,,,,
6fa0bcc460bb21dd,,,,
471191724d64ee19,,,,
8e209cbe85954a8f,,,,
f9a6bef578eb948d,,,,
e3543b6a48d0a83f,,,,
1e69c3efd3c46dc6,,,,
b2d783a5a25ad03e,,,,
3e8bd50a0514eb3e,,,,
a620bb0fa91baf09,,,,
3c00e23b0ba99ca3,,,,
8c845847f2a06b74,,,,
5fe6a34148b196b3,,,,
60d542e512bb96ce,,,,
09051c67da05a398,,,,
f6e64ed3e69bfcf7,,,,
8f997405e4a47566,,,,
9455bd15f6cb3b0f,,,,
cb743dcb8b8a34e5,,,,
fb075ceedf6de2f2,,,,
a8e727d65aacce9d,,,,
4771f7d6ee6c418f,,,,
c23a87ab74bf0998,,,,
e3b5595cb66d376a,,,,
01dde1ed4a9cf77b,,,,
b88b30fc1fee1477,,,,
15adebe0621333c6,,,,
7aae6d963f9ad4b4,,,,
7e9ba0a03d87ea82,,,,
459cf83fddfffeca,,,,
858d4dd4fdd2c188,,,,
c600cfacb46c69d1,,,,
b8a28dfcc94f7fea,,,,
92d7b4035ea0a5e5,,,,
37bd9322323113ea,,,,
e8796c4e5363ca47,,,,
7e08b7bf5f5d2c4a,,,,
a3aea6ee21868bd7,,,,
185cb12af1d669cf,,,,
d7edeeb57b9a33e6,,,,
30820ceb3e7bcec5,,,,
16476771eb55d135,,,,
45a40c4c6fa6cace,,,,
ccc3a5a4f6666c1a,,,,
bbfd1d66de333caa,,,,
393891c4fa82882c,,,,
1a3d18163c44eb1e,,,,
64c99565f3dc53c0,,,,
2ef9bb05899d1ab4,,,,
042acd487f2a8bd1,,,,
62186d68efdef43d,,,,
554f51f037b74adf,,,,
2812ee0a484528ed,,,,
cc0955468cd8e671,,,,
93d3c9875b6572c6,,,,
0be532830630a2fe,,,,
58b20ad627a312e6,,,,
eb9839e1e11950e1,,,,
e60a284671f9bd12,,,,
e35ae795ee4ff619,,,,
9d7102b63b1d6fc4,,,,
46874083e942b7cc,,,,
2c9d3e956fadd470,,,,
f99472b993a007a0,,,,
7dd69a8e85e6480f,,,,
c0c24c4c65e937e7,,,,
3d2c98cac895039b,,,,
a0c5ddaa5e51479e,,,,
20f0420239128368,,,,
7963fc8235497c34,,,,
95b6172b00e37381,,,,
d78ead348aecf9b6,,,,
8d92c4e8f130edb8,,,,
1521d5eadda39faf,,,,
0f11c8ee8011bdb8,,,,
de13049398f9711a,,,,
bf62192b9a56bea8,,,,
869e6ad52812638e,,,,
ec7eedaca2e31224,,,,
7e5d12827cf1756f,,,,
2004ec27a2fcf061,,,,
d75cbadc270c1c74,,,,
9a1b08c42fb43a24,,,,
2a71ecd745f97fa9,,,,
16e889ecb2972bfe,,,,
545dd1e9913b3bf1,,,,
4e265a6588dcfd01,,,,
97c4f14d8b6f262d,,,,
6939caed51fa8942,,,,
ab99c159dc6c1c93,,,,
278201192faa9b5c,,,,
7067ed5cfaacdb25,,,,
b37766fc5f2b29eb,,,,
d123c747e964e46a,,,,
7cc4dde5e3fc3084,,,,
e49afb5893fccdaf,,,,
b25e531cdfb8d98b,,,,
38f68d5042408dca,,,,
b6407d31256e33d5,,,,
9c8cd6a5fc2f714a,,,,
2ecd0e70c1880f21,,,,
d422bca7e6dadda6,,,,
525242b1b11e529a,,,,
50e8f00aeb862c2e,,,,
5318c4d98d5b83a5,,,,
bc6bba1e146622f6,,,,
798474d59717989f,,,,
93888972b854e996,,,,
954da8e8c7c5e718,,,,
a3f469a26e83210c,,,,
f17571fd20cbabc8,,,,
75956893beee8e6a,,,,
881f6e7dc606be5c,,,,
15676512e99a537c,,,,
88b1158cf28ec8ca,,,,
5a5720dcc20ce476,,,,
9e6ea47f60c862a9,,,,
c4c5f13be501a72e,,,,
3f7c28221ee3b662,,,,
895b58e3be8043bd,,,,
da2d4d4e73eb823a,,,,
5b96c1600506a883,,,,
362aa86dfc5dabda,,,,
635bb39ccf963231,,,,
102bf1da56c5f180,,,,
53a838e19eea4ee8,,,,
20ae37b598a3189b,,,,
eadd612f8a767c3c,,,,
e054802074fca445,,,,
ef6d17f31b02b012,True,False,1.0,0.5
5efbd02805d9d21b,True,False,1.0,0.5
8d702122b4da0ead,True,False,1.0,0.5
cacb310f2e09a0dd,True,False,1.0,0.5
6ed62e6193bc3040,True,False,1.0,0.5
f9bba2c615ac1262,True,False,3.0,0.75
00d4be19dbcb5225,True,False,1.0,0.75
6d6102308ec6a212,True,False,1.0,0.5
47042025abe88cbf,True,False,1.0,0.5
c343797fefb52184,True,False,1.0,0.5
bcd16b88418b30b5,True,False,1.0,0.5
5f4862fddb23ab67,True,False,3.0,0.75
39f1cf0cb64a3125,True,False,1.0,0.5625
62675f7f509bc627,True,False,1.0,0.5
5aea6c574094cdfc,True,False,1.0,0.5
801deb2b9ea182d1,True,False,3.0,0.75
4a1870c1c07b3acf,True,False,1.0,0.5
bb1b7bc9d74e5bd4,True,False,1.0,0.5
c27f06f97add8be0,True,False,1.0,0.0
1014ee8f64ca04ec,True,False,1.0,0.0
141c19060cd9bcd7,True,False,1.0,0.0
db84d349a8564c37,True,False,1.0,0.0
6ec1dde5bf01adde,True,False,2.0,0.25
68e277f026e4f333,True,False,4.0,0.75
069dc362cc83fb7a,True,False,1.0,0.0
4d776f2e423c4353,True,False,1.0,0.0
6b6dd43bb4c3d2bc,True,False,1.0,0.0
cd253129c9a24d43,True,False,1.0,0.0
3ab07d974c2c13c9,True,False,2.0,0.25
c9729f40e5f3069d,True,False,1.0,0.5
33c20b0013778993,True,False,1.0,0.0
4cfe54014cfc790e,True,False,1.0,0.0
2d0552d43918fa98,,,,
749b3152bc4c62b7,True,False,2.0,0.25
ba97020b93362854,True,False,1.0,0.0
d0778f255b2af544,True,False,1.0,0.0
57fa86a7b4840e85,True,False,1.0,0.0
0b88c10fc68d94f6,True,False,1.0,0.0
491ca705673fd562,True,False,1.0,0.0
e52a73ec60adcfae,True,False,1.0,0.0
5ea08d3f215b4b00,True,False,3.0,0.5
8061f519a055e2f1,True,False,1.0,0.0
8959232792ca88b1,True,True,,1.0
d622539aadbdefcc,True,False,1.0,0.5
6ebac04a743cc80e,True,True,,1.0
fdb58ef9a852cbdf,True,False,1.0,0.5
1a548869f66c2e7c,True,False,1.0,0.0
a9a0cc1d70da7a20,True,False,1.0,0.0
62a1047c5866c2f9,True,False,1.0,0.0
3eda75dd3fd8193e,True,False,1.0,0.0
434d49e3c549d90e,True,False,1.0,0.0
ec0211f2e790fff5,True,False,4.0,0.875
3e1359b0723bcff4,True,False,1.0,0.5
e0b81fb890105b24,True,False,1.0,0.0
648f95a006d64b8a,True,False,1.0,0.5
0545c7c062485e4a,,,,
a78668044e13a686,True,False,1.0,0.5
72e3111bf62267ff,True,False,1.0,0.5
ef71571ac29769f5,True,False,1.0,0.5
cada75286b3f0056,True,False,1.0,0.5
daae47212a4b7ad6,True,False,1.0,0.5
957f9583418b507e,True,False,1.0,0.5
d3272a4a1e704d68,True,False,1.0,0.5
f72d5ad2a173fdd9,True,False,1.0,0.5
f6f32a66f1c5de3c,,,,
821732593a0bb58a,,,,
c598025bfb96c673,,,,
b13afbff8e8d7970,True,False,1.0,0.5
aeb900fee3b30684,,,,
c4a230f00ba23025,,,,
75cf997a8ea90d4a,True,False,1.0,0.5
727620f9f851add6,,,,
99068c309be42600,,,,
94041daedd50362b,,,,
f2885dafa1391fc9,True,False,3.0,0.75
8df83115dee0e40c,,,,
856892f28835ca79,True,False,1.0,0.5
580edb407508220e,True,False,1.0,0.5
490ff91c560db63c,,,,
9d743cfb366cc1a1,,,,
20c17a164aff860a,True,False,1.0,0.5
991367e8923f3bd4,True,False,1.0,0.5
b5b2fb602d9fc52e,True,False,1.0,0.5
b6f70aaec077d500,True,False,1.0,0.5
3730abc981b5bd39,,,,
9a836da84f4aa898,True,False,1.0,0.5
2cf228f89c52502f,True,False,1.0,0.5
83804df1e043a1c3,True,False,1.0,0.5
789273306a9f68f4,True,False,1.0,0.5
f54f46e216891a7b,True,False,1.0,0.5
b4b0654b492609dd,True,False,1.0,0.5
41659183a4cd468a,,,,
2cfefbd7db02084a,True,False,1.0,0.5
6a3b869b9f8eb5c2,,,,
f1bdf7a28d670204,True,False,1.0,0.5
f650428f496f830f,True,False,1.0,0.0
3e3ae35ba02ab249,True,False,1.0,0.5
1b22131d18231bae,True,False,2.0,0.625
ce57ef12c4a6419a,True,False,1.0,0.5
6148d95ae2ff452c,True,False,1.0,0.5
1e22bd0554b3fb40,True,False,1.0,0.5
cf3b3fd006c4d5e6,,,,
21e6bc313e0a8ec5,,,,
b5299f3705a637ce,,,,
4f6a27fb1d74fbb2,,,,
522253af50b7f228,True,False,1.0,0.5
e256a234c710a519,True,False,1.0,0.5
d8c7780a7c23aca4,True,False,1.0,0.5
4bba1b9b2b3ce8c0,True,False,1.0,0.5
66e9fe0ad7ab9685,True,False,1.0,0.0
dd24ab168765de64,True,False,1.0,0.0
ec5d9eb826b6271f,True,False,1.0,0.0
30208bff9d7b4777,True,False,1.0,0.0
b2e7b5049005c23e,True,False,1.0,0.0
f91c1bf89522a3a0,True,False,1.0,0.0
0961069fec03ff85,True,False,1.0,0.0
51596134e31be259,True,False,1.0,0.5
e24f0ad4dec57387,True,False,1.0,0.0
db84e9aeb0a907b8,True,False,3.0,0.5
303591b6605addb1,True,False,1.0,0.0
68f90e93dae9b5fb,True,False,1.0,0.0
ce568b41e555c521,True,True,,1.0
fcad5c8d2d1b819a,True,False,1.0,0.0
7de572334dd160fc,True,False,1.0,0.125
727966235a4ec90a,True,False,1.0,0.0
020f7f853a61d2a5,True,False,1.0,0.0
93716563584676cd,True,False,1.0,0.0
bec8a25c1e8964d8,True,False,1.0,0.0
706cf08a5049d81a,True,True,,1.0
9a2845d35028b968,True,False,1.0,0.125
72c40d7028571a6d,True,False,1.0,0.5
79840e0cfceb2634,True,False,1.0,0.0
1887a25ae7a473dc,True,False,1.0,0.5
21b834da31a44d01,True,False,1.0,0.0
71041ceeac8e055f,True,True,,1.0
70f9ebddf09ebf04,True,False,1.0,0.0
d94caddbb75215b3,True,True,,1.0
4794a46edda75050,,,,
6043366adeab8e2a,,,,
af37d4d69fd7d015,True,False,1.0,0.0
51e8740f909c88ad,True,True,,1.0
c25e25d519cf7fee,True,True,,1.0
a79778948941b933,True,True,,1.0
a83354d3cedbe160,True,False,1.0,0.5
1b6276f77fdc9d2b,,,,
9d3930526e566071,True,False,2.0,0.625
820712b00e76526f,True,True,,1.0
75dab016769e0f43,True,False,2.0,0.625
5946d2fd389a788a,True,False,1.0,0.0
f233f66a9c4585a5,True,False,2.0,0.25
6663bc4876a75531,True,False,1.0,0.0
85bd88404fb80da0,True,False,1.0,0.5
6a7c768bb733662b,True,False,1.0,0.5
d259543a3b27a289,True,False,3.0,0.5
5c55067dffc9ede0,True,True,,1.0
9f61429b5a9a09da,True,False,1.0,0.0
870d838329f0b33f,True,False,1.0,0.5
12e01b638aad530d,True,False,1.0,0.0
18832a1741342697,True,True,,1.0
e9045f0f6ec24613,True,False,1.0,0.0
a92a0bbb08ede8ca,True,False,4.0,0.75
66821197d414cec1,True,False,1.0,0.0
8671ca92de2cc639,True,False,1.0,0.0
0075bb92efd32195,True,False,2.0,0.25
f3f200976023b897,True,False,1.0,0.0
fa6a7fce4829c9bf,,,,
c6c4593d5bb11167,,,,
efb1d117a17b13a0,,,,
44cb5d5ad8b786ec,,,,
3baccd794ae907ef,True,False,2.0,0.25
9c379f16497a1fcc,True,False,4.0,0.75
ed45f4e1ad1388cb,,,,
905cc044d2f11f7e,True,False,2.0,0.25
7461cd33e630797b,True,False,1.0,0.0
7585f89f592aab2b,True,False,1.0,0.0
6b4b9a5e058e86d9,True,False,1.0,0.0
dca5063f6d713be8,True,False,1.0,0.0
915e5ea2e7f67f0e,True,False,1.0,0.0
750aca7124f3c40b,True,False,1.0,0.0
022ea0865d780b69,True,False,1.0,0.0
775d6f86f21aa07e,True,False,1.0,0.5
c042fcbeb35388e1,True,True,,1.0
bba6391b04c1fff7,True,False,1.0,0.5
395f5e12314263ad,True,False,1.0,0.0
1ae4c786afa69918,True,True,,1.0
9625036aa1b90fb6,True,False,1.0,0.5
f4d81470ae001413,True,True,,1.0
75b39afa4648a41d,True,True,,1.0
edab001865ad7fc8,True,False,1.0,0.0
20ce0fa312bc7124,True,False,1.0,0.5
d2acdf0d788ab530,True,False,1.0,0.0
163cbdb6514059dd,True,False,1.0,0.0
b6fb5ff3f4269208,True,False,2.0,0.25
e43eb3a316b33037,True,False,1.0,0.5
ab9c0e0c3c7a7e6f,True,True,,1.0
01c8968fd0f30e16,True,True,,1.0
2c1342e255ddaa7c,True,True,,1.0
893915946b6a2093,,,,
211498a45208adc2,,,,
c3ef20c908ed34d7,,,,
e103fd0d469698fb,True,False,2.0,0.25
f6a4cf3ed77b36bc,True,False,1.0,0.5
4b5cddf390319edb,True,False,1.0,0.5
91e598a8ba5ae552,True,False,1.0,0.0
78fc0fa6fe1b7e3d,True,False,2.0,0.625
5d1ca8b7c39d1c88,True,True,,1.0
d91455e75ff999b6,True,False,1.0,0.0
f289674768fa65af,True,True,,1.0
6bcf0d9e3c753d05,True,False,1.0,0.5
62d60895b47b258a,True,False,1.0,0.0
78a056287cab4d7a,True,False,1.0,0.0
76fe4b465499b07c,True,True,,1.0
091bf0ad75d65bb4,True,False,4.0,0.75
a8faccc412d618f4,True,True,,1.0
b70200eecba73fae,True,False,1.0,0.0
298a004c1ba730c3,True,False,1.0,0.0
df2643b3b6ff4c31,True,True,,1.0
e869d9adcb5cdf37,True,False,1.0,0.0
d34ee4c2c0f1cec7,True,False,1.0,0.0
d164bc08c275f578,,,,
2fc0bd789e86d424,,,,
000b9f440eaf15c8,,,,
f175f49aa1d7e0f5,,,,
25218f5687d29274,True,True,,1.0
819b92e001336f42,True,True,,1.0
0c57eb6d78c86555,True,False,2.0,0.25
aca0c0f8f9952ee3,True,True,,1.0
75dd5e62ad098e57,True,True,,1.0
2e3f468c9e105a2b,True,True,,1.0
e4f4f85261586267,True,False,2.0,0.625
03b5f399baaf191a,True,False,1.0,0.5
ff85de9c7d763b5b,True,True,,1.0
cb10477ae9239752,,,,
bb9e034c534051c6,,,,
0ac7502e9ede2503,,,,
e52df1f8376911bc,,,,
af185183ac56a194,,,,
4f713947f42008dd,,,,
c39d9fb5f7be52a4,,,,
0aadbae8256622e4,,,,
890cfd1e054501aa,,,,
ddf78b8fbe3351ae,,,,
17259e5c7cae6743,,,,
c3c32fc4393836fa,,,,
2492e47cefcabdb6,,,,
0b0fab6631025298,,,,
6c52d060ce50636f,,,,
1019f53f24afe34d,,,,
411ed1b7388c9a27,,,,
0f03504c73385295,,,,
94d969b40ed37468,,,,
679857170cfa818e,,,,
8094665ae212c01a,,,,
8551bdfd67999c7a,,,,
6ef8d9b73c168427,,,,
f2d8655a5c69df19,,,,
e98fb910a2408a20,,,,
3d9af958a95be7a0,,,,
d079d1dc1ec235db,,,,
1dc7599b4590016e,,,,
79d6234a783d2fbc,,,,
e463bbf9fe15eea0,,,,
879038c1d035d30e,,,,
215d304a652b36b4,,,,
e221342d453648f6,,,,
64b274771a6c6646,,,,
0842054efa884b96,,,,
fc1538aee2f5f698,,,,
aaf5345a6f11c6eb,,,,
5988ac791e9896e1,,,,
3dbb766e8db65cd7,,,,
c2c5a5855f6c5e0a,,,,
dc02e1866f000a04,,,,
ee04706efc60a99e,,,,
f3c8ae13055381b8,,,,
bd2de0e0deb21fb5,,,,
0329268d5c400e60,,,,
6208db6e335d09c9,,,,
926fc094ea412a71,,,,
1cc6c76dbccbe3d9,,,,
8034fa21431d77ff,,,,
35fcbee9351207bd,,,,
24d8582b268b1690,,,,
d247ffdab812b773,,,,
7d59296059a97673,,,,
7b1c53127869e3c7,,,,
b80bbbf805c725f6,,,,
28513b18c0e2d828,,,,
453d81020c0cd78c,,,,
6fdf1d5fe3ddde98,,,,
7ee2caa113eac0d6,,,,
9e6732e3d06bab07,,,,
bd67d7cdbbd87b52,,,,
019adbf1e1c69333,,,,
522d2b09c94cfaa2,,,,
6a36d39ba8f7fd21,,,,
0a163494ba25ee30,,,,
afd179c8bf1456c6,,,,
562249553bca23e1,,,,
ad6e0f26527c7b15,,,,
86a31c77386cc0c0,,,,
a4c0bb1ae3702e87,,,,
2c26f4af72ee55c0,,,,
15db7edd02fe8580,True,False,1.0,0.5
48aee7c8bbd92059,True,False,1.0,0.5
ead610af2d943b96,True,False,1.0,0.5
01835177404ee03d,True,False,1.0,0.5
15880cfb75cfe2a9,True,False,1.0,0.0
0d7619ef3e57cb35,True,False,1.0,0.0
9216bd8884e4409c,,,,
76f1e10c1ce66b59,True,False,1.0,0.0
438dd0cbe0ccca28,,,,
cb760f4a09447a8f,True,True,,1.0
f46221d04f5bac89,True,False,1.0,0.5
272746528453299c,,,,
566246a9793ef3aa,,,,
d657477d0432aeef,,,,
ae9269f0e20f3de5,,,,
83465f4b57e149a4,,,,
6266dd1e0bf528de,,,,
06e2ace14b074539,True,False,1.0,0.5
6ee41ef1f6a0a3c0,True,False,2.0,0.625
48c98eaeb47c6683,True,False,2.0,0.8125
47f55c29cfaa8049,True,False,1.0,0.5
7872c4c377df79a1,True,False,2.0,0.625
f9138291e8c61053,,,,
f88514d26db6a359,True,False,1.0,0.5
82459aed94986517,True,False,1.0,0.5
02d514e9ea446d65,True,False,1.0,0.75
404523787f34a62b,True,False,1.0,0.5
8335e6cb51dcc7c9,True,False,1.0,0.5
82cb9d69b50a2669,True,False,1.0,0.5
5edcc351475cdf02,True,False,1.0,0.75
941397a0890a3b0e,,,,
3a13bfd114b1cbf8,True,False,2.0,0.625
c37e9257b5db5507,True,False,1.0,0.5
0755c2eb8c213677,True,False,1.0,0.5
6113a5f24c7159f9,,,,
a1efc39ae09aa6c1,,,,
629bcb4e50979d79,,,,
170b4ea24331c5a4,True,False,1.0,0.5
9aa40fd5d5003b98,True,False,1.0,0.5
429afd28f828374f,True,False,2.0,0.625
2c703ec0fa5ce328,True,False,3.0,0.75
073f492ba2e9546b,True,False,1.0,0.5
2ca2a1b64975c739,True,False,1.0,0.5625
6050378ae3d1f574,True,False,1.0,0.5
7f64f41dd3ccffc9,True,False,1.0,0.5
908819d3c7614b50,True,False,1.0,0.5
d43b54e451ff8634,True,False,1.0,0.5
b6886eff8778de9e,True,False,1.0,0.5
f4651d37de18d3a2,True,False,4.0,0.875
fea82713cde5a4ce,True,False,1.0,0.5
d2338702ddaa5623,True,False,1.0,0.5
add0401001168563,True,False,1.0,0.5
e7999c0055fa2dd5,True,False,1.0,0.0
3a09fe2b6793a89f,True,False,1.0,0.0
efe94d049572c238,True,False,1.0,0.0
184bc5bc2d701bf8,True,False,1.0,0.0
cb6f9f05f1dba6c8,True,False,1.0,0.0
d38965440f88d744,True,False,3.0,0.5
d1c86ceed85c0c86,True,False,4.0,0.75
c31b1000b059ef5c,True,False,1.0,0.0
d9bf7427d46b9040,True,False,1.0,0.0
1a274b4a675daa10,,,,
cb8cadfa8b0a4a2f,,,,
275e896bf4cb93df,True,False,1.0,0.0
d8a032e00c3e50f6,True,True,,1.0
4ee67d6b5bf2fad8,True,False,1.0,0.5
1f86a15d1a0d2bec,,,,
a66a5ad80a504934,True,False,1.0,0.0
dcea34bf35a266dd,,,,
8b41d0c9f55dd25f,,,,
997f3d85e4ddc099,,,,
9d8a4262ca9cfd4f,True,False,1.0,0.0
2bd93f4db6bf4ab6,True,False,1.0,0.5
49ec1e1bad3b8644,True,False,1.0,0.5
a47e03a95d815b23,True,False,1.0,0.0
1a4f3eaebcc68d73,True,False,1.0,0.0
6c13c877eb131a7f,True,False,1.0,0.5
eba78261a974dc47,True,False,1.0,0.0
3f7e891e8ef49e9d,True,False,1.0,0.0
bd1b3c44f26b54cb,True,False,2.0,0.25
aa95f6825f45d357,True,True,,1.0
31746e0d66255986,True,True,,1.0
a69b6cf50c8186da,True,True,,1.0
3b0fd7ab34ba241e,True,False,1.0,0.0
01963a539f82eb4d,True,True,,1.0
bd08b5afd4100cdf,True,False,1.0,0.0
ab7bfb2581864a12,True,False,1.0,0.0
fc0ef0d63ac6a111,True,False,1.0,0.5
50abdfca27d73898,True,False,1.0,0.0
e2e01f33e86bf520,True,False,1.0,0.0
41fcef1e2c990c20,True,False,1.0,0.0
22f7ca722629e2c7,True,False,1.0,0.5
dc4f8558c415cdbb,True,False,1.0,0.5
9428d6484a633ced,True,False,2.0,0.25
16c537f56d998e2f,True,True,,1.0
790deb8b1a58a82f,True,False,1.0,0.0
dcf5b82f91631796,,,,
a454912b7a63d141,,,,
267e1d05ab9d988c,True,False,1.0,0.5
020fc7970debc94f,True,True,,1.0
b68c5f1fb75de82f,True,False,2.0,0.25
aec33b85993bec38,True,False,1.0,0.5
e0fb9578095c1a71,True,False,1.0,0.5
63c9bcc3f1570df4,True,False,1.0,0.5
aaad12d71f1bff02,,,,
3ebed66264d6b18c,,,,
70bb31d36089f63c,,,,
67ce0638aba19a22,True,False,1.0,0.5
8b3ea0be2f3b6a3d,True,False,1.0,0.0
7dfa1dffc285acf1,True,False,1.0,0.0
36eaf3ea3917a058,True,True,,1.0
4e222580e0f7a6b8,True,False,1.0,0.0
c1187f49d8677fa0,True,True,,1.0
79edc1dfe73c6f19,True,False,1.0,0.5
f5abbb8868a4e852,True,True,,1.0
02a6d1331db9e5b5,True,True,,1.0
f4c18dd7388a4a12,,,,
add0f578430eb30f,,,,
e4a86cbcfc71b00d,,,,
10f5502de1be4ae5,,,,
6826a5ed1c221fa0,,,,
2b7370a1cffb8cad,,,,
92bc17ad543d0e0e,,,,
584e03a9b8c4b85e,,,,
1426c4528a98f4f1,,,,
1f439142ceeae8ed,,,,
cda3330cce3416e9,,,,
be3420cfdafdd4a2,,,,
ca172ea3b90343c8,,,,
cc262c7d5fb929ad,,,,
9410efea0eb50b96,,,,
0b8c20b8d5609e8c,,,,
14d617c19cb9e23d,,,,
1d55abbb50b00d72,,,,
c90680e336094143,,,,
ab5adcde0ecc1893,,,,
177e1163e3b9fe68,,,,
3a8e93761289540c,,,,
8c2670bcf12eed81,,,,
c9675820cb73d321,,,,
7efb16bd9c964acb,,,,
62f50e65ef8e4475,,,,
b17553a79b18d330,,,,
56df08827b8be94f,,,,
fa03d5acd22dd691,,,,
ca1f5461f26f95a1,,,,
a54ae6c0f05a6d24,,,,
15fa6d3900bfc6ba,,,,
848f94f8ddcdd65a,,,,
d98cc48614e9ed8a,,,,
c2340e70ed480f5e,,,,
5fce89b5eba5533c,,,,
fb1906225e8e10dc,,,,
cf363ac4f4475fb8,,,,
23b5a99de0d46068,,,,
65e9ce505842cc7c,,,,
eebe206be12e7e78,,,,
5c0685b9f3ce8186,,,,
067619a25b5861a1,,,,
f3782df52a6a1f98,,,,
1f996ca285b527a2,,,,
7ff4b84d6af6e8cb,,,,
73f36184d7e49af9,,,,
61c86dfff4ec331d,,,,
3db20da5ae73646f,,,,
aec69e3622b8332b,,,,
1d5992c9057d11b8,,,,
64e2bc65bf17783e,,,,
d7661c2dcf2a6f5c,,,,
ad86a882395ca98e,,,,
1a23d41d4ddb4923,,,,
bcfe1cd52be8a328,,,,
6411d86b91baaed4,,,,
35b63abd4ec67012,,,,
b3317102cde0dcc4,,,,
3cafbf6be6b0636d,,,,
3a2b08e067950828,,,,
eb596a6dbbc08169,,,,
a1d504dc429016bf,,,,
f8d4dfca0baecdc5,,,,
678f98ee2e7f9c8b,True,False,1.0,0.5
0e143e6744034d6e,True,False,1.0,0.5
cf4311ef5951d0bc,,,,
d589cefb737973a1,,,,
1ccd46df539d8cd7,,,,
a96c9cf59892a6a9,,,,
27cbf34c37e00bc0,,,,
bcda47a8a1668d02,,,,
0de1ffa48990030f,,,,
440769e94778399b,,,,
ddc42c1d28f6ce7a,,,,
7f75fca5aafae854,,,,
bcebf55395713489,,,,
01e7c5204a45bc0e,True,False,1.0,0.5
1a640f47997922dc,True,False,1.0,0.5
e867c6bf52d9b57a,True,False,2.0,0.625
fd2f6664d4d89ed3,True,False,1.0,0.5
90ce1ab1e6eac34e,,,,
7b91a012771b88e3,,,,
436dc5ba61e63369,,,,
22e7f22a4ff7781e,,,,
dba8cc70983d675e,,,,
d7af7221ca3e53f7,,,,
6db7a91e172bbea3,,,,
67a98a0c21baeca2,True,False,1.0,0.5
7aa56bf8c6da87e9,,,,
bb69f7b063e139d1,,,,
1396e91ba0293f39,True,False,1.0,0.5
00080fa2e10fb3be,,,,
c27d21cab386beae,,,,
e25f3104f8e69c52,,,,
1f4cfe9aa86eb3d4,,,,
88b8b40e257dc4a1,,,,
93c142b2a4c52935,True,False,1.0,0.0
1f9c5109c2d9af59,True,False,1.0,0.0
7c0693e04c558e63,True,False,1.0,0.0
1ad43b276f1b492d,True,False,2.0,0.625
444d4bc366976068,True,True,,1.0
9c01746483cabb2d,,,,
354d50b033de8a46,,,,
3a52fdeef4137e71,,,,
6b984c3af6b85bc9,,,,
93b596c3aa0ea50a,True,True,,1.0
55596538d4de2784,True,True,,1.0
99ac6b2ff8b860b0,True,False,1.0,0.125
b9d4e7d447578b52,True,False,1.0,0.0
95924e6eb5919609,True,False,1.0,0.0
35c37b63941c7713,True,False,1.0,0.0
61f651ba26bb7ae3,True,True,,1.0
c7991651448fa26d,True,True,,1.0
d62062c30d38c995,True,False,1.0,0.5
63e8c46143f79b00,,,,
3b9e41d21e3a247b,,,,
57efd5e8415c3b5e,,,,
de5b04eed54274e7,,,,
1d0cdf54c289290f,True,False,1.0,0.0
7ae83086e8564f38,True,False,1.0,0.0
477602c359ed10e9,,,,
c901173368173056,True,False,1.0,0.5
4b4021a32d434293,,,,
524f26d9e93ffd4a,,,,
9443dc0b5be3116a,,,,
a9b4cd5f31936dbd,,,,
d336c2dc1dee25c2,,,,
1a84a308da67fb20,,,,
422abdfe0e723cc6,,,,
25c831b089d5804b,,,,
9bb029ed1a7f7fd5,,,,
0103dd170352e326,True,False,1.0,0.5
8b630a5dff79c748,,,,
a2f83fd64bda3c32,,,,
56f8553da4e20d63,,,,
c5ac0259da776f52,,,,
8f8661967b940fe0,,,,
df70bf29eea4bed6,,,,
82eab774d175fe55,,,,
5aabf307c58215de,,,,
55fd5c5f3c3af090,,,,
def73b2eb5aacf3e,,,,
1432b4b17ffb2de2,,,,
be1f959b475f6148,,,,
1400b6b076872856,,,,
42217e5d7e839258,,,,
b257d05eaeacde30,,,,
ccb36ce47eba9fdf,,,,
7bd6eb4abc5347fe,,,,
d385edfebc21a215,,,,
c94e68ec8e9a9fbd,,,,
4a2a13cd5f713cc6,,,,
1a8e191bc7ce3128,,,,
597d047a1add351a,,,,
8727f634ef7f4430,,,,
cbc021311de36589,,,,
f4799a3e7a480b8a,,,,
b973e055c0a07122,,,,
3a2d0b2184426933,,,,
539500e1badbee80,,,,
f4214fa666abcc77,,,,
5c59f3fb7599fbe1,,,,
ea3f162d17fd753d,,,,
72d6d5346d3eaa93,,,,
e1a80e4b632b250a,,,,
08c29c7953890357,,,,
a282ea2ad56908f0,,,,
ac02b0f16f8e5a84,,,,
29ccd8a723506e45,,,,
2f1c42d125c2b9fa,,,,
73c89fd6ceec0a87,,,,
ddfec8492a23dcb6,,,,
c7c41b7809a215dc,,,,
f1d258b3c6c6ab8e,,,,
b93bdf653d5117f8,,,,
3b0cabc6805a3e44,,,,
53d237f154991664,,,,
fca09d0a751b306a,,,,
41cecaa543f5fced,,,,
1a456973739b7c4b,,,,
11067e9ee392f365,True,False,1.0,0.5
d1228fc2a1658653,,,,
03418b3d9bd5923c,,,,
23811a6dcea199d2,,,,
2e00c19cde2c8b61,,,,
e1a8dec11050152c,,,,
2e3585bf561a7033,True,False,1.0,0.5
adf266573bf7109d,True,False,1.0,0.5
55768f76722199fa,True,False,1.0,0.5
d76e0d31f208e416,,,,
69add1e5fbaf13c3,,,,
ce6fe83c43cd541f,,,,
a6a2a55435495c2e,,,,
532422360ac8f055,,,,
1af7e1815054c7e2,True,False,3.0,0.75
aac23afd1be90b50,True,False,2.0,0.625
1fd9dbdda6d352fe,,,,
9e4ed1038f097ccf,True,False,1.0,0.5
c7da31abbb4388cc,,,,
7e5b4c0f37569050,,,,
6bdb52f95c97e9a9,,,,
29c7c2d5b153080f,True,False,1.0,0.5
6fa680c0da1a90ac,,,,
05adc0d50f11cd6b,True,False,1.0,0.5
b2bfaa0a47cdef1d,True,False,1.0,0.5
e31496b2ad042438,True,False,1.0,0.0
dfcf64c41378966a,True,False,1.0,0.0
32a33cca94733276,True,False,1.0,0.0
9401a959a2a5daf9,,,,
970d2a69e69e0222,True,False,1.0,0.0
3cb21b3cf01fbff1,True,True,,1.0
c956020212186038,True,False,1.0,0.0
02fc24f56f02240a,,,,
c4348066eb80ac9a,,,,
c6f1b73f89c7af3a,,,,
6d7c133fc78beefa,,,,
4435072886c94aa8,True,False,1.0,0.0
4e8f895e3eda2915,,,,
8501c3f9ffad5b33,,,,
f8411b27faed8212,,,,
a58339c94b826b28,,,,
644a6322daa81d44,,,,
97585952615f08ff,,,,
29838b8ce30a0506,,,,
74fe9b8fdbb9b7f9,,,,
9d0e847daecf5fb4,,,,
d0556f0abf6619fb,,,,
6505e5edf760079d,,,,
f81cf576700f8bc6,,,,
f16da6f6a9dfad40,,,,
a72cb329256c8659,,,,
fe6013c0192026e8,,,,
ae866644346adba7,,,,
3cd2818abf67bc2e,,,,
97934b5d269efc59,,,,
92d661d2ca04464e,,,,
20196c47e14e4ede,,,,
33ebd005e5854bcb,,,,
c202bdc370629678,,,,
76015be6024b494c,,,,
ac5eeef3f272b53e,,,,
f416cd502058284a,,,,
0585970d874edae7,,,,
b1295fac7518ff27,,,,
571a1565e148a256,,,,
06a97e4c50dab836,,,,
39fbceb19e03a5b5,,,,
f56bdca2b5abb694,,,,
dc9bcf2bc749931c,,,,
b3154ffb4d0f3d5e,,,,
a6ec2b581c63f488,,,,
8f28ee86ce0c5129,,,,
8d5c8d5d2d263369,,,,
d8bf2b426fe6f8b6,,,,
c13a5fe6e9ba69f0,,,,
49cb9dc88725b435,,,,
b595278567a9ac1b,,,,
c6986a4fcc30a1c7,,,,
ca15cd59094d9817,,,,
bfb77a4ed9c32dbf,,,,
fd71340fe746f2e6,,,,
0d52438a6d131556,,,,
a13d00349f248f5f,,,,
8e7d8b7655daf72e,,,,
711d67c77c94fa0d,,,,
f4bf44a852b14175,,,,
72654f7f4a0286bb,,,,
b752c931cfee7ef8,,,,
1fdc32649f68b694,,,,
54ff915ff4be7a89,True,False,1.0,0.5
45b221028c516247,,,,
3d03c6fa030ea2c4,,,,
0bec5c49f739f5cd,,,,
19d02a084389edb9,True,False,1.0,0.5
fa82d26d17e05049,True,False,1.0,0.5
8b0a6f549e36f591,True,False,1.0,0.5
6299074455827443,True,False,1.0,0.5
fa2c8b6ada99519c,,,,
79a64f419c9cb24f,,,,
f84de65bbeb3ccab,True,True,,1.0
3cb8e25f1e9211c6,True,False,1.0,0.0
83ff49b5072ccd8a,,,,
a8499e49b4a02139,,,,
96b2b6066caa702b,True,False,1.0,0.0
9ba73e6751977abb,True,True,,1.0
de87665367a2b6c2,True,False,1.0,0.0
fc8aebd74fc2072b,,,,
00c8208034ac0445,,,,
be28778c63ef4fe4,,,,
731c0659fbda54c0,,,,
fae9c20f81160830,,,,
04d8eaa386830f99,,,,
1fd9b4966bc195fd,,,,
ee7248f7b523177b,,,,
c39901f7387ba927,,,,
0aa5fa41292437fd,,,,
ec1ae29563426280,,,,
bde747578bca9445,,,,
d13bc31a6e4de7b4,,,,
e27bc488bec67e96,,,,
25a9590092e0fdc0,,,,
bdb9ef43750fa953,,,,
1434875aeee3a330,,,,
4721ec478113b33d,,,,
a1158706dc963557,,,,
7dadc95b7fd2bf22,,,,
f9d0fa4cc2686455,,,,
dbe12b046bb7772d,,,,
680ea6411186339a,,,,
1017eb85024e4e83,,,,
d927e075925e6097,,,,
461f29374c40c0b6,,,,
b8d31f0897c2fd22,,,,
2b3fe45db5cba488,,,,
a5e06b9c12143d76,,,,
6d94c60e058ae070,,,,
ed258012e242b7d2,,,,
922bc3318e702078,,,,
ec239d8cdfae3ec1,,,,
f9ab754c38828186,,,,
3f2f9fa1972f8134,,,,
8fef3705ba3656f3,,,,
066f9646d5be8a0e,,,,
f67260f60562ce16,,,,
a9704ff812271ce5,,,,
3078023ef7c05eae,,,,
9610e14c901e2697,,,,
8273860b38297932,,,,
362b6de213df9f67,True,False,1.0,0.5
e8c8be80f133ca5f,True,False,1.0,0.5
d1c3535c325c3d1d,True,False,1.0,0.5
2f9b919558a159b3,,,,
091f1ad888d55443,,,,
a3f8dcdee9e27e44,,,,
b806dac9d2e1f68e,,,,
4fcbf77dae2182e7,True,False,1.0,0.0
aecf57e4f8fca237,,,,
5b5d366bc77d5c22,,,,
575a6a4778a27739,,,,
724c23c59b3f14aa,,,,
cebb83a9d39c7e99,,,,
247f7298ece4773a,,,,
75b0088b846769b7,,,,
d5b430396a087e9f,,,,
7589081a6eae1d88,,,,
8594812dd5016be9,,,,
8060ad241da4cc19,True,False,1.0,0.5
0f44f2627e455894,True,False,1.0,0.5625
5c12008a67d02447,,,,
5524868086bd3808,,,,
a493152900821ab0,,,,
c5f88fb3619e3fba,,,,
3a5cf3ca84cd1e9e,,,,
0fad79d762376d84,,,,
06d3db7e62ba2b12,,,,
4c369317fd60dc3d,,,,
49e759c51357b1b8,,,,
8ba4aebb8293bf51,,,,
2281c6c2b38612da,,,,
a2d7b2a47d59bc17,,,,
d4d19b0b08f687fb,,,,
d695a5c3a56dd7b5,,,,
37a4b2a33e15189c,,,,
4e9ee36664b26bd8,,,,
3af86f385d99b43d,,,,
045853dee5098466,,,,
d76f9fb875ea312b,,,,
be012aafaa0ccc64,,,,
aebe00bfaae4f7e2,,,,
b4df7920da5983de,,,,
39989458a26fe129,,,,
b26deb42d8cf9d69,,,,
4aa5958a9165d73d,,,,
d8d59f0e0c0b871a,,,,
38c143a5114e5569,,,,
45f7e0b6dcef908d,True,False,1.0,0.0
8643b09ae88ead9c,,,,
983491bcdb609e8f,,,,
24fc9fbc82e7624e,,,,
242cd9453934c28c,,,,
a4e86bd021c12142,,,,
662d5adf0961700e,,,,
086d7a9ebf16ed19,,,,
804f3fa4bdeefd47,,,,
a295ce16370f9b09,,,,
6f9365fa0c3dabc6,,,,
997527b46d38edf9,,,,
9fd0806340cc842a,,,,
8cbf39dd45653565,,,,
d852f4c19edef23f,,,,
a174c5f8e10a2f4c,,,,
ff71add89f13db13,,,,
6696d8f71d1876f1,,,,
ec75819255482f27,,,,
2d2599ef45ee556c,,,,
c6c47ffbfb8e77e7,,,,
9f5ac7979a6f6d2e,,,,
85046c2bb325d98d,,,,
8919817238204325,,,,
defd24e4d8d36152,,,,
a7362a1c5fe46d52,,,,
a6c6f1a4f79828c9,,,,
89602920e5896646,,,,
8a04cb42b61ca360,,,,
923e953a393d8602,,,,
fb8b0f9ba023a311,,,,
585e0373884f9220,,,,
077c10c1322fc065,,,,
e2ae8dd210a46356,,,,
fded7c5bb4fab6b8,,,,
243d2c2355884ede,,,,
df34fc05d3ce6245,,,,
37d9e7ca2905b100,,,,
b69469a8e82a5ac2,,,,
f24594fdd6e3bd91,,,,
2f994444d35c6377,,,,
a47aa4ce4633479b,,,,
cb763f5e8ecf13be,,,,
f3bbe5dc6fd7d987,,,,
86da741fef5e4009,,,,
6b91710868523be2,,,,
c094c6d04111cfa5,,,,
29049fbd35f583ba,,,,
75777c45a276d1c5,,,,
b242b4d1b4707d9f,,,,
32a71e6f5a277785,,,,
92a05003fe14c1bc,,,,
7a41d13068e2fc02,,,,
21f62240292fcd41,,,,
cd060a437b71fc06,,,,
c0efb8638d87dd20,,,,
675a6d769e99d082,,,,
303048c94fc2a829,,,,
4c8cd4ad928fd703,,,,
30e7b138aedef352,,,,
3fe0c070cb9e9d64,,,,
9b098b16b32b01a7,,,,
1ddbc8762866bf00,,,,
52b11f53c548af0f,True,False,1.0,0.5
f4882fcff54fc3e4,True,False,1.0,0.5
9c0211bc7a3bc58b,,,,
2a80ab07cfa74a6c,,,,
60d47367517a5a62,True,False,1.0,0.5
65fc80a5d7996dd2,,,,
d74aab2199048a5c,,,,
1edb8606f19dd598,,,,
6fc1c9796bf10e7f,,,,
76c9145ccb39d937,,,,
706d5879aaf495e7,,,,
4758a47789716ded,,,,
47f6befc3e31c2f3,,,,
9cf97c5e3391cbe1,,,,
0b6331cfc3ac39bf,,,,
17e77a01c0a72009,,,,
4aaede4bd50562a9,,,,
9f5ccbf875959400,,,,
12c4dca050796b83,,,,
d37345f98588111f,,,,
79e57339d450b4f9,,,,
eceeec3fe300af22,,,,
314f8496bc813f42,,,,
da860a0157deea87,,,,
bc3038ec0914ce1c,,,,
732d5b682cb10b31,,,,
4ab48fedfe4d951c,,,,
66c12e846a3b1d8c,,,,
5ccbf730f50713bc,,,,
bea0a6ca4289c2f2,,,,
4ae70fe61a54ea38,,,,
4c794e56bab46f72,,,,
04ee90a67968da95,,,,
8c7df9dea017bd60,,,,
c3d01008c2109d0f,,,,
589bb9dd04b2f98a,,,,
6f2c716569f80e68,,,,
c7cd3b1fd1524f85,True,False,1.0,0.5
b5d9afaacce2901d,,,,
49fee1f9556005d2,,,,
fde91b50e51c4280,,,,
6073a18f1b8936c0,True,False,1.0,0.0
49b8cea23c92a610,,,,
f59329c97af7e835,,,,
011edfa015c1a803,,,,
875248ca7ffb073a,,,,
20e97aa68c992050,,,,
b89d1821974d0f4b,True,False,1.0,0.5
b2594fc2be5eea60,True,False,1.0,0.5
f4dcf62c12535cf0,,,,
aae6c8fb84da34e2,,,,
3d7d86832f2f8673,,,,
848b32b40c85ca68,,,,
7223899a4217a29c,,,,
eb58feffa6e7a0e3,,,,
32acbdd5ed5fc59b,,,,
f76360a8d55dd0e8,,,,
14a4f90baf4bb462,,,,
c516f9217343f31a,,,,
3d4cbbbd49721913,,,,
714cb7168f9b685c,,,,
f87c5cf12d8ccf70,,,,
cff8f3616caa168f,,,,
1a8b5f7e0e3255be,,,,
73c0b84d25d7ecfb,,,,
67db00532a5fd9a3,,,,
78b6305c5cd32373,,,,
bb0f618c34e7f151,,,,
02f3c38a82c1a7ff,,,,
652446d45df0e74f,,,,
a15debe6e7a71b24,,,,
9900dfba8b5ae6b3,,,,
5be0d026c3fec1a1,,,,
6092da25de256c73,,,,
e6df31472a2e0dd9,,,,
7539e1cbf85a3fbe,,,,
fd82fe6345e32957,,,,
317b4dd55fdd4251,,,,
1c52c435c061e072,,,,
bdcdf388dc0cdbbb,,,,
f0ddfe9b4c3dd1d4,,,,
664ae56badce58f2,,,,
a9f1882f49dcff9f,,,,
9c14cc9cefaf361e,,,,
067646d42b660520,,,,
d8095c7fa24c3e05,,,,
4cfd162da333a861,,,,
7247106b64333bf9,,,,
bd1490471dcff2a6,,,,
03ca25ba8f9a4f7c,,,,
c03e228c8435dd18,,,,
161b491399bc8fa1,,,,
539fc6c7ee7aeecd,,,,
79519436dc889fcd,,,,
70cb16758cd6eec5,,,,
198bf7b557fdabe4,,,,
fbeb9690ca7d46ba,,,,
8ed006eb6567d9e1,,,,
96829b494043cd08,,,,
2abe144ee617668e,,,,
b40c21e429e1bb4c,,,,
0786082fe91493f9,,,,
ff3dafeb012ceed4,,,,
238cb5e72ec004ee,,,,
ddfd7cf9a08eec86,,,,
4324ab998276c97b,,,,
51635eb67e1f4125,,,,
917baf93ca7625be,,,,
27c9146826a742fd,,,,
cdf417c864e02880,,,,
821e1eaae9c90ef4,,,,
8b8a9f97eac85cb5,,,,
5aec1e1e3b770931,,,,
68f560d0d53fdf55,,,,
d70bc6692bd3ec61,,,,
b18ff06558a6033a,,,,
7a76659a935808eb,,,,
bca5d1ff709300d6,,,,
6b7fbdff8ee9877a,,,,
568e7a1bcb1e6107,,,,
ce42be323015ab47,,,,
a0e7f7f08a93c816,,,,
933748470b354e11,,,,
61c24c96b71249a7,,,,
dac9b9856f9c19c9,,,,
85c5703259e46be0,,,,
6a105469a2719f2c,,,,
ad78fd20d40cac0c,,,,
6ad32dd96c5d8e1c,,,,
46700a0bf365e169,,,,
4b6b7d51742c7e5b,,,,
71eb471eace1d536,,,,
1253ea49a4b6fadc,,,,
f5c2019c53f05000,,,,
32809050ae38295a,,,,
d75c21095d7af8c6,,,,
1e2db11e85bd8dcf,,,,
a41037b2d482b57b,True,False,1.0,0.5
9d2c5de3fca02e17,True,False,1.0,0.5
1ed67705c01350e5,True,False,1.0,0.5
8e5d1ff2953544fe,True,False,1.0,0.5
477ed62913779ccb,True,False,1.0,0.5
d9311a7efdc3d2d1,True,False,1.0,0.5
e8990747b7970021,True,False,1.0,0.5
e43c9cd92d084e77,True,False,1.0,0.5
0c7005415549fe46,,,,
3dc0c549581091fc,True,False,1.0,0.0
908e5bd8178b138d,,,,
8f5411c3c4721364,,,,
d14adac79c0f2762,,,,
497cede9de1d9c59,True,False,1.0,0.0
32e5584e11de19a6,True,False,1.0,0.0
cd5004e510d67832,,,,
a9f1d45c43423763,,,,
766a48038c9bb14e,,,,
1820ec0d4926ebaf,True,False,1.0,0.0
0a70bbf15623abb6,,,,
ba4ceb9262b0ff95,,,,
80b69593962ddf03,,,,
64a7ae8e9ac44651,,,,
3b399ce1dc1197cd,,,,
5c5ebb0010803d2d,,,,
f940bd35f74d34ea,,,,
75e2ea849c4dd5cc,,,,
22b5be893b3cc493,,,,
f84412e0378691dd,,,,
7ad2922825bff1d6,,,,
ba8f06e7cbcb1ffe,,,,
c31806735d55142a,,,,
0e7a871225522af7,,,,
6ac80d0c2d693821,True,False,1.0,0.5
d495c0ff1555df21,,,,
bed3b6770ec15dcf,,,,
0e62c62dd806d0af,,,,
585d00c03c202c1e,,,,
b0dc9a85f4e721b2,,,,
ddfd50464bede49e,,,,
7c4b9ac480d8f8d8,,,,
e9f7ca862a2dacec,,,,
5ac0167f3b6ffea2,,,,
9d0894f7bd4b42e4,,,,
30bfab1145f3560a,,,,
5d688b9a23704d2a,,,,
9da0f54049cffbdc,,,,
f640216f611cd4df,,,,
7b00c442e0d37382,,,,
ae852ffec3d6cc34,,,,
9e9ce28d7c849555,,,,
8cc631f822ee7890,,,,
4d0da983cccacd5d,,,,
6830d38c1b09584a,,,,
fe94e6c017240f30,,,,
7bac992c6f3372c2,,,,
9fbf989c792f5351,,,,
109051fcf1cbcd6b,,,,
c9a2f8eaed0bc178,,,,
e3a76e56d53a525e,,,,
29ff9626ad2fcd88,,,,
20fa6c5fc2d4f294,,,,
eef320992c70220b,,,,
07784637efc2c48d,,,,
a714a024c39a6339,,,,
0cc403559beb4cea,,,,
5787e2141e62c58f,,,,
3128029e3a49d6b3,,,,
50f29ebca9cb6d25,,,,
b989eff0e68df972,,,,
f0d7e156cfee8c1a,,,,
ef3b15eb4c2275ad,,,,
13303e3aaf4cf456,,,,
c55d8646e947dec0,,,,
67387b50d4ee155b,,,,
a33c8c71493e576c,,,,
04d8e649ea8ab7a2,,,,
87255faadc97dabc,,,,
f6b5fbe5a12d8232,,,,
2dadf3f5b8c82140,,,,
00c6c1f23f220555,,,,
e2b36a9e407dded1,,,,
958396a5c807d436,,,,
dcc5d7d81edefcfc,,,,
8f1ad66d92c7b2e9,,,,
950dc71c5a13841b,,,,
527b02a374272ec2,,,,
46362e421c38ef21,,,,
5f27718ca82f9e5a,,,,
1e64360f971d19b8,,,,
53ee4067c241937a,,,,
a05a132949b342aa,,,,
a41c4ddbbd00201a,,,,
595452d3fcc67dfe,,,,
1647a6b3793c90fb,,,,
239be445ede0feb3,,,,
ec2cf32d7880ec70,,,,
9b0bd48367893ab4,,,,
974f7ea9a01625cc,,,,
66b0318f6b5dff9d,,,,
1f75e77bc7ad5778,,,,
a8b8a116cbf042a4,,,,
0dcdda9f4b7e0a4c,,,,
165fae37c2f2ce20,,,,
15fa6c61f5abafb2,,,,
7001ae64653eaf2d,,,,
531a1c33c50e7603,,,,
a7e62bc61b007606,,,,
bf77644ee09b1b9d,,,,
31245d9bf0d28ec2,,,,
2e860afa3648d620,,,,
605c14502cceb810,,,,
d286b217d4a56636,,,,
0452583c4cd73d76,,,,
2a631536cb19a01f,,,,
3ecbe68d200a0492,,,,
75d3c6482690c278,,,,
0b386413cb1b2f32,,,,
6913f1cb4888f554,,,,
62685babb08c73f5,,,,
38a93bfcb56fc1c5,,,,
4062f77bdb06ceb5,,,,
f60be659f6d423e4,,,,
c0655961f920149b,,,,
fa9090c015bb69ec,,,,
eb85ba7ccf762b2d,,,,
d5902d15bdffe594,True,False,1.0,0.5
dabe6be0e260b262,True,False,1.0,0.5
6c46f6fa690191ec,,,,
dde4060424449247,,,,
b6e004db5ca6e18f,,,,
45399172eb89c8ce,,,,
17fd8f6e7d1f6e36,,,,
1200f1000bb9af26,,,,
e9bc1036e7754d83,,,,
30b2ecc5df3a5d52,,,,
3d636376528da94f,,,,
252f2bd4b7cc519b,,,,
4fd50128385dd1b0,,,,
8547a0bb976c0896,,,,
f70906d1b58caa8d,,,,
aa6dc3d42e72c8e7,,,,
8bbc3a94dd20ecdb,,,,
c332ca3314819571,,,,
082602fab405b567,,,,
31328c81640a9ae2,,,,
9624bb4bdee8e213,,,,
5af5e46693b1dfbe,,,,
35d58f82a2ba9078,,,,
ac784f2247469c29,,,,
19450373e84cb0c4,,,,
774df3f72f10f626,,,,
6c20a2429f051dc4,,,,
8743d5cf1ab2c07b,,,,
103ba58efa97409f,,,,
5070c13d58b94205,,,,
da72008b6e3a86bc,,,,
c266420266a3bca5,,,,
17dd3eba0fdf5802,,,,
4140b77c8d32e647,,,,
ba3b797d24d04e3c,,,,
c4a6b61bc73726e3,,,,
599c8bad84ec3bfe,,,,
0da7cb839718a19a,,,,
a89f25335526d51e,,,,
befdb9c3cac7c3e9,,,,
fa248489b02b9460,,,,
0d5e3bcd352b5e44,,,,
70505a9dd9c0d2e8,,,,
ec0802d278737392,,,,
5cff1c126ff77c1b,,,,
0eb2d7440398a9ad,,,,
11d06fbd7a8bebf1,,,,
6aee6138df63cb31,True,False,1.0,0.5
ffcf7b7269b035e3,True,False,1.0,0.5
f790402ad996edb3,True,False,1.0,0.5
870cdc764fa66d02,True,False,1.0,0.5
b40924432389b51d,,,,
42bc4d982877810b,True,False,1.0,0.0
bf841b4ccf015c30,True,False,1.0,0.0
7f8955b8fd8e0c88,,,,
269c3e1b03a1f7d2,True,False,1.0,0.0
207a5f61e9059d20,,,,
2915e22ecc63614c,,,,
5f2fc9cfe3a38021,,,,
221c4f5dea408730,,,,
33d2053f266d470f,,,,
8fd39bf83e031de4,,,,
0ad329916fb41e53,,,,
bae669ad406967ba,,,,
5f360a257a1aea34,,,,
28e720efaf6ec2bd,,,,
cae0ccf9ec124662,,,,
851ae3313a51a069,,,,
e1d127ac10733af4,,,,
a4d618a0a280efd2,,,,
3fc1e4cbdf7fa201,,,,
3d44b924f9f33957,,,,
f1b8cb6d2836c9d1,,,,
8e60f40cfdc2530f,,,,
b1ba391e1f8ebcc3,,,,
88948eb8a0051233,,,,
0aac9dcb266f6ed8,,,,
fee36493730ac8b1,,,,
453cecd157fd6e14,,,,
260dae726e6c5b3a,,,,
75ed181df678d254,,,,
e8c433795cf8f917,,,,
613da8a77d3dbc13,,,,
d07b771a9aa77c4c,,,,
25cda09de99f076d,,,,
f8907bb225aa9129,,,,
88b2239af00767ad,,,,
1e0f0cdb0e1ecfe0,,,,
738e6e32426d5849,,,,
29d3448a48bf42e9,,,,
85337068c845a954,,,,
09b78a8f3feb3eb3,,,,
3f492eeb5889afa2,,,,
a61e294011154f30,,,,
92f088744b632fa3,,,,
5fe0f31e205075cf,,,,
52a11f2e4ffdcb4d,,,,
d7b78aaf1f4b49d6,,,,
11fd23cb609d046f,,,,
06f2857092b40367,,,,
5e92b03cdc739a48,,,,
e8ae3ff0c8afec7b,,,,
22698ffd4551e660,,,,
f5d77925a3daf88a,,,,
e797082ddb579fdc,,,,
891c688b496e73a6,,,,
eca561c95cf1d735,,,,
d0068a8cdecffd6c,,,,
6c56d73376106a54,,,,
cad7c3ad9b32df8c,,,,
7c1c4d8e5067832a,,,,
9bb292427c2b05f6,,,,
59af533dcf099e3d,,,,
c70494da013ae323,,,,
e73eb65a5d6e0409,,,,
6fd1503a8977f22b,,,,
fb4775cc1f44d3cc,,,,
e6b0e534e365d918,,,,
3e7fbd54456defa2,,,,
a3d5aa094d0d9ccd,,,,
c81404f1430af50f,,,,
b041eec4f4d22609,,,,
ddc91eb099693cb7,,,,
ec45df9153a67167,,,,
52d9afd0ccc122a4,,,,
400649da90c72775,,,,
767775f7fe716e0b,True,False,1.0,0.5
4d48200bee6563d5,,,,
0cad644a140c540a,,,,
b749869ba8a1ddaf,,,,
a517698f9ea40be4,,,,
8bd36a6fd7babe4c,,,,
96871b99d880f218,,,,
3bdf8eeace25c793,,,,
3b40b9f6c9d8d47b,,,,
23da3e01fce1e60c,,,,
87d88a4c38fde5e0,,,,
15802780e900dd17,,,,
b4ef43bfac0f2a3a,,,,
7020087345569ca1,,,,
5e1b0e60a1c4bd59,,,,
202b8269385151c5,,,,
7f103cac8f77fb68,,,,
cd2888079cae5fe4,,,,
d6303eb8a0812bdb,,,,
ba10f1d6b80eaae3,,,,
8abca8daf1e879be,,,,
6778d5fde7ed5d83,,,,
4110966b33a43c78,,,,
ffe8230db440013f,,,,
57cb041121065e3a,,,,
4a3d67986e41c86c,,,,
9fe88c3aaa93429f,,,,
247f0768d23983cf,,,,
a9264c1f29749d5c,,,,
26ba284f4fdbfb98,,,,
cb3fbf05d7802960,,,,
72466e3bbd2e7591,,,,
219e45fc280c274f,,,,
e4d78fb5bdc45d2d,,,,
594372bb89e9fcba,,,,
d4e3fb7633541b96,,,,
ef8678dc051c7d6e,,,,
04efb1ab0421007b,,,,
3ac8279412b2e1ca,,,,
19ff560dfb70312a,,,,
1672a487866f9b9f,,,,
7c59ca23ae922ac8,,,,
1e1fee143e2f7848,,,,
6352ea8ab731d9e7,,,,
11bc037d61c57dc3,True,False,1.0,0.5
1f0e08cccdd16102,,,,
2e725236c7ab342f,,,,
3c47a08ed6f219e1,,,,
8e14e684ce1cd29e,,,,
54b8abe2fe424a77,,,,
e92bd1d365987ba6,,,,
62952de02dbbf666,,,,
e4744bd6264eab4a,,,,
e7eebd209fc5ab8d,,,,
e1c777777a2ea0bd,,,,
10ad2dec4f7f3647,,,,
85b46cead8b2ef39,,,,
5dbe2b4cd99853c0,,,,
18408b4183f5f1e3,,,,
4036fc8919ed81ce,,,,
54f2b04d91a7110f,,,,
afa2df08dfb6a8f6,,,,
7988f92591152776,,,,
7294cd6de614b66c,,,,
e87a7799962a1cae,,,,
82b4efb0574877a6,,,,
7aea72c110cdb929,,,,
56826e7037ed8237,,,,
acf11a77092376ba,,,,
d0ba29292907a9e5,,,,
fb64a00d52fc2b03,,,,
69e893c3e3bcc711,,,,
d3ce24c0be3ac754,,,,
830e41d20b5d8432,,,,
b8a6a5b8b64ef019,,,,
4dc1406a41951f65,,,,
6ec851080d0c9635,,,,
6c783722cb0e92d2,,,,
06fee93f694e1b8d,,,,
d49053c757e30abf,,,,
0fc9549d91a40b3b,,,,
63ae46e44099b3f2,,,,
1918e589f69dfb7f,,,,
ff7797a91912482b,,,,
14b5995a98081ae0,,,,
7d84bbfd0f4de0a3,,,,
cd3c6ef05aa260e9,,,,
2314bc1719f4532b,,,,
84f823a50a5d0d9f,,,,
2e5b5ebb958e3e50,,,,
ee8988c4404eeca7,,,,
2aa9c1dcd6713e6a,,,,
6015788852e3dcaf,,,,
9aa88d89776f5b42,,,,
4deb3f35603f6c54,,,,
bfd5bb8fb3afc543,,,,
044ff3cb75493f26,,,,
a633d4169323ea02,,,,
e1c666d065b13748,,,,
395ec0e9615b63d9,,,,
42b5fc889a17c9a8,,,,
cef857a5752c0041,,,,
23c4e0438cea8067,,,,
1ed17f2738e60d87,,,,
d0dbc034b55d5cf3,,,,
2dc6acb2e3c569ae,,,,
1c016543b8ab7c7f,,,,
15d052fedd0d8751,,,,
f687244d5463ca77,,,,
ce47a93b57cdefeb,,,,
8b82f58517c41748,,,,
222b3210fc436fe3,,,,
0ab307f2cefce7c5,,,,
c02e989a560a89fc,,,,
2c8ca38170431d9d,,,,
3913688cd6e143a7,,,,
082cb94e7eda6b92,,,,
be7933be1c8f0ff4,,,,
1fbd6dffaecc6c43,,,,
e2bf8394cdf00323,,,,
2d0d918ffd983a99,,,,
e2f3ff90b4cdab72,,,,
0330a2ae3874613f,,,,
b86c65beeea165e7,,,,
6073e2fdecaf3a97,,,,
5ac61b581b540899,,,,
a95082a2672654d2,,,,
771284c3fccd7731,,,,
dcb9efae8063e238,,,,
feeb2418fedbd484,,,,
61c355dd79be57b8,,,,
a71d206bad86b591,,,,
86031c95724054a3,,,,
e05e6587b2c60ab2,,,,
9471c238531324c4,,,,
c9ce7a5f51b3b6cd,,,,
bf1d056e9398faf6,,,,
af2c422e0a83d284,,,,
2f032533aedfa5ae,,,,
1530251319aafbd8,,,,
1131c891b575ae16,,,,
b61e9abc8cb16e43,,,,
8f0b169c623a891b,,,,
eca298e14de483bd,,,,
98b1b94bcd66b394,,,,
80b59ed44482d8a7,,,,
5b1e722952574994,,,,
5ca318b50ecd4075,,,,
d532287647cd54e2,,,,
fde3c89a85f98102,,,,
be801c0f4888d4ef,,,,
c6628668c578799f,,,,
7362f2d130f894aa,,,,
d1a0ce0669ab32ce,,,,
dd724041ba859e67,,,,
d1e70871fa575da9,,,,
30113ca9d9b5dde8,,,,
685a2dfbcbeec258,,,,
95e0fe86c5d0cd7b,,,,
1e6945f5af1981ef,,,,
63fc4d1ab3cd697e,,,,
ba92a6bdcf9d83b9,,,,
f479e5bd2f415a6e,,,,
003562b77490fc71,,,,
aa86d049f72ae3ea,,,,
7921c791dff4e584,,,,
c79f14a8b0a19379,True,False,1.0,0.5
07328633e416da56,True,False,1.0,0.5
03a9ed233637e19f,True,False,1.0,0.5
febbbb49a55775b1,True,False,1.0,0.5
10bdee53aa369ba4,,,,
0356a9da0dcc119c,,,,
169e5cbfbf3fa914,,,,
846ef1821a8f7ee0,,,,
8114c9087ba4822d,,,,
94a8b2f4f7d3866f,,,,
b90157433abcaf93,,,,
68a8c33c5c646c52,,,,
6c290e506a3ec68b,,,,
152c889bc2041c83,,,,
4a9a130ca2eecb4a,,,,
74f850bc11a43dfc,,,,
3d7569cd3ee03698,,,,
858f087bb1eb54d1,,,,
17794f4b1a037df7,,,,
a230fb5061036b3c,,,,
736a07e0868b8b99,,,,
a568795cc4218c1e,,,,
31705538fd28fc4a,,,,
b8eeaccd40c8d5fe,,,,
654f411cdcde0cb3,,,,
246374fe65f8f2be,,,,
7a5d392f0c2977ce,,,,
9fa361154efef6a2,,,,
f6d052ebbe2f19d2,,,,
ca53768e029362ae,,,,
f39b5068d67ff34e,,,,
1348f3b706306d87,,,,
2b74a02d40fb28c6,,,,
52c6be0e4761aa68,,,,
285bf97a14380166,,,,
1d131d8f0cd144e7,,,,
9e788cca9564d8a3,,,,
c8a251b40f64ca4c,,,,
34e6ad26aafd60eb,,,,
0564b6f4c242f262,,,,
d1f948e74b55827d,,,,
791a1545d8b7d4d7,,,,
6f091855e71119fe,,,,
8fa7607265b0ebf5,,,,
97d865ae051c2539,,,,
fc121d0e856f5878,,,,
5885f95a35f1f684,,,,
21dd03fa96bbda50,,,,
59121db2735fb513,,,,
98e3a564a415e8a0,,,,
7faf03c42ecc0002,,,,
6578173414132ead,,,,
bfaf99ac4bbd6b39,,,,
0c47a3670364ea76,,,,
4ebceec43858e35a,,,,
3b5941b438a243c9,,,,
ffd10871153898aa,,,,
7eeda7e5645c3326,,,,
71bdeb92a1b05b48,,,,
7349f65f9aae306d,,,,
87f84c92a05b5d87,,,,
c36e29a2c230a4fe,,,,
01e3558eb9dd0fc7,,,,
46b7f087e72d512d,,,,
d953c071cdaedd46,,,,
9c312a1b3ce4328b,,,,
35a53e1177687aad,,,,
cbe2b70193547ed9,,,,
a936f51cd3734092,,,,
1bd2a2e243352b20,,,,
fdb99546809b83c1,,,,
8f14f908df0b1de9,,,,
e5a0ad3254c717cc,,,,
e40e71c235af382b,,,,
c4b5a56f5a150ae1,,,,
1d1e5bfab2d0d1cf,,,,
18d6c2126d8fc802,,,,
f0c5cd94781a7285,,,,
d181f75ebe5e4b7c,,,,
5e63393a60d7910b,,,,
19bfdf1a8e5fb7de,,,,
04e5e59180bc97f8,,,,
f847a9bf0afe55d0,,,,
597e9395fcb2fa17,,,,
b49904b71f95fee9,,,,
336bae8dccea60dd,,,,
0aceb0e555fd8aba,,,,
880bb65207b4732f,,,,
8414cec9327e0a9b,,,,
7de00cd9f13d49f2,,,,
5cb497da1c0283e6,,,,
d8a45b3bf4844ef9,,,,
93f35b40038647db,,,,
49678b1ce661b2cf,,,,
986f1f01824fcc6b,,,,
2d7358e45ab71b04,,,,
f480f69eaf8d25d9,,,,
949f6dfda7911dd0,,,,
d8bf2acf46fee51e,,,,
aa95af0b5dd54a87,,,,
7985f06dc67b9310,,,,
b7ba7d4aa4716451,,,,
04301b2f2ee257f0,,,,
2d95259b019e49b7,,,,
f60ae0363d138cfe,,,,
40d7a59e5cef2bbb,,,,
18d58f2724c70dfc,,,,
83d5b6d1b8d47921,,,,
8b67b455e39ea89e,,,,
5192fe1df944e8ea,,,,
3f74faba04c6db5f,,,,
27687b64b5a94756,,,,
594be1586446b378,,,,
2436b94f87206220,,,,
041c032a34cef05b,,,,
4753ce53f647408f,,,,
6d2104e5e286ccc9,,,,
923ed0c29d1950bd,,,,
1722d5ad0a4b4eed,,,,
f6aa5810bbe0b0d7,,,,
82b02cd0cf03897f,,,,
4e6885c4f7c078f7,,,,
954d6be8b05ae6df,,,,
4f9f0f016f2fe7a5,,,,
63ef3b9b5ad69995,,,,
e3290e2a976433e6,,,,
1da80f273c15327f,,,,
3b95e49d4becb13d,,,,
9bc2379f619bde9a,,,,
f903152e2b1c0c0f,,,,
d7da07f61e288ed3,,,,
bf23467523d9043f,,,,
180ba6f8b7ed2b24,,,,
038525d48b95067d,,,,
2b387bae148b5b1a,True,False,1.0,0.5
c3cb20392b0b99fb,True,False,1.0,0.5
78d6e19286583d34,True,False,1.0,0.5
b8112efe346c2103,True,False,1.0,0.5
adb9b6d84b068900,True,False,1.0,0.0
2a9e704d1890b390,,,,
08ae699d954c689d,True,False,1.0,0.0
37ae4d56d0e6893d,,,,
436223c34728e6a5,,,,
b9d28961df3ac65d,,,,
7d2b8c15aca1e519,,,,
dfa9a995cd5ff1f8,,,,
d170f87460dcb312,,,,
f53b0f032f11446e,,,,
cee76102d37dc081,,,,
b830f615ae161f9e,,,,
956708a25ca91baf,,,,
efecb0d4780843a2,,,,
07bc83724dd01c77,,,,
1fc96ccfb728dcc0,,,,
03481765ee023f4d,,,,
f49c64b0a7868aca,,,,
49e91b51722a765e,,,,
48fff5b1aaa737fc,,,,
4ecb65b89d12cb94,,,,
b0dc471544268571,,,,
edec5159ac3f7c2f,,,,
b921422d22028755,,,,
bd259ca5425a80e5,,,,
7f15d2e65ff9b858,,,,
9de2480c967e835b,,,,
a9bdece565db739c,,,,
c39be71f9a23797a,,,,
f03ba99a5ec3c05e,,,,
c37d3787377c1b6d,,,,
7dd8567be066cf70,,,,
0f21c431f1eb3585,,,,
880bd5e476f45d20,,,,
9050e3aaac9282be,,,,
6ed6ca2f3e54c534,,,,
620c5ac439e15194,,,,
31406525bd1c0179,,,,
188a55f9ddea47dd,,,,
a6cde5ef19bfeb53,,,,
d6a0366fc16ef525,,,,
aface05f874eed6d,,,,
c83b9424940410af,,,,
2129c4fae127f93b,,,,
fecac9f48144a62d,,,,
c29cf7a0e3184aa7,,,,
8c6e15afddf362fc,,,,
62e8d83e83a79eaa,,,,
4db0c90fdf0acb73,True,False,1.0,0.5
56fb872112996a6a,True,False,1.0,0.5
41952c1f4b4847e4,True,False,1.0,0.0
4d029ba7a2042a21,,,,
face083a8e67a186,,,,
5694ef992ad43f0d,,,,
974687b77e1f574a,,,,
d9453bfac1b4879f,,,,
747b7bfe9b07c22b,,,,
9816deab78d67426,,,,
a06183b71252bb11,,,,
6b1253e3e71e4f50,,,,
83edaeb58de147be,,,,
6e1f322c767d0f99,,,,
274c76779e172b82,,,,
eb8839a26ef22474,,,,
8157e9cd219d731e,,,,
ab3870922f71668f,,,,
66e7aa81e5c390a6,,,,
24673709580fb0d8,,,,
4cccc3024df6f357,,,,
7c441fa3aa012497,,,,
a736768ccf112ea4,,,,
ad1f5015557d0551,,,,
5a4cc7c6831a3381,,,,
b6c6194ebea7a582,,,,
81e1b5299f1c2be4,,,,
83036cd30b233c31,,,,
5c31113a58b2a6dc,,,,
092b47c5402bc24b,,,,
aad4ff68edef9938,,,,
51072c878db27b17,,,,
bb63ff2e341bfcbf,,,,
402f8fba11caecc5,,,,
a65ab49fb23bafbc,,,,
1f41401fee5cf154,,,,
03e8a9e9469474f2,,,,
9bc2c03f82608c8e,,,,
ec54c3f5a2a9cd01,,,,
4d831d09cf49549e,,,,
7df475de990969b1,,,,
9a329ea24065d3c7,,,,
cf16babf396cee5c,,,,
abcc8f9e38cd6cc0,,,,
023d43292e0f2dd5,,,,
3b324da8803bcb9a,,,,
14b5464d618b7780,True,False,1.0,0.5
cc78428b84f9c77d,True,False,1.0,0.5
f34794341f27b3e9,True,False,1.0,0.0
c58971ed018679bc,True,False,1.0,0.0
7dbbc20741692dfc,,,,
72d862260255d035,,,,
b17f1c851687cfa4,,,,
5e71883c95f87942,,,,
da39160de0747e54,,,,
9df9b59030c96dee,,,,
6b1963605aac90cb,,,,
250a2e4980559229,,,,
7bf322b315a6c456,,,,
7f3b6f914504dd15,,,,
7cf7abc9157ad5cd,,,,
ec367b04b236f701,,,,
4306637eea6ecd5b,,,,
4294c254c27cfbf1,,,,
0afe050c2edd1437,,,,
35ae83a08d529242,,,,
e797375d45e05a6d,,,,
5f2bc732f1a82fbc,,,,
6df720d6ccc25b63,,,,
e2f3fd783a37e3e8,,,,
785193cc9bed42cd,,,,
350c61f50bfc6e01,,,,
93afebe4e70b1c32,,,,
ba8ba2bfa2183b5d,,,,
9c4385497ff21ea3,,,,
1044ce49e8ba315a,,,,
107150148a5d4c4a,,,,
fd3f7cc716e4e4bb,,,,
191691e2606c0599,,,,
1bc17b92ae414919,,,,
7824e4b39bdf0e34,,,,
9bf24628bef1d75c,,,,
e5096170cafc74ae,,,,
fc0245c6f697c982,,,,
95173766365a61d8,,,,
1455c599bf452012,,,,
51f5407caad8ec9d,,,,
301db59a77e94407,,,,
46e13cd8581eb196,,,,
f4dfcf3de3002b5c,,,,
5cea3cb9e53d1a97,,,,
7032ef74381312a0,,,,
f79befa06d9fe04a,,,,
2339bb2d8aa37448,,,,
acfe45300971334b,,,,
3d2320ca528adeb4,,,,
28ad0e98226b7d2c,,,,
695a40060e791ab4,,,,
f7b538c8ed3fc878,,,,
2364a32ad3869d8f,,,,
2e6b62c2b6b337b9,,,,
32809febe0ea0c36,,,,
86d9262e7f2dc0a3,,,,
9e363bef714c4d8f,,,,
ecb4fbee14285b19,,,,
477ad60e401fbdad,,,,
77e6a45b87c5417e,,,,
0b8d799b2779ee02,,,,
8bdd01161c35857c,,,,
2a19f670c82d21d6,,,,
3bb9866b56fa4f61,,,,
b8dfbd8bacf2f69f,,,,
fb4e1c4b0e06cf9a,,,,
118e54463ee7b54e,,,,
d65a2325e3d84a02,,,,
a43299ae076ce925,,,,
fa99afc3449fb3e2,,,,
dac8c8fa0b819bfe,,,,
d80fa4c37fe679af,,,,
4b880fa7e8421d1d,,,,
b7816f64717c708d,,,,
03725dc654e1b7df,,,,
915cd414a6677124,,,,
f51b7ddac570de73,,,,
39332b8b2873b3b7,,,,
96ce7f36c25dc699,,,,
1538955e8360b690,,,,
6fcede4d12f72dd9,,,,
c5e706306cb0d50f,,,,
4ee37c33fad7f780,,,,
9cf7dbf9031a6e73,,,,
955f1cbf5b2c28b8,,,,
34c9bf73d8b71c32,,,,
5bbe9ef7e0060bd8,,,,
c456d80079174a72,,,,
ede36e9a4b0fe172,,,,
4448490c1e203ac8,,,,
4afd55084a69942f,,,,
453caed3274ea14f,True,False,1.0,0.5
798b2ed079e9f58f,,,,
2b45772c418f98d0,True,False,1.0,0.5
3942568ebd5eb8db,True,False,2.0,0.625
254866c58ce013eb,True,False,1.0,0.5
058d97636f98d401,,,,
00a13ad5e53b8c27,True,False,1.0,0.0
8cf53ee092449235,,,,
f7bd833145de6265,,,,
0add9d3aa4f2488c,True,False,2.0,0.25
e1a99efc512ceb1b,,,,
6b3fb10d8c9da891,,,,
c7535bf78d55f650,,,,
9e8794f89f1050eb,,,,
fb71e741dcf76a4f,,,,
90cce62b4df50ca9,,,,
758739a62b1bfb8b,,,,
8d1e70d2bafef69c,,,,
1cede9af8545bd84,,,,
395c60ca597bc2a3,,,,
ebaebbf43ee5ea84,,,,
97e61cde7c80472a,,,,
8e87d7c04a8b8d6c,,,,
2b7c017a4dd6c507,,,,
7d59b411e7b18b59,,,,
918439fe9ba6a879,,,,
934bfb1acac9185d,,,,
c9ac7dae7e8a3038,,,,
b9e155e58fe3690f,,,,
fdb8b48672c62fd8,,,,
52f9d45238431afe,,,,
a25017221df1da82,,,,
ce458560316afcfb,,,,
28697b36d8f1783c,,,,
be93f77ac8c5fa94,,,,
d55c8d3941c92508,,,,
3828ab5aa63e0271,,,,
3236b3b819af704b,,,,
cda86d60026ab8a9,,,,
978e5e97906a15a6,,,,
185f0ddd0c72733f,,,,
b07d68203c4a8f09,,,,
9621780eece6a178,,,,
ffb9232972ebb1b5,,,,
17c7a53933bf972c,,,,
3ce0ba105f2a1e96,,,,
33b6f07e3889371f,,,,
f3671477dae2fb47,,,,
3392722d062cc639,,,,
44745e90c919afd9,,,,
5f768b90acfcdae3,,,,
fd18a62e408d9b63,,,,
d2f99e69d07a4f2f,,,,
5aac5eb1cab33b23,,,,
3d7334e802ca7157,,,,
cc0670e160cfa780,,,,
0e13d6fac60fda73,,,,
781d2745ae3ac70f,,,,
a30b0139e20283ef,,,,
a212faae61fb8474,,,,
9ca48620964b2d97,,,,
9edd13b537511f16,,,,
5af0cd9f35d75165,,,,
ddc61d450e12a5e5,,,,
b21d86a3d261d59a,,,,
762cbf0830dec8cb,,,,
470bb74b27002309,,,,
8a01dae91e2b73c9,,,,
b513fa16eb4b7c2e,,,,
f07c3e1901cd1109,,,,
7efef04e4eff8db0,,,,
6a01d2c8b2e7c348,,,,
037f6c53e424a1b1,,,,
97b0a6a81add9571,,,,
472901b13c8e5e47,,,,
61b33f7eaee4ea89,,,,
3e42f0a08bff8633,,,,
e83072f42c929106,,,,
4126823575c5443d,,,,
103f3e85973c3d2c,,,,
dea02718d481234e,,,,
6247570a1d9231e7,,,,
a724b344b0ad45c1,,,,
d28b34bc2f201ca3,,,,
15ce40806a858b9a,,,,
2ac7cfa2a62b83a9,,,,
e5a50b403e06bcf5,,,,
f5c618ad20269f5c,,,,
d69c2fff45d2abba,,,,
a31438ed1f856683,,,,
420754e6f8d31d3c,,,,
50ccd080b80f100a,,,,
e045970726166f8f,,,,
be7f1e2acd9cca77,,,,
ecdac39c883ece37,,,,
fe369e50d2f720bc,,,,
65653105f3e3aa15,,,,
1e34fa45d910a978,,,,
2a4e1c359b26e55b,,,,
355ba9d03cd6da7d,,,,
bd52852b56a159df,,,,
03abff3e69b6f1a8,,,,
17923a8dc49390d6,,,,
ce0f3a4c26251be6,,,,
b37699931eb67266,,,,
5a6541722a57e07f,,,,
f041d5a1edf26f07,,,,
3f65a0d4fcbee9af,,,,
1c24453d015e6a09,,,,
db8580325358fc36,,,,
55056591c4db1cec,,,,
5226b9745f9ff42b,,,,
5142b0709106cdf2,,,,
4535713a5dba6caa,,,,
e342b6ef90effe69,,,,
fc1522a532418983,,,,
c7b7c3a092e3ac7a,,,,
7a6befc1278324b9,,,,
58a46729708af0c1,,,,
0149eca13d7499c1,,,,
da1a9933e37cba96,,,,
a4523bb150d24871,,,,
1fb5ab8326f5f452,,,,
02efd57e740bd7b1,,,,
e2d6fb63aeb06357,,,,
6b100a694003befc,,,,
0bd27d868a6d4ea5,,,,
eba47a2f32d42077,,,,
1215ab13d91d9eb7,,,,
5fb1c548018fa576,,,,
c19bdcc67998b958,,,,
dddb33392ae4ef1f,,,,
7ffd89db4dc60093,,,,
94d871139e12799e,,,,
dfdf0af849406189,,,,
bd4336bd805a516c,,,,
2a89c95d1e6d762f,,,,
9bab69530d7bda67,,,,
dec27212014b0558,,,,
8067aa19a07aabf4,,,,
6cf79037c6f99da2,,,,
5b66869de5aad416,,,,
941b76af4a9ec941,,,,
c8ed163e6230c0d6,,,,
f9c193dbb7c9e747,,,,
00186498daf711e5,,,,
1a26454374662d80,,,,
29258b4c47405797,,,,
f0129f1617bbdcb8,,,,
2417bcd8e2350c6e,,,,
3f7f39929f5c3b16,,,,
d0b93994ea429572,,,,
49f576df3bd859fc,,,,
c4c25fd106c80fa7,,,,
0d512d37b95b2bf6,,,,
fc5326f4c835f7e7,,,,
1dd30c6666babb78,,,,
3d87136446032c81,,,,
1d81b10a3ee7e88d,,,,
50ba8a579fb96850,,,,
a2cec13722a39abe,,,,
ae6ae0d6794e1296,,,,
ed30c3e887261027,,,,
406c53305a0dc7d6,,,,
66bc00ce0b48d096,,,,
7d37304c64aaacaf,,,,
6efb658f39ae480b,,,,
930fff3a591b1848,,,,
2d8666d0a43973c7,,,,
3b11e16ccdca7a16,,,,
3b4745c527e93abb,,,,
5dae31b37413a96f,,,,
3470771a9644a962,,,,
ba7e3969fd742069,,,,
e5b264840af7d943,,,,
637629121efabc70,True,False,1.0,0.5
c5fe3b60eff55d2f,,,,
ee4ec40bae342133,,,,
e49856fc9fe44b1f,,,,
4e3f60f2b10c9b15,,,,
4561e168827ec806,,,,
70b07cd2525aa7b2,,,,
39c3eb993a929e39,,,,
26cad50f0ac31970,,,,
cd0ebd6740081093,,,,
7eba6e2af3823bed,,,,
35824b15f850574e,,,,
421ea5fb795d3138,,,,
ecc69d9a132dca62,,,,
ff99a05bb67e9560,,,,
141e39f0d4278c18,,,,
6b3d78c2a48abed3,,,,
20e35be9da9f3b6e,,,,
6f109c239b8c2044,,,,
ce734da79ca776ba,,,,
9a0bad826b54b131,,,,
566f413608651cc4,,,,
f89309ed0823b0a7,,,,
9ae0dd5b24fa8dd6,,,,
32d942ebd2c26b19,,,,
ac05820ff684ac0a,,,,
c1c417080fdf1d54,,,,
efae9de8889522c1,,,,
fd063f881982f9a4,,,,
0c1a70bbb38b2434,,,,
5798307ca81f109f,,,,
da39b75a4360ba06,,,,
67a5045fce7949ee,,,,
7e9883e1bf57cca9,,,,
34bec5cb41a40431,,,,
2816302adc980368,,,,
07a3197657356bbf,,,,
790bec9875ed878f,,,,
631c5dd13518508c,,,,
a25607977ca4173c,,,,
868e8d8d6ffc56be,,,,
3955518490e0d931,,,,
380333934065f2ef,,,,
6e6c14560f242d2d,,,,
82d75ba63a8ceeed,,,,
9635ee757644f81a,,,,
5c08ee3e00f8255e,,,,
a6d53120cbacbee0,,,,
23a9486d4e91ee0f,,,,
703befe0ea6ac58f,,,,
f4fc81bf48a25219,,,,
637f691e0f83cd02,,,,
134d8d6ca3290086,,,,
a4b1a6f16a762522,,,,
95ff61c4b3e9a959,,,,
0f0c07bc714856c5,,,,
481c9a535af803f7,,,,
c4c0ff970eed20c8,,,,
75872218e7ffbb96,,,,
781c72eb8ad45fd7,,,,
76f38d1c9d346350,,,,
b36ea7fa1ec0c68c,,,,
b4003599fcd78823,,,,
14562e12b6318a99,,,,
571e2aeddff94663,,,,
fb2fe248e68e2f85,,,,
f0501ba84bf61a8f,,,,
37d39439b6e66805,,,,
e4c40f7f6e29c169,,,,
23236e0d077def49,,,,
d9444df917f505ef,,,,
ea0a36267ba77772,,,,
c6b8cb1b3cf54da9,,,,
a18814487e1037d7,,,,
0f833c4023aaeec1,,,,
423f194292ffadf0,,,,
7a136f367a80f59f,,,,
c99886425e99931f,,,,
3ce0e922a36a83f5,,,,
359f3423f93c2320,,,,
828a7d3a00698446,,,,
d63c172edca02c08,,,,
adf79dd22d3c49a5,,,,
418b05a585011e06,,,,
177664d4fca8028d,,,,
a59caf0de67d204f,,,,
b2d4a1b59b416189,,,,
2601502c4867c197,,,,
13b004439daf3508,,,,
632837649fc832db,,,,
611f88760ef820be,,,,
909f6bcca5fd7db0,,,,
6653a69560dcf078,,,,
359fea3c129a7cfe,,,,
304b40f0883fb74b,,,,
39fca43a4e009d13,True,False,1.0,0.5
4e1515d1c308893c,True,False,1.0,0.5
6d9a10788e7333ba,,,,
92ce8c7bcb269148,True,False,1.0,0.0
ed605a98e4fb63b2,,,,
cdc7c6604c6b189d,,,,
e92deff40ed6bdc7,,,,
134f66e667cc522c,,,,
5535cdc4cfffbde3,,,,
d40f499f79985b2d,,,,
ddd195d4a9182c5e,,,,
f925cb05c9d16bd1,,,,
f86408be0eba42d4,,,,
e8a35deaaadb2d9e,,,,
afb5541bb0dc794c,,,,
88bcda509d9a4b7b,,,,
0d6894f1356f1cb9,,,,
dc2f2c5b8207c000,,,,
a65b1d4e0db634cd,,,,
8fcc5d1ecfe90343,,,,
e18ad5f1eb366d17,,,,
e382f41dfe52a1fe,,,,
c8bc0b433e116b6f,,,,
94d95c6bdb283183,,,,
ffdbdb2c8a5799cc,,,,
ec4f9c5f4759b3fb,,,,
bdc40a0ecbb1b298,,,,
452f1bf5c9fe5a79,,,,
f97ce4cdda230d56,,,,
7bd064291c0297ea,,,,
a60f9f5dcfe4392f,,,,
7372e591a4302522,,,,
4bb3facfe64f11c0,,,,
31e53de4e32989e4,,,,
9662493324690771,,,,
210ad17b6050c242,,,,
260045794d485920,,,,
b6f0d6e24335b42f,,,,
b805c581d8b02e0b,,,,
6af1c6a5000322ab,,,,
a0067066c409e91d,,,,
1d1da96b4d3eeddc,,,,
c50da38539aa68e9,,,,
472d31ea6e17f981,,,,
a5c33a49e6c2e789,,,,
2a483754c970dc98,,,,
1d59a517bdf6435c,,,,
e789ad61e85b7628,,,,
2d9a043dedcee4e0,,,,
068d5d1b056dfc7e,,,,
5661750d100768a7,,,,
7eeecaf702371785,,,,
38d3f11000f82f76,True,False,1.0,0.5
8f3ce392337718aa,,,,
bed5a43bfbc9773c,,,,
ffd6b147208ec840,,,,
01433013fda7e826,,,,
a34d8b3209d17fe2,,,,
9a83785a20f7d1a8,,,,
8ad2f712d58ff710,,,,
2bed535433ead107,,,,
9dde8bf7adfb2758,,,,
52515a3023c76284,,,,
aa63a94864cd54c0,,,,
cefa9ce4371efdad,,,,
e022a4080dbd2519,,,,
0f687b04c0462577,,,,
d1bc21e9d83b730a,,,,
fea401d737d27d3e,,,,
d3a7de3319a82281,,,,
e90ab26f0fbdebe9,,,,
dac9d587a9fa8cbb,,,,
6f1ddf9acd86631e,,,,
1c41ede532f6a9d2,,,,
55845a1d5492e280,,,,
64b58c7df3bbe080,,,,
24be1aaa5621fd29,,,,
59f227f9338f3d70,,,,
d9ea3429393f119a,,,,
94b80aea8beab66a,,,,
869253209e020c1f,,,,
7447beb4f5253d37,,,,
67ed83c66e21d394,,,,
9ebda3f0c2c8ccae,,,,
e9205d99c4af887b,,,,
79d87048003d5c60,,,,
e35e81a4f947298c,,,,
c3ea3f42ca171d7f,,,,
b5bd8d2b33a53546,,,,
8d40c35fa0d4b833,,,,
198a08d9927afa2e,,,,
ddd9e3624b33c364,,,,
e004239d853f57ac,,,,
97990add79c55fb4,,,,
ab6bcf24498b3ec3,,,,
3dbb513ccbc49c24,,,,
58a096bbcca3da85,,,,
f7fd68b68229ed6c,,,,
d8556dcf277e9951,,,,
0655f3d1bae71dda,,,,
0354d2b7b3bb88e8,,,,
55c090d3db5aa4d0,,,,
1cb40e1dee441473,,,,
19e0fb63bf4f37b2,,,,
7b9536f59e5e76d3,,,,
eeaa10eb1da2235d,,,,
d5c38421d6dc045f,,,,
99a1cf19bb40813c,,,,
bd2b29b0ff85e393,,,,
fc17713bafb93f4f,,,,
0777a09f651c3e3a,,,,
16d647023a59598c,,,,
55e69e027618324a,,,,
c21fdd87402dcf3f,,,,
3ef5008d74adf585,,,,
38fae7afd95647ca,,,,
183278abc0137c4c,,,,
2012b9b159ca3b73,,,,
7cc5b6f644fca8aa,,,,
cbb216f54160c06d,,,,
733d9532cb446af8,,,,
81051e4d675b5380,,,,
2d6a5212e5f371be,,,,
1a4e2841584fb4c0,,,,
8c1a187678cbc785,,,,
d794cc0d068b932f,,,,
7b6611f4c67aed62,,,,
9d224e5fe5993433,,,,
2a9cc9d277e710cc,,,,
0fa7c2a750e36b0f,,,,
7e3df468e9f1729b,,,,
68ba174eb1237cf0,,,,
5b299236baba3e60,,,,
152aa0567146f02c,,,,
4af1e1124058ce33,,,,
6a200c7e23189440,,,,
cac25c54ffea65ff,,,,
67ae6280a92e3aed,,,,
d72a88a4e9ede0be,,,,
c42aa29543609002,,,,
c905c75237219689,,,,
f3ddda7bba8be35f,,,,
11688f50f7aec409,,,,
105f60c8099d5b91,,,,
7ce9bcb9120bf9d7,True,False,1.0,0.5
134fa369e30742b0,,,,
8fcea0d6f6b40877,,,,
9bb518f695834a97,,,,
fc2e95e3beda24f9,,,,
3721f790474a7376,,,,
0fd2ecdb5b763082,True,False,1.0,0.0
a3422f77c6a11838,,,,
b1309d139b91731f,,,,
a9c7172ffb8efe25,,,,
d9e022cae059924b,,,,
e80d90b0b6befe05,,,,
6318d17884c791f8,,,,
0d085540a6cf2d29,,,,
ad957c1a578a26bd,,,,
4c55cff4fc9d4316,,,,
c92e4069dd69aeb3,,,,
2a62cea7030ead66,,,,
e7fb4f38cdee17b9,,,,
a910dc219fafe868,,,,
63caf2e0d8da51e6,,,,
1dc064a93a06e4fe,,,,
ae113bf84a2cfcbe,,,,
9985b9509603e052,,,,
c1192e955a13e47b,,,,
fce996b361140b8f,,,,
2fff18a3c01999db,,,,
9f643ad2b3c70d1e,,,,
35cb904f993cb25b,,,,
515d23b5a53dac2a,,,,
5d263a4d1024b9aa,,,,
0bb990ce6ff01c1d,,,,
82e9bfd6c866213e,,,,
f89e8697e44a42f7,,,,
960cbc6eb188ecfc,,,,
fd3030e750e0b2f0,,,,
16812d7f2565a737,,,,
f4655581829df921,,,,
b305571254b490c3,,,,
e24a0ab40b522e40,,,,
feadd4ff6ff53628,,,,
7d62d0402c507c8c,,,,
47d6e672673415a7,,,,
b7bf19b885797582,,,,
348123d1810fd53b,,,,
f402ebc8fda5b200,,,,
ea3f3f3bb186305b,,,,
b43697adbbfdc157,,,,
23729a1f3861785d,,,,
411b9630a823de87,,,,
b0ec460c074df33f,,,,
100239893d4e5a45,,,,
292a8efd23b1e712,,,,
1b423a5fbe7e5d65,,,,
9e54924a86f4839e,,,,
50c41b1456e0c2e2,,,,
f49c129811d09f68,,,,
4cd24f37f6481d60,,,,
08cb0f52e0b14217,,,,
477bbce96e392474,,,,
cce360efbd5ffbfc,,,,
9e7fe131ad88d1bf,,,,
0f46d76b632c77ce,,,,
f5a06e9f796367f8,,,,
00e74d8aea1ad2e1,,,,
85dedf73e0c44506,,,,
a915ecce997136e2,,,,
a3e5a9add2028b9c,,,,
3fb6d18ed5943df2,,,,
4ceec007da0679e4,,,,
94d5237085bfda18,,,,
334bacb47a307b5b,,,,
e33e5e6345dca44a,,,,
93eb273dd42b0222,,,,
418ec366f9286a6b,,,,
abcc0113a4813a59,,,,
a7ca2c55247c667f,,,,
a8a54749235e2114,,,,
1ef3299ee76c6ef8,,,,
11553826b684ece7,,,,
fb99a2b5ecb61782,,,,
281e8d9a0a7c53da,,,,
4c11414e845463fb,,,,
7b3e8fc09ac83ad2,,,,
201f7dff0211bbd5,,,,
9a34b24908a2e282,True,False,1.0,0.5
c0310f827190f8ca,True,False,1.0,0.5
050088987e60dfbf,True,False,1.0,0.5
e64195ed6981922a,,,,
eebf3d32cdf7f462,,,,
f691be5608bcc260,,,,
d0c64927e720490d,,,,
dc1cf62e6e94708a,True,False,1.0,0.0
bf6cbe15411a3e81,True,False,1.0,0.0
491ca18b0b67a4d0,True,False,1.0,0.0
a85f8bfe5527d5d0,,,,
7e351dd752b0fcca,,,,
7d9ad8559391bfc4,,,,
e27f61860c619608,,,,
f5017b0d85e45eea,,,,
cf46ba6fb756b9bd,,,,
95228d326abace58,,,,
cd44c3203e22b312,,,,
7dae4cf16276468a,,,,
e60dfb2c125b9cdc,,,,
99ea291faa7f3231,,,,
203131bd21980fe9,,,,
834e4cbf2e3fd28b,,,,
c4aa6e15eabc8af8,,,,
98cdccc537fbffc2,,,,
3bd861ce8e193c47,,,,
96cc964cfe036771,,,,
ae4a2dd8c64884a1,,,,
73a4bdb8b7123d76,,,,
489a749f3aa258ed,,,,
9d4f25ed6aadd62b,,,,
edac15e56b409f2a,,,,
c110f9c0119e23b9,,,,
9d5ada2fa1ac91f1,,,,
1466a4d2b9cef5e6,,,,
0dc35a64d245a7bd,,,,
de9644699a74678d,,,,
25e7b417fa01c15b,,,,
4688d29b4b0dc529,,,,
d48da444fdfc7265,,,,
0d7cbe32a524dea3,,,,
9686c6884a5d3cb6,,,,
495a540c0de4abf9,,,,
ee9f21dedc3c2f57,,,,
9a3841f3f6b5ba13,,,,
00e12c30ed8a8827,,,,
c85fbc162a1412de,,,,
b5c189691dfad0db,,,,
77dfdb6cc69a8eb2,,,,
c2a1a99da1d02d9b,,,,
aad13d9c610d1deb,,,,
c2aeef36b943ddd3,,,,
e4343d7fefa0e110,,,,
e0a9a65d8548b597,,,,
8e37dcf6703458e8,,,,
2f2dcdbf30199ba0,,,,
0e6a3df49130cf7e,,,,
e4b536b948547a14,,,,
761de450661d4b13,,,,
754b1d36e6978a5c,,,,
d9b3468393f56929,,,,
cd4d0e02354e524e,,,,
9dcfe3234d16ae36,,,,
e5677ee25f0143b6,,,,
dae3b2a71feee7b8,,,,
6a418950939b1346,,,,
96381ba346ffcef8,,,,
ec35acb1406e8e07,,,,
6981b70b40e870ff,,,,
57135fa11966ff79,,,,
f16a77414487be5e,,,,
58841f335261c7fc,,,,
7d0f1f529b8eccf2,,,,
b85ecf733ba6e1a7,,,,
33fa56d742843199,,,,
1c53b26f7971defc,,,,
68cfb96d63730a09,,,,
bb6c826369a08159,,,,
40af4ad31b58b723,,,,
5a81e14ade92c872,,,,
1084472475244364,,,,
a92b0ddfd61e65aa,,,,
822a1b0ec09e01c3,,,,
6324b5c749a44075,,,,
43ca009c50f778cd,,,,
18e52b8f21556636,,,,
c6b5bd41267c0c93,,,,
f0ceb7d6b307722f,,,,
2350de432bc1ed71,,,,
2d711b63a2d704f4,,,,
a9238c40f2af9348,,,,
19993f6b3cb91244,,,,
447259ffa1725159,,,,
0aa8c3c9afbe3699,,,,
ba784599e210e7cf,,,,
de97516e759b59f9,,,,
4a2722c9c0d51dfc,,,,
fc291a69fb392d86,,,,
98028e4dd786d253,,,,
7d9cb42154180004,,,,
2d1b2e60a4feeac4,,,,
572381ef235555ce,,,,
d72613f792b82aea,,,,
f806480bb490485f,,,,
83f1e1a025593b8d,,,,
c71d61000454f30e,,,,
8a1d86d24f2e5472,,,,
18141b0940d1ecfa,,,,
9dae4f95dd8c210a,,,,
73564d111587fb21,,,,
34ab090721ed72f6,,,,
163f93747edac880,,,,
27958fcbf26ac482,,,,
7adc4feb8d84bc8e,,,,
c6cba59bd1452905,,,,
26f6b7ebbbbcef70,,,,
0e79af349d78c527,,,,
3047bd09e4c2acbb,,,,
af98f2eb87227fda,,,,
21f58795dd7df0bc,,,,
21dc133766aec134,,,,
7af2b526dc97bd87,,,,
79c90f9aeea9fcdb,,,,
0d3a8e600567cbef,,,,
ad6210aaf68d4a9c,,,,
e92e099cf559d3e7,,,,
c50e674664a7579d,,,,
d283c2226104ebdf,,,,
1ac71fc7208e843e,,,,
8fab5f6c541d1eb6,,,,
328ef9ecd3c16a94,,,,
de67719d0d4687a5,,,,
1555ce641dc34ee9,,,,
15c6fc19e6d73fca,,,,
c0d791f43cf5e4c1,,,,
05235bad9711ae94,,,,
6df3c9be7fa295f8,,,,
3ba167cd67e7faed,,,,
02265f8ebaafe51c,,,,
21e668a730ea5a64,,,,
1ed0cdb849882958,,,,
44e69ca05efc2ede,,,,
58884a4892ab1753,,,,
78ccd715e2e7fc1b,,,,
4b81287c6d0d81c9,,,,
eb32c641ae9b75db,,,,
82f27d1a4fe72633,,,,
499506dc9b6510cd,,,,
055874287dcf0bf0,,,,
58734effd90083e8,,,,
a71ddb782f6d2be0,True,False,1.0,0.5
83a0053c8bdacc22,True,False,1.0,0.5
834c3593a16d7c45,,,,
997922ba9d83b9b6,,,,
94dc0ae2fae8b648,,,,
04aba3aa0b4c1452,,,,
4fe2d2ae55ec0a58,,,,
6e28bfd862f3a12d,,,,
91f83338f0dd11be,,,,
3cfbcf59d52051d3,,,,
ba917b4679177d99,,,,
f9408d3c12feb726,,,,
674a61b4d9508296,,,,
6345a0e64d1f04da,,,,
a47def80b568ee6d,,,,
c3b110c5b821b6c9,,,,
feff2efb1d8ec2fa,,,,
9b92354ff23cc49d,,,,
d2bd7631421d3aa9,,,,
174a3b0e90593d68,,,,
a244531a590cb4ff,,,,
5beb6dfec260d60c,,,,
45f29431b1192aea,,,,
509b5b019ad89c0e,,,,
a95ca43cf069f8b0,,,,
e9676149bbf1316f,,,,
5686d08019b3e6e1,,,,
ecae676c9bddc68d,,,,
f86239c22d698adb,,,,
3a16269f87c2e58c,,,,
b0fff48ddd78dd38,,,,
93b8c9042cc35a42,,,,
454b7972360b083b,,,,
87eb3c19df8b543e,,,,
0f6e6ebb3c588005,,,,
673932fb2e51a298,,,,
b11765a73c794167,,,,
40b47389b71b1311,,,,
43db9b6a65963942,,,,
811c497d1d57a70a,,,,
9a15f7d4eb47ee38,,,,
6a3c2c6f8c99e80c,,,,
6d54633f52372eb1,,,,
f3fa593425d3d27a,,,,
b4bf9d0b5e8df7d0,,,,
9f36af3ca1b2b480,,,,
14768d8a33c3d561,,,,
bcbe7325aae24b30,,,,
ed096c2bee6d40f5,,,,
f34c0f39b8ca180d,,,,
92cb3185dc358f11,,,,
feb4516726187ec2,,,,
b14308b20b90733e,,,,
e29f84a405583ee8,,,,
75267560661755ea,,,,
1e40f1042030ec9e,,,,
85fd615021580bb0,,,,
3145b0c3a6dc35a6,,,,
d53827a1b722daa4,,,,
a5ee0f8cb669551e,,,,
a20951bf7cb045be,,,,
84b3171af69c23fc,,,,
ff32f0253bf03195,,,,
fd3f368b3eb912f3,,,,
95dc4b4bafa7581f,,,,
394b7360d3916f87,,,,
4cf4a0748de35a7a,,,,
f27cd4c76503fb74,,,,
5c6615facdc3fbb5,,,,
9546d3351cd0ae56,,,,
22d13bd8137ebb96,,,,
c84623d00a5ca985,,,,
fb4ce05275cf7570,,,,
6c16e54ce3e61e67,,,,
225fa593292a96d1,,,,
c6ab094c836b80d7,,,,
48c51714133f34b8,,,,
9275d3cbc0f01ed2,,,,
84f8394b679c6d13,,,,
9e57ac73ed845564,,,,
0cd84c87ba48f504,,,,
c90158f2d2cffcbc,,,,
26c597e8f6cc8d24,,,,
244d38c66464a59b,,,,
e1e85cc4ef1ea5e7,,,,
ee04f3b1b81aa913,,,,
2ddaf8ccd99dd26a,,,,
19ec8f31e412e859,,,,
cb96f2378feb5c83,,,,
5e2a950cb76d8ce6,,,,
da8939bc74e39ecb,,,,
9989f1f4d063cc4e,,,,
3e0c0310e9cc4e14,,,,
671b562041ef79a4,,,,
cb86b36de6fb6895,,,,
6e4c094deb84f584,,,,
8b09bea0e0f6c71f,,,,
8d0c832f59d529c5,,,,
f31caccc308804c6,,,,
69bf08907384f960,,,,
8204a3dd68c2b55c,,,,
45b6316c74a0e5e5,,,,
9e6979fc909e9d3f,,,,
638a18e900ea5293,,,,
3e2ed997396039e6,,,,
10eebf3af79c77dc,,,,
5d6d3bcdf43e8be8,,,,
25843ffd5d44997d,,,,
8ad204f910bbf8c9,,,,
e20bfc86812c556b,,,,
5c289b0280dfb809,,,,
ad13e068c01b6776,,,,
a8c42ad4d0d4f72e,,,,
bdd985198c9eb303,,,,
504fd06218819782,,,,
acb86e7bc3460745,,,,
8eb13ee11271430d,,,,
41b4e79c611ccc0a,,,,
362e3eeae630b6c4,,,,
b10c4200e5f55d49,,,,
a037f7be0ef74c4f,,,,
4e38d1fe90012ff0,,,,
1071693a69d90a57,,,,
47467c0fa30774e1,,,,
e10ae27ef5206d90,,,,
46fa0364f354900f,,,,
c770985ac7944868,,,,
446516c88f9eabbc,,,,
098e5515945b863e,,,,
f6e1facfb2a07fc8,,,,
5e765e2ace6f240f,,,,
cd3dff47ffb8f4fb,,,,
2d1fcbfec8f8c87e,,,,
a336296cd1f8528e,,,,
516bd220a1842d5a,,,,
e97d7d1fa2fb2e5d,,,,
6544c34355face89,,,,
8439ca5db11adc42,,,,
b8370fe7edb09c3c,,,,
b8eaa34a488f18a7,,,,
4335a179fd9e54e9,,,,
2cb38901fa671d66,,,,
dd7b24bd5b153805,,,,
57dd4501a7ed17b9,,,,
b4e899fd4101e9c8,,,,
66e50963445d6852,,,,
133c1517d93626ea,,,,
7179c401a81c21df,,,,
b05c7ade82305205,,,,
19b83aa60e78252f,,,,
e0088f8c270043d4,,,,
65a655626248fc08,,,,
486e9a7fd03730af,,,,
d8747632af7ec00b,,,,
4ef3e111c56387e0,,,,
55f82c5f27013fcc,,,,
0790d58994acb73e,,,,
ad9a5bd734823577,,,,
696ca521cb29c153,,,,
00cf9394b4ca9b76,,,,
800cc735dedebbdb,,,,
ca19db705c7bcab0,,,,
1e7cb12af4622429,,,,
6c266c5a20dc3886,,,,
1f5b85bfff5da592,,,,
f0979b1204476191,,,,
eb557291ecd6ab32,,,,
8667d89b82788ac8,,,,
462d01acfdbad54e,,,,
f9716f44cb17cbb7,,,,
5e0f914c22f5fd61,,,,
883754adac0b311c,,,,
bce61c2617df96df,,,,
945139d23affb30c,,,,
c00a94be837bd695,,,,
38ab1ea52ef13a43,,,,
df5f9bc1598d3c0a,,,,
62918b101726ada0,,,,
dfbe2c60cca6d8fd,,,,
363d3a91abe6f571,,,,
3014d96ccca53abd,,,,
80be863e04d8119d,,,,
8eed78a83b2a82b7,,,,
e05bb8ac9ebe0947,,,,
62608c751fb36e22,,,,
f52f5319518b58ca,,,,
cef1a0d60c8a8861,,,,
08792af98ac877c9,,,,
9846ae5072f89cf1,,,,
8f47800204e8ddad,,,,
bc7fa4f721129519,,,,
ac6753aba1d09210,,,,
00115f862d7602f0,,,,
61364a69288f68fd,,,,
a9ab38973953504d,,,,
650b313db648b54e,,,,
2c27792bf90f72ef,,,,
a23f4629f2aafcf3,,,,
b45fb71b1ac7f1f3,,,,
aad66fcf3020d066,,,,
043fd4e6f5a78ddb,,,,
aeb4cf72a44f14d8,,,,
376b4ea904d13c7f,,,,
e77c6fd31b1c52f0,,,,
f4dc470e35f7fdb5,,,,
5f82d6860dfa1b5a,,,,
7afdae70905d23c4,,,,
154436e9b5cc5763,,,,
53e08bff9ad12f02,,,,
ca96b1c6f0f28120,,,,
b6b4cdbcd155298f,,,,
1bd9004788216aba,,,,
312f45ca810c3711,,,,
db80d401f12a3e3b,,,,
0cfddcabdcd9fa88,,,,
096f0bd920116371,,,,
beb61cf28cd25c88,,,,
6cc52eceeafb6887,,,,
83c462e93c4f0222,,,,
6a65371f2ec8a987,,,,
0b85e1a6fe5c21b3,,,,
3a9f6ca848c93d0e,,,,
8733475c8f029f23,,,,
f5bba63f222468de,,,,
dd2d2c2319de56f4,,,,
bf4ac6df90ee69ec,,,,
eb4eded334e3ce45,,,,
d0f68d484df1c51e,,,,
fec35481bbef477d,,,,
46450ffbc694ba95,,,,
5dd88f9433cc2b3d,,,,
638be1d95ca9abfa,,,,
0738709b99f767fa,,,,
596076acea17e246,,,,
be61605611accbac,,,,
73024b2e361e1cbc,,,,
f5ab4f89c03fcca6,,,,
9becd7ad611f953a,,,,
b876441641a35ac1,,,,
51fcb0ac2227c17f,,,,
59241d0e7c04e0e4,,,,
5d863bc61bd06004,,,,
3fd4696f281e0f83,,,,
beb9be18ff2a5dfa,,,,
5c209c2650c5d132,,,,
3ae6103ce2cd6df5,,,,
baf01a1f7d0f5997,,,,
172ac55de29a5d50,,,,
879018a80689116d,,,,
f39b40a7ec6292fe,,,,
26d9b707980bac82,,,,
419066cab629af2a,,,,
e58ed75818639ab1,,,,
ad4457c927cc081e,,,,
89423478d2c1cc37,,,,
f5c2774687b0bf01,,,,
ba0dbdea892f2773,,,,
ff507dfbe71fe672,,,,
f07414cccf5bb79d,,,,
59cc78bfcaec2908,,,,
0ad2470624396688,,,,
2291625ec2af1717,,,,
2b554fe76671de9c,,,,
47be6dbad247471e,,,,
6522846f9a5c16c7,,,,
e532983502b26027,,,,
84b282d5c0391aa9,,,,
2929840b6bc2ab4a,,,,
d59c42342124c8b9,,,,
416bd1ecec264b6c,,,,
c7d178d42c7c5389,,,,
0aa29626c82118f2,,,,
5dc10a99b9df8b2c,,,,
3b37cfcab61b9409,,,,
9bec3a02fb29fe1a,,,,
f8f33210d41be988,,,,
9802776a72c51f5c,,,,
6f93c4b67f37a5e5,,,,
6a0d362fd15d504e,,,,
7522c3c9d4e89255,,,,
8541ce8163e2078b,,,,
f23902eeae539982,,,,
086fd017905204a2,True,False,1.0,0.5
1db13d3c15f32024,True,False,1.0,0.5
49e60a26428108d0,True,False,1.0,0.5
f22d4e790119a24f,,,,
e9bd19092ad0b527,True,False,1.0,0.0
d9046022de2965ad,True,False,1.0,0.0
44ef83c1e3c00ba7,,,,
4330d121c856340b,True,False,1.0,0.0
af5f64919386e8fd,,,,
4ce428ced42cc838,,,,
e62789201ab1f96f,,,,
31511675902748d5,,,,
2a770f41b6c6d006,,,,
2f02f7a51f20cda6,,,,
6ad6cea7ec95e33a,,,,
d5b676b4ff06a456,,,,
62a75c4c470ce9fc,,,,
8ebb6168ff152b7a,,,,
bd0094bfbe2bf688,,,,
165a7d0e0a97dceb,,,,
be87379e2b758b32,,,,
8a7dcf15c88f72ac,,,,
de125b8e0e94e395,,,,
e57d92ff69d3af6a,,,,
981923c3269bcc64,,,,
b637ca302fdfe76a,,,,
666b687ecdca5c5e,,,,
1d8dd84cd5706dcf,,,,
df67019ec1141592,,,,
5004faea147b3c72,,,,
6f3b58d39a2b49ed,,,,
75f47c476644da62,,,,
37f9be5c5ff4a563,,,,
edee6299dc208dcc,,,,
a6b74ae2bb93525f,,,,
821199ee3dec4972,,,,
f7499280b60af2df,,,,
66cd4893309c3082,,,,
bbd48d476c09bac0,,,,
baaa61587090d85a,,,,
8136f68e04c9c3e0,,,,
d83f3642368862d0,,,,
ab8ef2afb7673425,,,,
041656a2ffd36255,,,,
c41ffc38470ef0bf,,,,
3b959afed8de9b33,,,,
200073e555cfd898,,,,
84c0b3f94fa1224c,,,,
924594a05187991e,,,,
9941e1cb86481485,,,,
bf585dccd1613d98,,,,
d6e5cb9f6ecb7731,,,,
40a8b8c20c3d6155,,,,
c34da2ace4f2b20d,,,,
851a1fce7c37c8e9,,,,
2c292f8ab1cd20bf,,,,
7c7f8ce06b41c01e,,,,
ce1813effacc38b0,,,,
96f2288af94bb9ff,,,,
e71bf0a55500bf19,,,,
f41c2e11b9392a44,,,,
466ac4b66fdfdd8e,,,,
9b778f663446c705,,,,
bf6597dce946113e,,,,
feb0b0c9a80f3ed8,,,,
60031d0b89aba326,,,,
89de3650d0ffc970,,,,
fb3059f8c1ab35ac,,,,
f3afe5d74371c5e1,,,,
ce3d91ffb465358f,,,,
066b8f2e8d355811,,,,
eecf6a19a73c74ca,,,,
fe3bd50538f54140,,,,
d6402fe202263612,,,,
dd684bc3969ca611,,,,
87e3f513bc8a825b,,,,
6e7562430b19805c,,,,
04e038713902b10f,,,,
c44b901224010984,,,,
615bf0034ca24997,,,,
6c93fda3a9f8d2ff,,,,
aed2c950ddbab854,,,,
b6068cba22af86e2,,,,
fe2c53ca44b6f3b6,,,,
3e0fbb55dfab8819,,,,
973d2a742e2ee0b4,,,,
d2b20ebc7c58dfc1,,,,
2556d491ad993922,,,,
57196607ec046ef0,,,,
37946312d1411f11,,,,
98053f45928d6a15,,,,
47fa29b6af80ffe2,,,,
5e82e53e5f63cf8c,,,,
148b8080090ab0c1,,,,
15be01b0453ceaff,,,,
8a6721b1fa6d7b46,,,,
25976bdfc17c8595,,,,
991b77dfafc49c58,,,,
5cc438a6271672b7,,,,
54bad9be83f8f895,,,,
c5f30b63c0469221,,,,
3445b2c81ad7a837,,,,
7dee925937d8ce13,,,,
e5296dc87992697f,,,,
c6e0f41860d28dac,,,,
e0e225aff06b2a8e,,,,
38f00ccec98f766c,,,,
cdb5c9d7b7894ae2,,,,
babab5d44b65c74f,,,,
4dd3c07fe082a4b0,,,,
5615d5cfbacba9a4,,,,
79562ba52b2bb6cb,,,,
35f406708d4378f7,,,,
887d2e7f136690e4,,,,
f363480c158baa78,,,,
66496e45394fc34f,,,,
8a9272845120c6fc,,,,
60313ea841c07aa4,,,,
123ae0380d119d69,,,,
71d381133d67cd3d,,,,
6681aa5e561d9693,,,,
6e6840be9150e97d,,,,
80aa41c94b8c03e5,,,,
f7079e25f04e5c23,,,,
aa16aa2ad8802b63,,,,
18331aa082364a4d,,,,
196bc026c74bf941,,,,
3a3a9332fedaea58,,,,
335e3b871c9452a9,,,,
51ac1ce9c4eaf20d,,,,
f6038a9e9b06a223,,,,
d9cbcb4b9a2b1ce8,,,,
2c1929639b7dd7cf,,,,
d626a316936a534d,,,,
bf11805e4dfaef12,,,,
88669ee206e9cb67,,,,
88e988ea26cf17c5,,,,
e0231797a08ee334,,,,
64c6d34d655a4104,,,,
d0d0a58c0babd763,,,,
12c92baf400d6468,,,,
67ddf8ec42e04cdc,,,,
eb6dab226be5039d,,,,
7afd1381ad63a265,,,,
849e74763da91919,,,,
112424c44d45257a,,,,
7ff8f4d890da16cd,,,,
208d39e5c940e5ae,,,,
91dba2c0ea2c9023,,,,
47a2d1a9dacab9a4,,,,
4259b1b268a6ba65,,,,
9fee2929cf431552,,,,
c905f80e4aabf99e,,,,
25bf7dbd4243ff42,,,,
99f3189d986696f9,,,,
6a0ae5de048583d9,,,,
aba15e0f69b120bd,,,,
176bc01ba30b1742,,,,
37e9e31daf376b1a,,,,
8e444559e0929514,,,,
6748041316d73554,,,,
a3ee8f4552ab05d3,,,,
3390e6de417d5ab7,,,,
5f74b90759a7b776,,,,
7589db2ec70dea61,,,,
8c3acab05c2dec1e,,,,
d746705b9ccab378,,,,
ca97a35aa872c5a0,,,,
b8772be3bdb9041c,,,,
f9bb08c754040d73,,,,
52be54a1b19f2629,,,,
e4fdd2695a6151d0,,,,
738bbf154578372b,,,,
fa181f3868825875,,,,
734f5f2e96ddd0a0,,,,
45ee3edec1de07f5,,,,
0113ed418222989e,,,,
59b8552f4e3fb477,,,,
4fa1e8c620091fdc,,,,
e3642cdeaad922a0,,,,
6cdc57bdc3b98bec,,,,
81c03c94b2c6afe2,,,,
ecd29651e41ca972,,,,
2e58167ece5d82f5,,,,
7f27f45eb78b1a8f,,,,
75e1f72d8d5fde02,,,,
80eeda7067948b53,,,,
55c71114ad9f7fc1,,,,
d3a491c753e24892,,,,
20c33ee72a70d463,,,,
465998a88eced622,,,,
279437d4934da5d2,,,,
fed24bd17edc8326,,,,
737ecf563bfbbe49,,,,
c706b9d55678f487,,,,
710e07c1c9baf107,,,,
d7042b8894f00ae9,,,,
f35dbf5dfc64d716,,,,
5e68d31d3de2c5d1,,,,
33b88542f3df4b2f,,,,
16d2bb14bf381ac9,,,,
58a1dcf83af074db,,,,
d7a6c0ea92fb1889,,,,
7c27a7c51836b333,,,,
2e767c011df7f87d,,,,
ea3691e57f4c246d,,,,
49f38e8761df99ad,,,,
4cadb01ffff7f879,,,,
f36114e66bd6aa61,,,,
852dd075a6b8e11b,,,,
1ea7d7d7f9f29ee2,,,,
9b16c1ac799a2fa1,,,,
fafb54170732e36e,,,,
8409d1abd60d1835,,,,
f90ec33335313f1e,,,,
7737baafcd2219fa,,,,
79ce3d8457d44d3d,,,,
fda63c4d04f8651d,,,,
2f6312e9f24aefc4,,,,
f93eb50a912d9314,,,,
c3635090d31259ac,,,,
d082421695458391,,,,
05eccbea7ace3ac9,,,,
810a2f837f26262c,,,,
4ce3970848261ce1,,,,
e6639ef6c5ad4acd,,,,
b6ecbb3067b1f980,,,,
4e74f1ffe576c353,,,,
b2f636276e30a5f1,,,,
b53fc46106b0ed9c,,,,
735724de4c422f40,,,,
c16c3f2a3ed88e13,,,,
f31e79375176028a,,,,
b3e8baf4c01ade44,,,,
429127c4bffe7a60,,,,
1f3786336d78e5be,,,,
4628d096ca11683c,,,,
7273ed48cb08a3d0,,,,
f4a516c6ef6ed22e,,,,
c300adac4f304522,,,,
8e6529ba881d0310,,,,
547db03cd63f91e6,,,,
d4c143cb99084b54,,,,
1cd7c2f8c6672fbe,,,,
a87215403f14a561,,,,
648f322561220bb8,,,,
5795133b98749bdd,,,,
9b37dab13bc6b933,,,,
8cf32e89974bd2bc,,,,
e3bcf055cabfa7e0,,,,
dac204d115a3185e,,,,
62b87571b17c49ea,,,,
5f81a6972fa3185c,,,,
ac460a2a84ffb98e,,,,
3f50e231ff2f5b13,,,,
346b8be5968ba048,,,,
f1ab5784745f1c95,,,,
4b4d94f2b1212159,,,,
18c49bc27d0c612a,,,,
5ead7f59382b53cc,,,,
60b56717929943ed,,,,
86dab3ceb6bab7e8,,,,
964d4668e7913f6a,,,,
b8e7dc919549df68,,,,
5af5ab950fec7898,,,,
13b5931fcac24c6e,,,,
4b15fb385f7219e0,,,,
21a16de0324a24a7,,,,
a596479a2014ef95,,,,
999fe36d06942a57,,,,
15c00676da5504c9,,,,
18d891477ecc5571,,,,
e061c515ca3729a5,,,,
79f38285858c763a,,,,
15c9bef9004c1871,,,,
d5d8cebe0c9d01e3,,,,
23e73a1f44ebae7b,,,,
ad008cb55b793006,,,,
eb534c64182b11f5,,,,
52e972f2c3a28eac,,,,
0f1f1175fb6b0c81,,,,
f528d38bb64a7e84,,,,
8214c432c5f5c85f,,,,
8af2cb8031ecb5f7,,,,
9f9e0c08d2be3210,,,,
b578c4a16fd69a25,,,,
d398f969dbcc4b8d,,,,
aec1c3dda094dc41,,,,
6328efbd8134c81f,,,,
899b04d3b9bf1cfb,,,,
b47f59b22550df4e,,,,
e0ddb6fa73d2d74b,,,,
9f043a0b12e5a328,,,,
d9d944212afa5136,,,,
11f44f597ccd5274,,,,
81786484114f499a,,,,
5ec4626547e20c59,,,,
7d3c4ccc691bf207,,,,
557272b34fa86ef8,,,,
f9c12ee206efb5ea,,,,
c8de59060a5d9bf3,,,,
8aec0513fb83a34f,,,,
9128e3c8059ccfc3,,,,
56f3047db0759588,,,,
ec5911f1548ecd03,,,,
1f8abe385fc5f871,,,,
69b8e0e93ee00cad,,,,
e893abffdb5334dc,,,,
4c434c3a0db0ec4e,,,,
d7d9b3a914cecf00,,,,
7c52659d1680601d,,,,
afdf9dafbbf85430,,,,
e405a6e8dcb3cf8d,,,,
d83531a750070801,,,,
414248b26540560f,,,,
3ff2d53bd7bafe8c,,,,
0625aa180d47ac32,,,,
a701e3796cb641f8,,,,
4b3e12932fd2a75f,,,,
8e62d4fd5b40bb48,,,,
359254ce71182e8c,,,,
4d636b0b10950e24,,,,
c259d0dc04d7af2c,,,,
80adb6bd51171282,,,,
33b9e497ec7c449a,,,,
f85779a67e35c791,,,,
3ff8d48009d12cec,,,,
d46420f76fb3de6b,,,,
cf998131ebbe173c,,,,
39b7f6ef6d76d937,,,,
368497fa4ffff3c8,,,,
86a03dea209e18b3,,,,
b2fc74c845841f1f,,,,
aa8a93bfee4fd92d,,,,
61ba72a873592de1,,,,
7d1bd50d3235c347,,,,
504fca8fa03a39cc,,,,
08d6c382d5252101,,,,
0ac4b09410de4f4d,,,,
1a5e392c9d8eae7b,,,,
05b8d519fd36fb95,,,,
9f84522102b45d2b,,,,
f4a638966335745f,,,,
55dcb9986048cc0d,,,,
6354e445e1aefed4,,,,
58ccf4a92a04c0f7,,,,
906abf786f9bc900,,,,
d51425bd4462ea8f,,,,
3a3dcc4bb2995b6f,,,,
a33e8a12f721db98,,,,
402950f415199caf,,,,
b6f80f6c0764e1a4,,,,
e2e97d0631fdb678,,,,
64a3e434f3d7ab88,,,,
19777dcaaa2fde14,,,,
c26781fa212e6134,,,,
ee14dc2b01c931bd,,,,
bfdf3d75617790b2,,,,
54a7f7fe4e39fe54,,,,
07b418878345e919,,,,
cdb68240fd46043e,,,,
992f238cd742cf4d,,,,
ee97b0a4470352a0,,,,
ce174cf5c70a613e,,,,
b1a1bd3c82103648,,,,
0cc04a26beee646b,,,,
b13b25a22a0e7a84,,,,
63b4593334cc3bdd,,,,
5406f96f24555d22,,,,
6d443dd9fbac05f8,,,,
3016a2dc54c4257a,,,,
b9ac34a2b990dfc5,,,,
5e63474f12ca67e1,,,,
b982f6c389afe117,,,,
1bcdc593465aeda7,,,,
3723492b85e4de42,,,,
7a696cf1b6b0b35e,,,,
57ff258a118f8fe6,,,,
abe0d1dcc4969931,,,,
f5b9c81623b81fde,,,,
ec6ff98d1b8a32bb,,,,
ca7cbbf8ee4caecb,,,,
4328f26ab2f4ba01,,,,
e33853289fac74bd,,,,
abc6556e5e4f8bbd,,,,
3e5409801e6e7a40,,,,
f051694856ef28f8,,,,
2d147aed0ebb1f55,,,,
d3d47a92a0366cc3,,,,
ec9a5226fa678b52,,,,
7292e93d3ee5d540,True,False,1.0,0.5
8044a25ef5f1f093,,,,
fb39179eccc7389b,,,,
626c06ffb479c94d,,,,
624383a0fad12dab,,,,
fe6f8e2ca3096c0c,,,,
29f316a4f8b14d41,,,,
e1738f079e82d3fc,,,,
a73c638e39d56276,,,,
5608ec11739b4ba8,,,,
6f1e70e6cf3d45d5,,,,
b4fedfdfd2e814f3,,,,
c4346fe12ebabb3b,,,,
6d6a3f3e12523240,,,,
cc8cca8d7a091bcd,,,,
34fc3f023ea962ef,,,,
bac1b77d188b4c91,,,,
b9518ecdcdf98aec,,,,
b51c888ce8282257,,,,
06888956f8448107,,,,
542c224b2604b08c,,,,
06d9d11ca8c99be8,,,,
c9042a03452dc678,,,,
20022858b320f921,,,,
de546d76c96cbca6,,,,
7ed8065ee3c31f5c,,,,
f086bd05c6e46445,,,,
7f6d6a23dcfeeb93,,,,
fc05902bf92a4883,,,,
2c70b1372b1da09d,,,,
6f13069406b1aedc,,,,
753df2bd9ffef55c,,,,
be510597fcfd53ff,,,,
7ab54932447d704f,,,,
d1921202ea7ef96c,,,,
abbaf61f71bec189,,,,
95af4a3ff733fcb7,,,,
b15218a691b8f981,,,,
7e5291b07a9ac285,,,,
c985816cd5483804,,,,
66a76d78c2668a69,,,,
080c18ab7ad92ef9,,,,
497f36ff201f8e96,,,,
bda1f216125b06e8,,,,
e8d5913e1c4d5f42,,,,
7add87fa345fa856,,,,
1787d437dcac56a3,,,,
7c5d7752f7cfbf33,,,,
c997f5db165ec9a2,,,,
671a82875ce24f83,,,,
5fb73fff0002d97b,,,,
0c972f5af1a156ad,,,,
3a9e9f9188130aa0,,,,
c9ef820bcccfac44,,,,
1e367e5a5d11b528,,,,
13f9c3c235a7a5a2,,,,
7249bd2aadb3b9d3,,,,
250755e361441b4c,,,,
cbed5e4de7eba9fb,,,,
f25b9fbf11ad09da,,,,
f923119f62b4ddf0,,,,
d4267fe52960570a,,,,
defdd1e05c70c43c,,,,
b8096f76e0f96426,,,,
ac47c4779a1b7172,,,,
c513cbb5d0479316,,,,
61c16ca07e250340,,,,
e99d3ddd83954a5c,,,,
8ce70f09f07d3ef7,,,,
b433e82ca3d63085,,,,
5129f1561375eb63,,,,
2417a6338fb71e0f,,,,
58d860b7c4521a96,,,,
6acec7f7a53e4865,,,,
df9617024977a7cf,,,,
7c44dcd77a1cf055,,,,
826131dc16ba7d1d,,,,
ad5140257c8cd97a,,,,
2f21959526bfb630,,,,
5cb7ca087077ac89,,,,
2a54d9ddd9e595e3,,,,
c6b9afaef280ec7b,,,,
a9f394b05f7ae00c,,,,
709882e191aab4a7,,,,
7caa06cc6e39b843,,,,
73193df4c82c7384,,,,
8b24c4289fb52666,,,,
0a9f178f2b8223c2,,,,
8da737d1814f0115,,,,
944517a39fa835a6,,,,
9c352adc4f3b977a,,,,
9c9b60bcfa1f1ff7,,,,
002fca8c4a8816df,,,,
8b38488266934037,,,,
f971db5b08c10fb0,,,,
a15724bd62eaa873,,,,
f3df82e77c050632,,,,
557e9a25d337b16b,,,,
5bd74222762ab1a0,,,,
887e225542fba8d4,,,,
3520a4f7f853afbe,,,,
bd38de6ecf8b3036,,,,
4ac42936845752f1,,,,
c4ec795aba9b1038,,,,
6c5fdd5f4d700c06,,,,
901454a57e27940e,,,,
535bfc84ed52fec4,,,,
d8b2b1ae446d98a0,,,,
db8fa7c4609e5f37,,,,
1e06ebcb3b2dfe1d,,,,
b3bbd1124399c100,,,,
2b4a85d6d60d8812,,,,
e2b6e071bf198dc2,,,,
031b92a7d6c54cfa,,,,
7ccdc2cb147cedaf,,,,
dcd6d0577ef30451,,,,
4f8c1d1e843e995a,,,,
de829c693dbd8104,,,,
8f32a132ce68da00,,,,
f32865e63b684a37,,,,
d1ccdc29cdcf1268,,,,
c37ff5e9b2214601,,,,
8b4e0ca5d8554671,,,,
8a651d95fb99ba62,,,,
595cc7a2624d8121,,,,
a624bb84483685e0,,,,
c982215cf6800f21,,,,
0536937c0689facf,,,,
1d24811a9e300005,,,,
3ae8d3a63f50fba7,,,,
0909a81fc65fa8f5,,,,
21dcecb47ef757ed,,,,
8caa48d62dd6ba0d,,,,
a33153c2edb2f209,,,,
2bbd354df6540c99,,,,
8cf6ee417a525d04,,,,
30a0cc2e9560daa1,,,,
5194b6c195116b19,,,,
ebd238dcd552858a,,,,
c9fa6fa414abe07f,,,,
545e080285f03300,,,,
4e9e55e02b5e079a,,,,
d7191d23f68f73de,,,,
15889848efe9ec8e,,,,
65bfea50ee923f75,,,,
ebbe5ba7617e7f73,,,,
7eb3823789f30a03,,,,
70c54d089cbb5565,,,,
a2ae50851e322c9c,,,,
3d72c8d02174a880,,,,
ab3b1d712d63ee32,,,,
7ca63ad0eed851d1,,,,
662c6eeb6ca00296,,,,
fb4ebdf2c4f39dc1,,,,
ea1436f2a0667781,,,,
31cf6228cfc9735f,,,,
45da827f5a88ef17,,,,
bff09e086d9b5126,,,,
b981b999b7b2047d,,,,
5bf834bc4cc57452,,,,
2652b23c5fe83b94,,,,
b7ecae52477a1ee2,,,,
567f385cf8350927,,,,
714d81cefbc4190b,,,,
d10c420eeb125a8a,,,,
e67d867e7b19f0db,,,,
70ae15f8bb6f781a,,,,
2f82506264b44fb1,,,,
c7a56b5ed48ca5a4,,,,
d56c6e78045e1570,,,,
5d4cd5f879f4a089,,,,
0952a70d9f455290,,,,
a6b63b9159d9a4bb,,,,
b3bd0cd623879b6f,,,,
4d395532b5cefde1,,,,
a5671a1fafab1c04,,,,
73db96be0f4a0a5d,,,,
fff4e98748f7bf54,,,,
4c55ec2b8b25e2e7,,,,
74e9a83c94b18ffc,,,,
4863e9b430764493,,,,
5275e985e11ddfd6,,,,
96d0effd12e17a3b,,,,
b131abbcdb77e3e4,,,,
699a446b4bff1ca4,,,,
bbaaa1628955f1ef,,,,
b57e82c531388ac4,,,,
e5a5d8993638e6d6,,,,
5be943642162df77,,,,
da25b2b5fbc51945,,,,
80bc9bce9c4791d5,,,,
e6d9be9dc0b66279,,,,
389a96d31fc80b50,,,,
e2ecc939bf189f40,,,,
ad2271a7d6c57004,,,,
f18ad3002bf53c31,,,,
f45fa2dc0cfc6b90,,,,
f18f625c225272bd,,,,
59de9b87e5f51811,,,,
54a023600b2702d8,,,,
6fbf9af1f6cb488e,,,,
703073e397713d83,,,,
a8ebb92a4555fb78,,,,
1aefd6987f3d1f4c,,,,
0f874b16a62cce95,,,,
ad76d476688302fd,,,,
011a0d4647e243f4,,,,
2a2475855e384bd4,,,,
87e93bf3e0a7c77b,,,,
0df7a293b131f03b,,,,
327a6e86d2a9e282,,,,
66babdea59785e59,,,,
2974df1face8e3d0,,,,
8d980de0a622035b,,,,
cee7681b23b792ec,,,,
883d8cbeb90db856,,,,
1f688e31a8adb252,,,,
e93e68d9d00e82e5,,,,
d94fd7db54e61ed0,,,,
f7371b98b21147fa,,,,
236a55b2ca320b89,,,,
139601ec9c65581a,,,,
0ad0ea6685e4ec48,,,,
bb6a4b5a3b66d58d,,,,
1a3ec89771c5cf8b,,,,
f3fd22a78e28be4b,,,,
71c1eac73bbf8a97,,,,
b73584bcba53888f,,,,
c61458060191a5e6,,,,
9f20526375215c14,,,,
c985854b59bf58d5,,,,
f337d85b56d7d6e0,,,,
9d2397f0792ae92f,,,,
6dfcfd16fc137c24,,,,
2e59172769ea5ca1,,,,
74cd1dff94f9550a,,,,
7b944396fcd0d086,,,,
fd27ea6292537d63,,,,
9a38968ade6722ad,,,,
d814ac7b75aa276d,,,,
2265ecd07132ee31,,,,
695e929abbb51c2c,,,,
e42e12853828c496,,,,
297e50fb482a82af,,,,
0804f1d882072b88,,,,
08e628e32423742c,,,,
1187eb0d31868cc2,,,,
95b344fc5dc6b05e,,,,
273d166a1b0e7238,,,,
1a5d5fe132c2196e,,,,
fef726887c18d881,,,,
5016199170a467e3,,,,
c764abbb3baf87ab,,,,
c8cd673d501ae2bf,,,,
0bc43c1662c68301,,,,
3a77af2cfe9e94cd,,,,
f6bb546d50b9572b,,,,
98b9fa5706257f18,,,,
a9fb9755b6232834,,,,
5cd867f76c5dbff1,,,,
270c7070f2186826,,,,
2b0d3d1d3d03365b,,,,
06d82650a81d199e,,,,
bd54819d27a3f3d4,,,,
195017d49d81f65c,,,,
0fed111beae08901,,,,
6fc13242b57c3c4a,,,,
9341263135b51450,,,,
69c649888c061c0c,,,,
52a61585fdf0ec0e,,,,
759dc01316767a65,,,,
cc0b20b2e5c5c834,,,,
e60f0c9c54d296bc,,,,
0b808b05c08f5a64,,,,
144c8d7ca6e25505,,,,
828927ef9e25d571,,,,
5f7b64c406e54f6b,,,,
acf21b81698fa4c2,,,,
829c4e251783a8ae,,,,
1e1fa679b666e43a,,,,
720bc8ec3985e2b1,,,,
8c762e2b7efce373,,,,
4cf15cbca4c4357c,,,,
9db210b8308b807f,,,,
5d141b17d82be06e,,,,
7aa434bee784d0cb,,,,
96455b1895d14fe3,,,,
8c9cfb1abd332471,,,,
55dbc676bdd6d75b,,,,
6fd27f60a761c0d5,,,,
58f7914ab14d35ed,,,,
560e3141bb84f9b0,,,,
8dbde33ddc691717,,,,
5c83def5885be351,,,,
bc7fdcc30af41c6e,,,,
28aa93b18ab98acf,,,,
b923ade4fce51195,,,,
6b6c02c6c858909c,,,,
7024b499e43ed634,,,,
0d76ea52a639333a,,,,
0177db114bb3e6aa,,,,
b6a4eff1937d6f31,,,,
222f70aa1080e1af,,,,
31eef97cbc3bf5c3,,,,
976506e395f5bc77,,,,
6769cc0311e0f804,,,,
eb1331b5d33b8456,,,,
aeed97ef5afc273d,,,,
1659afd7dd21ef52,,,,
4179a3c57a945f07,,,,
17f85ef6d249f3c2,,,,
04310dec7e92bec8,,,,
c3ff9d1084a8bc42,,,,
da5bf6fc2dbf2dca,,,,
32e849553c37c644,,,,
29dd5f2b73f03c6b,,,,
e017c7c94a34bf1f,,,,
7306fdd3e91a72d0,,,,
f67cd5c15f4cdbb3,,,,
3a7f2ef20ba93d32,,,,
229361af823b655e,,,,
0697b9b25b1808ec,,,,
83135d90f46be746,,,,
187c6c72f9ccf49d,,,,
8f9982865c6916dc,,,,
ecb1e363057f2f21,,,,
d551f5ebfbad88a1,,,,
2d5ebe181708ec18,,,,
552482a74228e899,,,,
d219646a09ff25f0,,,,
f5f0181c4676b958,,,,
315da7192049a6a2,,,,
f561bf1b3ab86526,,,,
cf8f1770dbf8520d,,,,
687eadf123cfa4f4,,,,
d7fbe04d43342e3c,,,,
f5a562e969a1b44e,,,,
8dd0d70cf200e38f,,,,
09ad7e3296d2d3da,,,,
7222cae542e1047d,,,,
506e97a5722ffc94,,,,
0e46725eaeb092f7,,,,
3a0911f5cc251ecb,,,,
406b7f01fbc07630,,,,
10de96ae77d089d1,,,,
6ddb3ef79e423c7f,,,,
0b05b42a152b0241,,,,
84068157d2a86751,,,,
dfc2a2b88c66bccb,,,,
6bfa2c7d0e6a8ff3,,,,
b6caefb6548a643f,,,,
d72f579e7d10e5be,,,,
8fa86a2a5c4518fe,,,,
fb7d46dda180c83b,,,,
0985c3818c78538e,,,,
5982e666e6c6a9f4,,,,
7d0801b21ca5caec,,,,
79d1f8cb17d59c3e,,,,
f768ecfef835f079,,,,
5a7c3d6598f377da,,,,
4f51d932d31e2de3,,,,
a789d76feeeef856,,,,
6444b32297f12af3,,,,
140e530d66c0decd,,,,
08a6a44b4f396da0,,,,
ab11076592f8576f,,,,
2023f96e5a2e4102,,,,
64b82c9fb3377694,,,,
73658a1529a9b636,,,,
0d52f26b55df4496,,,,
7e20f8fcb4937f7d,,,,
17963842fbc8d5f6,,,,
db72c6f22f43d5ff,,,,
f1aed90456b505e5,,,,
41c9657b29e69a2a,,,,
b42c5c983788c802,,,,
544534d2446b7588,,,,
abd1bc190b0210c3,,,,
eda6f02e601c6a61,,,,
37401c4b5440231e,,,,
3b05f85d7b4dc7ac,,,,
44431534080d750f,,,,
6dfa45e71686d432,,,,
f35f29cd715c4d6c,,,,
3495f00921b6631f,,,,
2f8514efa4868bfc,,,,
027a2a4e359f0c31,,,,
df19103da680baa0,,,,
72ed3a6e80a2c628,,,,
a6b750edcb0517bc,,,,
f793d041337365b9,,,,
5720086063bc7075,,,,
fbb0d454cb1003d7,,,,
2afaddfc5049883e,,,,
0ce9e2ebbedde128,,,,
0d6aef9bc327ef1b,,,,
9e4103851dc4c0ee,,,,
251db8db1869baab,,,,
3147d3c2f23eaa86,,,,
68f8d4c5893f3cec,,,,
58b4fe497908b5db,,,,
d03188806935003c,,,,
c47c689a3f0e6db9,,,,
1d710dfc61cb4a74,,,,
93d45d1d7eabbf48,,,,
bbceb376172fcc00,,,,
76e38b4cead6176f,,,,
26e4101f3e34e935,,,,
80ffcdfca1cca43e,,,,
bfead0187cd26006,,,,
71633d5fe13d62fa,,,,
79a6a5d9dbad254a,,,,
303fa12ce85a4303,,,,
8bda5ac3ea556080,,,,
1a951988ddd4fb97,,,,
30a211e604bec45b,,,,
68cbdf48662fe210,,,,
fbf347c668d6657f,,,,
537bbe3509558cdf,,,,
93004968e7901c23,,,,
72e69a410dac31bb,,,,
d6d548b43774f501,,,,
e245281c24758cbd,,,,
cbb01a6ecebd17ae,,,,
c4681580879d93fc,,,,
b9b910a4003e326e,,,,
336c46729b98f24a,,,,
9768f245e06ee259,,,,
bb7d03c221ecb86b,,,,
d445d416304ab6f3,,,,
6532e2ef3e087825,,,,
2c227686dc318074,,,,
61b80896c7b8926d,,,,
ef952102bdfa3370,,,,
639a1e097b29323c,,,,
b04e2cf6d8da1f47,,,,
25efbda6c56a618e,,,,
ae5223db9d688dba,,,,
6339090c5fe0b9a3,,,,
4dc982fe700236c2,,,,
8776f88764f3f602,,,,
5b82638456f486dc,,,,
b243d44b941354b4,,,,
05dd8a4cdfd077a7,,,,
b4922c8da0f722bf,,,,
96038517918d3d5f,,,,
c858e06d2f5b3fa8,,,,
8d0de81d5c29cb91,,,,
900a16b39071dd41,,,,
a36efd769c69a2a5,,,,
c3ab739c27252f9c,,,,
2690a1cb2914ecdc,,,,
e39ba5f09a891a4a,,,,
3cbf55fe11293d1c,,,,
e08df9f942eb70ca,,,,
8fc2cdde57735ba3,,,,
e3c193b6d3049347,,,,
1abed0de18a5da4d,,,,
44dc228b4a5b3354,,,,
e56f93b3fc1908fb,,,,
26141a22d19553e8,,,,
225ac5ef0ce83e63,,,,
de0f1cb5a0c5ef30,,,,
0ec0042adf2873f7,,,,
2ee8e53cd34d251f,,,,
76f013e97f030d04,,,,
c9e075b4cb5dfbee,,,,
585f4a2fe5dabf18,,,,
449d26f228822d22,,,,
990e15519c1a0fbc,,,,
cbddeab3038759cf,,,,
b51c4e99db4bb6b6,,,,
99ce83992d6e7e14,,,,
84511154b24fd1e8,,,,
bfb204c04c96a417,,,,
1942359501d577b0,,,,
b8ca111a642f5d3f,,,,
4a4e35358e8a2aae,,,,
af3480ed687ef254,,,,
753cfd2a15f1fd1b,,,,
fb72b0b9b2ab8d00,,,,
a642e23c916dc44a,,,,
a013ca549a532753,,,,
de8e627991033574,,,,
ea83e1297023a395,,,,
0bf35a0949f4fc49,,,,
5c9ada3bf40a1d58,,,,
94b7991c720f5c46,,,,
0c3ae5a43ce4dd38,,,,
d15a961dc2ebd7f9,,,,
b9fb554b6fdf9ff6,,,,
f4166f4bbdf04cc5,,,,
fe1caff9174975d4,,,,
6d7a34216ce9b2d8,,,,
eed2e3251160ca23,,,,
69888c679c7e7bb4,,,,
8ddf6a9507a044ed,,,,
71284d78d95ccb31,,,,
c7dbb46cc1022b1a,,,,
76c9e5e021c09d16,,,,
258a38fd465e9547,,,,
5b8bc4e6c6bb7455,,,,
7011f7105307452e,,,,
f56ea42f6261da09,,,,
84f77de2cf483cba,,,,
e0655657883a6ba6,,,,
eb0717e5a817fbed,,,,
c276ce5b1028ea3e,,,,
4b5fdc99c6ebfc75,,,,
d575b31f0c6a19a9,,,,
525053326ca4c4f2,,,,
f88572a979a5d01f,,,,
043684962eda1c88,,,,
95c589593ad81560,,,,
e871a38693bcfd27,,,,
fff5e58289601e9a,,,,
bfa4c3ac634ce9ff,,,,
b202338bfbaaed2d,,,,
a76abf81038b33b8,,,,
4640ee5e28efdb77,,,,
b5bb5794359f328b,,,,
d2821d018cd73a7a,,,,
e35377655a6dcca7,,,,
3fd6abfb6c412a12,,,,
47f4c1b7187b3a7b,,,,
23e98375a7992155,,,,
81e41304f00f08bf,,,,
c25c5c8482898d52,,,,
8140de496ea60a49,,,,
ab28e55880ef1e0a,,,,
cf242f52848b053b,,,,
9910902ecf5c2980,,,,
abf1af686a2e6832,,,,
e00a0848f6449f53,,,,
cf4bbd0b41c680f1,,,,
83fc83521f2746fa,,,,
f375c2cdf226aad8,,,,
1880707e8e5f30e5,,,,
3bc3d85bbd57653b,,,,
dc3a06f971e4e826,,,,
2bd87bc1d7354123,,,,
2d578579dbc6bca0,,,,
b9c7179c131befd9,,,,
41023652d969b5eb,,,,
cecc862d2a656b28,,,,
e1df9ca3ac2de7b4,,,,
921aa033e3cf79c8,,,,
170f7b9e14b09b7c,,,,
25701bd544a0c171,,,,
0e35930a06260322,,,,
fa9c5c2540cdc990,,,,
8ddb7ae152c435fa,,,,
87b583d3ce52a81e,,,,
b9d20f38c7141848,,,,
4ddf5220086812fa,,,,
be315df6adc95495,,,,
aa21e292d8893a91,,,,
89ce75fecfcbf813,,,,
05e8c7c1b00a2315,,,,
1e7ec8a444dc15f1,,,,
e2073939a2ad52d3,,,,
2654d9bc58fadc2a,,,,
ba798ae9123bc70b,,,,
3c6a9e00de3191b3,,,,
77ce4efb1b55c201,,,,
94eeef939e0e4395,,,,
424c5bf8015d9f1f,,,,
cc328ed3604d4dfc,,,,
ccfadd390dfc3026,,,,
5e4462157489ee46,,,,
df61853af0a0e416,,,,
1a36b1de55ea0667,,,,
50651eb156c9d0eb,,,,
c9bc945f6d8f834f,,,,
263ab5391cf35853,,,,
ad885309e76b86a0,,,,
1bc6fda8bf918b02,,,,
b130468f9a3f7c5d,,,,
0a77ba49899271d4,,,,
9bfbb858a7ab89a8,,,,
b24b07bc82227936,,,,
8f2b3682533e849e,,,,
913d5b18e0f70bb1,,,,
be916f95856de1ad,,,,
e95d7c8223d083ca,,,,
6f18370e757c35cf,,,,
4b233a1c987f466c,,,,
d889a1ddbc0d38de,,,,
af8d3cdebd8d2e0b,,,,
a8be45473a9d582c,,,,
185e44bc583195a6,,,,
5042fcf3623ba5cf,,,,
c8e1edae5dfbfeb9,,,,
0997bba36f733303,,,,
b68cb59887175316,,,,
f14f58cedd43e237,,,,
f8d2016f4b4883cf,,,,
e0a60b2aa8992e15,,,,
c6cb997c1e3854d2,,,,
fd65511c16ee3acf,,,,
988b3b06b71f43c9,,,,
ebc2e7a75e2c3236,,,,
cd5e3f34d429794d,,,,
1305289b3d35d61a,,,,
ab1a7454ea65467f,,,,
ea446798f0f7cbce,,,,
a7778a6894e0938a,,,,
8a842a6d19e8972d,,,,
a1433ea399f845b0,,,,
620489f5a671a1a0,,,,
5fdc124aac628b50,,,,
03a082f6a31f6bbf,,,,
3645ad510f3f094a,,,,
2882da607a833664,,,,
6c5453b2681a8356,,,,
f6dbe96b79cc585c,,,,
d4c704916f061ae9,,,,
29d1904d781589dc,,,,
ea08d649e6775212,,,,
1b7b5f60a45893cf,,,,
4a6d3dae9447e910,,,,
c60a3f9a0f1b7835,,,,
96a19ae6193da990,,,,
475db321e1665e41,,,,
62feecf293043823,,,,
ecde58dee029e867,,,,
86ba8c9f9eaf78f6,,,,
04dda1cbf694c5f5,,,,
3bdfd16d1388ae1a,,,,
446b4ff779d7c92b,,,,
a2ab1862d975715b,,,,
3d00e5363072b98f,,,,
3858c469ee02f78b,,,,
37bcecd3b466b03b,,,,
1891bb71e99959a6,,,,
02c9b5d04fc0e4ae,,,,
0486340563cf2ace,,,,
cf6e6092669d4085,,,,
b938fb98940f0143,,,,
dc56a74ea720bb57,,,,
d097ac2ee653e5d2,,,,
25fa44cdd92da8ff,,,,
e9db0f9f5b77116c,,,,
dfe1021f99eb605b,,,,
b351f82f12315632,,,,
f6a7b8250576ad87,,,,
293756eab9418bce,,,,
b79045318010357b,,,,
70d94cd63ae839de,,,,
32bfd8a37dd1cf7c,,,,
e0dd3f53313de8fe,,,,
aaa8000ea8954e8d,,,,
53bb350639c091f9,,,,
44c8c306ca6eb552,,,,
162ba1c2df6e5f5d,,,,
04e741cb85fcef70,,,,
d6ea5b86437b40ec,,,,
4ae8e697b5b4fd78,,,,
aa8d2562ec16eebe,,,,
7bf70aa8f5243803,,,,
b8b54db5687fb941,,,,
efefd08c1721e6a6,,,,
6102dd1ed621ac24,,,,
c9b70417dcb9ebcc,,,,
867e9936a77b174e,,,,
2a593cec6d59d778,,,,
7bb0bed1626fea81,,,,
0ce384f5f5963cb7,,,,
544aa28a4ffd9150,,,,
fa5638f48e65476b,,,,
b30bd2ced76aa5c9,,,,
e5da6b689a643ac5,,,,
90e11ee7b46e1384,,,,
f26a2374a362f15c,,,,
51132b176ffa4f81,,,,
e066e6ca3be25871,,,,
c6de16d49b93820f,,,,
a62ef3660bef04c5,,,,
bb5046b46859a0d2,,,,
865b3d51130588bc,,,,
36092ff586dac226,,,,
427d6dcfd67da44f,,,,
b33daa6e28622f80,,,,
ab14c03dd38d111e,,,,
0fcf98af7372dd7f,,,,
146bc0e48a58cd43,,,,
31de2b473f347539,,,,
43260d419e830bde,,,,
a81ce2c5c8340eb5,,,,
8a4e07aec792af58,,,,
9176ad05a7b0c9cd,,,,
4a7f48c3d51b87be,,,,
589961b2e2b364b0,,,,
05cb8461c39d0f36,,,,
dbfbf2697ec52b07,,,,
715b7b1f40a55693,,,,
0718354b71b7447e,,,,
3a3dbc8878f591f7,,,,
3df9472ac14602e8,,,,
a90bf4adfdc53a2c,,,,
fa9757e2102cef3b,,,,
5fe59130ee75c906,,,,
9112cd665bbbc46a,,,,
11f005ca41230f42,,,,
2ade074e8dbfdf15,,,,
279d90342931b3cc,,,,
7b151bd34c28ff13,,,,
2a30bf988d65ddd0,,,,
d3e9f08c59b1d067,,,,
7c818d709409fb16,,,,
5660c815f8097ca8,,,,
121cb964c7d67375,,,,
2865d7a784f79111,,,,
8c085bf51e476696,,,,
1de95224e9607a2b,,,,
22e29e98bbc49b74,,,,
1496f8e0f9421971,,,,
6452f06c6edb3985,,,,
8ffa54ce95bb511b,,,,
c6b456cbd5ecedea,,,,
b32e155831ce032d,,,,
377d81253f070b84,,,,
5c72e7835517453c,,,,
1c132f380fc54f7d,,,,
60bb02b3a3aa138f,,,,
92b9e0ec556d06f6,,,,
3c360cbc34812bcf,,,,
72df15bc04e5a7ff,,,,
fc0e4c88dc11978e,,,,
7a9ee093763242b4,,,,
277555592bba03da,,,,
9c506e777e18df4d,,,,
9141792b57d2ccbf,,,,
445cc903f94a84e6,,,,
71de1ac4192b1274,,,,
e80f15dfe94054a7,,,,
528870f505608542,,,,
eed00bb7b17fb9b9,,,,
ea606d222bd1d38c,,,,
f972304d933c5c6d,,,,
cee91e76a54e12a5,,,,
7fe07a7c7acf948f,,,,
8845d2779c43eaba,,,,
fabd672a1e736078,,,,
a6e937dec9f3cbf7,,,,
c16d878a655367d3,,,,
5f55fdd95502e837,,,,
03df3599aa57909f,,,,
3785b8abc0a13630,,,,
554b2a424e706554,,,,
eeaad6247d6394a1,,,,
037c9a6c0814cea1,,,,
17d8b3e220e77230,,,,
71bf86f88da7c2e8,,,,
4b9d4fa2fc8bcdef,,,,
f9fdff458cebc81e,,,,
d322eda0e3b36aec,,,,
c0a380a8db59fb94,,,,
85ca1a1237c259e4,,,,
4062dd7a4eb79cc2,,,,
38761d9b3f94aef0,,,,
96350d349829dea5,,,,
48ba00b06b927269,,,,
479fccbcec2318a0,,,,
a3ce90f4a726d011,,,,
f3d7e5c87be33d18,,,,
a04ab77e33313cad,,,,
6ba632ef1f9aff63,,,,
9502cc83bd35005c,,,,
70c969bfbc491d02,,,,
bd1714ad631db979,,,,
17729e2d79bd12d2,,,,
eeceef93d186b507,,,,
f95096fab9d356bb,,,,
c353e8f3a72aec8c,,,,
a7c63be1ce9b5558,,,,
b459e469b482740f,,,,
5b8b0de334c19046,,,,
feb7713f1d7dfc4f,,,,
0cbddf9b9ffc2795,,,,
f6100ef2c4d78419,,,,
c78597e855c2618d,,,,
2debdc6d092c75e5,,,,
0b85e504570795ad,,,,
a681d5d5722e16b5,,,,
cd2d646a32208359,,,,
cf261a733b392968,,,,
de00ffeec73e7587,,,,
89e54a994621f765,,,,
2f888e67bdae3e50,,,,
77cd5bc07787bff0,,,,
485e120c587fbe08,,,,
6f1970ab53438989,,,,
15886f4ea219de30,,,,
5d0f843cfb24f42d,,,,
b0cc7e1e17bc116b,,,,
b75ae2b05af96542,,,,
4f31ace60c2b46f8,,,,
068069e6cb855a37,,,,
4844ad5d39349b7c,,,,
59c0e406499df913,,,,
0e3bbd0ed0887cd5,,,,
2812cd00da756a6b,,,,
4e4db51a84bd65ca,,,,
b412e59a32e1e63a,,,,
242a094d5144c3f4,,,,
6777c7c190b9d9aa,,,,
4c6b22ff2d03349d,,,,
94cc4ecff60dedd6,,,,
33fc9392cd66efc1,,,,
ef1867fb32fa8c8e,,,,
c1dbdf5a93d8e82d,,,,
2c9e13e17ac6f0cd,,,,
adbcf4baa4c2391a,,,,
5f21602e3f2751ec,,,,
f0c0a993b002c76a,,,,
80f01a7b6952a7b8,,,,
e8f5a7516d625c92,,,,
1ddc0b51d608198e,,,,
d227e05fa4568cc7,,,,
a3b3dc551fbf04c4,,,,
19ab03ebaf0b71c1,,,,
3ca13b0ed8e89d01,,,,
e016a5f4f36f1388,,,,
1dd1d31aa660c2c0,,,,
fc96798bc600315d,,,,
2496ae7674df21e7,,,,
1e5c91b06d8f4c9c,,,,
415fa69b7cfe8bd5,,,,
341ed482d22b6dfa,,,,
c83856d261388937,,,,
9ee06f68a06a903f,,,,
c7f14c96ddc61010,,,,
3e096f341c44eecb,,,,
1bc168cab12c0966,,,,
4cf752471d22930f,,,,
0327deea70eba59c,,,,
494581ede7184546,,,,
374094a4b91dc642,,,,
090c14b68a9b9749,,,,
7c468b35955eef92,,,,
824a3e22a33482e8,,,,
cc73c0be033c21d2,,,,
cc0d6ba9d05202ba,,,,
41415d97bcd8937b,,,,
aad26cd21a68155c,,,,
23ca3a2baa7d0a30,,,,
f84edc147797fb84,,,,
aa73af687ff4d602,,,,
48160bc213edfd22,,,,
31c6503eac018024,,,,
0e90c541cc6c0cb7,,,,
eed57df211bed65b,,,,
05b226d4b6bc7307,,,,
2ee02d1b92731119,,,,
f4f4254f40bbac38,,,,
13eff3efc5ffbd67,,,,
bb5d67b958c51a89,,,,
55b2230c33b02762,,,,
703be6efce073a49,,,,
ba6041a15a442ac9,,,,
abb9a0ac7508a050,,,,
ca7db26cc7e5f845,,,,
c64592ebabbf9af2,,,,
0aee55f922872a3d,,,,
1ddd7d56bc54310f,,,,
e7611a1e68c4f103,,,,
de81f5d5a1df7579,,,,
69105d0113b41e20,,,,
a0586829e3b9d060,,,,
e65b41f47aca7103,,,,
6b912d2f08e20ac0,,,,
21a640d64a362ce4,,,,
eea6ab814d30465f,,,,
20e2bdc52b7fffc8,,,,
75be5162572147e5,,,,
36e3b2c2ab39f8ef,,,,
7eaf6a8eb9a66f68,,,,
5944f5237658ef3e,,,,
e2fe91ee54dffb39,,,,
cd79bc6f51633eef,,,,
f6e6305cfe64aaa2,,,,
e6b879f2de5a5814,,,,
fec0b6188b120af4,,,,
288f85be2db37bec,,,,
ec52ccf473df8730,,,,
fe0854a67c570f24,,,,
5614a06f748287f6,,,,
5fba8c17e5ae9905,,,,
71c2085da3844f69,,,,
fe90203c60a31f99,,,,
cbbe427f00499206,,,,
37633f2bf485df1c,,,,
946b2ac13d3268fa,,,,
e2a78701f74cfa89,,,,
b59db2ba1111a9d7,,,,
b8bd26f323318e20,,,,
6f89c7bb07c4e4a3,,,,
56102161655d2bef,,,,
142515319a576bfd,,,,
02e309ec5c023224,,,,
772a7a7a759b4621,,,,
fb3621ff7fc6b06f,,,,
0257d1fab862acf4,,,,
3651335e9c60b9ee,,,,
d162eaacedcf6e75,,,,
ee724ee53754aa24,,,,
1f23b1628e6edd66,,,,
15b22ba018f78ade,,,,
38bb96372fc74295,,,,
e2ba6c0fbe95592a,,,,
2f4817828ff6d9ca,,,,
d94d0f4cdc47aac7,,,,
07c878940556b294,,,,
7801857f98c651c9,,,,
d63bbd994a93c836,,,,
d7ead3e7a6e2d674,,,,
9eeb83049033c336,,,,
e1067612ee4dec1f,,,,
b057898dbfce6029,,,,
789b06a86a4e2b99,,,,
4ff4857f8b8b07e9,,,,
14999ac9cd63e565,,,,
3a3986a24740e041,,,,
2378ccf310f4d6a5,,,,
b3bc9f3b27947719,,,,
e49b44cf72550c79,,,,
4fa9cdd221f94e92,,,,
87b611d6443162e2,,,,
e07ad9decb5d55e7,,,,
cd0ac7dc22d66186,,,,
1b347f4d4df15cc3,,,,
df81a712f0322cc9,,,,
f228e3ed5dcae942,,,,
6b34496cf65f3de2,,,,
733a53903a157431,,,,
dfa18e706da650d3,,,,
4c10739acbdb4edc,,,,
f6e2cc1b3bf9a453,,,,
ee97c29ae4940ddf,,,,
3d83c75b6f67b976,,,,
c4a3af7e576f037a,,,,
b8f641b863a24905,,,,
2e9f7cf038f1c686,,,,
421580ec6f3abcd5,,,,
5d3a6adc9474986e,,,,
81fbda83cff7e149,,,,
fa86ea569ce3a0d0,,,,
5910bd1d15c8e694,,,,
f7e3c361abdf319d,,,,
8cdb6606a2a0f3b6,,,,
6de09107c93a321a,,,,
a16cd9c2dddc054e,,,,
d5d83d6e7603b68b,,,,
0216c821133172a7,,,,
af465544153374f5,,,,
a80766387522ceba,,,,
e7f33ba5d2e7ce1a,,,,
7427d43746d63a5b,,,,
dcc673a73256fe90,,,,
1154d93ea723ee96,,,,
4daef50ea0becc8d,,,,
1db3317e34d4a10a,,,,
3a9f3ed08b18612d,,,,
85affacb647102ca,,,,
f88bf3738f8ce12d,,,,
b9064a03455aea91,,,,
b08564f51686317a,,,,
f5aecfb1a98261c7,,,,
0fa89ddb19a027c5,,,,
ac72c4170db142f3,,,,
001c958068560121,,,,
c5f4612ed6bc42e4,,,,
33d1dcf85e840e91,,,,
8e8ac0a89bb37e7d,,,,
cf1f09c0338664da,,,,
bf7d6302b281e782,,,,
fd4ad8f233bba0c7,,,,
e011a4e3a2125c35,,,,
c284b275989dd43f,,,,
4b2e2cfbf1e00fbf,,,,
d8b43dd5cf863a44,,,,
50a7835af2837bca,,,,
8b13227dd6cc20b3,,,,
ebd37c417b389dbb,,,,
0e68fce7f7c48b84,,,,
3aaa4fb0a892f1f4,,,,
4bb85778fe6718d9,,,,
5c2336b893edaf96,,,,
901882bb0893c770,,,,
1dbab4a93a35ba76,,,,
16178924074e34ab,,,,
ddd28792767baca9,,,,
e823c01671f77cc4,,,,
ec9dce7cdb4d66ef,,,,
a8734944e80aa0ef,,,,
f77d59436e3bbcb1,,,,
18fa291788b94710,,,,
4dab604a4601b2b5,,,,
06030e6f872baa34,,,,
4a9a5cae42164b03,,,,
e07d7860c2d681b2,,,,
a75e867c72671806,,,,
c190c259ba875364,,,,
1d2ef161683b2953,,,,
e68c42152d3b324c,,,,
dc821d76bec44538,,,,
3bc677e003451927,,,,
14a0dbc7162ed61d,,,,
cdd4ef76425e558f,,,,
31813148204f5da2,,,,
d04bd9295d5a21fd,,,,
5e411b11a34904cf,,,,
a1d3430a0703b512,,,,
960592018ec1c3d6,,,,
4052668315a57f57,,,,
c900e24f22d7ba03,,,,
04d1adaf47de33e4,,,,
364a02001cf5f59e,,,,
c417a104f9dd3218,,,,
7ce8481f12df39e3,,,,
73e253b70544090f,,,,
b9a853ddf764f032,,,,
e109510bb508deef,,,,
103a2f7f5fa857fe,,,,
13ae66b0c4f8c9b3,,,,
b81237c4d1dfe335,,,,
9299276f0417cec8,,,,
852cf04845dc188f,,,,
993f984065b96540,,,,
e6a7b54f519cc7f0,,,,
d3d7235cf43d1cc2,,,,
85592339793c3b9d,,,,
fca16505d9a4fc1b,,,,
2389d2196093a86e,,,,
96da598fc04ae906,,,,
ad261df9ce5b71cb,,,,
e6324893dd357571,,,,
fdb102af41c2bc64,,,,
c23765a9cec69bef,,,,
84a09e52a0feb633,,,,
a3c41120ba6733b8,,,,
129ea9462043ae91,,,,
db625969e77efcaf,,,,
859fed6e5516aaf4,,,,
f0c9133468fc469e,,,,
3a52e0d006dce530,,,,
d50efa938453b0da,,,,
b8b6bf7e606ba07f,,,,
d6a566e57f337f1b,,,,
8d21f57eb59c2c14,,,,
0ad58cec9ea1db2a,,,,
4fe9a91051ed511a,,,,
cbd827c99fa488ce,,,,
6156202f08ae7ef4,,,,
b81814cf53aaa65d,,,,
659623999d020ee2,,,,
0d89eea2564bd951,,,,
0ce80e8c4afe2467,,,,
22a1f7344482be7b,,,,
3a7a097acfae24aa,,,,
74ab74b819ffb59e,,,,
60043c9b8b6cd8bf,,,,
a2c035443daf5e66,,,,
9d587dd084d5fc7a,,,,
e097383c4efff14f,,,,
24b7ace9c710eaed,,,,
470ce7d89045635e,,,,
c2c737edf9349a89,,,,
585596e0ee8e68de,,,,
bd1990cfede76850,,,,
5c97e3b1736c8bbd,,,,
ecb4e324de5f50df,,,,
4e4a94cb75383aa0,,,,
324fb6fb7531b5cc,,,,
710ba0c4590a31cd,,,,
b72c7404036da7c5,,,,
6ba844c7a23ecb83,,,,
3753ea992426616d,,,,
974622c037befb64,,,,
4297a484dfa879e0,,,,
e32abd76dd3c54bc,,,,
dfd0d43c41ad9ded,,,,
00fc14784ab8858f,,,,
e1a0f4a3e781fc3b,,,,
78ee679aec0f828c,,,,
faf3c81fe4772281,,,,
17e481a8de5ff8e1,,,,
b5e4692030a02ea2,,,,
59921e6247c8d2c1,,,,
12fd277c986a337d,,,,
9139fe91ad4c9aaa,,,,
9a8ac109d30bb9ed,,,,
ce6944a96ef30065,,,,
c70a2ccf486eeb10,,,,
eb5b542243050575,,,,
b920654c6022a06a,,,,
940b7ae5c472cd2a,,,,
05a4aa1002dc823f,,,,
e1db77fe5d44eac8,,,,
e752fbce3778014e,,,,
f83bd5fec320b73f,,,,
ec5b91b91f2c702e,,,,
a45a7d906bea793b,,,,
e6ebb4b99bae2d6f,,,,
a1e7bd6a50f944a9,,,,
5f82c45f53b73fd7,,,,
35f64cf756b2ddff,,,,
5909f68f7270fd94,,,,
49aa6bc0b3abe5b5,,,,
5a31944b2a8adfe6,,,,
a760a4ecf536583f,,,,
6d3aacd829f3bc48,,,,
4946673cf98f54d2,,,,
7991ba2726c20ab3,,,,
8076ac474884070d,,,,
c9afe19624c6d98f,,,,
1573a15a17d9c09e,,,,
c0fb8589a1a57b13,,,,
e57812568ce85903,,,,
c82e01461246df41,,,,
fac24c257f1ab13b,,,,
23577decbf4c1b70,,,,
c01db8c511ae5337,,,,
78d708c188ba4af4,,,,
051dccc8df5fce36,,,,
2f387c0e61db18bf,,,,
3d6be19b76860690,,,,
72345a10fa0108c2,,,,
0b59b36d6db992da,,,,
6f494a86749fba53,,,,
bc69ab4b2b4af6b8,,,,
5fef861ab4ecaf64,,,,
65ec3c4eb6fab6f3,,,,
4fb6343948be553e,,,,
e5769fae94dad335,,,,
20cfcef94f4de648,,,,
b0b49345a41cdb62,,,,
91a7ba16049335d0,,,,
fa7ce23df9bb33ee,,,,
9f35ebefa80c312c,,,,
a0c6372b9e31f430,,,,
43b2566325866fe5,,,,
44b2a1bec452a063,,,,
0156e1e8fc529e08,,,,
b7065bb0c45e629c,,,,
41ba681c11f59a15,,,,
44c17c924ecda632,,,,
f2e672c143a92491,,,,
7834f0e00e95aa54,,,,
e011aef6c9e37dff,,,,
7727fa0c316896e6,,,,
3a6fd0edd81725b8,,,,
7fde1d5c818e4674,,,,
12f76e978d1cf5a3,,,,
6aebfca08b4f47ec,,,,
859c492e08196eeb,,,,
880367a302efc704,,,,
1e6ee088bb366f3f,,,,
d97b94301b823b49,,,,
d4ad47df259b48fb,,,,
82c50081254007e8,,,,
fa885c4fd7115e13,,,,
331c50ce9d2cba37,,,,
f06a03679b2384c5,,,,
feccd550f6bf4269,,,,
0f011cff670b24a1,,,,
4295a17399d17f75,,,,
fcfe8170f59832da,,,,
8038758afd20892a,,,,
77ec638931e013c9,,,,
cb8a2a6ebf1139ce,,,,
65b05e58c90ab0ae,,,,
9251b88e4d08f8bc,,,,
3224ce5ef34ab900,,,,
b72a88cf484db7d7,,,,
a0fca76fd3585c89,,,,
6f973c382b65c559,,,,
aa0e7ca7e246c0d3,,,,
e629b0cf346f6e66,,,,
88ca77fa9b51282c,,,,
9bb5b8c545c57c8b,,,,
286b59c3a7ccc879,,,,
366dfb901d5511ac,,,,
bc1bb1a448144a7a,,,,
fe996079df92989c,,,,
847cd0295c552b7c,,,,
4097882935ecdb1f,,,,
a313e4702456907e,,,,
03c9c63d58593472,,,,
a54701d151be0b5e,,,,
509c4fc157e62d0b,,,,
41b50b2812509ab8,,,,
4c238061b5e83598,,,,
435abfcbeac48391,,,,
9e2a157d2febdcff,,,,
174b1c0f46bb725d,,,,
a732822c48515819,,,,
ffddd42675eb18e1,,,,
fbf954b480ca2155,,,,
463e3c43776ca63c,,,,
4722dacfbc718447,,,,
96ef8d4d4cc486e6,,,,
82eaa1b49324541f,,,,
dc8e5d8df59aff81,,,,
1654bd8ee968d3d2,,,,
42c66de52edf6e1e,,,,
47cbe6d385523071,,,,
1fd679efeba81548,,,,
32b7fe947c7cc2ec,,,,
d64f1c3fb497b5ad,,,,
24723071d8055689,,,,
b7571cf2fdcc92ed,,,,
289f6035a680182a,,,,
b79669ef2d9a20d5,,,,
9a0bb5d7f1c34230,,,,
667de4142fb4a277,,,,
7e229085559960c1,,,,
680a0bba9ad66ea3,,,,
51ee140f4d9c78a2,,,,
b2b978ba91a8e556,,,,
b02e6ca982c19069,,,,
066c5718970323f2,,,,
362700b25f90e81c,,,,
bbb395f9fb1e2dc4,,,,
03c29005bc477c31,,,,
c07ef9489b16bb3e,,,,
a14e84ce26ff0109,,,,
55354219eefbc8f3,,,,
f9ac67905cfc0899,,,,
4d6a8058dd26091f,,,,
5ea2ebe315035f9e,,,,
bec5df862178c58d,,,,
f0311f1cf48d05ad,,,,
205baa776aecadb3,,,,
06f0fd4a7d0725ac,,,,
780b891934bd72f9,,,,
c5d322904f7bec81,,,,
49f49b6ec60ad808,,,,
19bc38fd8ba8a05e,,,,
6089474ce9391c4d,,,,
46b43b4d3f486db3,,,,
a639e3f71f2dd34d,,,,
0b1ce9ea031ab105,,,,
0e894804bec8ddb5,,,,
7b0ecea2d4da6bf0,,,,
e8d03190583a70c6,,,,
ec17250f443d8c83,,,,
89086afeee89c684,,,,
663e572551fd0149,,,,
e5392e26eb93f3b1,,,,
11c9ecd7a50d1d38,,,,
d2caef968dd98a34,,,,
8c49704c01081291,,,,
e4fa18b6c2a005eb,,,,
4e5c835554c60c09,,,,
5c833c9b2e43190c,,,,
875cffff66586c1b,,,,
4aa0bd2d460066c8,,,,
cf0995cb6b4382ce,,,,
6eaa1fd819e85c18,,,,
2bf26004bd821849,,,,
d71658c8565d6357,,,,
521561636467cb50,,,,
e7034e08ac05e30b,,,,
e1ceee0019fa5207,,,,
17ab7cc3d82d3824,,,,
ee3a01e4f71f8202,,,,
c3643abae4bef58d,,,,
476279dadb2887fc,,,,
55d300ac845218da,,,,
cd6d47f48b408fe3,,,,
d6f6cdeca2e77f41,,,,
5d7961efc153cdde,,,,
a6d0804d8cb450b1,,,,
39a6c5abb42bd2e9,,,,
a71488664c81e7a4,,,,
aaaf5833a7cb05ba,,,,
cdcf417139864037,,,,
d4be5465f30a7439,,,,
5a48322f55c51374,,,,
560e5572291584a2,,,,
7fd386ab976803dc,,,,
c3dbfd72293c17a1,,,,
ee2fac1395fc8038,,,,
56d1568748ebfff2,,,,
aafab1637cecc7b3,,,,
7125a77755b261f0,,,,
62bf89fda850a729,,,,
649346a79d88f84f,,,,
a4765978d60bd31c,,,,
62d30590e6e23ea3,,,,
62de61478b216b76,,,,
e84aec7abccff32b,,,,
72ce7b9ae2035c9c,,,,
9270caba02f2fca9,,,,
7cccac5836fb99d4,,,,
9d2033b838ae14ab,,,,
55f86b3cefeaf3d9,,,,
c225df21624a3cf1,,,,
075f46ea9115c9ab,,,,
17e685fabab8b89d,,,,
059f37daf4dc68e7,,,,
53acab7c2d0a45ae,,,,
e98eb4dcb07ae12d,,,,
df09bea5789ac3aa,,,,
b0a0b5e89c2cbe3a,,,,
12158a56cad9ac4e,,,,
ec84e7ba0f5e6acb,,,,
f71419a4cdc4783a,,,,
f544c18a17b7644a,,,,
3b5e9927d919de00,,,,
d61cdadbee297efd,,,,
885d1b46c0c62dc5,,,,
6f2cb39b5c176e30,,,,
e5095b9cef371bca,,,,
ff034a4002d45750,,,,
7e4ff1da74e8fbf1,,,,
2d97b8b2a4ede46e,,,,
996d0e7844ccae57,,,,
89ba3d030e39501e,,,,
1f6c9518395a260e,,,,
976c96e709558a56,,,,
8f3ffba1af8c1b68,,,,
b4ea74bdc2fddf43,,,,
380ae3fa56e73b77,,,,
f09a8aed7dab03a1,,,,
146a867dbc4546e0,,,,
b9f533ffb76d504c,,,,
1d5fc6f04efc1f3b,,,,
73dd675a1acd251b,,,,
6c1b923b73f44247,,,,
5f2db372103c744c,,,,
aa0ab8451bb8a525,,,,
59ba57ac48e2cf7a,,,,
3840e3d20fef8af5,,,,
9ad96930159ccbe1,,,,
c13ea7c72f4b1782,,,,
bb7edda77677b9ca,,,,
a10cb253b0e6284e,,,,
d3906f9d6a0f4da2,,,,
1127eddbdfe0832b,,,,
e1fd42e2d85af669,,,,
5278d5abca16a705,,,,
e729e62dee43ec0c,,,,
6c6b936401d4afbb,,,,
8fbd1d063da39625,,,,
b1344af5b4d288ec,,,,
d6678bbf7c6c1683,,,,
da9dd18acfae88e5,,,,
99412ab2385e8558,,,,
6dd4711c11b2e1f1,,,,
3febe42df6d9d41a,,,,
2f3aee701fcda811,,,,
3583dfdd00851111,,,,
ed06d072b312be48,,,,
7705da259f0f27af,,,,
e6b70cd7ab0e6ace,,,,
36061e2ce85a6cd5,,,,
fca17a7c5588803d,,,,
abe9c30a9d4a2d3f,,,,
c91cee2834762f7d,,,,
f74e7c80d0ff30c9,,,,
2c3487d8cda60299,,,,
13f3caf7dc741e9d,,,,
a01070aaa75e0672,,,,
1b55173e33154f30,,,,
5fb46ec867e72baf,,,,
48fdb5b198ab23c1,,,,
021d8399de3d2d3a,,,,
9aafe21cf82116ac,,,,
4025b134c20e6184,,,,
a0fd9c779ccd3a3a,,,,
e02276aee8ede595,,,,
1f831dd7bc9173e2,,,,
07ef8e2ec1e5f218,,,,
17dfa07f0e86392d,,,,
737afcc92d5c7abb,,,,
70f279598dbf0800,,,,
f847c39a2a9caab8,,,,
e78e971c6f59edfb,,,,
2b3a9c94c56d3f10,,,,
3eca097286c41ef6,,,,
899c1f0a31632d1c,,,,
f44ecbb904544f80,,,,
77a9409c91459725,,,,
b83440882fc20f90,,,,
affadc51a9ddac65,,,,
5b79ed905d5d5530,,,,
f65cb18f68102946,,,,
80b6049b848a489e,,,,
b7c48e3425bc0574,,,,
9b4d27b3f9a2c9c0,,,,
ac1c74d8fbe09f89,,,,
d0fb5c2f9e1513e1,,,,
92fe9526e846d098,,,,
837ef84509db5180,,,,
1c68748c6cb7f2dc,,,,
d2da1a019494d25c,,,,
ea0d08ecb0f07e50,,,,
393925e92923453d,,,,
18c82d9f812a1e4f,,,,
0d12397de9b440ad,,,,
7ec6d32029041885,,,,
2652b2278c4b27f7,,,,
0f6e8a777c8bb0cc,,,,
f8fd80a5fe0af184,,,,
4f7fbe0f52a33cc1,,,,
40bb5e3e7b3b43e6,,,,
50cea692ae87be9c,,,,
6ff60ecb193897df,,,,
7b800d0e01e19d93,,,,
75be9e36069c4b47,,,,
fc2e0a1107041abb,,,,
c36bd3db32f7baf8,,,,
7a685da604a3dc04,,,,
04cb088a27ebfca1,,,,
ce4ca25168ee5262,,,,
14989d3fd27215b6,,,,
1ff799d1567e34b6,,,,
ca18663fdf4e9b3e,,,,
0b219f87a3b903d9,,,,
12afeecd57d81820,,,,
c08c7b887427557e,,,,
8fb82d9e95aece3a,,,,
ca107a19e507193a,,,,
3d9c84bff4a58120,,,,
67bac4f8240d768f,,,,
5a4c65167a55c775,,,,
14df9775ca2da08b,,,,
a2643a72525a2e00,,,,
1fdbf831047078ba,,,,
da45c97336261fb9,,,,
20afc2e1005652db,,,,
4a7e391b1a4b0951,,,,
a18941aaf9955c3e,,,,
d5cde7ef739f4fe6,,,,
9e9c7f4172a47dec,,,,
20c8f27bfda93155,,,,
61f4c1189b539ca6,,,,
607b4b39fc07945b,,,,
4acb2cba2160efff,,,,
5398592c7080cb05,,,,
36fc3bf35fe31ff9,,,,
665828b8bed37541,,,,
b9ba1649a093129d,,,,
37913d326f477413,,,,
b928fb1adb052ebb,,,,
62d48fccb5f3ff05,,,,
e7ec39db892c75de,,,,
9279e938e56abe9b,,,,
6384ffa09a1689f1,,,,
d2246fb248419e5e,,,,
136a3629814f429e,,,,
08307d4dc151342f,,,,
d28557e3af7b70dd,,,,
a9eebc14f0784e2f,,,,
b68aecffebcedee6,,,,
ecc234723c706725,,,,
af54943efa87eb03,,,,
5a243d494399a503,,,,
72f81665a1cda70e,,,,
3a0909ee36446d3d,,,,
e06cbe56b9788e83,,,,
7c87f45ddec7bcab,,,,
41138e5a86b01278,,,,
76bd47803981898d,,,,
5a5b6c8e271884aa,,,,
24ccd4d5cc828865,,,,
48596f09245a62b3,,,,
b96817a24b1f55ed,,,,
60667d894c6ee5e6,,,,
32bd4f8549255045,,,,
ead1ba01f7986d16,,,,
8fd2f91a62a6a369,,,,
9bf1755d26292c86,,,,
e1e16b6997cb0367,,,,
5e98494679931b4a,,,,
e8bbbdc90dd88292,,,,
b51542f962f5db64,,,,
abc06ffee7a08924,,,,
7b5210d6d218490b,,,,
44e758d60ccb6a5e,,,,
3cfc702bec59ca3a,,,,
c4caa9156ddd7f19,,,,
d0d2a803e02948e5,,,,
4c4e286eccc510be,,,,
9c54b74496a07e4d,,,,
157c4970e2f001f6,,,,
14c01461d2e78e5c,,,,
400b23f33307c630,,,,
43b2f5802a5c6d91,,,,
928286d593b5528d,,,,
b8c7e7fd099c603d,,,,
3ffd0ac8f538f248,,,,
394268f0928e8e01,,,,
41da3be08124c07b,,,,
033d6960c19d27ac,,,,
fe0ff3a914f6da9d,,,,
87a2a6e0b755ce47,,,,
724852584a326148,,,,
1fa56f9e01e4633d,,,,
15aa2085a0975cfa,,,,
d1e13e10914d2ddf,,,,
1158b90a87c868c7,,,,
747d10673e589275,,,,
5357a6b130685875,,,,
db0c6f4745db4731,,,,
4d1ad33eaffd206e,,,,
a46449e49eaaae25,,,,
0e2dcd876e97ca6e,,,,
f1feb32b163fcf27,,,,
db2cc6cb66ee33c8,,,,
77c6662fcd408d91,,,,
4d4ec6fa5a057139,,,,
1bca7c668c481764,,,,
03c9119ac6cad700,,,,
a027a341e78dcf6d,,,,
f2c416ebb8a1491f,,,,
29d4893db7d90f2b,,,,
87ee32bbb57558c6,,,,
4055fc63273a3628,,,,
208536a1c7950efb,,,,
8b704a0251cb892c,,,,
bb146da114455d9e,,,,
5d0b0dc3dbcd6533,,,,
063a0e9621580e67,,,,
47d13a895a164e02,,,,
4eb4f49cf7411271,,,,
31d76b068499d967,,,,
39778f36550427a4,,,,
208511a3683c7beb,,,,
50467c053d5f9384,,,,
f751d20b956115cd,,,,
e03d9a67c28e4335,,,,
532ab45b69d3cf02,,,,
37ddf64ce0142a27,,,,
1aa31fc8217c2056,,,,
bec9fb9185db11b8,,,,
e4ef323c5f1b3cc5,,,,
20b22dbc43e624d1,,,,
dc705d9ff7269cf8,,,,
9358f5e4fa021c38,,,,
56f7b22a9e6333a7,,,,
ff11468e2ce570e6,,,,
ed30f007a0d8b1f3,,,,
ce3dafb93f0d993e,,,,
cd006d298231d7ad,,,,
b0aab84122c588e5,,,,
11c4fcbca5218ac7,,,,
fbb4dfeb605aa7e0,,,,
cddab123a5a5a70f,,,,
d3b92e7c1f37d843,,,,
32319c22c60ea2c6,,,,
ad439c14ba32aa97,,,,
2d600dae4fe20db4,,,,
9fd51c2fa58b2fbb,,,,
7196c7d9cc1fcdcb,,,,
6c29c7faa95016ca,,,,
823aec82beb1f8a7,,,,
d0c322b315dce13c,,,,
98aa22ec71bb0d34,,,,
f25e180501101495,,,,
15841dc6f4e57618,,,,
5373c904383809cd,,,,
aa9fd4a93c43634e,,,,
104f772d9cf28a22,,,,
88acf3d0cd16c4e1,,,,
ab5bb366d6100eea,,,,
649401ef21f5c263,,,,
0e16ffc3389bbc6e,,,,
94dcf4dd14888fce,,,,
b064e813b37a8bcf,,,,
3531e8182dd18c5d,,,,
2d8ac8868ac0c4f6,,,,
e3b67e9c25e51e5f,,,,
16fc9c412d238e1b,,,,
2d97c749b991a850,,,,
fceac5d3ef381fbb,,,,
815663189a596f82,,,,
fabd750ba11e43e4,,,,
de334b3fd0e26828,,,,
8613d8a5e819a306,,,,
482a73ee387f8785,,,,
e6013c4cf1ca088f,,,,
de7affb685ebdfa2,,,,
aa15e6b9f2ed9c0f,,,,
7124ba6e39e1ca94,,,,
b653445040c0285f,,,,
462fc25c1c8e7edc,,,,
1450503f7d3948e2,,,,
5d3ad8ca348d7842,,,,
1ec4b071cbb28a61,,,,
2ff8a2137f2f8aa1,,,,
ab9409b4bf8a0f35,,,,
5032a73dbeb36111,,,,
5a6e86577d18b571,,,,
4b7e00f6fb63f9cd,,,,
4a19fc5180e35471,,,,
28047096bcef5258,,,,
18729cba3082ef7a,,,,
be87503e5db1560b,,,,
74fa49c487ded494,,,,
eec0ef432f2bea29,,,,
9e99653ce591e0d7,,,,
ecd27d8ef7081250,,,,
ba268d5f166568ce,,,,
ccb0377285decd9c,,,,
3838d817bed5177c,,,,
02dd8f54eda14738,,,,
ff557098b5115d86,,,,
59f61821b883581e,,,,
678b1d896f2bb6d8,,,,
c01d875eef2cb4cc,,,,
cc37013116536afd,,,,
c5db98f441c54d06,,,,
7c492dc936fbb4ee,,,,
cdcd792f0259485e,,,,
ff9b4794f602a904,,,,
323f436ca8038bd6,,,,
7dc648f6302f0a84,,,,
6412db1b259de7d0,,,,
df8d6016ba8e5b56,,,,
381faa89d7699b80,,,,
4ec6e5b3e54795d6,,,,
ef9f128ca53c2e63,,,,
ecbd32fb7ccf49c0,,,,
93c24d4e11b58641,,,,
178ac2d73e40398b,,,,
06e027a70a0d565a,,,,
14fce418d5001f55,,,,
cf6043dc38addc87,,,,
33562384b86d4e3b,,,,
1e7572af45169363,,,,
2b556df54c5586a3,,,,
dec2e5a348dd5e16,,,,
fa6f376d2acba33a,,,,
7d69ee75cf3a4b40,,,,
15925073bf8589e7,,,,
6ea671186b5179ca,,,,
07c6f5d440477970,,,,
0134ecdb2b0ef5be,,,,
f4dec08e76cb5afd,,,,
32b681f76d4e89c8,,,,
7102994435ee0732,,,,
822cc69373bdab0d,,,,
3b9f3da20223f50f,,,,
392ba23b81c1c455,,,,
c46d84235c3b2287,,,,
4c9d872892795456,,,,
4278840032b1dc9d,,,,
5e692c181166347c,,,,
0a128a827702e362,,,,
6d720635b4142b49,,,,
61b72a3dc5477d52,,,,
188621915b238142,,,,
7c0f4e7d515f063a,,,,
773f54e50bd70074,,,,
9a55d1ca30c8c43b,,,,
7930d7673ef3f94c,,,,
c9d7ed829e653914,,,,
98a66a4491b4d341,,,,
97eadacac348bef3,,,,
3cc405266596b872,,,,
5e452aeb743f3f0f,,,,
a53ba35989795b16,,,,
719b2e1e605241b8,,,,
0f7cf8790a77cf11,,,,
35777021a83ef834,,,,
7ac307ac8234a9c8,,,,
804a7f7dafbcf500,,,,
a99834c003ffd6d1,,,,
65c6c4161feb0f16,,,,
50200360d97eb7f1,,,,
1b59a141c0565efa,,,,
7eadd434cc650ef0,,,,
41926da0c612af47,,,,
00f54a47c20d0d96,,,,
2b22f8feb3ba11e4,,,,
958048ab40faccbd,,,,
a8b510c8f4d0b237,,,,
2318e474cc2b69f0,,,,
376f13c6cafad29c,,,,
1b0225604faa9e86,,,,
218bd6049a68da2d,,,,
0af415f525a6fd08,,,,
87b11fda24d9374b,,,,
d01acd69838c6482,,,,
dadddb7df71a1ce5,,,,
407490550f998575,,,,
c818bb794b703e65,,,,
fd7ad469a96ebd70,,,,
6d86c74d320a5808,,,,
986a23305a163d12,,,,
2e2c57a5bd10192f,,,,
a52a52157555c4cd,,,,
46c72fcaebeb4fd9,,,,
34f47e337a4d6254,,,,
ff862b1ce578536b,,,,
d3ef408ad5c8ec4b,,,,
495f637ac2d08f46,,,,
7d6a5a61c3e643d3,,,,
8e927a10ff5ca8b5,,,,
587d510a57f24811,,,,
31890be6421225ad,,,,
bf132d3ba5e88b7f,,,,
e2999e4d41d7654d,,,,
0507b4bddff9445b,,,,
0c0c7ed439cf704d,,,,
03d6fe95990b3981,,,,
a6268264f8114d74,,,,
e6b5e3041e634808,,,,
aaa31be16e649492,,,,
591add96f9a47eae,,,,
fb96fec3ebdea6b5,,,,
adb484adcb33c8eb,,,,
c0b8ce2b0bc2633d,,,,
29a8c852658aee3d,,,,
8285aebbb64202db,,,,
769b54b8ddc48436,,,,
26fe329d25362332,,,,
7d9ef2da387fe095,,,,
f4402d86c2239c1b,,,,
8d81a2b14c770816,,,,
5d31f8f9ff4722d2,,,,
b2ce3ce14a1c3d4f,,,,
f042055ae6f851ff,,,,
bc7fbcf60f6a06d3,,,,
92d4cd97b3cf2d65,,,,
6804b3eb64532ffa,,,,
9344789a0c5fb86e,,,,
d5e54a27d84e6249,,,,
2e01f19587ac711a,,,,
cc98071f6311ae7e,,,,
846af8a2bf93d1f6,,,,
d5392a26de3ecc0f,,,,
527b117119e11a26,,,,
9252b24a1ad1958b,,,,
2bfc6ab2ce93ee15,,,,
40677127a44cf052,,,,
a8498a72d65f53b7,,,,
4f21358b06ff7e7a,,,,
760202fd207d2a99,,,,
61d4bb4e44e1a4d9,,,,
84e2fe8be6ea9166,,,,
b4010815f076e0f8,,,,
ccec979baf47c454,,,,
89e508d67dd595e9,,,,
007c4542c5d39547,,,,
f0dc4118c03cddd7,,,,
b9904066159a5e58,,,,
5772599ce18ca605,,,,
b0d35735984706d1,,,,
32ba09516d24a07d,,,,
a218b30d038b7f30,,,,
5e365b0de3715394,,,,
00a47a980f826eb5,,,,
bb3103e798912148,,,,
91a9e2b2d1f5fcb4,,,,
59b9f849e7061d73,,,,
a04f9aee8557a223,,,,
9695cc8cc617c92e,,,,
e1aa65d3e8ad3df3,,,,
b9d566dc24818e76,,,,
a314fc2cc89b0366,,,,
50c5c2059b47f29d,,,,
f4fe87e39ee77a48,,,,
e6dc4213cbc4b639,,,,
abdd5c67f5773e3c,,,,
9e8c0b559cde1475,,,,
153bac8cdc2a38f0,,,,
b8863035d1d5d2d9,,,,
de62f6117e38ff65,,,,
e870995348f0264f,,,,
b6253d1c1563cc5a,,,,
d676baf8872bb5db,,,,
a54afbe8fa661ea5,,,,
e9debcd12e4dd741,,,,
dde40263a0e5fbf5,,,,
71fc35c634bdcab3,,,,
983198ea0e3e075e,,,,
26d7ac7f0b6f9993,,,,
4f5aebf30d9f189d,,,,
20814b4f2d8a8f3b,,,,
8352bd58b285ff4a,,,,
a46713a6a5269008,,,,
c6a180c117690511,,,,
cb97485f52e8307a,,,,
cb08c5148e96d67b,,,,
ccfce69d65f5b112,,,,
dbf593e1a8c9692e,,,,
e284082519ecbaaf,,,,
9560928c35d07804,,,,
add7ee08a9e180db,,,,
7e6c06ba147c5e67,,,,
f87dc3ff8e6b3098,,,,
d33678d49dec415b,,,,
c2b0a6f7c8fb7a4c,,,,
b8e287a50d327ccd,,,,
91ab81c67dccc62b,,,,
09996a662d70221d,,,,
4664730a30565a2d,,,,
c7d88daf48ca2eb0,,,,
b2c82c511748d6b4,,,,
14a85938e3e6b62e,,,,
8529239cf97b5a06,,,,
145513e01ed8a301,,,,
15e7afb705ecf85b,,,,
388c6377fca91aff,,,,
0252a3b1c613c566,,,,
06c31db109606ff9,,,,
1ff095197c1c0103,,,,
428d0ce63db01e43,,,,
dd6a08c5f5fb99f4,,,,
45e52b971e487ae7,,,,
b58af0a6a7199ea4,,,,
89d364ade69aa999,,,,
370c3ce53d4aed7e,,,,
994b35da36eda717,,,,
24cc5f312510325b,,,,
5e7a125ee2904047,,,,
822e49711a54271d,,,,
71504f54bd978ec9,,,,
345123102fea317c,,,,
fb287443ee7d3cdf,,,,
6e51c6fbee86db84,,,,
af8de83c16c0fbaf,,,,
b907f3567739cc00,,,,
0f1086fe6ac651d0,,,,
9f28e6a95604cfb4,,,,
1e5b1f6aa817f892,,,,
53699336c681a89d,,,,
70909cb032573bdf,,,,
a06dc00ecd297edc,,,,
bba9270813f1f9f4,,,,
db043754dc9130f1,,,,
b5c3e42ca3817b8d,,,,
2d01ccf1c200e6cc,,,,
3f9dfafac4c51709,,,,
8a1fc4a591201f3d,,,,
8c98c53d869a5109,,,,
0b96469483f4b834,,,,
fe22a35ec3ff6820,,,,
795f96b7cf3860b7,,,,
5797465706b77836,,,,
cc08802c67a69950,,,,
b510c56f06572b38,,,,
fd496d5fcf55313e,,,,
135f100a8b2fe101,,,,
23fda78040be1a27,,,,
102bf991f027c1e5,,,,
0f5a3277f40c8794,,,,
9b398ec50996c2f3,,,,
39b26841a1ecb706,,,,
c3f53e0f3934125a,,,,
e128e145f26d42b2,,,,
f45fef2f370c2d9a,,,,
07dc31fd64d51903,,,,
ab4eadaf2a873a39,,,,
c0c6437481ea4e85,,,,
99c47b339a02df14,,,,
98bcc0db43ff6fda,,,,
931041895d9946b5,,,,
18ef52151e0f7fe9,,,,
22708cf94ee6bc9b,,,,
01f4a69f9fd41fff,,,,
702a93aeca178331,,,,
672cc96cff214abe,,,,
5c9705f8bc87cccc,,,,
f7191fc4fabb2551,,,,
b07e99d6b53d6ee2,,,,
e5f6fd4d83b998d1,,,,
07c4a8058d48e7bc,,,,
b1278b3e1cfee5b5,,,,
5d988c458515d057,,,,
d73b50dff4b40002,,,,
6d5fec644af180c2,,,,
43260483e4829f03,,,,
b248816d5e43af1d,,,,
9f532f825ee23c89,,,,
96dda5a6522756ae,,,,
81bc5f17f650236b,,,,
7cb116812c8f3830,,,,
b2a6c29cf9ac4dfe,,,,
d37f9213f1ea06fc,,,,
de028b1c9c88bbbd,,,,
f22887c300a7fe65,,,,
c16e18066c20b464,,,,
1b056ab0a0255ad4,,,,
724ef888737edc83,,,,
fc7e6cff11c53e88,,,,
7e963bb80f2958d3,,,,
6c9da0d16d4ccc76,,,,
ed72a5d8c2c065d9,,,,
a114a4f30fb3bb12,,,,
e87516f41c869393,,,,
3c2cdd2e4acc6783,,,,
139937419eb63145,,,,
886c7cc8ae20c667,,,,
5274d0a5a3265dce,,,,
6d4fe6421640093b,,,,
85d73d2d82e1e7a0,,,,
080ba42bef55d057,,,,
5e37d1fd9c6263db,,,,
9c63ca9b9ee51428,,,,
11153783a1ddb266,,,,
2c4ad26336cede8e,,,,
7c246405b9db62a4,,,,
60279f8c3ed01d22,,,,
ba87664cea20cd48,,,,
bcbe9b1174c79df6,,,,
26ad2affc4ed22ad,,,,
910e40c33b691f5e,,,,
2e89f12fbedebf4c,,,,
979cb5159efe720b,,,,
0fee91811567f811,,,,
ed5113ca1cc635ef,,,,
96a5aba50c5f70e1,,,,
b619c8d847b3ba9b,,,,
30a57c2cdfdbe2bc,,,,
460d8e9d091d7808,,,,
0f856336b13881d2,,,,
3cd2b55b206256af,,,,
c931b2fa7103e907,,,,
e90662ba84e25492,,,,
8ac9d94e944aa18a,,,,
b8295b357b140dfb,,,,
7ad9edeaf2056b30,,,,
617ae681c2cc7b91,,,,
eb5b4f6c771a9137,,,,
4e10fccbb6e13c90,,,,
b8719e06f420d14e,,,,
c7cd370e2e06c85e,,,,
b956d82ae2503b35,,,,
5e7980b7b2dac9eb,,,,
996967afa51c676f,,,,
9ff5b9d49b3f6f42,,,,
4d907d7581798a6e,,,,
515a97dc513abdee,,,,
3cdfec482943e1b3,,,,
fd5ad6ba524f7202,,,,
d0675d0bd1715e6f,,,,
3880d6c9cccebdc8,,,,
ea1e3bd1fad90cb4,,,,
9f37b2496ca7b950,,,,
35bbe79dbadbabef,,,,
60b31621c836c7a6,,,,
a84c445976696609,,,,
dfc7008bf56d1362,,,,
77081e26b4ec4962,,,,
c0c81e83fab2b9e3,,,,
c84d6395b38728a1,,,,
255cf7f9a4bd6155,,,,
d0cbf3b9288e434a,,,,
41763c598a03cd55,,,,
ea9307fd74e3b817,,,,
b533795545f0fa23,,,,
73308d949257a5f7,,,,
32ff34ea068a1a80,,,,
141b141ad41e9bc8,,,,
5387151ad3385520,,,,
1f981cd84b7830ba,,,,
a8ae56742c3e4f79,,,,
7f6ae97973d56475,,,,
3aee828adc61032a,,,,
d6e5d2b3409d3fc3,,,,
e9568b44635b3ce1,,,,
4c5051f947825100,,,,
c38f445eda66ccbc,,,,
b4705239f6276e82,,,,
d3eb207e06f781d4,,,,
6e40764c523c910b,,,,
eef9d92ca58cd1ec,,,,
4091f0e532b126fa,,,,
ce7dc95380ac6eb7,,,,
1a000f6d03d4823a,,,,
8e9c31e18faeefbb,,,,
260836675c7ca2bd,,,,
379abf81b73e87f4,,,,
19a29c8917fe1f23,,,,
f61fb8cf9eb4ee18,,,,
1e42251ee1cebcf2,,,,
958b34cdbc8a811f,,,,
3b454d1efa18108a,,,,
675b31884d47ff3c,,,,
f5f69c77a4377453,,,,
8220339858d68115,,,,
cf97e0228bc63329,,,,
09fcdbd3ae906277,,,,
4dbbc0d16f3eedaa,,,,
77bb71c28875f29c,,,,
99b75d43e0347e75,,,,
e3f7dd7a421d98ec,,,,
20f4b584994965cc,,,,
7891f38b1ad7488f,,,,
d7c89de79bfbdfbf,,,,
a3692017213099b2,,,,
f9b069a40c922a8a,,,,
35159401c55c6582,,,,
c2ad02c21d9b16f9,,,,
73e53e9dd31e500e,,,,
318148e4ea21ecdf,,,,
c9e82b13c0b75356,,,,
54477e671f3ab6b4,,,,
22c52db8e2063b57,,,,
5ffc96eaa5f8943e,,,,
152330991332bf67,,,,
9a423818072ba90f,,,,
278f062035be96ef,,,,
1d48edb7f60dbca0,,,,
0e7d6287d29fa0df,,,,
7ec5e577910fbf92,,,,
29787bd889caf2c1,,,,
69abaca61a5238a2,,,,
3978885172d3a0ef,,,,
59fb16b65a217b90,,,,
54f834aeb3ce64f4,,,,
9ff20cdcf5b89f39,,,,
591cb47c949cdd8a,,,,
cb2c32f70f8379e7,,,,
bf93a180f9bb0353,,,,
d13bf7c04e189a78,,,,
8240b9ad23019b54,,,,
432eb830456cd7d9,,,,
595494b927632946,,,,
3f30bbc04d0bbf21,,,,
20182ccd9cebee6c,,,,
553c040368702294,,,,
f71664b15e04e2e0,,,,
1a9756d56e13e30c,,,,
b639c1c65f030141,,,,
fcf7ae4d9b95a4ee,,,,
eaa75d97fb803d63,,,,
83631e446a48df05,,,,
ab0cabd1ba5720a8,,,,
aa9d6552aff827c6,,,,
3460a860d70f02d1,,,,
c9b8388f0979621d,,,,
64f14ab23fb4b1d2,,,,
482e82184284bf2b,,,,
9f63408414689738,,,,
09879e7be7375af0,,,,
90df6e496f504c52,,,,
cd7c6af632e94b2c,,,,
9a315e7e9de0db5d,,,,
3dd7239fcbf300c3,,,,
125862f2816d9998,,,,
28fe80b07e8f26ba,,,,
fb42e261964adc7d,,,,
d205f822804725d6,,,,
d533228813ba8635,,,,
8e7ae0ad578642ed,,,,
340bc0b794e3d038,,,,
17fe4c87681c0638,,,,
426b29bfef97e3de,,,,
29c7dd6877b827c5,,,,
92e1f856f68990dd,,,,
7796254f4f3a8283,,,,
dc0d0ff6b40255c7,,,,
e583a4a23d7170ac,,,,
72d96b5de213fc2c,,,,
6749e4a3dd687939,,,,
72825657bb354046,,,,
021039b296e06223,,,,
9575dad4be88ffd8,,,,
4aa090377519ad18,,,,
51ef94a1eed11524,,,,
8d5001c55091374b,,,,
f60f3af14715afe1,,,,
a9c7e7da6a6a54a2,,,,
d9f855c2d41c5e78,,,,
4eccba2cee4615b2,,,,
5216878dc313e791,,,,
32d9f870e0b806f7,,,,
1d4b58351bc4649c,,,,
029394f153639ae3,,,,
50351fe0c443dc84,,,,
552cc352a05700f3,,,,
4dff0f21787730b0,,,,
002701b6682127cc,,,,
f4b820c4f8b308d3,,,,
54e437a2b3d5b1ea,,,,
dbfcec837db30f2b,,,,
b360c53cca8341df,,,,
7682837cd892b39f,,,,
663ed76a88d008d7,,,,
a0279caeb2d55bc4,,,,
f5c2a343e7f8a08a,,,,
e516f702247b90fa,,,,
c95528fe323d400c,,,,
51a1bbb7662ae2ed,,,,
4a7152ca1bfb0c1d,,,,
89d9e038c133dc2b,,,,
1832945337f3cb7c,,,,
5dde92fc2cb07cc4,,,,
6aad39f70498fc91,,,,
59db001d01f63bea,,,,
d488ebd3edfd93a1,,,,
4778efae82cbbf33,,,,
3f8cd3170b6da269,,,,
22205f76ed27ac7a,,,,
722d9fe4d276c951,,,,
9215e1f0d37404bf,,,,
a5dd0f23efa68ca7,,,,
dcd869dcca71f8bb,,,,
68563576545480d8,,,,
6a1e8a09b1ffbb9b,,,,
5e69c7bf40914882,,,,
d62aa11e03086730,,,,
698f2f486ae4fd53,,,,
7467b5c7e3525b82,,,,
3f49532cfbc75e08,,,,
bd04ac587569c8af,,,,
5dd0bf0aa425b19a,,,,
9980a88f8775c36b,,,,
89acc8cb701f05cf,,,,
a2e6204c26bb8acb,,,,
774ba43623c286a7,,,,
33bf722aaa2284c2,,,,
d35cf15057b3ac24,,,,
78522e0950619bf6,,,,
f43c93ea29951774,,,,
12c08b5fc199e0d4,,,,
f4891accb2ea6397,,,,
9e3782e78a0424c6,,,,
e6186649ad530147,,,,
19245a126f325664,,,,
7801c46b79d9ba06,,,,
79346aa18d007c7c,,,,
875bc82a2f4966af,,,,
4a2f39a8d58c3505,,,,
f7d61c1a7985011b,,,,
aa4f00f704ef92aa,,,,
265d17cceb18aef5,,,,
493acf2bf448db25,,,,
5cd2bb182aad759e,,,,
94d0c7cd4c923182,,,,
5521f8449544406e,,,,
cb1317e7906a8c5f,,,,
90bfe125608d3987,,,,
9b3ef5798ef4ffe2,,,,
fd8a7330a1d21e2e,,,,
04d9547e1ff354ad,,,,
82446fa8716afc4e,,,,
c25ed451e2428370,,,,
142f9372e50ab3a8,,,,
5512167c85d1dbf5,,,,
7c639cf7c78c1e80,,,,
6e0ccfbdbec5862b,,,,
e2824ffbcd1687be,,,,
a44adb369e2bba75,,,,
20ac461f42399392,,,,
d1c722c57a4db7b5,,,,
a3577b359c1a42ec,,,,
2805c11af3960ee5,,,,
8adc0ff8caae38b3,,,,
006e2fb39d689c4f,,,,
f6a30a14a1d42cdd,,,,
2afe914c9cc7568f,,,,
e935cdaa5f8e8489,,,,
c376b34cdcb856f7,,,,
39f813a709134650,,,,
87f74c4a28952b19,,,,
81ce5d65c3956535,,,,
a4f41a21043fa6fa,,,,
e070337b67f5b530,,,,
d3dc8209af1dd6df,,,,
7db53c3917de552f,,,,
e831eacb7a6b74b3,,,,
02b91163cea027a3,,,,
93abd13fbffe7e7a,,,,
ae4973d426dd8b42,,,,
05419181dfffff52,,,,
ffee558df9f29aa0,,,,
f65e702b827062d3,,,,
43186b164de608cb,,,,
1bfcab95d530a63b,,,,
ea23305e66e6c01c,,,,
f87caea2f9f2343b,,,,
1b04eca29cd65bda,,,,
2d63f0e3b9d0e09c,,,,
fc3b2121f4aa49fb,,,,
1ce48c969f8eee60,,,,
88d3d762be6bd292,,,,
62c1259aeffcd0ca,,,,
d6d3fe807385dfbb,,,,
156aea9a8ee87a53,,,,
659925bf82ca2cca,,,,
6f712d0bdfe30350,,,,
c6c211235cba9d59,,,,
548226eeaec268e2,,,,
b16efaa96be8a93d,,,,
fb82927befec65d2,,,,
4f3b6ec2749e5b7a,,,,
caf96d80e97ddbed,,,,
513e5f7b15d35ac1,,,,
d271e7386cae5577,,,,
964b8dd0825198a7,,,,
0cb327a66653fdfd,,,,
bd4263097fae8ccd,,,,
517ba61b5045e9c0,,,,
916bf261e835495c,,,,
3ba27ec49952cebe,,,,
4975b838d38b4cf9,,,,
d8ec9032c86b0ad0,,,,
afe8d104b31932a2,,,,
97a99abe9e3b0dc3,,,,
bf7d2acd7145420f,,,,
3c9f9d77c60a5b75,,,,
83184f59fcdd13d2,,,,
f1d93d8f220c82e2,,,,
a99127de956f2c27,,,,
02964d6f36cce6d0,,,,
f621c12aea3bad88,,,,
5b4f9cb5777df599,,,,
4fad637194db3f7b,,,,
96f25b6fdbccf5dd,,,,
4b5ea315a1c9ff74,,,,
909dfeea04a9e373,,,,
ff1d96777c18fabb,,,,
9152e8e18826058a,,,,
ff201830f06bec66,,,,
1eb15670f4079b3d,,,,
517c2239f455733b,,,,
5f8e37c49b021efa,,,,
a0cda26ea3227055,,,,
0bd6f9d3aca923f1,,,,
09b590d3c0f2ce0a,,,,
1957573a27d3af21,,,,
3616492ea887ebad,,,,
35441b0e5c3b1188,,,,
a3e09168c16cba43,,,,
633b233934fc63bd,,,,
a1dd7306c563222a,,,,
a440f03c68132bc3,,,,
6c429f16ce03983d,,,,
66710304a3eca276,,,,
1a37f6d795daf1ef,,,,
b46204a9d72ea2bb,,,,
852c08808a0ed83b,,,,
a1cf2201c2952088,,,,
448ceedb3ccd4292,,,,
1e22345213866fcf,,,,
48b21e168004df72,,,,
bf7245ef19f53749,,,,
1f6d328b20a1f8d0,,,,
7cd4334ea107b409,,,,
17a9a8e43e0fa8a9,,,,
db459fd77ec0660b,,,,
0701f2fd059b2e00,,,,
d5ead874292d987b,,,,
a025dbd7258ec5f2,,,,
e951f6483eff239e,,,,
8c933508f23dfbae,,,,
24c80681cb1e3ed5,,,,
976c2d4c9f16499a,,,,
c72d37bd719ed59c,,,,
612583bb832b007d,,,,
a2e8a643a4655f2f,,,,
81377e771027f997,,,,
35057acc328d7fef,,,,
3e3cb69cb3195143,,,,
a7ddca233004734a,,,,
fadf3dc906f986b5,,,,
ada3133d7b1536a5,,,,
c8df6914af06d7ab,,,,
4d6095d3eac21a89,,,,
1b48648e63b68255,,,,
53bd2fa4081d6a8f,,,,
12f1e806cd068f13,,,,
f4e4e1f73472db5c,,,,
9582572bcb0895ce,,,,
982d8420f3e9962f,,,,
942fc58b653247bd,,,,
1aa066cf50902167,,,,
2801d6ee253ddad7,,,,
f1e5daa7c22f6274,,,,
a88c3b23a7eaf8b8,,,,
87d5d3fa787e9778,,,,
6b5ce38f098f4c5f,,,,
e1198da449374d27,,,,
584f9a3e5875cf8d,,,,
e1f0ff8d1f9a4aee,,,,
f2ad5c930c004ae7,,,,
bc7eca16a11c54fb,,,,
190c8ed1c5975bf6,,,,
aad1b9fa1e00d407,,,,
223d27582acb22c6,,,,
65ae5d3596cf3675,,,,
899e420680f2b2f8,,,,
eeb1fc95c6b5c86f,,,,
0f690a4cf4bfe438,,,,
c769dd85ed4eb0cc,,,,
dab7c9358f10dde0,,,,
6c50d0cef3e8372e,,,,
19435ad427475196,,,,
e2359aaaef48683f,,,,
420bc6fbf85d95eb,,,,
0cd6a7a0cf0a376b,,,,
b6f7c49bc91f75f5,,,,
1fb0aff4095c8a8c,,,,
83e1261b9cffa06a,,,,
772b294fa0091167,,,,
732e52fb0cd5350e,,,,
667a3652531fc3f3,,,,
e15ba9c53f630e62,,,,
363f5dc2a6e6fa93,,,,
9afe6462b07c6492,,,,
35cae6812d631d3b,,,,
6d67e64e9a16dedb,,,,
fecacc91e0fd7f05,,,,
0ff6e82dfdf3e877,,,,
b19109094bfc8c05,,,,
da986443afb605c2,,,,
87bd3d83ce89ba7d,,,,
ee663503c46f1778,,,,
f7567d598dff4e1c,,,,
9b08faaa5c79b4f8,,,,
b3389a4f2b367342,,,,
f28785c1ddd7eb00,,,,
be4680741452da5b,,,,
db132d7c3ec048af,,,,
07fa76567e52c68c,,,,
819579ed2ae70749,,,,
6ab8328fdd3e1aab,,,,
782d88cc42c75721,,,,
8d4ee1c9bec3e44f,,,,
bc41b5704e0e86e0,,,,
a01b9790315d5603,,,,
21bd269c56fe5285,,,,
3b29604954c5b314,,,,
694d97ff3707026b,,,,
390ebc209841bb38,,,,
7a80adac14af733f,,,,
d790835b993b19a5,,,,
01ff812325413ae3,,,,
d65c4b024a529410,,,,
fab98101d9a16ce7,,,,
68bc974ef27dfacc,,,,
56c8d34496ac5581,,,,
55050f75e6308139,,,,
aa64db7f47017f82,,,,
8022778fa551602d,,,,
5ca765966027b896,,,,
d8e8e8d7fa707aee,,,,
399dbd0938a25a03,,,,
b6d7b0359e65ab8f,,,,
4a85066c4a05d856,,,,
f76713eb9c573a67,,,,
2081737afa72978a,,,,
9480a32c54c91c02,,,,
49e6fa6b3aa1c36e,,,,
6b30185d6e3f36c3,,,,
a7b2e87ec0562ed2,,,,
0d308e518efc5ed2,,,,
226d7d6bd2fca91e,,,,
697bfaed6bf6d19f,,,,
03e9e5517effe3cc,,,,
0b7a1ff56f134c7b,,,,
89bd6328c4b9e277,,,,
556b57a407c56208,,,,
9dd37640c1c07b29,,,,
a9b69d1ce56baaca,,,,
ca49cd6e33015ee5,,,,
a3322305fc11d8e5,,,,
5509253da46669eb,,,,
11710d7865b56719,,,,
57bf33836ac9008a,,,,
2b84527a5dc8a6bb,,,,
bb858009a9f5f103,,,,
141509fc05cb288d,,,,
8ccc242c1f5c0258,,,,
6bfa85b0f16664f9,,,,
4cdef6091cf413d2,,,,
5751c8711d6bea80,,,,
86a743bf41ff4a04,,,,
dc4d1ca729f8a00c,,,,
ca35109e4926711c,,,,
3afe592561c620df,,,,
2aa04e8a36a711b4,,,,
8907c9e9195077d2,,,,
ddb57a14345d2e94,,,,
82b0bcc0c488ded6,,,,
f9cc23c5afe1e32f,,,,
db4f7908fa8b28c2,,,,
dcd251a6e16f93fa,,,,
3d84de8130590def,,,,
cafd0b3d5c8f6c1c,,,,
b582a0af6d8cc6fb,,,,
0ad32ad4f6d5e57b,,,,
7e871e89e283d3c5,,,,
d2006d3a1a5eb9fb,,,,
1ebff17b805fbe1b,,,,
25fc5632f289dbe5,,,,
2b5189717d2fdb18,,,,
7a3f48b0d55c147d,,,,
cec3fab0697def23,,,,
1ed6496bbcd95f45,,,,
0205e44aaac81440,,,,
89e4d68370191c20,,,,
de273519c2e38e03,,,,
b035bb6df311844c,,,,
e482ef1eba010ac7,,,,
aa30049a001ef353,,,,
d143c4602c775217,,,,
c9e9b13eeb30b3d1,,,,
102a9ede91f41100,,,,
efed3a3189dd9b39,,,,
68067b2c3779dbe5,,,,
9415c82d6b4ab72e,,,,
df39bf90cd254339,,,,
b66e48dbbe8a64ae,,,,
66bd1b2ebe607417,,,,
29c97eea198cb71c,,,,
0a4911793df17cf2,,,,
8022e87184e7e0dc,,,,
2ea65dc37144ea85,,,,
0da208ca0a5bb8c5,,,,
ef42ad4a83611b89,,,,
dc971d1a22aacaac,,,,
132b7d2ce6c4ac1d,,,,
069028c503a4fae3,,,,
932eaad033763750,,,,
83b68e3a4a2679ac,,,,
7202f2aa59a4d999,,,,
6fd5524ef24c4f4c,,,,
cd0105e219bef531,,,,
d9fde08b8e45aa26,,,,
2afa842963954e9b,,,,
cb859701002c3f0a,,,,
8f33cb4fa5f0485e,,,,
49af53a689f7cbb7,,,,
80643966164582d9,,,,
5b2bb5009487d699,,,,
943cba6b2cba5c24,,,,
8810c055e79b0f01,,,,
51c823e2fa022aa1,,,,
1036e4c89c3e6aa6,,,,
f2d2bfbd8e40beff,,,,
578c958293cc08fa,,,,
ad00a444881533a2,,,,
7a8a7ddc4d782a69,,,,
8b278a4548456229,,,,
cf43aee78fb516de,,,,
49b7645a427968c9,,,,
efe450b1739392a7,,,,
602d4a54631bd969,,,,
025f2115884ac027,,,,
4a0b1ca6bfc16ac9,,,,
33e09447bf606cc0,,,,
a9305dd873e9a56e,,,,
cd90e0fa4921971d,,,,
5a43da02ab6302e6,,,,
18b06bcb74e22772,,,,
d04278b51a126bff,,,,
e0a0640ce81fbd37,,,,
ebcb3ec1776030b5,,,,
d0b1d2c476909fef,,,,
908bbbc3f566d177,,,,
43cff2b7f7ca436c,,,,
269decf9133721ac,,,,
a2b767dfffdf8692,,,,
44ea8ffc18926748,,,,
eaeb80595fb0d04f,,,,
0533762f042c50ef,,,,
931d042f2515924c,,,,
2b7b09c794866f00,,,,
894374aa32e7d02e,,,,
40c5dd87bd804171,,,,
85d7ff7f3c381318,,,,
8c847e64ca542803,,,,
3f4d95121c10af1c,,,,
93082b4b6d75d9f4,,,,
fe79013ada7b87b2,,,,
c0066221d3902462,,,,
3ad6d1600896868c,,,,
dae03decbd14442e,,,,
7877b32473ceec8f,,,,
8ed8ff63e9a8a322,,,,
7e6df1d0d034b6ca,,,,
9264ca5d4b01cb09,,,,
9cec19cb95d2006e,,,,
5af52b4c482f0e51,,,,
39ccdf7685bc8530,,,,
53b4b9170482417f,,,,
7289e7bd36a5c06f,,,,
3489df4801b1f15a,,,,
f836a51db7672360,,,,
e92f102be180990e,,,,
290e4dfd570ad62b,,,,
884100bb79321d26,,,,
eef1a699bb71473e,,,,
20441710b6474ee5,True,False,1.0,0.5
ec0d746a50f71661,True,False,1.0,0.5
c35e11d293d91169,True,False,1.0,0.5
265c28c7520c434f,True,False,3.0,0.75
a75cb0b1f9c7f780,True,False,1.0,0.5
1d7a1ac1513eb48c,True,False,2.0,0.625
06dfbbfb6d453364,True,False,1.0,0.5
ca5a0d4466da3a0f,True,False,1.0,0.5
218c9377835c7fdd,True,False,1.0,0.5
e4cf54dbc3cdf299,True,False,1.0,0.5
d5004a458d5a5de6,True,False,1.0,0.5
f0fe9658e96aaa33,True,False,1.0,0.5
df3aa1cdf382f132,True,False,1.0,0.5
ab7b4b08ede83c0d,True,False,2.0,0.625
c657e99ca35a3b1c,True,False,1.0,0.5
2c3ab647caa1215c,True,False,1.0,0.5
e79d6a2cad828e43,,,,
6e0801d94f9d5f96,True,False,1.0,0.5
5c765713553f954a,True,False,1.0,0.5
78c7835cabe2a424,True,False,2.0,0.625
c07918bfa1fe894e,True,False,2.0,0.625
077567325cccd3b1,True,False,1.0,0.0
7833f4a2541cfefe,True,False,1.0,0.0
aec1d025a7c8cadc,True,False,3.0,0.5
81f85c879126ecee,True,False,1.0,0.0
f4acbdb5aeded86b,True,False,1.0,0.0
1ae396282c7ef300,True,False,2.0,0.25
fba61d948ac424a2,True,False,2.0,0.25
e8de81867fec6836,True,False,1.0,0.0
4c3bc72cf61eee06,True,False,1.0,0.0
adda5a44eeb78f05,True,False,3.0,0.5
875c52be041846c8,True,False,1.0,0.0
3cd92f8b54bb0724,True,False,1.0,0.0
594b4fef70f2c94c,,,,
89fe1994a342a713,True,False,1.0,0.0
4b512b5545e7829f,,,,
d58c3a0652610662,True,False,1.0,0.0
4a681fe4b0cd497d,True,True,,1.0
6b923a0c168e488b,True,False,1.0,0.0
f8dc1b8fb8226cee,True,False,1.0,0.0
7787642c9b00671b,True,False,1.0,0.0
3593af66f00142f2,True,True,,1.0
857d7973568d6d75,True,True,,1.0
4857789f48d884fb,True,True,,1.0
faf5a5055675342a,True,False,1.0,0.0
3248f0ab5394b3f7,True,False,1.0,0.0
39b2afd93581c5bb,True,False,1.0,0.0
7a209e4be61a0a4a,True,False,1.0,0.0
6f0b9874b0d45a86,True,False,2.0,0.625
078a85e3ddc78640,True,False,1.0,0.0
777bb1fe4c10213d,True,False,1.0,0.0
05105ed5b9c8b7e1,True,False,1.0,0.0
08ec7aa12f5a9d83,True,False,2.0,0.625
7fca0b221d4df82d,True,False,1.0,0.0
de1ec6ec4fd282ed,True,False,1.0,0.125
b31d9ae6ec21ffb7,True,False,1.0,0.125
116eaba6450d4516,,,,
13c341ba4fbc55a7,,,,
b1402667e7e55e22,,,,
0c7afeb0ab0b1b15,,,,
3e4fedcb9c1f34d8,,,,
5ed6f7570078b4d6,,,,
61f977ce4a1a04d6,,,,
e412851e425894e4,,,,
4721737007ead8bb,,,,
15d412be00305493,,,,
05bf3d9b6fa9e90c,,,,
33820bf9056c9b9f,,,,
13b2c961f7202bb6,,,,
8dadff68ea006576,,,,
2f69d18906e5a4f6,,,,
9b6dfb9ad5eb58d8,,,,
f2fdd7eb7c0cbbc9,,,,
0b772d4bf13ba6b1,,,,
96cf1249396c4949,,,,
cf0af051fed1bf0e,,,,
f53525e5bdf9f10c,,,,
e88dc4eccbf416c1,,,,
3379140d5d16ba63,,,,
51f25a36d787c07d,,,,
12ef69ee8da3311f,,,,
3cd511a9011b3715,,,,
bd2f5214af28f9b6,,,,
438fa6d90ed0ceae,,,,
cea17a7a8852dfae,,,,
a556cf47dae6699d,,,,
60963172fe5192fc,,,,
e6afb209f5ca9ecc,,,,
68305764e1b3ccfa,,,,
b6a766f0cfac1621,,,,
1481665a7bc8b4e8,,,,
ba3be7ea54a1a8da,,,,
e4d62c9138b8ef38,,,,
cf0c2b0a919e9e05,,,,
1053ad649aa76bac,,,,
da4bc10057f93968,,,,
9eb07cbb0bc6ee77,,,,
0302d1c9630b72e5,,,,
c8c779315ee10a1f,,,,
64617f67b009ff15,,,,
c11601d9a602c2df,,,,
6b88f00981c738ac,,,,
6fdca2452339b197,,,,
01272c975344cc89,True,False,1.0,0.0
acef6a8507c7f753,,,,
6d1d42d12a68d0a4,True,False,1.0,0.0
d7e058c412bd6f0d,,,,
6415898c827ccbf7,,,,
fac0a94a2f9ea852,,,,
161deb7acc8aa86c,True,False,1.0,0.0
5ab25c0e51e03661,True,False,1.0,0.0
0ef78785eff43530,True,False,2.0,0.625
cecacdd7c88b11fc,,,,
0b84cb54c2c97b11,,,,
ab334b6c8a7965f9,True,False,1.0,0.5
52da347e067fb3fa,,,,
04b66895c66fb6fe,,,,
fd901ac787df1f2d,True,True,,1.0
5de16066d56a94a8,,,,
14e975aa9bbb3f52,,,,
a5f828f65bc731b5,True,False,1.0,0.0
ac3da2cbd641e9f9,True,False,1.0,0.0
8c8f183c98d84810,,,,
6632543f386bbd31,True,False,1.0,0.0
d1a350561be0291c,True,False,1.0,0.0
37713ebf4c170dd2,True,False,1.0,0.0
86ce7e51fa69bc63,,,,
26dad0609a684bef,True,False,1.0,0.5
991ae66a56bc997d,,,,
6ce8605eb101664c,True,False,3.0,0.5
dea25b21d4a3f142,True,False,1.0,0.0
2f1b250bcc58da2c,True,True,,1.0
920b9038dd13dfd0,True,False,1.0,0.0
6d3d220061fb0785,True,False,1.0,0.0
f4ff87e457641ea9,,,,
529f77330cf5049b,,,,
7daa47cbdc1810ae,True,False,1.0,0.0
32918dc35a76fcee,,,,
22f31adba8a6606e,,,,
272709d97d70f87a,True,False,1.0,0.5
c86e9cec2e7bcf65,True,False,1.0,0.0
9d6e50cb6190afd5,True,False,1.0,0.25
8a17c60b940148e6,True,False,1.0,0.5
859f6695f663d624,True,False,1.0,0.0
b7df40b797fa104c,True,False,1.0,0.0
4a8ec118a9f8007c,True,False,1.0,0.0
0674ba00f35818b1,True,False,1.0,0.0
3e93480b32b4357d,True,False,1.0,0.0
47027c38c137d365,True,True,,1.0
1c437836c129c708,True,True,,1.0
188c6a93378bf33d,,,,
10689a600b98abcf,,,,
ec00257b27932151,True,False,1.0,0.0
c53d5600115f602d,True,False,1.0,0.0
5d38528b01ed315d,,,,
19a350797da49c63,True,False,1.0,0.0
0b43ca56373bb641,True,True,,1.0
8a5dee3b9fe29aaa,True,False,3.0,0.75
908e06e1b8701df2,True,False,1.0,0.0
f74c97f2dba312d4,,,,
10fa65bc3b879d21,True,False,3.0,0.75
40af71eeca99721f,True,False,2.0,0.25
007ab83162e57b3e,True,False,1.0,0.5
c1f5b16955c5bae8,True,True,,1.0
333a907276157f88,,,,
2936ed830a7be498,True,False,2.0,0.625
f8c63ef0ad84e779,True,True,,1.0
2727b2986dfe0643,True,False,2.0,0.625
5186442993aecc67,True,False,2.0,0.25
c6bc04735b0ce799,,,,
0cb430b144e8b68e,,,,
fc47afff853cb0bd,,,,
b8567a95f753d74d,True,False,2.0,0.25
6feb3744c86fcddb,True,False,1.0,0.125
5fd2125dc7ee12cf,True,True,,1.0
e2488f033572956c,True,True,,1.0
4873650212640f20,True,True,,1.0
797c2dfcb3931e31,True,False,2.0,0.25
0c091b4fa701c108,,,,
8a9cbbc76f333827,True,True,,1.0
87ea7b31797ad3a1,True,False,1.0,0.5
5a1d31e5b6114ace,True,True,,1.0
8a3748b6b6cedb9e,True,False,1.0,0.0
fd17b16a28c62025,True,False,2.0,0.625
118ac77e1bba5ff7,True,False,2.0,0.25
66bd73a243915e60,True,False,1.0,0.0
f96e064ba4ec3244,True,False,1.0,0.5
4c45fbf6573a0190,True,True,,1.0
1951ca3b19e3c633,True,False,3.0,0.5
ec7a3dc629ee5817,True,True,,1.0
4cdc0fce27e5ae65,True,False,1.0,0.5
df4382eb23628e71,True,False,1.0,0.5
b4e0b199b0141562,True,False,1.0,0.0
f3de0a5c7dde8aeb,True,False,1.0,0.5
0788c1f5e0941401,True,False,1.0,0.0
13bd445287a0c106,True,False,1.0,0.0
ef06efe6e7ed5180,True,False,1.0,0.0
46a98e9fa8d90f07,,,,
c5b07365d3344a65,True,False,1.0,0.5
2af9318c183b033d,True,True,,1.0
46f1143c105e2484,,,,
8c4a3920790f506b,,,,
8392c1541d261048,,,,
47938c540e12755e,,,,
048fae0729263946,,,,
72329549101abd84,,,,
37551638dc319e73,,,,
849eb697fd0bc8e1,,,,
a8319d4844ba3b86,,,,
361768ce4becce10,,,,
b66817007f540956,,,,
eae75366b30cb6f1,,,,
b418022a7ca7c28e,,,,
cf2d6003648ee65f,,,,
96fb52fef90e4046,,,,
370d94e0385da59e,,,,
4887632fc62d357a,,,,
6644f68266e87029,,,,
a4088d9d8b05f914,,,,
6ad91834f5d1f5b1,,,,
8363c06393f05d28,,,,
83d781773c354241,,,,
2301c71f729e2075,,,,
201f51ff0ef1230f,,,,
f53baceba856d4ff,,,,
30be62c91c1794ba,,,,
52c7969f6dbd544a,,,,
7ce7b1f01c9049b4,,,,
997166b5783717dc,,,,
1450a7195f3f48ca,,,,
47e6517d7e4d813d,,,,
340866927e3ca185,,,,
6c717993d96aecfd,,,,
6a862fe8f96cd6a3,,,,
19c3242fe3c139ee,,,,
4e679c793fcca7b6,,,,
8dbcdc550a71e10e,,,,
5bd36f1e83de7423,,,,
462e8e6d90d68806,,,,
bfcf0d7bd18df047,,,,
934227a5f759f1d0,,,,
0299c2fc35c80891,,,,
743d8c45c1a062d5,,,,
53480ecf3d6cd549,,,,
1f6688d4506b14fc,,,,
d3a929300f7d5678,,,,
91e79c63f8957bb5,,,,
cd89a95aea7782a4,,,,
e574f9c2acfc281c,,,,
397f73c58caa45c0,,,,
5f4d2695570add9c,,,,
a62cafdcef6f7341,,,,
25a23fb920eac8ce,,,,
b820c2332bc82f4a,,,,
05d5b4e938bd684d,,,,
2d955d339807d90e,,,,
b046901eb29a7bd4,,,,
26cf9475ab3fdfda,,,,
e0eed80c4a611070,,,,
af3fe80ecc616e68,,,,
887571efd2a5c81a,True,False,1.0,0.5
2944e7104a653621,True,False,1.0,0.5
276ad787af6a299e,True,False,1.0,0.5
d02eaeb87d9b35d8,True,False,1.0,0.5
7b6740531b41e33e,True,False,2.0,0.625
a1abef07e56658dd,True,False,1.0,0.0
f6499917f76b9cad,True,False,2.0,0.25
73e0a1077aae63f6,True,False,1.0,0.0
bad75f8936100621,True,False,1.0,0.0
e948b12c967f621b,True,False,1.0,0.0
65c22d615940cf57,True,False,1.0,0.5
26194cd4808aa51b,True,False,2.0,0.25
19749d53077fd0a7,True,False,1.0,0.0
f17ab7314f600b11,True,False,3.0,0.5
5065ce10f5436114,True,True,,1.0
5791b0acad463990,True,False,2.0,0.625
f30de8f6ccdf2d3a,True,False,1.0,0.0
1a685eb760c42f2d,True,True,,1.0
7ddeb45643126b89,,,,
957613cd372ac28a,,,,
a8dacfae3980e46c,,,,
a854568c5778b8e9,,,,
4805168fabf43fec,,,,
33964010ce268d9f,,,,
26aaf9ae15f2d926,,,,
f18f60c3bc5c3f4b,,,,
c405b1b6949a08c4,,,,
26920cc298848d33,,,,
5392ad2bf08a3165,,,,
8c9048a74aa0ad10,,,,
e211bff4453b06e7,,,,
07c02d78ed84b0be,,,,
6bb0927c3d226434,,,,
d1a8d5337d9a449d,,,,
5d671458146fd280,,,,
5bfb6bf106b85940,,,,
d5c2d90a8ff53828,,,,
4b46fb70fe67c2a4,,,,
fc79f84a97369011,,,,
903fdc75fc80afaf,,,,
522b48ddf09a4be2,,,,
79502b762119a4db,,,,
68fa5a295bb0c2f7,,,,
f284ee4314ff6b7e,,,,
67450867946de6da,,,,
64451ee6e960bc66,,,,
9e2035ed72cb354f,,,,
3bfbc0f7dbf598e0,,,,
5a554e0a37f58fce,,,,
593d64694bd4e566,,,,
e406d5dcf5c3f194,,,,
adee12667d99e85b,,,,
9876decf1b6e383b,,,,
49f42ea0fe84d57a,,,,
8c3ae32d5bab9f62,,,,
0b881694a9133f4a,,,,
d051a036850034c8,,,,
3db5d4d62b7df435,,,,
ca0e8dfbed559add,,,,
3fd1c2db22789ea0,,,,
9087cb8a4f4b6fb5,,,,
1f68fa10d7f977f8,,,,
ed10c9b4675db910,,,,
1e2f070bbadaaac2,,,,
381142a7ccadc2ed,,,,
cba46e1521a15866,,,,
188d24268c9d2d19,,,,
7029216d62c4737a,,,,
5751e6f89201683a,,,,
522327d4201b52bd,True,False,1.0,0.0
1d35e81b82e699fb,True,False,1.0,0.0
ef51e47a3b66b1ec,,,,
df4cc850f39615b0,,,,
6a284c1a7e1174f1,True,False,1.0,0.5
635c0d3f889a072b,True,True,,1.0
a4f838cff56f4d64,,,,
ad062977b4bba02b,,,,
b44f9b00f172ce77,,,,
ecbfd102dde591fd,,,,
40d840a3ada8c21b,True,False,1.0,0.0
951a0db48169f621,,,,
8254876063c72e19,,,,
cdbc59edc71f1df6,,,,
93797163a270ed1b,,,,
8040a94e6a98be9d,True,False,4.0,0.75
41eb3a7c9064c36e,True,False,1.0,0.0
b4715e061e7a47b6,True,True,,1.0
c2715e1262b00dcd,True,False,1.0,0.0
3e865ee6ce069a31,True,False,1.0,0.5
48234c592ce1fb48,True,False,1.0,0.0
c15e92f8bff61cf6,True,False,1.0,0.0
5edac9c57bac0763,True,False,1.0,0.0
95d1a29ab94033b8,,,,
96b125c260037bd7,True,False,1.0,0.0
71043e2cb3444257,,,,
94d2cc8e1cfd6439,True,False,1.0,0.25
473a8b00066c2c5c,True,False,2.0,0.25
8deb21bfdeb5defc,,,,
75b86f074a97077d,,,,
448bcef6de9db23e,True,True,,1.0
f041f7d0876bc577,,,,
b98976650824ad47,,,,
e420ef9767492ca4,,,,
3fbc05489f0032cb,True,False,1.0,0.0
03c1a27768b79f40,,,,
a03520c3d5f37796,,,,
f3f7b61db768a23a,,,,
8f3d72235e3221bc,True,False,1.0,0.0
ba713f992760a275,True,False,1.0,0.0
88b0fb0b674d02bb,True,False,1.0,0.0
1404954541077479,,,,
b9cec39a02f08a31,True,False,1.0,0.0
afaa9493782b9614,True,False,3.0,0.5
ffa41687be23a52f,True,False,1.0,0.0
00231a16a34ece8c,,,,
23ccc85e2b964e88,True,True,,1.0
891f574ed0914f5e,,,,
32593bc41f243cd8,,,,
cd9363d1bc11038f,True,False,1.0,0.0
c85b957aa8d40044,,,,
9576619177c77900,True,True,,1.0
36277d6b1f4cecba,True,True,,1.0
ea23e225b75b0313,True,True,,1.0
f1d091aaa1e94591,,,,
f99cdcb9d76427b5,True,True,,1.0
abad9379e4cd1237,True,False,4.0,0.75
85d1d319ce588b6b,True,False,2.0,0.25
3e3d63131fc0cc60,True,False,1.0,0.0
1006c10b490212e1,True,False,2.0,0.25
a82b4bab91a1e170,True,False,1.0,0.5
39c9bb80f1ad0fab,True,True,,1.0
8ec86fb0b3d4817f,True,False,1.0,0.5
611281d7495f8f3a,True,True,,1.0
60f7a80a7ffe3d1a,True,False,1.0,0.5
0c9a89c3163a0960,True,False,1.0,0.0
16f6f3c2fee174e0,True,False,3.0,0.5
ea2add77dcac4a3b,,,,
d5029be814ac01cb,,,,
5403407c2ebd9831,True,False,1.0,0.5
5aaf14bb81bc04dc,True,False,1.0,0.0
1fa38d2dd855592d,True,False,1.0,0.0
141984ff137158d6,True,True,,1.0
b981ff261bf028b8,,,,
318970c387b9e81a,True,False,1.0,0.5
2920154d4fff0c95,True,False,2.0,0.25
fc4a4cd5ce73d21e,True,False,2.0,0.25
7dd58d0b2e5e7f5a,,,,
038a9ad446f48577,,,,
26934a6e87877f7f,,,,
e0c2ad636cafb202,,,,
45a2809013662da5,,,,
8ed8c2d82150a8b1,,,,
2136affc19c2b316,,,,
b50145a0c32422de,,,,
50b7d8133e30baf0,,,,
00285b834f336473,,,,
498e7b6ee63e2690,,,,
6e3fa22d40eea6ad,,,,
de10728d29e314a3,,,,
a1ac39fda9611043,,,,
e31cb19589b01bde,,,,
77c752e9bdbee4a3,,,,
288743f33cd1ad6a,,,,
91fb7ed0d65e8e3f,,,,
a41a692f3e1cc7dd,,,,
d58d3c954cc73fb5,,,,
9e35eadfe62fa0e5,,,,
5f747386a62ae195,,,,
ac6059a082dc2c93,,,,
73cd931ad4dd16aa,,,,
bc157b94685d0b0a,,,,
a3d4ac966ff716bd,,,,
9e81d5a208820afc,,,,
c26dd26e2f07b188,,,,
21d6f2f551b8c7e1,,,,
601f043a937ade91,,,,
afde12d1b6fd4388,,,,
7ee2d8e53c49f8c2,,,,
2f8d44782f661b89,,,,
c21e2ac0a203263a,,,,
bb9e67eb9951a074,,,,
0a8ecb540325a598,,,,
7b3111209cc29bbc,,,,
00c46d9f94a3e100,,,,
f7e1448551ca70b5,,,,
f0fde32cad2b1c30,,,,
869e06601ff60158,,,,
e6f90f806eb716be,,,,
8722926e28ca69cd,,,,
e0bc2b29a8cf036e,,,,
31ee9e8c2c71e023,,,,
a5dc9163e985c768,,,,
630ef02a3155b150,,,,
a980fb4de5d6d6ae,,,,
2a2ab7c685cd8248,,,,
40c81c19eb797847,,,,
42d17cfedeef5433,,,,
c0ecade811b7b28a,,,,
2bf9bccf803aad0d,,,,
b89e2ed05c8ef9bf,,,,
d71f397b8004f4d0,,,,
077eb3b09e679d8c,,,,
0ef18f00fbe186cf,,,,
2f3a05d61dec0048,,,,
3e7bdc32655ffe66,,,,
e0605556b414c516,,,,
e207c9cbf8393e9b,True,False,1.0,0.5
107c5776e31b97ba,,,,
22ef833549a1eb4f,,,,
749dcca641c13156,True,False,2.0,0.625
5d9ac2aed18c8888,True,False,1.0,0.0
8dba508f41f9afdb,,,,
a5139a445e104744,True,False,1.0,0.0
9ed9d0204d1e2de6,True,False,2.0,0.25
73f7e19a9e437aa7,,,,
4c3e6ad20fba9ed2,,,,
07049afd0ff6a873,,,,
735134805766471b,,,,
8ec16dddd89d1f8b,,,,
03638a43cab333db,,,,
14155599f16fee5f,,,,
0c36953155a5043a,,,,
ab4e8137ff9c3e31,,,,
8165d49b9f1021ee,,,,
633ff31d37419d96,,,,
723fa66365cebf9b,,,,
1fcdd8f3411697ec,,,,
1a122a6d37fd1e65,,,,
187439cb20c87cfa,,,,
24cbdeea3aa41c49,,,,
f247cf1c56332754,,,,
6334970363b987bd,,,,
b49469195519d742,,,,
3bbbb1c82dc37af4,,,,
ac60523238f410d5,,,,
fc7ff60b4e0c83dc,,,,
347e180de517b9e1,,,,
2aabe6b692e5e820,,,,
de38a7453b721a20,,,,
2a627cf15428b584,,,,
52b5fe40fde4b08c,,,,
ab5f63433f37fa80,,,,
7eee57d68887f16a,,,,
1d406a6620178ca9,,,,
c44c1090c80f2bab,,,,
f6a627b906412378,,,,
58e7ccd8fe216ecc,,,,
faef63dfe12575c9,,,,
245636c7170a1f93,True,False,1.0,0.0
ec0d1ffa8788818d,True,False,1.0,0.0
bb09d8e2b5bb2859,,,,
89c3895220c745d4,True,False,1.0,0.5
f2c7243bb22318fe,True,False,3.0,0.75
6189c6a2242c717f,,,,
b878d8a565fd20c8,True,True,,1.0
ac0c534c42d9b751,True,False,1.0,0.0
635d41182c9a9eef,,,,
2ec94ac18cb4bce3,,,,
27902d9353550cc1,,,,
0fc8d47b2e60b7fb,True,False,1.0,0.0
bb420ab282160f19,True,False,1.0,0.0
e41a214d2b05ece2,,,,
95e8b5648854ca3e,True,False,1.0,0.0
293d1b42c638d321,True,False,1.0,0.5
eca020354a8f48cb,True,False,2.0,0.25
73e8bc7730672498,,,,
05f380997678b62c,True,False,1.0,0.5
ddd3baa47be39d21,,,,
1398bbeb17e695a1,True,False,1.0,0.0
a38354554de49a58,True,False,2.0,0.25
463c2d07abb45730,,,,
0ce3cf7f2ea88baf,True,False,1.0,0.0
f3844fd410848b1c,,,,
6cf22a687dc57b64,True,False,1.0,0.0
757155a934f5b7dc,True,False,1.0,0.0
6f244dea1f866eea,True,False,1.0,0.0
13ce6a2916d974d1,True,False,1.0,0.5
34aeb55c3d38743d,True,False,1.0,0.0
c5e02e5b55ace2fa,True,False,2.0,0.625
3813d280edd1aea9,True,False,1.0,0.5
a2db31cf44c5d0bb,True,False,1.0,0.0
ec482a507540b808,True,False,1.0,0.0
68680cb73b80a0bb,True,True,,1.0
41168bf06f409b8b,True,False,1.0,0.5
a4ecf4c2a371d730,,,,
532ec3dbca1485fa,True,False,1.0,0.5
7c84049e804c1c22,True,False,1.0,0.5
ffc14d6182765529,,,,
1e565464cbc3b2f5,True,True,,1.0
b1e4c0bd33aee0c4,True,False,1.0,0.0
718129c8bed453b1,True,False,1.0,0.5
6cba48180222fee5,,,,
eabf6e7934b192f9,True,False,1.0,0.0
d13934fd1ca5c473,True,False,1.0,0.5
46dda7bd0dc29c55,True,True,,1.0
0e3c5b91c7654c4b,True,False,1.0,0.0
f94aaa0eb0938b1a,True,False,1.0,0.0
b34cfb3dca3fcd92,True,False,1.0,0.5
82e4dadc6f8f393d,,,,
456dcb28fbe8ef92,,,,
7a4badfcc2de34c9,,,,
4302c0d706ffbac4,,,,
5d7c363f8c317011,True,False,1.0,0.5
ece8869d21450983,True,False,1.0,0.5
5c81ea6efb0368ff,True,True,,1.0
87e7e4b6ca62adc8,True,False,1.0,0.0
8e9add9b8fa27945,True,True,,1.0
a0cb2eee4d4e8739,True,False,1.0,0.0
7cd4fee2b2011163,,,,
998c6f735ac55032,,,,
77c52567c6eccbd1,,,,
0d74f6d42d3349b6,,,,
e1d349fad1e8705e,,,,
14d842b0d188e3d1,,,,
b84a680aed955b87,,,,
7b26c1766ffc39ee,,,,
6e6f31b672041d74,,,,
298491bfa353d65a,,,,
d574fbcb24a13b57,,,,
bd8b8d46f65eae24,,,,
0442f73312f5c796,,,,
821d489541025581,,,,
f6e1dcaca8ce463e,,,,
0c30308c12814e75,,,,
1912a04bfab6d926,,,,
52912b7761f68ba3,,,,
ef2387029b169222,,,,
abe30567a1a2f451,,,,
8c86155c5479f922,,,,
6d5e48b44cd698f7,,,,
a63ff7f61175de3a,,,,
6850fb7bf0ece449,,,,
13cc4fd5a42df6ce,,,,
cd73fa7c43f9bd2a,,,,
2ca524fb0274b69e,,,,
815c6df1f5ea0d80,,,,
5950b797d97ec943,,,,
939f58dc9a314404,,,,
b8d88735ac85768f,,,,
821993ec42f76fef,,,,
ecfacbb1bd646327,,,,
b141406b5120a2ec,,,,
f8ea8d151f48cf7f,,,,
eb1b6ab045f81d45,,,,
8e1c8fd720c217f3,,,,
0ae96df184564312,,,,
194ecc4e44bbffbe,,,,
827722699893ce10,,,,
b2269a59ec75b0dd,,,,
f187c7cfba6d7e78,,,,
1fd24021270b215d,,,,
c66226b30bcc6a12,,,,
703c52a8880a8fd6,,,,
4c1dce101b82be6f,,,,
64dbbcfff5cc73e7,,,,
2b30e8910db2d7c7,,,,
958e73904dee0740,,,,
e3442d81b7c99936,,,,
7195c9561c679f5f,,,,
2d15363a2dee3518,,,,
6df3ab9c9fe21665,,,,
0eb948f7abda7369,,,,
98654d27166d4d28,,,,
4af9462c733a0910,,,,
efead57d8bd7a4f5,,,,
6d7269c3021b1fd9,True,False,1.0,0.5
6bf94bb44d5f5b5d,True,False,1.0,0.5
395c53556e4c1871,,,,
fcbceb65bb4e55e2,,,,
5d141836aa670fb8,True,False,1.0,0.5
5f00b8a1619b6078,,,,
e3a09325796ac254,True,False,1.0,0.5
58394edf3fe75ff7,,,,
5905176030db867b,,,,
0ddb0641e92e2022,,,,
89883d9e86cae6ca,,,,
15a482f8f7e7955f,,,,
1c27bbaa738f553e,,,,
1592fa8925f14726,,,,
7ef46ce60cb0cddb,,,,
05aebe6e164eaf90,True,False,1.0,0.0
6800f4f0bf5fe109,True,False,1.0,0.0
b320c156da4b19a5,,,,
e6834664d1d97ada,True,False,1.0,0.0
6076731df5820121,,,,
b5154fe1486cf809,,,,
62a874d0b403449c,True,False,1.0,0.0
5ee88cccd0e7cc60,True,False,1.0,0.0
3b75f816ac44630a,,,,
11346841c8e9bc66,,,,
f3ba74d686ace0e6,,,,
8587b12a749f76f3,,,,
4a00fed2811a20ee,,,,
6553e62020f1013b,,,,
a17ecc31bbdb821e,,,,
b64855262f032788,,,,
ec5387522102af56,,,,
7088a2024528459d,,,,
42b227f03e677f3d,,,,
03c8ea37776754a3,,,,
a42c06b817794bba,,,,
8d3ecc49a4e12c5f,,,,
0c2d0df7dc09dd7f,,,,
a5a6373686e05a02,,,,
b0954bf153709896,,,,
c75307ef5c3c4b4e,,,,
7f204ef2acb75564,,,,
aec6c0365db5fa93,,,,
24039211ac608f05,,,,
b4ff84751907aeb0,,,,
35c1d9741aac35a3,,,,
9e76d1da50461792,,,,
71cc64f2edf4ee02,,,,
9be34f627cead6eb,,,,
784e8388bb30829f,,,,
a5ddf5a3d55f8bca,,,,
4f7a65360392553b,,,,
3c642c88154151ee,,,,
6234e014fd8a782b,,,,
d379dfb16e4d8a34,,,,
ec893f7b8fc68cec,,,,
bc54b123ca433421,,,,
efcdbf8a2664d502,,,,
6ab424b2ad2b5b5a,,,,
e6e440b3e723ea99,,,,
558c803fafac3880,,,,
64d71c92c0740f77,,,,
ffbca8ad40467191,,,,
1598f9d413c10461,,,,
896d566e4f7db7f4,,,,
28fbb780a5caec3c,,,,
f447b0d500f9ca7b,,,,
5490e88d44daf528,,,,
1836a72ed9fe6beb,True,False,1.0,0.0
a0f34dcc20eb03f9,,,,
b8859e717a931260,,,,
7f2c111596b6b9cc,,,,
d7574fc2454b783d,True,False,1.0,0.0
1913ad94ae2f0d20,,,,
f9af176047d106ca,,,,
4b11f84100ddeae2,,,,
ef35f283d7af3a8b,,,,
4e9d3e0d00a22505,,,,
ee466c81daca664f,,,,
e4ce4380607b762d,,,,
7dde5645c7c90b3c,,,,
bf0d9c3972a8e49c,,,,
a0054fd7a1612884,,,,
cb92eea84ab782c8,,,,
01f2cb98e9345ffa,,,,
7e725615d1cc6b15,,,,
9daac8545f80e43e,,,,
5acbda1363ee34e5,,,,
632a42765685133e,True,False,1.0,0.0
2c5c45590ea3c854,,,,
52b52c952d0305e9,True,False,2.0,0.25
63b08a1b86a1899a,True,False,1.0,0.0
9055c94c34c75d7e,,,,
28ed352d30fbfe4d,,,,
56d6d19c5d5db4bb,,,,
0ada4d82999163e6,True,False,3.0,0.5
1971551d4e954708,True,False,1.0,0.0
906225a3a7872467,True,False,1.0,0.0
f4556db0476132d0,,,,
c5b5bde41579f813,True,False,1.0,0.0
17effc0a335b0f0c,True,False,1.0,0.0
f0d39502099d9ba8,,,,
7e9d34f09376bd35,True,True,,1.0
2b40330ef065e942,,,,
f8aa9602715a6d3c,,,,
86a520e8702d5de8,,,,
f7488dd5447a3d5b,,,,
8894539af2bde0e3,,,,
0245ca31d3917f7d,True,False,1.0,0.5
74e31c878e963692,,,,
b926d2f413c094fa,,,,
0d2dc2d436b5e082,,,,
f452b99e4574a2fb,,,,
0db54ee550788a79,,,,
f4d3de234b4b42cd,,,,
325798502cbfa539,True,False,1.0,0.0
cfd3c60fdb66f005,True,False,2.0,0.25
8de1740364c27558,True,False,1.0,0.5
8c47e46e0807a79b,True,False,1.0,0.0
5c5343189b4c1a5a,,,,
51a18d02c7c6e587,True,False,1.0,0.0
6cb57e24a4d0db13,True,False,1.0,0.0
c009d1ee390ee134,True,False,1.0,0.125
3e42409a5a302ce8,True,False,1.0,0.5
119799a7fdaed7ba,True,False,1.0,0.5
39a917e19d927110,True,False,1.0,0.0
6d9d79c6cf09ae01,True,False,2.0,0.25
cf066abb741ab2cf,True,True,,1.0
36049ef8977acd49,True,True,,1.0
caa037ee67b65062,,,,
35bbe4d6c244fd11,,,,
10afc77d902d06f2,,,,
6abfb932a92060da,,,,
58d4adf5abc1a32a,,,,
5d07cd930847166e,,,,
91b0c49878dcb687,,,,
7420be241f0578cf,,,,
6d2c8310df4dbeba,,,,
922895ae83266884,,,,
e212eec4279f62c1,,,,
fe9032cba8075b7f,,,,
d282246a41c3ceaa,,,,
823db38b597cd3fc,,,,
84306c48b87e742e,,,,
1b8e977c71f7237f,,,,
14866e019d33a733,,,,
6ff48128bf2348ae,,,,
ae10c1c56c0af187,,,,
fa7118abba2ec771,,,,
23db05d534304588,,,,
dbb125a4e8f8c04e,,,,
e4689104c56aabcb,,,,
dc2c0ff7afcc6387,,,,
b5abea418e0ff130,,,,
b167bedf4ac51eb6,,,,
e9e646f748454276,,,,
7b6c7a7c35dde65b,,,,
5e5e124a77be077c,,,,
8a9def1c68e9c703,,,,
765787a0a2105438,,,,
93ba373246e3dd41,,,,
c71661f51012f7a5,,,,
f6a37d80ca533720,,,,
cadf8ea64bcde730,,,,
e8326e6eac3561f0,,,,
9cc46c49bc53124b,,,,
ede3f02d98aa053c,,,,
5adae81af3716b36,,,,
0dcffecbe90b2c15,,,,
086b06cbdcc7ca40,,,,
90b69c5e98d45574,,,,
15de5ff92a52f379,,,,
bc59107e05f6794f,,,,
4110fa104c31efa8,,,,
f26078b1275952e6,,,,
6fabd0830cc78702,,,,
880b72a2eae3a0d0,,,,
b8a160f49b5d95cc,,,,
2dde2c1618a4a7ad,,,,
7758f1c39a4b859d,,,,
eaa2fc28bf22dc9e,,,,
a7339253b6671a17,,,,
12715463d9d383d0,,,,
1c55fc469a9a74d2,,,,
a625f27016888c5e,,,,
1a0222be66deb1b4,,,,
029b3eb148f52c0d,,,,
d72dccf8ac9a5e89,,,,
a4f5be47529b1513,,,,
55bf3c6f06709b86,,,,
9d0c4e0b955100ca,,,,
00ffb8bf4686f0d4,,,,
d17e95d19c151ead,,,,
0ee90c9aa518812d,True,False,1.0,0.5
01056645f130ef71,True,False,1.0,0.5
7aa72a677ad257bb,True,False,1.0,0.5
f212dfe9b8f6c858,,,,
ca7fbc3c133586f5,,,,
3c0317bf2ed55193,True,False,1.0,0.5
f94cf96df438a7c8,,,,
1371e4237101300b,,,,
1c4eed13149dc107,,,,
9032bee791188bf6,True,False,1.0,0.0
2aa88dca21a9ad03,True,False,1.0,0.0
d0180f543e3b0a5d,,,,
e39e6680299d412e,,,,
a60c2d5d2af84f43,,,,
a2a5cfc54ba69e8f,,,,
56769dd58a3ad5ee,,,,
b7afd974e278cebb,,,,
fb74e763a7a69df0,,,,
8b36f433680c9521,,,,
1c0e635fc081093b,,,,
4c8eb69fa9cdda05,,,,
90290e96e7a38915,,,,
ba8231e4f3b4efba,,,,
5749e6a9c2282f95,,,,
38e14d061fa1110b,,,,
3ceec06d240f5e61,,,,
a6f2501267862063,,,,
929a80b0c2e15e4a,,,,
d37f8f9dd56fc29e,,,,
84aee6d3363eb6b2,,,,
b2e35ed5e91647a4,,,,
1ed7a157f27ad02d,,,,
df0a23b5531435a9,,,,
4c8d847c2e536da6,,,,
60aeeff6e9c0742b,,,,
baacd6b37f36f142,,,,
6fb63d10d95dfa51,,,,
388413d48cfd1329,,,,
6778910842ad4d4b,,,,
44bc9ac46a316926,,,,
1e3ffd5d431197ab,,,,
34a6dab69929d164,,,,
9f3a6168b6db8ded,,,,
bf79606d57311ba0,,,,
b1fbffb069ec5ce9,,,,
12d4151dd4eb9da2,,,,
b617a5f494196d98,,,,
44709cb7fee0725b,,,,
7afbf9b31feff988,,,,
798a32e90c37775b,,,,
5d9442b6c6cf5c7b,,,,
b6b60a27b01e4e4b,,,,
a9fdc542d9e7a1f2,,,,
50f5b10939617e55,,,,
c45b5822285eecd9,True,False,2.0,0.25
c3a33f924585715a,,,,
0d5366ce8a0bbe6f,,,,
1c9e297e99e847b6,,,,
25e139eef6e2a622,,,,
27f805b1b732efd4,,,,
905cf8becb73c0ca,True,True,,1.0
21cf5c82538252a2,True,False,1.0,0.0
64ff5f360e81cadd,,,,
cfc2a35633fb5320,,,,
28a688010221ed0a,,,,
d768ea4074ab8e65,,,,
e4b39904e7210e7d,True,False,4.0,0.75
8d975b8bb177ea26,,,,
df17633a6453c7c9,,,,
85bd2d4e15e26670,,,,
25f939ae48ffd040,True,False,1.0,0.0
cbf0c306cf0c61f8,,,,
be49f430418d7fd2,,,,
17f8ea16d7ace98c,,,,
d87591954dac2787,,,,
31a26ad598e52512,True,True,,1.0
23ad7285fab5aa68,,,,
4438cc90f769802e,True,False,1.0,0.0
7f0563f1fac7a618,,,,
6b690f5ffe9f6ac9,,,,
9481301ccd04e29d,True,False,1.0,0.5
c967837f6bca791e,,,,
69d35f33ad712aaf,,,,
b2728c7b7bcb49cd,True,False,1.0,0.0
7327d636f4f51a9a,,,,
d13de864f0c3943d,,,,
08fc15b30f151f97,,,,
0439b626b517cc38,True,False,3.0,0.5
8b9af0670cc3f27c,True,True,,1.0
212441cc9d845264,True,True,,1.0
2b5b4112a5c472cd,True,False,1.0,0.5
8cc4ebf7d7e14c2c,,,,
d26d5508009dca43,,,,
e65fbba0ee0b39ec,,,,
4b9cb97d6c92c396,True,True,,1.0
86e2390b71383cfe,,,,
42a8a4caf78a1c0a,True,False,1.0,0.5
f4a73b4f536cd9dc,True,False,1.0,0.5
6322aa5d43e410b2,,,,
e1b5b30ad9c78faf,True,False,2.0,0.625
0b7727cded33f0f6,True,False,1.0,0.0
bc4e1a8460b81296,True,True,,1.0
4e7877e37937b0ad,True,True,,1.0
0e8274bba4add51c,True,True,,1.0
6bbf2769c8b2f5ef,,,,
e8cee0c64148df0f,,,,
6356eced269f7151,,,,
352111a368a8447b,,,,
9d7b43483e29bb9f,,,,
6651a84f97b5fe33,,,,
1023b6ea1f8b2b65,,,,
4020b452c8743c42,,,,
5fc49ba13001f9ce,,,,
37ed20ce12f22df9,,,,
c8bcc801a0d5c068,,,,
fe2ab4a84034508f,,,,
abed60a25ae38eeb,,,,
17530056fdf20b53,,,,
a9868e49e612ed2c,,,,
77d1cb2347ff7850,,,,
c086f42df9a388e0,,,,
200d0955c80bb654,,,,
16391782857e5a05,,,,
46709d126c251959,,,,
925b920344b56f5c,,,,
bd0b38261911d548,,,,
723b88c7f47c7fca,,,,
ed570ed77fd354c3,,,,
330b65a9f4940944,,,,
d4d15a6508254b1d,,,,
2c9c02cfe4857d7f,,,,
4f6776820cf222c9,,,,
aa453e3bbea995a7,,,,
25d410c3d58b48c5,,,,
48a8597b6f874a69,,,,
0b10dd7505cce7ba,,,,
49d093cc88f9b994,,,,
7608da3df23044d0,,,,
b591ad19de672a19,,,,
f9de5c3c96cf0a35,,,,
5f1dd5dd5c67555b,,,,
6090d9d235a7dcf1,,,,
bf9dbb1304620056,,,,
1af34925181fda73,,,,
24a0803e2dc1b489,,,,
7a3c33a9c57785b9,,,,
39b330dfcfe6e836,,,,
99b5551dfeb58e86,,,,
0cbccc375cadce1a,,,,
911b2279389b4918,,,,
0b1d4da6ca1b9ab8,,,,
148eeaeb1dddf32e,,,,
1a97f5d8a6ee1441,,,,
54a33be7c5f59cd0,,,,
33f1596ece78992a,,,,
b2dbee6fd86a9f0e,,,,
bb1d6dac7b50440f,,,,
39ec008199f35299,,,,
76f1d6785401fe72,,,,
1c09a0150d18ea16,,,,
3205e04cd0ff5a9d,,,,
a058af699fd695f5,,,,
10828bee639ce615,,,,
07e0dfa2a99262e4,,,,
6a87d2f30cf28d49,,,,
6566a8db6fe0557e,,,,
6fc73f8955e6aa01,,,,
63b4c4ea2113e403,,,,
5ba8b75dd051409e,,,,
833196cb923b4505,,,,
45b159a2c1eb51ef,,,,
a50ef4ddf90a990b,,,,
285e6e79f6ffae64,,,,
cac1c6033963e044,,,,
ed6b54693ca41b88,,,,
036f55f7b51a6ae8,,,,
e7ef5210d6903c7a,,,,
832d8edc9f052286,,,,
04800ded6ca24fe3,,,,
df41f5cf8ac0efe0,,,,
85f120d29df565e2,,,,
16a97c317ac92245,,,,
2ca224cc3ae919df,,,,
7e77ed27918170ac,,,,
a59e697f96aeada3,,,,
f8872289a9506190,,,,
1ac80f3c7c1cd8f8,,,,
1969196cb47ee3c4,,,,
e3d6b32db3598637,,,,
698122b63194f55c,,,,
8335db4b49ea2311,,,,
422eb17b85a260ed,,,,
6c4ad31760358d0e,,,,
59ee63802bede7aa,True,False,1.0,0.0
d513b8a28a14c074,,,,
fc5a0aca454158a0,,,,
ea3eacec6cbe1858,True,True,,1.0
7aee22a63ba1b38a,,,,
d9433ab1ef0a2903,True,False,1.0,0.5
8d3871998c067bf1,True,True,,1.0
d290bb98a8bb8d48,,,,
c1c9744c9961ecef,True,False,2.0,0.25
5fc24d3bd363a61e,True,False,1.0,0.0
1f5974fee6358a54,True,False,1.0,0.0
6d23263082de681b,,,,
add05342e15d4e5a,,,,
1b5fa7e9dbae8b9d,True,False,2.0,0.25
a81afe16475cd1b6,,,,
a5e142921d3aaba4,True,False,1.0,0.0
aca520034f2d2727,,,,
bff60e051171167c,,,,
025d748256a6347e,True,True,,1.0
d3f2252fb182c3a4,,,,
f24d75fa27ac478b,,,,
418268609c663190,True,False,1.0,0.0
14c797bb9f73e45f,True,False,1.0,0.5
1518289c6075fd04,True,True,,1.0
fcae66177668920c,True,False,1.0,0.5
96d238e542374d4a,True,False,1.0,0.5
605d17485fb9b321,True,False,1.0,0.5
d0000e6d10a701c2,,,,
6dcb63ec886993f6,,,,
5f44c208ab12d2f1,,,,
6f53238217e9177f,,,,
f085058e8e2372be,,,,
f4253133fac80dcf,,,,
d6459fa3b5a1a2f7,,,,
fd5621760d6b504c,,,,
39b484d6f1065225,,,,
c0c33ac7a14b9a93,,,,
330950da571c4bd4,,,,
73bd5e72b21a5757,,,,
25425b13a3995f5a,,,,
8a45a3a818a3ce09,,,,
b0a5e8cee9204047,,,,
5f57ce0ae848f0f1,,,,
d610be1254f84b3e,,,,
b5fe36a60fd874f5,,,,
be028104d05fa232,,,,
7f3dc5d478e2396b,,,,
cd20c7dfb10c833e,,,,
e8eb520c4e311b53,,,,
9fb37e59dc73b726,,,,
8f07aa12fe3117e1,,,,
60bda31d10dfde1e,,,,
c1af3d25f4cd8efc,,,,
12b6dcb18dbcc277,,,,
a6fed084933f96b1,,,,
d43272612edb74d5,,,,
d5e818869d981a4d,,,,
a22030c5c252db26,,,,
dad119673f2e42ed,,,,
2a161715c80a698f,,,,
8c89fbf752a4950e,,,,
5dbff21dbcccca93,,,,
da08e6cd2ad10b66,,,,
f311c8741d8eb2f1,,,,
075f7c87609f3d15,,,,
c283e05a4e0594f5,,,,
b79a40b3f02970c6,,,,
12981cab259a76b4,,,,
a8f8f4ab75d365d4,,,,
b6706c7dce7d1170,,,,
2f737487a7c983d0,,,,
3f19f8e2d28a3c4f,,,,
d31a0030fabef04e,,,,
ba55144a11dedd2a,,,,
f0eb7b28ca7de015,,,,
5fda78524c226008,,,,
8641ffa68a91bedb,,,,
97578ab46b2bd822,,,,
6c418febc7db41aa,,,,
7871dcef53f508f7,,,,
e2c6093f44211945,,,,
fbf5ece2f526ab2b,,,,
8d374b0887e1b8ed,,,,
3773dac5b2111b08,,,,
4f58094970f9932b,,,,
8ee2e063ee0ab42b,,,,
286988b591f811ca,,,,
66fd6359e54bc753,,,,
b9197ee7a0f1eab1,,,,
3187189ce8b5f0d9,,,,
c73172fa9540da10,,,,
301246ec560f8fc0,,,,
a7fda1bf6c4e39b8,,,,
d6ff75ac92c26f88,,,,
970840c567ec3a35,,,,
2e5c59a89298545e,,,,
1f2dcd7a7cd5fc3f,,,,
2f04add30de3f39e,,,,
e28197acbfdd5646,,,,
d8eef6344c0e4934,,,,
84d8c806124f13a7,,,,
5cf3415687d1f4cf,,,,
97ff22764eb6eba0,,,,
78871bd5a9fe1849,,,,
a32ab3bef110b53e,,,,
1255738ea5b8e402,,,,
c8e3b14e6025a574,,,,
8a767fd379a7dda4,,,,
244f7f00bf6be493,,,,
d8e90a0cb54ab3dc,,,,
9d0a72db161e7a6b,,,,
b181565941a395c5,,,,
6385769d42d5f285,,,,
ed5d0facb9bae5b8,,,,
84d65ed80a99fd0f,True,False,1.0,0.0
2fc174114738f0ea,True,True,,1.0
e5ae02b6fb07a1d7,,,,
aaf47e8730e0b1bc,,,,
9b68664913c1ff23,True,True,,1.0
8dce445d693bd0c2,,,,
13c06b28b51cc5d9,,,,
0c6ee5f39884caa3,,,,
b309a6d42d44aa52,True,False,1.0,0.0
94f6d2a093cc65b5,,,,
ce43f80e6023202f,,,,
7c2e9bd051330453,,,,
75733662f465fa04,,,,
156624c2724a46a2,True,False,1.0,0.0
2ad7a97f175dbd83,True,False,1.0,0.5
c56a5727f29b45d4,,,,
f0fbc45f0d12c9ed,True,True,,1.0
19e882ff48e20154,True,False,2.0,0.25
0865c64c797ff672,True,True,,1.0
6f20ff1183301701,True,False,1.0,0.5
9503d979832ad077,True,False,1.0,0.0
80ab367f5e79b072,True,False,3.0,0.5
c9010585f468bf90,,,,
761736c5ac4ef350,,,,
449668f34d394393,True,False,1.0,0.0
cca1730165b44d1d,True,True,,1.0
7d9b057d74de858b,True,False,2.0,0.25
5eaae2ef9947d09e,,,,
c5463a3047fb72a2,,,,
8b1ce6b9508532b0,True,False,4.0,0.875
cc0167f4f01c76a4,True,False,1.0,0.0
fac8d4eb17dda1f4,True,False,1.0,0.5
d3a43fedf988b3e4,,,,
b6e5d5fa76e732c2,,,,
3cd6c3feda989104,,,,
9a021c3f8e72cff4,,,,
98531134d333e12b,,,,
69c72890a5ccf6d3,,,,
c6f757438d4e1a0b,,,,
aee7f49d0a8d4ff8,,,,
6c045d1f839d113f,,,,
7c13a0f4f7d35cee,,,,
a3bb69045ac4cfc9,,,,
8807aaef18aaa26e,,,,
b7e3f54589e88bc7,,,,
670a6ba232de01e9,,,,
d5c1642b20b27428,,,,
b3d40c4307b76595,,,,
f270ba56cc904088,,,,
0cf1382fd785a16f,,,,
aaf819a9e3ac1158,,,,
0fcbd86f34259789,,,,
27ea27bd2883047d,,,,
63732b8fc265a943,,,,
b8652ba04009f477,,,,
fb076212e6a2bd61,,,,
d6ee1a60c2a1dbf5,,,,
253603a09bdfe925,,,,
b33fc364ca3925a1,,,,
6cec1fa7f0e6ec66,,,,
948cf336762653bc,,,,
251129614f63c3d5,,,,
49e077cb7459d80b,,,,
d8d92872f89a5eb8,,,,
50ea3f966a2488e3,,,,
10d849900548a147,,,,
fd90350d81a6a474,,,,
3b06506f0dd85850,,,,
82bc1f5f7f77c1a9,,,,
dc9f1a7646e27f82,,,,
b7242d60298ac440,,,,
fc9a89ae311681d8,,,,
e69bedd33224fbdf,,,,
606b219a07a21fc3,,,,
c1bf91fbed4e2836,,,,
bfb9381cbdcc00e7,,,,
078f62264167699f,,,,
f28474f123b3cbb5,,,,
ac5945a06b7ca3e4,,,,
b84b280ea8364cd4,,,,
acc14c165cd22082,,,,
3cb5fa8fe2aaf509,,,,
ec96f88b334f4694,,,,
77411db99e1918a5,True,False,1.0,0.5
1e286a6ec3257e77,True,False,1.0,0.5
bd692552ba39df25,True,False,1.0,0.5
3d8dcbf41724079e,True,False,1.0,0.5
8349f1be9e081661,,,,
0180494147585fd4,,,,
85fd2ebe558df32f,,,,
10ac567b2067c853,,,,
1f8c142cec60b04d,,,,
53a7c48ea37fa1a4,,,,
7cfae01f248ef712,,,,
c80b141e8c9fc177,,,,
3f97e8f9b066e107,,,,
19afe52f0dbc507f,,,,
39f88dbb9f900f74,,,,
f726bc85eee60409,,,,
0bf70e46b1df8359,,,,
52f62e7aa29c4e87,,,,
57be3dd4d6efd5bf,,,,
e8494514121116e8,,,,
93a031f2c0e2cc11,,,,
de8524ee20554642,,,,
dcb7137eafe5c28e,,,,
d92bdde9faa82113,,,,
ab41ac7da5361fb0,,,,
049cdf84b3f47050,,,,
44fd4fdc53ebb8c5,,,,
48308bdd5408be1f,,,,
30e8b7c220cc759b,,,,
cc47c6b4fa071614,,,,
d8fc164564e69f11,,,,
a055e4539ce2f528,,,,
f52161fff233f627,,,,
5ac9d56d37dfd21b,,,,
f0bd88b06b5b363b,,,,
4990972ada7c3c57,,,,
7bd0d66c6b01aa16,,,,
7d988e773f1d3de9,,,,
819271a36955dd11,,,,
069d32ca4c99fa88,True,False,1.0,0.0
f4144d6323ef6103,,,,
f0e3305f9075c15e,,,,
45dcec7493546c05,,,,
74dbb45f9e71629e,True,False,1.0,0.5
492c61f3c47e0eac,,,,
3ad1c8c21e5b24ea,,,,
a0010b27674767d9,,,,
624beb9ba988f915,True,False,2.0,0.625
a3d99ab189596bbb,True,False,1.0,0.5
f7df848e3f9397a0,True,False,1.0,0.5
5eef51a25b003d4e,True,False,2.0,0.25
dd847a1528521f2f,True,False,1.0,0.0
4c97067d3a9c1d94,True,False,1.0,0.0
99be36f2b843b6a9,True,False,1.0,0.0
467faab9b6ed9649,,,,
1b80cc7da4e62330,,,,
07f3f8fb0442bd12,True,True,,1.0
f0a9fbbe6db27634,True,True,,1.0
6de29444cd567c1b,True,True,,1.0
1a3accebd0cfce9e,,,,
bd7ebc5af68562aa,,,,
94b6ac832ea1d42c,True,True,,1.0
77af38d4bf183108,,,,
2b52fc7225bd53aa,True,False,1.0,0.5
53c7757417a31c28,True,True,,1.0
a8d2f0f2221c57bf,True,False,1.0,0.0
1e1e6318b15c67a1,True,True,,1.0
008f67cc0105e4de,,,,
032d8fb369bcb90b,,,,
edf73888f5508606,,,,
de59c6794c9adc14,,,,
dffcf391653f7f23,,,,
acf8f6dce23b7ffa,,,,
252259ac55ca3a3d,,,,
930c8d33934f947d,,,,
5ce57e4d66722720,,,,
354c1ca1600f58c2,,,,
074d62b138736c93,,,,
fd7d21d75c13c379,,,,
7440b0080d6ecb28,,,,
ac8d06dc2312225a,,,,
7eb6b7e64914debe,,,,
1f4014a3b2e8ab42,,,,
ad24319d1e58f02b,,,,
cb61e3f1871f7d9b,,,,
3253588b7cdc8eb2,,,,
ac30c9a646d8f7ca,,,,
c685fc943fce3f93,,,,
0078d32e3a388e94,,,,
ecc286114a1c4c9e,,,,
6193ab4c218d8345,,,,
bb9195f6ef929512,,,,
70a2917c7e35c480,,,,
5b5785aa21c749ad,,,,
ec7dc2de6ad4e60e,,,,
5161e816f21b766f,,,,
b850eb562b4ac9e3,,,,
f84ce5c0396856e6,,,,
3a226d1c657606ab,,,,
24a6fc46d9a356b5,,,,
f9b3b8788a1a09a6,,,,
85da91a5259d0ec0,,,,
b844a1b631d36cd4,,,,
34bee96f6eae9012,,,,
3799416ab02fae3c,,,,
3c6ed32e648d5427,,,,
b709ada7c983deab,,,,
6a97de42afd5fda5,,,,
c2960f016992f0bf,,,,
ee1cab0a5e30ca6a,,,,
8e011ea36623dd67,,,,
4110bd5c718a84c1,,,,
378a69d8ec6efd3f,,,,
5b95013011732fdb,,,,
bb4d9a9d898e6d86,,,,
344341508bf18fa3,,,,
025aefd67aa88d53,,,,
f8abd17c5eda5e9c,,,,
0117083c9c410acc,,,,
cb4155bcbb366a08,,,,
8fa8bc4fe913e74b,,,,
05c80e4b792cc336,,,,
7c4b8fc5ef6d1918,,,,
4cb3f369fdb28fca,,,,
eef3de215435a1a1,,,,
a3b2ab836db1630b,,,,
74cb2922971c3517,,,,
fa13a38635b4a9c1,,,,
709277e224baa3d5,,,,
a6fc77401087afe9,,,,
faa8dbaabde8bca4,,,,
dd5e6367d637c884,,,,
406a86106113507e,,,,
e9f185de0b986a3a,,,,
eb63708501a52e78,,,,
cf0c22b503907e5e,True,True,,1.0
925618037735a452,,,,
f09587d81d2595a3,,,,
5733661c87c5f2ad,True,False,1.0,0.0
3fe978d5eb1cce30,,,,
f35bde8c01478d4d,,,,
d8b9f8bb14584223,True,False,1.0,0.5
f031b560344755ba,,,,
3a10a6c666a7a554,True,False,2.0,0.25
74adf952cd769b57,True,True,,1.0
e33e48f2e4af6281,True,True,,1.0
848e9b9f5731a802,,,,
21c0823d23c7fc2b,True,False,1.0,0.0
a8196718f64abd69,,,,
84b043d1d838455d,,,,
2daef5206db3ab6b,,,,
f0b00fe60597c04e,,,,
2ea09315e85325fe,,,,
03c3def406e43f89,,,,
d9142543b208e6c1,,,,
78f74565c40c2b4b,,,,
0f2fb85cc01d114d,,,,
124f3bb1d7c2b243,,,,
43d71c6e72e80799,,,,
74d51af2f650db35,,,,
ca653b9577b057b1,,,,
766177b24d8467ec,,,,
337bc05c70dcd85c,,,,
a005cd838ef17df0,,,,
26777e3e94199a8b,,,,
238bfc4bc9fcd70a,,,,
533cf93fcc64635f,,,,
1e3e3716eed07e45,,,,
dce74797f70eccc5,,,,
2cbb49a1348f1df7,,,,
bcffdb265f2cec9c,,,,
88bb477bd9140c53,,,,
27ba8f58f9651601,,,,
f7147330555d609c,,,,
7691301e28e78216,,,,
d789267293583dd9,,,,
0a41b33a2f2632be,,,,
7d51347c01e3ab5c,,,,
c8f89996b4577eaa,,,,
5c00014e5a013949,,,,
067383a7ca4e9e58,,,,
ed3a1a7031886294,,,,
97e21b45cf2dfae7,,,,
b7d4b2d3ae5b6798,,,,
14b54664dd8301f5,,,,
10dced92dc6f5758,,,,
ff71e980b9e3c7eb,,,,
9a187937fef1258f,,,,
afb0649772c1cc9b,,,,
94b6bad1636f3c63,,,,
78a2fd2777999f99,,,,
d99d2f56321c208a,,,,
db5d657a451f8531,,,,
aecf888388e65918,,,,
eb6a66102227e797,True,False,1.0,0.5
b31e7688d6334e5f,True,False,3.0,0.75
961d079b4277c948,,,,
4b4d669d92f81047,,,,
899f85aff32012ad,,,,
f23eae47c5a840e0,,,,
e54f4360cada7a48,,,,
633d24537f2fa59b,,,,
68d17ba2c24c2cfc,,,,
8f145526a69db9a9,,,,
4543662629076f93,,,,
3645f9715bf714cd,,,,
12e5c2b068938e3b,,,,
a85a333d3068ca2e,,,,
f1c8d226730b4c32,,,,
82eab0cfbe08e571,,,,
682816040296632d,,,,
53b385ee3c22d3d1,,,,
218bb38492bea93f,,,,
76aa59e8aa757ed3,,,,
9fd3e3ba571cae4e,,,,
d94f3b6c15c1f264,,,,
15ebf6c3ddcd0d21,,,,
6e362669a9d87386,,,,
e086288decd4f276,,,,
e22f13a831dddfa9,,,,
083903f83b6a6ca1,,,,
a219aee1069020a4,,,,
33726223d0a0bde3,,,,
24a26f71d7378787,,,,
1d2fc49cfdd1c66f,,,,
15ff0f787d4a600b,,,,
fd440fa99780e376,,,,
9e083b5e95ab46cd,,,,
6751dc382036bc21,,,,
a9c88adf314b1d85,,,,
5e8771db39528e9b,,,,
3a205b5a3a28606e,,,,
6a8320f4066a14f1,,,,
d09cabf3e3a3bb13,,,,
d3896031f8a8e11c,,,,
59bf87696024332c,True,False,1.0,0.5
04c9655cab490d50,,,,
09af3acb55b32201,,,,
14c8c14484909a13,,,,
dc326181a106e820,,,,
f6e2a4a7056be825,,,,
3f08cab84d524bfa,True,False,1.0,0.25
59b15887a92cf833,,,,
a9497aa143a8c1a8,,,,
3a6e641313771071,,,,
e79592eddcb48e9f,,,,
e6c8615e74a9c9fc,,,,
12600cb02f722506,True,False,1.0,0.5
0e14c1ea8e072b33,True,False,1.0,0.0
9510b49fe7c05b17,True,False,1.0,0.0
bc8ac4eeae23f2a8,True,False,3.0,0.75
d128f609485fb3f3,,,,
2e869488f0d92108,,,,
31ad075303fa62ad,,,,
5d79f0906e030168,,,,
ca27901b8f892506,,,,
f15040db404e7e9d,,,,
01d42bd41a30462f,,,,
dbf040b90f97cfdd,True,False,1.0,0.0
34b1ef0dd4a8c01b,True,True,,1.0
6d15d1c7165d3dff,,,,
87d6814c537a2c8d,,,,
be9a23301faa923c,,,,
90f69bc1a8139934,,,,
043c115fe70cbcee,,,,
912f90574ab7b85f,,,,
0fe7598d85bfb84b,,,,
500196f1adad44b6,,,,
01164fe35d255f8c,,,,
dbe465c468b7fc20,,,,
3b3005e1f7f4ae20,,,,
217531a137725438,,,,
9d82ff46681d47ff,,,,
3edff98db15f953f,,,,
96dc4765cd79fc95,,,,
ef4d3cc3c84f42fa,,,,
0d900bc25ae8d136,,,,
b635d3f7714105ae,,,,
4cca1f6f8fe88ff7,,,,
8c008d5d0e3ffd2a,,,,
f4a312303673573a,,,,
26ad6f3584dc7853,,,,
446bdf5997d40e5c,,,,
549518bd453d2368,,,,
ef7c41119c10e315,,,,
901c3869a468311c,,,,
da65d216c6ec62d8,,,,
cec6b83c07402d30,,,,
10ae0714935727e1,,,,
08ca0d9dbe6f6e50,,,,
bda2e1eac2fabc66,,,,
b54ac08fbd57061e,,,,
09af5989be8a79f8,,,,
2449ff852f46aa85,,,,
1754d754e3f81186,,,,
167f5e05fc55a5e2,,,,
b9d486a8d1a9d0e8,,,,
2d8d766ed5dd387a,,,,
51852c660bd3d1b3,,,,
3d7662ee097d03f4,,,,
0bfb820aafaa01fd,,,,
df25e11a94f0823a,,,,
0261c1badb2bf1bb,,,,
75db3941d31947b2,,,,
ed70edd655a9296b,,,,
2e5aeb3419a623df,,,,
6e9e7bb815681650,,,,
15989ee8a606dfd4,,,,
293ec371db4f1faa,True,False,1.0,0.5
d0010458992feb31,,,,
ddd186bda42ae217,,,,
fa309145a213efb6,True,False,1.0,0.5
d39af8f5dbbbdc21,,,,
deca697a2ea0e6e7,,,,
3f145797f530e4bd,,,,
b60a6886766c3d1d,,,,
4a94962ed69d8309,,,,
20c39bceb1fd7057,,,,
6ea413d970e57ef9,,,,
bf59589d9313c601,,,,
278b303ca981ac35,,,,
44f3314277b98861,,,,
45391f26e68d7945,,,,
51590cb1d86fc098,,,,
237d54ba204c395e,,,,
41aa283f577f7e90,,,,
48f3120f07ea5597,,,,
77060e8ffda4d97a,,,,
677d2a21112e14ce,,,,
cde13288125fd977,,,,
cb82d5eb2e14b9ad,,,,
61544afd772927d0,,,,
e3307bc022d95e0e,,,,
c4836c2095fd3c59,,,,
827c26659322cb6f,,,,
70aa04f08fcc9474,,,,
84507d3979cd3f8f,,,,
bc9a0f62578447b6,,,,
9a136111556c9ce0,,,,
1c8b1983b9c35e2f,,,,
75764c4e71bd5aa1,,,,
0d342a4fa9fd176b,,,,
bd3050d547601a94,,,,
f9396ba24ebbd3a4,,,,
1a27f63e6fe3c566,,,,
1471e8c9c2b9ac2f,,,,
65829aae6df3009d,,,,
da7c62274a10a777,,,,
923ad3cc16a40d4b,,,,
4306d45fd004cd6d,,,,
7dac2d91d2024e82,True,True,,1.0
28f467d482c64407,,,,
41d8dea28f00401a,,,,
304c777e8afacd01,,,,
163bc80dd08360c4,,,,
d04012459dfab003,,,,
5424c41e7a0308fb,,,,
cd7b96c254d956f8,,,,
068c5170b85ae453,,,,
20eb185338bd6840,,,,
0fb09f591e79fac2,True,False,3.0,0.75
e02ed95c91c78bd9,,,,
6870df21f4b8dfbc,True,False,2.0,0.25
807d8b3d34854df5,True,False,1.0,0.0
d9c8bc51a1c3ff3a,,,,
c6285ccbc888e530,,,,
7f782e64598f9c9f,,,,
7dea678e0d914c72,,,,
8dd422c61a9f0eb3,,,,
128e5122d4716ae0,,,,
37ef8e06e7c0d70d,,,,
5fe71203b3eed89e,,,,
0b1a063973bb5755,,,,
82cd3331b8760bba,,,,
59f68b33d531eb09,,,,
4fc9057a7179203b,,,,
da91cc682ba4ae83,,,,
0b069b2400b2bf2f,,,,
b95c1a098b1ad37d,,,,
bf06c4c4e2ac4e28,,,,
b555eead0a9eb4a1,,,,
f2e8880d99fb614c,,,,
8450be31ce28cdd4,,,,
bfb98a55f8dcc9db,,,,
4b381a4454dd08d7,,,,
c59f63c1fe87bc54,,,,
497d519f7d132483,,,,
1edf44ccb1f59905,,,,
5345b1b580ff6e6b,,,,
d465811b86cf3ce3,,,,
f78a0b233135521f,,,,
1dd4c352f87351b7,,,,
43385a01f49a85a0,,,,
caddc956d078781d,,,,
61fafb57299e471b,,,,
2e853904c337cb9e,,,,
ad16816baa5c35d2,,,,
67389dea3444c1f7,,,,
d9aff24ad13ceee6,,,,
aaa3bba32e15d4cb,,,,
0ce010e09e25f9c6,,,,
e07783541c16f2c2,,,,
6a3a4ec089c6ab98,,,,
b1b1417a50c922f5,,,,
3841d654fdcdaffa,,,,
2f43bfc5d04b0efb,,,,
facab601faa79939,,,,
d0a5a1920e4c77b1,,,,
1141dcb62156ca02,,,,
3bdc4c7765e0d7fa,,,,
4e8e53f41d96bb21,,,,
717b33b2b27d6fed,,,,
f23bb5bf0f881bc2,,,,
3901092492cf1be6,,,,
6d8f3028d62b059e,,,,
c1fb282e77d1f284,,,,
fcd66a0a6c39fbda,,,,
39902939b4b3caed,,,,
05b18408834e61f0,,,,
a71c84ea5f0abf9c,,,,
e2b52b5349a76256,,,,
fec09f1269a270a4,,,,
0f3d6005d447a21e,,,,
e2e7efa2cdae59ed,,,,
f97bcf0ff6594bd0,,,,
93b185c4b0dc160b,,,,
b6046d8fe3fe9471,,,,
2460ff10a080938a,,,,
21c1b3caec7f1e5e,,,,
25febbefdfbeb459,,,,
427211d8817edb52,,,,
c209f0ccf955de45,,,,
4e13499214fdf8f8,,,,
b1fc9f37ddd75742,,,,
4b77f30928af9529,,,,
7889aa800b1d7cbd,,,,
6e6a133190c7be99,,,,
78a8cd715f0fe58f,,,,
1451975d36d13fda,,,,
62b8d967c87adac5,,,,
f4f9fe1227bf0d84,,,,
6065a64195f8365f,,,,
a80bd17fc6c88124,,,,
f84fba68f454ef29,True,False,4.0,0.875
91e5f6216b69952d,,,,
2396d36d7979581d,,,,
4a071d03da681874,,,,
67ab2729a45e1100,True,False,1.0,0.5
c9bd5c5414c44cb6,,,,
d8762d243348713a,,,,
b46e61a9d350ce00,,,,
df0b031e9f2faa42,,,,
bb88b1fc8fea2d38,,,,
1fe6b560e40f067e,,,,
2f95846fd8fdeb90,,,,
bec9bab0c43c3594,,,,
d8dd7d88811ef6af,,,,
51549570c0c9616f,,,,
6bdff48d98af6fc2,,,,
bbab67ceadbf9b23,,,,
eaebc7fb820bb277,,,,
81d195da9be34212,,,,
5fa4fe8c6b73eefb,,,,
b0f19de147202ea6,,,,
851b4d9fc7419d40,,,,
3d2b5c0ad530e246,,,,
ce3a49f22e49e5db,,,,
ae7945b143d67aff,,,,
f04d41d59ffb6075,,,,
7b8a5d3b1b3be3db,,,,
38834d86c2ab24e7,,,,
de3ac6c563640a0c,,,,
a49a3b1e537210ad,,,,
070c72a8ff83f434,,,,
f53c52067b870162,,,,
4ea7705580e011d9,,,,
900ace65f1718342,,,,
22ce0e01ff30973f,,,,
aa994cd3f8372731,,,,
54fd0cbcec1b2d72,,,,
def9c67b95e21f5e,,,,
e9785340515eff85,,,,
4c1ca81f2e7003b8,,,,
5418447ddcbe0e33,,,,
c8d403040cf2609f,,,,
335ace96216607d7,,,,
3cbfae8857a2564d,,,,
c4fe979952ecef9e,,,,
8aa74e2ccd62e3b6,,,,
eb2c4c1a15d69fba,,,,
c5c20537733dbb7a,,,,
0bd443680d8bc298,True,False,1.0,0.5
e6801aded2cc12e5,True,False,1.0,0.5
976055affc42a2e3,,,,
3e2caeae308f43d6,,,,
0f7eb6b38a07e024,True,False,1.0,0.5
b957122507d551c7,True,False,1.0,0.5
49e64086134d5f68,True,False,1.0,0.5
6a26f58bc555a074,True,False,1.0,0.5
378ddd03ce9187b0,True,False,1.0,0.0
c6ba5c7386e2a7fb,,,,
82ef53ab68f64eec,,,,
f51293571badeeeb,True,False,1.0,0.0
1af5d4f96fe9aac8,,,,
1e928226f36c3690,,,,
2498ccc85ad0dc09,True,False,1.0,0.0
05af7cafa768f638,,,,
987d95b7407b2b9c,,,,
b6d2385047295504,,,,
c2b55f4acac24600,,,,
8d01aa8d2a4a0a7b,,,,
e668e5cdacbe1ffa,,,,
ce4a76bde0228cde,,,,
7703dc0456fa6054,,,,
e27115fe1ba96f91,,,,
4f22d2d630b7873e,,,,
88333f5e30643480,,,,
729b8f25e64d4576,,,,
47b3ddf0bac856e4,,,,
eab1b50f4f10159b,,,,
36d8bcd22240755b,,,,
ffca311e5fe32a0e,,,,
8e86eabf6da896cc,,,,
5cc16f17768f52e9,,,,
0b4aa13b0c6e5916,,,,
643ac47e6f23367b,,,,
cc29f64fd9baefe6,,,,
9b5ef1faee823e4e,,,,
9327cad527d3fa17,,,,
a1a7d42d414d59ce,,,,
e7a5709b232d1675,,,,
e39a8d695a44d119,,,,
1c0a425d3c9fadc4,,,,
2d295cb91661826a,,,,
43a5875f8374d6a1,True,False,1.0,0.0
f441c10d8bdbbbc8,True,True,,1.0
a083ceb1750d6107,,,,
77c68faf1e3066b3,,,,
47e56e9686e7fa90,,,,
42d495a544b1311f,,,,
93d0d649076e058e,,,,
0ff390f631b17e71,,,,
40208d4570a0debd,,,,
f819ab45df93c93d,,,,
e1860a1dbe3f8ef1,,,,
31a1cd8014998f0c,,,,
fac364643257b403,,,,
25cf057f8635b651,,,,
4fca14c716d1d105,,,,
3a247affa68bbca2,,,,
e392b8ea6cf0177a,,,,
5deb336d1655dd45,,,,
33a401031ae3621e,,,,
df4d6c777295f05a,,,,
29c75bb2f4410422,,,,
90bc22ff26f72373,,,,
9ab36a4811b55daf,,,,
8e4a1dacefe8dbc1,,,,
7ae9eb19754f7a80,,,,
c919f7e195906417,,,,
f4d3f9c7a691e23e,,,,
7c420ea3947fac34,,,,
8a14316adf5aacf2,,,,
f8880925076e37a6,,,,
5ee09b06b505c502,,,,
29398185b2027106,,,,
8470dcea3c0ff14e,,,,
dd6d79a7fa8d3d2d,,,,
da43217e90c1b033,,,,
4b7eafc5b9cd5083,,,,
2b7f0cd945de3423,,,,
e6dfd80cc1384130,,,,
cf0a9c6513648c3c,,,,
acedd54117b911da,,,,
0e827ee8ebe8aca5,,,,
a7a7db5510f733b6,,,,
1bd42374623c6b96,,,,
6e367552795ac288,,,,
e1f84b50bcefc24c,,,,
1763ef3bc21946e8,,,,
0580c30871d95222,,,,
b3fd28cba1742ee2,,,,
3eccb4d9b1972ac9,,,,
5e30b20e6e06a88c,,,,
c70cde23bba47c13,,,,
9e31e45922f7bd58,,,,
e62764ac800c10d7,,,,
d5cb2f9188559fa8,,,,
24192139b6914868,,,,
5aa61018709486ae,,,,
eecbef2098c68c0f,,,,
af508090f2eb79c4,,,,
e352ac025fdb0bd9,,,,
e2f48818f3656a8e,,,,
30f50cb950a3bcae,,,,
aa4b68be2cbb8239,,,,
c94aca4bfbcf4267,,,,
8c703a7fc74953b7,,,,
70a70f44f68e1b0d,,,,
ff554a223efd1f09,,,,
8803fe16d305cfae,True,False,1.0,0.0
ef408a1c7ffc4c2d,,,,
b8a6f6b8e3086543,,,,
5693aed80fb7d910,,,,
5a17ea27a33e2109,,,,
443276ff8b465f66,True,False,1.0,0.0
4c3d5953d039490f,True,True,,1.0
93a050765165d631,,,,
3f08163f1dfea931,,,,
e2c6a1482dcc23ff,,,,
9a977462fa56e044,,,,
61fe6a8ad5084b7c,,,,
e74e8e868d1635b4,,,,
22824de0308139d9,,,,
8d4d80e819a6f02d,,,,
2e4b6ca828ca6ad5,,,,
5615766a84175a4f,,,,
10ff708429da6054,,,,
39145474b2b2fb52,,,,
46331bf66adf301a,,,,
ba058259bdcdd0f3,,,,
cbaaa27c8f3d7bce,,,,
aaf7791723217fc4,,,,
8ea63ca428f00529,,,,
c30fbcb334030175,,,,
44a03bc3bb801498,,,,
e76de2d024f9a61d,,,,
ae2f905b7026a51a,,,,
6ea2429350e1b015,,,,
35b2add916867e12,,,,
bf707f9e22ea743f,,,,
41dcfffcd675d8fa,,,,
ee7c0ed97fd698a3,,,,
996fd8e68ca7f6f7,,,,
d9287c72d65430c2,,,,
6d80e8d5375b1977,,,,
e7219eb2e3746e2d,,,,
055b1b269ddd6e0d,,,,
530530860fe7e004,,,,
78bb7b2deb76e177,,,,
26f6b9be245b3bda,,,,
c9d06a0a9e6bc14e,,,,
57fd3dfe91f91943,,,,
bdaa99530020d6f7,,,,
f6f264f46197e12f,,,,
91a95e34979eb4f6,,,,
6e904819fd720a54,,,,
4acceb4b24287b33,,,,
1039c51a6a0bfe37,,,,
805091874a1fddf5,,,,
1becc775ca4dd1ec,,,,
6ba73fdad6eb0540,,,,
22b8fafbbee6e175,,,,
0728f4df572d8bd8,,,,
948b08b4e5c78d68,,,,
e27af79478e04fa5,,,,
dd8d6bc81745096a,,,,
63118ef730cf8db6,,,,
40d607c09b4c572a,,,,
b0161bb403552a13,,,,
2a605414f1fab713,,,,
64ff43d751667dc2,,,,
1fd22644e94dfaf9,,,,
af4a6f30f34cac10,,,,
fe181450650cae76,,,,
f2cc61acb77b0cd0,,,,
d7fcdb0298c44684,,,,
d411dd714488fc87,,,,
89604f30f24a83a7,,,,
d3d82cd0e5eaa6d7,,,,
ea494f7c0af9429a,,,,
8fba5d5b9153f696,,,,
e388702e8e68bb6b,,,,
65a7847e4d9f6895,,,,
902b11d3f86b4f7c,,,,
113a9f8d8814d907,,,,
068bb961dee2b89e,,,,
b0006d598c62206e,,,,
0d23013352667f2b,True,True,,1.0
992d1cbb6766622f,,,,
f68ba632f3c2948b,,,,
d8511fb6d1006e00,,,,
af463b18536d323a,,,,
f5f81454322da014,,,,
27ea644c62330362,,,,
9a8de942a8c172c4,,,,
a899e174aa76adff,,,,
ad8a02cb84c06a64,,,,
9ab88619f0cd95f5,,,,
98c0d5af44616388,,,,
c406d51ac4d7ef13,,,,
8cd6a45ce297b9a4,,,,
ea41115ffdcb9693,,,,
3f4041217338eced,,,,
e679476cec32df95,,,,
cec74dc7913d2005,,,,
88605fec374773f9,,,,
7348c9b251c9f3ae,,,,
9959ac8de36f5f69,,,,
9b49cfa7db37f901,,,,
6f8ff1290c22c809,,,,
1e1b262bd3bdeb95,,,,
5dede2a9a5372684,,,,
047601719773fce9,,,,
2412807556427e4e,,,,
dbb9f4908d6aa2bd,,,,
359057dbd0a5a4e1,,,,
99842d2582c0a8a1,,,,
3f90574b5cfff224,,,,
aea0276c3f096b92,,,,
a457bcbaf569de49,,,,
b3cef9a7598e0a7a,,,,
02c21735611e882b,,,,
d509cc2601eb048e,,,,
4ca72de3569ecdd0,,,,
f5ccdc7abc2759cf,,,,
914f7fb3a0fc2ceb,,,,
2efe11fc9ba3a454,,,,
da3db67d9766664b,,,,
5b96ed84c1b6a900,,,,
0b6af683e7ada656,,,,
4aa847723480eef7,,,,
a3963df2721c7e38,,,,
ba27847325373785,,,,
6fb82f7d07008f67,,,,
6921400634bef7ca,,,,
9e6c77b39aafa754,,,,
f1365a0ab234aac2,,,,
db4309c4ffab71b6,,,,
6df04808c92ea244,,,,
8813463daf77b674,,,,
e4f5821bed626f70,,,,
a3ab5abff5bd1bc2,,,,
5e4bf45ba7ffaf3a,,,,
f8e390666e3f6ca3,,,,
0a058e6144b4b0e4,,,,
bfaad91c8eac619f,,,,
d097351b5c0b9ad6,,,,
70548fd014f08efa,,,,
338973b24992fd93,,,,
41b144ba393391c1,,,,
129030ead8ee5764,,,,
2e2123d6544fabcd,,,,
cceabf4debf70dc6,,,,
96c2cd89bb43d158,,,,
89b3b34354808d09,,,,
a04dbc219810f81e,,,,
324bf943bc4fce38,,,,
c6e49641563a8a6f,,,,
492113e48a4051dd,,,,
23d3e7722453ed41,,,,
095c594b144786fb,True,False,2.0,0.25
12c6d94ea4102d04,True,True,,1.0
d52563c0adf9f109,,,,
301330bfe86d9ed1,True,True,,1.0
14664bcc24fb75e1,,,,
cf113522efbef160,,,,
a97febf4dcc33ac8,True,False,2.0,0.625
44436de78e85ba81,,,,
331478ded6e09627,,,,
40da3c6281c61b61,,,,
95090ef32a62355d,,,,
85b2bb94c2f9a8ec,,,,
9a26126aef6f9cca,,,,
e13024ae9197fe66,,,,
6cec17a0a2ee2e2a,,,,
6a0fc878fa995613,,,,
46ee25d149f869d7,,,,
9a2f6af5add9562e,,,,
e224128a534ff808,,,,
3a6a2cb74b34f915,,,,
fda35766698a815b,,,,
b4e78fc329f5bd9c,,,,
a49b0c9c50eff48e,,,,
e926e925379d8dd2,,,,
601356547396d961,,,,
d28eebaa82db465b,,,,
15dc3088ef14306f,,,,
0269ba2ae84b582d,,,,
04739c99ae5e2b3e,,,,
ed9a6639a47940bc,,,,
a0339d84647199dc,,,,
8ee0b50e19e138d9,,,,
9b8ae85cae56cbab,,,,
02d70d6a876436f9,,,,
397f08655f5df32b,,,,
194728639c35da94,,,,
29e2beadf2128b1b,,,,
a820b576ea17ab45,,,,
a32314925072f7b7,,,,
3b49709e4ad70157,,,,
cee0f13ec53b019c,,,,
7f3e58370afa0916,,,,
af7dc0463e320dfc,,,,
c63edfa99b6fca36,,,,
13c3de1dbb7f2e16,,,,
f2e9019e9a9e4c9f,,,,
993467db637d8163,,,,
16276e7df57efe17,,,,
d08c7324ea55e667,,,,
5574bb259e7d6faa,,,,
fc127323f731f7f1,,,,
18db9ee54345a9af,,,,
fa2085d3b0023529,,,,
2305da12c27bbc2a,,,,
081faf84856122fb,,,,
be237d576f672e68,,,,
12315bf6feeae365,,,,
dcb88b59b4e1e470,True,False,1.0,0.5
2f38ce04d7506d7b,,,,
d70b2d638b366fe2,True,False,1.0,0.5
fd36fa88df92b016,,,,
ce1ee41efddacd84,,,,
7ad93e10ea58664c,,,,
d3752132eed45b3e,,,,
f98b7df45fdb29a4,,,,
e456285540dd6669,,,,
93efb615530a26ee,,,,
af6f9bf7eb654573,,,,
cddcdbc46d01484a,,,,
3c5e9094b2255b63,,,,
5f7357bfdfe54fdb,,,,
9aeeac6d5e7da8d1,,,,
ccdffe7d0a0a96ac,,,,
6d2ab813a492f355,,,,
c351f54b69b86327,,,,
5d4cad858b17a132,,,,
79c24c57f0450d24,,,,
947a78cb67feacea,,,,
8d913f7175399fef,,,,
df3829e3b712ced8,,,,
680f581ff59c848c,,,,
9fd3a48bb754480d,,,,
33117370b53987d2,,,,
33d25eec19aa7cd0,,,,
869053362213f5f7,,,,
9d3d77bba03707e9,,,,
80da4f44505c6bba,,,,
6ce5bf0b7d2cc1b1,,,,
2ba668278357f7d8,,,,
a1173e94ae849569,,,,
836c0318f8435093,,,,
4a526aa39ece2912,,,,
89218ef392413c33,,,,
ae0f2c3aaa6e46e0,,,,
5d4ca8ac5771f1b8,,,,
797e71460abf9c8a,,,,
a115abe3e4d93beb,,,,
b6dd202e42fca0f5,,,,
e1a1b4f99e42a709,,,,
b89f86fcc11231b0,,,,
71937aa72fd43b78,,,,
381ce5a64db65d82,,,,
1802d98024f31952,,,,
44b3fcc9055ca7e5,,,,
0900d61de14921bf,,,,
21cddab54e185c17,,,,
85d654b3d3746f40,,,,
5f389becb723f4e4,,,,
8cfa113e3862f220,,,,
4fe412684f44ce41,,,,
687655dc40e61fe5,,,,
1d124f369c193907,,,,
400daf97cb988495,,,,
57692a714950ad04,,,,
eea98efa6cf4dee4,,,,
8f66619662c7e45d,,,,
9fcfb84c2d832b19,,,,
d25fc19df5dded65,,,,
9ff9ddfb3d93798c,,,,
6769259ad5cb7e8e,,,,
1f1594e9cdc1ca1c,,,,
0f897bd78de66693,,,,
a3a4742998a83589,,,,
69f4249c1a7e17e1,,,,
acc6aa9c5349b188,,,,
508b0f832299410e,,,,
43e5b8b0a8f9b332,,,,
8d0c2529004bc9ef,,,,
337390f1ac12abb0,,,,
d0d2542e8fc64675,,,,
a718120f134cfa25,,,,
811a6c5fab777edb,,,,
e016638814fcdb7e,,,,
df159d562ace9f6e,,,,
f6c1b7e2598c34e3,,,,
9ab093a789a5f797,,,,
f45e1344e5742112,,,,
d316c9276ccf726e,,,,
bc2f7ea569b448ac,,,,
b7aeb2622326e688,,,,
c14b27ed84478fa0,,,,
13529cc3c05aaa19,,,,
84fca6e0b09357fa,,,,
22124bfb94eec249,,,,
d3e9aff4a2d230f6,,,,
219527f627eef6d2,,,,
01bb0cf7ecc4e87e,,,,
b0fe90b6965fdb48,,,,
351ddac1e2b5e03b,,,,
03c09133b644f4a7,,,,
05574b7ce55e0539,,,,
b5626787d8472305,,,,
1d12c49d339a3a6b,,,,
31409de46bd1b05d,,,,
f8493c0c39949c12,,,,
c0126fcd3f139ba1,,,,
f408ba400338389f,,,,
9d54d19aaf0463a6,,,,
8586a21626d633ba,,,,
7450a12495298f9a,,,,
307874baf56ee4ca,,,,
e78cf5311ccf302a,,,,
ca041de4b38b460d,,,,
b27cfc3054fba999,,,,
8de2c322d01bc973,,,,
9424ae9c888a6b32,,,,
785de9f875e2b37c,,,,
7a907c45d32ccb21,,,,
d2e13162591539c7,,,,
1dd820ba175decf3,,,,
cf2b1d443153006d,,,,
2f0c8a439ffa47d1,,,,
879e449a8392ee44,,,,
d6601d6f915b3034,,,,
fc1dfeb00f27d373,,,,
d2460753dc5b8528,,,,
240d8e6cb0402cdc,,,,
5a41d89be376ab94,,,,
791caa76c5b3b4d6,,,,
9bddd053044b81cd,,,,
b0bcec4cfc671937,,,,
79d1ba9d333c2e70,,,,
a295da836d8aefd7,,,,
2abc1b4d2fb02c1c,,,,
24118c295fcde6f4,,,,
ee4ec71bedcfbf29,,,,
20e8a4a2a4bc254e,,,,
a088c3bdc39ea349,,,,
c12051a18fe0d7a4,,,,
e2d6c7186ad0768c,,,,
83db0a12b5fd4048,,,,
b80b7a17234eac75,,,,
13d5ae024f3efe32,,,,
21ca7b04ff88554d,,,,
a9017cb646b3314d,,,,
dfc52eea146bf4ad,,,,
2b07fb45d63719e4,,,,
c30c47b62f8ad347,,,,
7e1d243b89b1391d,,,,
4c78a349e4c67e18,,,,
deb668d1a6f1e533,,,,
7ce8a83cc8b54b25,,,,
6453952d9da44e6a,,,,
903143b67f46b789,,,,
8f2708e99a4b592b,,,,
6b08ebf54ae3c01e,,,,
e7e3b2df2d7234c8,,,,
64e02eb726fc3898,,,,
b19911d65c778d36,,,,
56d29b89565b321a,,,,
a442dd32e1e1c430,True,False,1.0,0.5
908f8edb3f79affa,True,False,3.0,0.75
97bab7321d759878,,,,
a6dc1f7f22c31699,True,False,1.0,0.5
db0dce4ffd531990,,,,
1d337d50093f9a76,,,,
05edc68b92665cd4,,,,
f840cdedfe58db1d,,,,
346e9c24c2c18938,,,,
5251252b810a7acb,,,,
46f96a58a417ccd0,,,,
838429616a00600f,,,,
de9add2849587da3,,,,
0f86cbc2f2ac7c24,,,,
13d369d2b0ce1932,,,,
891d3818a04a7fd4,,,,
7813202595ba097b,,,,
804d1c25df16bcbf,,,,
6251e5d7019564cc,,,,
b6667c7608e433d3,,,,
9e8e15289d2db5f7,,,,
f33e0d6e907575b4,,,,
5c5b70ad61c4823c,,,,
41fa1f4380ba5462,,,,
5b33222b00fdf38e,,,,
6160e69e86229dd1,,,,
b4967d5b024ba28c,,,,
a305fe03add644e5,,,,
58505845d37abbdc,,,,
214991a567feae65,,,,
f2f22ba366d305a9,,,,
04afb96c46e06360,,,,
2e32c92801ca63ca,,,,
6634069e05783423,,,,
df964d721fb6af2c,,,,
981b524a2beca38b,,,,
815f6e18bd07743d,,,,
8f9065f0a7a92c9d,,,,
629275642bae9946,,,,
90306309b8ec4ad7,,,,
2afa8fb2f730c390,,,,
9fa0dbcf865911d7,,,,
58d73b5422dc4096,,,,
4614211904f8dfa7,,,,
9e6ad8a43901d4c5,,,,
aa2857fe00d8217b,,,,
95bfe4ff48a98019,,,,
c1f63b4860be7509,,,,
2c4d197d5469c005,,,,
c3cea2d307bf8cd4,,,,
99abe13157fb5e4a,,,,
0a6e9464bd0453e0,,,,
5debc4c9b30a63a0,,,,
c659c092b85e6e69,,,,
fb919baccd05d84a,,,,
e10cf522acfeffbf,,,,
c7289541e2162eab,,,,
e92e5cdc7302bb91,,,,
cec6d9a548fa7fb9,,,,
5b060f344c11a285,,,,
92fcf1f469c373c0,,,,
cf121ebc029ca0b2,,,,
55ebf9f333eaa12e,,,,
32872134cf224fb2,,,,
9335c4f2b4cbfb4a,,,,
092ead47c4b884d7,,,,
162a2e81f226f877,,,,
e28d2693356ea8d5,,,,
b76803632a192a73,,,,
1c853eb6b4c61dd0,,,,
a8dbbd856131186c,,,,
79733600c5b73e04,,,,
3f9d717d281a32f3,,,,
3fb293ca0f3e15f8,,,,
f920dd4d93151886,,,,
d2206a7fcb9d7d37,,,,
e86dcb756b7d6b45,,,,
5009e7895d9b2a51,,,,
abe45d92a94bda89,,,,
286353a24beb0820,,,,
15d137b9826c2e66,,,,
c1d72a17fa42597b,,,,
7f02a65563e030e9,,,,
c54ce71d7e6fe2ea,,,,
96089739c7cde51e,,,,
e914b57b62ca68c7,,,,
bd979372283c414d,,,,
7ee33b5b9355d636,,,,
836677174d93fd5d,,,,
473c60e9748a6f13,,,,
1b5d6897b85495e7,,,,
939b9018b2887e86,,,,
90b56f331b761f8c,,,,
f1693b1a92e2917c,,,,
64bd666daa095b9c,,,,
a4d166762038ec93,,,,
bb68f27821980988,,,,
e4a7efe56babc195,,,,
c725011f8269bc94,,,,
6bf0cb865d2b6983,,,,
1fcd34a1aaa9d7a2,,,,
a4881c2f3a7903f2,,,,
5bc50609b2372151,,,,
0d89c118a13c9a73,,,,
ee9cddcb1fe2dac3,,,,
8a47fbf93312f555,,,,
fadff0dc5868560c,,,,
322942e5c6259855,,,,
2b45276adf71755f,,,,
2118c8255f51800f,,,,
62f37be1b5f8f2b0,,,,
19e0485af09862bf,,,,
2a7f0b22b7f4d1fb,,,,
43365b1783029166,,,,
21b8b98da390df94,,,,
7225955704bab216,,,,
aed41dc76f5b4f1a,,,,
6d52d490be727b48,,,,
ab41d26ef03e60b4,,,,
4ab32c9326ad9f2a,,,,
00cd48b2049ab61d,,,,
0a326960af2367f6,,,,
93c459fe81017909,,,,
c01e5951bea1167d,,,,
61ed040329b3f880,,,,
da161fa2bc415a67,,,,
03d9cfc42c3dbd21,,,,
337d18db186d40cb,,,,
fe98c2c648343b8c,,,,
f5fd065c9d8faff8,,,,
d502214367c6f545,,,,
d2470f0d49490692,,,,
cea7253fc47b6d17,,,,
cf7b87e0abd86218,,,,
0d8d2f290365582d,,,,
bbc22c9deeccc08b,,,,
c966bcc819f0f17d,,,,
58cd0ee9b096c254,,,,
e6ffa85a40500a8b,,,,
30554ea41cb0ed80,,,,
2e363d6e1dd67864,,,,
52906d48368ee834,,,,
c85c6101116c915b,,,,
2fe658cea21d2cdc,,,,
f878972750c0f2c0,,,,
38ab1a432ada3863,,,,
78da0f57ec52358a,,,,
1909f8dd26fa228e,,,,
3519c820af44ee6c,,,,
8db7ce2db2faec21,,,,
4cb89d30e3d5c58f,,,,
e03e75739da1d6ab,,,,
8fd08a7868c2a752,True,False,1.0,0.5
54b48353971f788f,,,,
d515aeaea2ef4ab2,,,,
96ef2c46dba2d60e,,,,
d252fc73398f0595,,,,
5f2592efd203e88e,,,,
eee7bc5b1a42463a,,,,
1dfd6caeb6e10880,,,,
4bd6005da7ca8592,,,,
15e9806a3485c866,,,,
3fcba2694eff634e,,,,
d0ca108ad4a78c47,,,,
135eaefcc59c89ed,,,,
ea2b92ea6dcd7761,,,,
630142f7314c0b39,,,,
76c83976c2c03397,,,,
590f0a47a924bbb3,,,,
9a05cd6bbd7c268b,,,,
a8280f6d90a814ef,,,,
1f079b39b3dcbb12,,,,
e185cd19efc1b282,,,,
f9ec18ee456537dd,,,,
c37b36468310d123,,,,
aafb4255cf9ed352,,,,
08094a034cc16a22,,,,
549ebd09ad691386,,,,
1d39122d1d8bee48,,,,
591efa46cc2bb0c6,,,,
af83639d4050ab51,,,,
9e4feb0a778b50ef,,,,
7327858b66c80280,,,,
02300b2e10a615d0,,,,
26b11bd4b8205c94,,,,
412c507c59fc5085,,,,
a942dabfad1571a7,,,,
579e8c6d4ba9f578,,,,
1f4abf6b01fd077d,,,,
a234dbb5e79ade5d,,,,
651d1bd422c6f9fa,,,,
a04603ee34f9190a,,,,
73488e401cb1a7d2,,,,
4522ba64b2dfc19f,,,,
e096cc785a3a2023,,,,
848c39952d7e7afd,,,,
a464122d608828f0,,,,
3ee88ebc477bf88b,,,,
42d25eb2bf2ac3f1,,,,
862156e19e376b9c,,,,
d495e2c51ed065e6,,,,
3e3b14726f731481,,,,
79b3874774e9d72d,,,,
048a338e3f3a56fb,,,,
fe7ba3bb43ab953d,,,,
a23dc9202028aead,,,,
a58918a9475fbe53,,,,
be5be3be97ffff1e,,,,
54112d055fbf607b,,,,
e55c129d3b3d7cac,,,,
4f4160c941503bce,,,,
5f47519f80ac0c6d,,,,
32fbc44f3962abe6,,,,
10af7dfd85939659,,,,
ab11abe845bb2d4f,,,,
7543cc9fe5e4cb1a,,,,
975fea102114571a,,,,
8daf72f84dbb84d9,,,,
3f34bd0d6f418366,,,,
bf449ee1013d437e,,,,
62af6caff73f9bd3,,,,
faaa6b87507f11fe,,,,
bd856bf258b05a50,,,,
f40698d0f6a92fd5,,,,
13576b443a9e7a46,,,,
24d0e47efce12c9e,,,,
ba46c3e6dd986311,,,,
9ecdb4ccc4f3f899,,,,
cd5b503f57948ab0,,,,
3dee5d0422cca7c4,,,,
2529dbaa769c0752,,,,
09cce637335ccf84,,,,
6c83b990fac97572,,,,
104fb4263db20b2d,,,,
897a4f2386dabee8,,,,
9b9b8384e99b3040,,,,
ed6b55f59b02e829,,,,
adfd0d503dabf64e,,,,
dcd0dd3431ffcd1a,,,,
e380517c2a7ea589,,,,
531d3ca57101fd30,,,,
84c094094d22eabd,,,,
da93424308f2f867,,,,
a1286b4714cc7cd7,,,,
d5c188d57b7fdb72,,,,
8c0c388119b0274e,,,,
16ab0f037fd48d59,,,,
d036257605185ff2,,,,
4237e8e66895dd88,,,,
0eba8c6ad95fdc23,,,,
299fc86c18eae449,,,,
e4e22cb2aed10aaf,,,,
315805c74888f800,,,,
b398289fff22fe43,,,,
5e2526ecb997d63a,,,,
631818883e9b9d17,,,,
00fe73b7fd429075,,,,
3ae1cf2f13b53fcb,,,,
35922a96e3f7d4cc,,,,
6f06c7be6af347e8,,,,
65b2021330f87945,,,,
a209fbd5e4409c7b,,,,
ace11f4791d89322,,,,
2e9ae92894182069,,,,
90857f0e824eeb3f,,,,
ef26b27e18df884d,,,,
57da7119edacba46,,,,
fc25186ac9715b9a,,,,
b13e76f5f47f6794,,,,
6a354f84a7c2e857,,,,
3da7d5dbe9b51a30,,,,
0bfb1b7f26b688c4,,,,
e32630f903191dc4,,,,
e77a0ba0ce1dd8c0,,,,
e995468f881b94c7,,,,
5ae8de7514810575,,,,
563ce050f910ab6a,,,,
04de4625cdc0068d,,,,
b0432b26015ba925,,,,
944d4299c301f2d9,,,,
bca0d2beb4498f9c,,,,
c3384679634697d2,,,,
ab466d24b9278d4b,,,,
0a848707bcc2414f,,,,
c059f66bdc942fa4,,,,
a3457cb618c01fdd,,,,
7012ecabd43dd3ec,,,,
aa67d80b7725c8e8,,,,
6a4723645d5a6131,,,,
1a932a7ed83e3261,,,,
84ad184fc54c50eb,,,,
3bca7736142480f7,,,,
a01b18b50a6032b1,,,,
94d7c1e24a7f1abe,,,,
0ab5b5305dbd3dbc,,,,
9d8f4fd62a5297f3,,,,
fb8f68f2b9d7935f,,,,
3b3e4657d85d0a31,,,,
1bc793a36db4faa1,,,,
2acb0a2de2d3fa4f,,,,
7f441fa3274f70ce,,,,
79c4777ac7f777f9,,,,
f2a41a6a765fad15,,,,
2cef15ca5133e456,,,,
f2dcc761c3ff0a4c,,,,
f2139d08e97d3c18,,,,
f27ebe44c553c85c,,,,
0996933f8a60df06,,,,
427d8b462861bcb4,,,,
3521400c45a8991a,,,,
cd5bf367175abdb4,,,,
6077fb81bd214591,,,,
af92530b3871a6e1,,,,
502c8d0c268141d6,,,,
96247eaa64ced8d0,,,,
6764b76fcc291464,,,,
fdb19ae5b2d4502f,,,,
33cdd72fc823e881,,,,
1baa032d4ad4204b,,,,
6ad3ddf1954fd652,,,,
eae257d58f52920e,,,,
6f839e94b4741103,,,,
3700806d8968adb1,,,,
85c2d481dd5723af,,,,
61c32d8948a60e85,,,,
b1571a678431515e,,,,
024e79c93a1b558e,,,,
4cd24b6f89af339b,,,,
84fd49e9292455c2,,,,
6a6f5c218a642ba5,,,,
e94753c23bd0de6a,,,,
3d2431620fa25545,,,,
3d5aa2b788d2a1c4,,,,
8e6ebb4a2937675f,,,,
1a62bd7da41afd4d,,,,
5b2c424951ea4197,,,,
04f5b4709d3dc3d8,,,,
275ec49c84b14056,,,,
122ed0a6f8dfe481,,,,
756b082510122787,,,,
6ad69778aa04e651,,,,
0a78ae7d42283b41,,,,
2a2fb467485cbc74,,,,
ddfebe5c9dbeb40f,,,,
bf00116bab81751f,,,,
27434ed79eaed857,,,,
bd8a77022facc94c,,,,
caa18eb3175bf4d7,,,,
89a2e925e0f88075,,,,
92333cdc9a1c4761,,,,
f268276a6201d3cf,,,,
f224c6501607ae9a,,,,
7b201d9be51c6ec0,,,,
d10ea0f986c46a36,,,,
e458974a54281dd6,,,,
7b7f07f8193405bc,,,,
60883f1475c709d3,,,,
c2f6af0019b9620e,,,,
47c47b026b7e3575,,,,
d4e01c39640909cb,,,,
8fb0f0af152b1256,,,,
c196ad1d3aba9fb4,,,,
2c11d6f844c0d9ee,,,,
dd87cbf145dfa408,,,,
90569fd5cc53c047,,,,
c7264404a2acfb2c,,,,
9a221b239df4ff85,,,,
9ecd2d1194cd0806,,,,
00897b01d12a3be2,,,,
fa8ad19484301fc6,,,,
50dcba1c7f3fe86b,,,,
179d57b19962102d,,,,
4ab8549dbe1e8730,,,,
b41d0e27949bab5b,,,,
4ee8e621b7c71f8f,,,,
c82b49e19f91f9a4,,,,
029453163fa322b1,,,,
b58eba0bdd5157b6,,,,
b1e11ac3c3387320,,,,
c328cbef0aa4ff59,,,,
35f5bb2eeda84622,,,,
17b21390b6b386df,,,,
fb387c874779dff6,,,,
2063f9b6d253092b,,,,
e38d83a6b7db887a,,,,
1cfe35bc69d292df,,,,
c9ef2e70f881119c,,,,
81ddf681c496aff3,,,,
0c811e791382794b,,,,
a9d2533248958982,,,,
d1f0f8fec2603223,,,,
843dfe9e05a3f7c6,,,,
12d79f0b447e720b,,,,
cbfea69de77b3ef2,,,,
00d1c22c6391925b,,,,
55be16686dfbd70e,,,,
200ce66f035c323a,,,,
378276f3fbb6ce9b,,,,
a7d8bc364b5e22c7,,,,
49abe816a3ea1384,,,,
8b75dab88b72c930,,,,
49f3fb3088759963,,,,
73a7215f39427a15,,,,
91111111eb7ad2f4,,,,
2ef91bd04ff6bf7f,,,,
0cbfe04b18304521,,,,
1a066aff2833ad6d,True,False,1.0,0.5
e53bac29ac825e96,,,,
e0b8ca617f1b5df8,,,,
9ab20313cee09911,,,,
c60ccd7b586feb95,,,,
9c852f31293b4b65,,,,
eb948f1cc046d997,,,,
17e14d99c49601e5,,,,
e20164847054070f,,,,
7e0f229a7761e7ea,,,,
f911856d7bd0572d,,,,
734dad71658923fa,,,,
70c05d8d7f2ce434,,,,
fe22ce89177aedaa,,,,
f56729b255f3f9e5,,,,
1a5c079e358b41b9,,,,
740b36d669e25eee,,,,
eb8c5fa9a296514b,,,,
232d16cfb263fe05,,,,
03b57947128bd588,,,,
b3e9f87756f581ba,,,,
1a8e5f1068c1baae,,,,
9a43f8d0fc3c4bdb,,,,
9e9b3b9bb0aba706,,,,
cacb300c8e50f713,,,,
2bbb1a9958787ee8,,,,
dc896381df17390e,,,,
d11058faad0a9e44,,,,
9c7b1847cfa5fe64,,,,
963e6133e1a85ef1,,,,
e57cd22bb1d40e03,,,,
7584bff6cab63b9e,,,,
0b426c8d6a5100f1,,,,
599a64f08815dd7b,,,,
a162c26cc4357c08,,,,
d2c7120ab296855a,,,,
1a02972ff29f10b9,,,,
68e671a7e0245163,,,,
94c25b1410f40d14,,,,
ac67fc0442b6cde7,,,,
f5a7ca72c42450a9,,,,
581918fbdf78b5d0,,,,
ead26d06da5db23b,,,,
49b7767a50590b0f,,,,
3d3433628cc73707,,,,
80d7ae9ccb2bf8e5,,,,
569b01c09c87e935,,,,
59137ffea8059be1,,,,
7b361fcc94213947,,,,
13fd8a3c63a446c7,,,,
230d8e78db4e6f8f,,,,
d5fc1b7307e7d020,,,,
20ad9c8fb6bc8465,,,,
f93022d878711eae,,,,
04b50fb80385c6b8,,,,
eb47e609dd8acab4,,,,
e9d3428589aa204c,,,,
9a6dcf3c69f3db6e,,,,
dad099845a1d08d9,,,,
1b148d72191bd988,,,,
6e88d13c9fa94b41,,,,
6f451a3ccaf79e91,,,,
cecc4a8d04698d04,,,,
5f71e431b603bfe8,,,,
8b0e3e1361d94e16,,,,
44231dd629b46c62,,,,
806a79b2bb791f88,,,,
59b0e6c1fb6c1b77,,,,
f0905b001cb825f4,,,,
148f2aed61b74a0e,,,,
0b65a174c3ae3e2c,,,,
79c814b04cc48bbb,,,,
b4c28ded55734075,,,,
8ee637082ea41b43,,,,
cb4a904f9aae0bac,,,,
f536096108f46fff,,,,
a1d337b62859466c,,,,
902267aca84247e5,,,,
d738bffe6ebbb1a2,,,,
08622af3fae066e6,,,,
78eed4705b3f406d,,,,
6fad60818d2328f0,,,,
103aa20ebe92431c,,,,
b54c3292cab4779b,,,,
ce7153e2c313edea,,,,
dd93082244c7851a,,,,
86e84472719f47ed,,,,
7aac228b5477359e,,,,
6e078b2e0bd3387e,,,,
3a3e26abbcc4e637,,,,
52e50761b5382609,,,,
78fc26cefc18bb96,,,,
4b70caa8a01f3970,,,,
6e7bcd88252d9eab,,,,
a0fc8aa787e30712,,,,
7a3af56a6472d46b,,,,
6707c52b2e3ec058,,,,
73c9a17b93f1aca5,,,,
5b4677d550de4896,,,,
5ea6ec02265c9f9b,,,,
c65b5041e26666e6,,,,
3d51d4c237bf0b68,,,,
ae08dadc1a5117f3,,,,
2bfba9a46a65cb27,,,,
3f441a0d0a2db38b,,,,
05e974c6653b7586,,,,
fa84eb72d7aad046,,,,
ad6c4f815e15d14f,,,,
d9e08cd7b9734526,,,,
732f198d718b63eb,,,,
db43f380f6cdc60b,,,,
5d2dd5aaa4835168,,,,
8daef64752c22458,,,,
51c3122894917982,,,,
ed80054534ec3fa2,,,,
3dc5fff0d68838fc,,,,
1eaa879e931cc9c1,,,,
afc75fb5f253fa73,,,,
77aff2bf3f1dc79a,,,,
4b40723acb222d19,,,,
aa95e29acc181048,,,,
131ee31d4bcf22a7,,,,
0844e79f68cc808a,,,,
123808183558bcde,,,,
c3191f4f47adf4d6,,,,
96e958b5a7905c85,,,,
8991de5f208cd4a2,,,,
a52fe2830f30ef51,,,,
4dde1f86fb33e211,,,,
38a606f4c8a5a149,,,,
49c947d25bac277d,,,,
c8e0ad12d2088700,,,,
706498834c9e4c18,,,,
bb9ea355537d8c38,,,,
aa85cb232ab8d6e6,,,,
90e5e5b4a2b8ffff,,,,
7d7c24c49aff6db7,,,,
b0698543de7cd082,,,,
78a7905b2401386f,,,,
c4f884cdd2611863,,,,
a3e55e7b4198d573,,,,
f94574e5bb4ede96,,,,
56a1b3fc54cde948,,,,
e82b3b04361f0e9f,,,,
230cb489ad1a4f14,,,,
4987fd8010892af4,,,,
f93485f2fc6a2fd3,,,,
bbc4d7533a12e3b3,,,,
2e3ae347eab169a9,,,,
b20daad2e34e6862,,,,
3739b474c01aaee4,,,,
092940d46d98aa91,,,,
cba82c60639ec890,,,,
2a1c139b6d3fc357,,,,
590ae58070e34b99,,,,
5c9765e808081b7d,,,,
31f15d123d90a01f,,,,
d7149160d491ec95,,,,
5ebc98afc448c264,,,,
aee89fd02945d2f2,,,,
e47ee05af34246a1,,,,
0683f191c0c6791e,,,,
7c23334283b4dd2d,,,,
a63204d97513e33b,,,,
e697a5d35f487b3c,,,,
2c81d2669d24bf2a,,,,
5e4cc6830f27a459,,,,
9bd04554e507ceed,,,,
073b2203c9d3c620,,,,
72803cbb3ccb5580,,,,
4932504add0863b7,,,,
9cce6125f8e5b66d,,,,
2b628aa188a7ffd0,,,,
1e0033bb43b497ea,,,,
56d3b580f37db67a,,,,
097c7dbf51cce3f0,,,,
5f5153643b9b8675,,,,
2c2b5fa7cb2c05df,,,,
1282a0f3a7c1aba0,,,,
45d16665947d5035,,,,
943fd1bdd64fc912,,,,
346c42a99c8605c6,,,,
e466e5a3077c0e2c,,,,
4a695986bfb89cb6,,,,
963e095b7961bff2,,,,
7fcbc80f662b6257,,,,
cf3ac8a772b654dd,,,,
55d277e8c3a71261,,,,
d63bdf1d0cb21436,,,,
3b0723521cfa788d,,,,
e8a7030b1e22c09a,,,,
4dec5e037ab6b359,,,,
f2bd4d110c4dfff5,,,,
ffd75832e1ab025c,,,,
d7b843c3fea93aaa,,,,
7b01181a86293729,,,,
4de6f50d9412fca5,,,,
8433fcfc851b6d64,,,,
640e5f3cf8e972a1,,,,
a9b7288bc7d309df,,,,
f0e84438cb0919e8,,,,
27ba0da321846d7b,,,,
52580b86f87287cb,,,,
80c6f213f9650867,,,,
6480f80b39e9f348,,,,
3a9df543501cb850,,,,
35e62ecd1b5809ce,,,,
092621bf32e0fb5b,,,,
394baea69d394f55,,,,
49837ec6c6e43869,,,,
1ee52676c389de7a,,,,
d0f37574411869f3,,,,
4d82b39cdba440bc,,,,
2a1f1224ce1a02fe,,,,
5d2f14b85a543c78,,,,
658a2c003efe5fb0,,,,
0fb553e2fedd3e07,,,,
73f715a65b615939,,,,
050907aeb90b56f2,,,,
2f09e11b5a8233d1,,,,
37d9a7957ce58b6b,,,,
1adfa5faef390793,,,,
6d23c407e5554ca2,,,,
91b7dac02b48fec9,,,,
c94838f4f38929bd,,,,
de9a591c6e880555,,,,
83d1b5b957a88896,,,,
c9bded5b54ff3fc5,,,,
c50842d16d65307a,,,,
e63c3023f8269802,,,,
7cb2d46205800241,,,,
c0f97f555e76c90b,,,,
7df8730218f85994,,,,
b1897e9f42271d24,,,,
e243c6cf033a0dcf,,,,
5b1c71fa26e49525,,,,
f80cbb1d1d1f22d7,,,,
0a4db5a5e2620de4,,,,
afa12931f62b9c79,,,,
49f8516f9745030c,,,,
3df1885e8ac0d178,,,,
e35166a0c922fcc1,,,,
15717c4f8b46d20e,,,,
2cd350cfbe8a1b0e,,,,
ace3c551f324b97d,,,,
7bcff156a66454ef,,,,
b2123f638b85aba1,,,,
9a8f09a03bac3f4c,,,,
2ebfc3d17baa48cb,,,,
71b60d55444c483c,,,,
539e655ff4721c7f,,,,
123ec08312759832,,,,
14b801274c9d5957,,,,
48a23755d8bd6f55,,,,
c471d2f567dc67b1,,,,
60f9d7f12261556e,,,,
b6d95dba815ad901,,,,
ad6c87a4e879179e,,,,
3878797feb13dc10,,,,
58969b0d9fa10cd8,,,,
4114024aa1be5059,,,,
10d554329662d9a5,,,,
4ee4a6de47b128c2,,,,
f0070fc7200908a9,,,,
0d148d6ae1fc0bbb,,,,
1fe3b7f2f7e391b8,,,,
ba33e5cfdd3ed0e2,,,,
4ada392041a475e6,,,,
864d7143d37a3b79,,,,
7dcd02cddeb72d20,,,,
8fba865a6aa45d82,,,,
b1104e3f29ea06b1,,,,
da1123e2cc3f32e8,,,,
3d45519b57520176,,,,
7101ba8bcf9fb9d0,,,,
925e7ea2cb3c6007,,,,
64b96821a255a788,,,,
a6ffd9379a1fe8c8,,,,
01ec260137ec38b0,,,,
90e8ddc3a5231f9e,,,,
a60f338407afe228,,,,
98b38ad8e70925c4,,,,
5eea57e011a3dbab,,,,
45271e2c37fe74de,,,,
597b8d1473029ee2,,,,
d7c03ccc0ca45395,,,,
d2dd32cffef5fd36,,,,
5e2423f97c53fee1,,,,
cca13a643faa02f4,,,,
da077c8f280c6541,,,,
af488a65afb92adc,,,,
063d74995406bea2,,,,
9553dc2fea0cdc59,,,,
824c4b64decc2871,,,,
9c71324179580aca,,,,
23730d3b85fba194,,,,
f6c493cdd35ee634,,,,
7fdc904e7c783474,,,,
bdd97b174ee54dc6,,,,
8787288e93fbb92e,,,,
1c0e4278fc0e2793,,,,
529936f572c5d8f1,,,,
a669f7d7f1934316,,,,
48c99101e05e4f9f,,,,
b8a16fb001a16021,,,,
bdabb68bb3de0d0e,,,,
aa304ef9cccd91a0,,,,
9f59d2c7434e38ec,,,,
adb01f1ac30a4b2f,,,,
8973edef418cdffe,,,,
0218f127fd339a3c,,,,
6b9454dd956afa73,True,False,1.0,0.5
4b46b9222953c53b,,,,
f2400457c55ff4a2,True,False,1.0,0.5
9ab412be63f4a9ee,True,False,1.0,0.5
c9b2f2121d44e3a2,,,,
8403e89dcf5be358,,,,
613645d851a2f9f5,,,,
12e711cb8d47a3fa,,,,
1945d3808d8a2ec5,,,,
fceaefc4301d6886,,,,
33bd83e9b3fc40f0,,,,
ff2178c169a8eab7,,,,
191bee9671f50fea,,,,
7ccc02bb227ad242,,,,
0a99b7093cb02abb,,,,
fff53ab554b46a68,,,,
40d84f174d375c63,,,,
c7b9f5c3d59f578e,,,,
293f02b718f01807,,,,
59bdd9562c1e9305,,,,
108a383c59d52b26,,,,
e2d9a7ca522a5436,,,,
60255488bd98a09f,,,,
c2ab5906806bead0,,,,
1fd87798b49f9854,,,,
fee61f5a6646fafc,,,,
ad155ed76e546455,,,,
679d679248d6d500,,,,
8f649e0650c78645,,,,
2542e132730d445c,,,,
80b1bb4f62d10bd4,,,,
18fe149d81c679ab,,,,
d6971231490da087,,,,
041fac15918b5b5c,,,,
9f083c1d4ff02c4c,,,,
0f8cbc6e7d15bdcb,,,,
4ab1bfba6e6789d0,,,,
b9a6074cf32c6054,,,,
72aad21bf3cab0b0,,,,
f9f86b89c92d6c6b,,,,
05edbf39ddb525a9,,,,
840306ce20c6066c,,,,
6902d309152e4304,,,,
93671a5952422df1,,,,
6b672403e5e104f5,,,,
4653f1788979638c,,,,
94551cd5b8706c3a,,,,
3b8b69dd5dc7eb77,,,,
f9b61be51525a328,,,,
931a36f1cb378266,,,,
0b2d50267520bbcc,,,,
8425506a9ac75b8f,,,,
ce07591d1efc097e,,,,
c68ed0827f0a836b,,,,
b6a77d536ebf0b57,,,,
a1c744f1f7b2b184,,,,
7c3889ee75b8194b,,,,
9d1682a18f2b250d,,,,
7e3fd0c6c6161649,,,,
3787ad8ae5c7d0ea,,,,
77250a37a393f801,,,,
eac7da6a3c1e8c32,,,,
08c49ab1c5e7254c,,,,
c19447c0740c06bb,,,,
e3f94f04b03e50f4,,,,
c940b0a03f95691f,,,,
19610b441413823e,,,,
076bc3f0d6d34382,,,,
89d7cc3fb1d6629c,,,,
164557fbaff883b1,,,,
93b85723ba10f650,,,,
4ff1fc8753a0fe74,,,,
657a78b80ab1bdf2,,,,
5d84228073bcc671,,,,
1857491c921897d4,,,,
1526aace7987f76c,,,,
cd1cea534570dbb2,,,,
338180086fd992d4,,,,
d126e3ff89686296,,,,
e4519cba2d7620a8,,,,
71acd5016f2e8337,,,,
390d133b74a0c74f,,,,
284aa5c1096aad35,,,,
c3d17968da0e67d6,,,,
5f13aa1f2f5bf1de,,,,
f0d751ba78b9caf1,,,,
56052bc657b942c4,,,,
20bb7328f0a7b18d,,,,
50775b74b9d2c226,,,,
b3ae35f0ce0432e0,,,,
c468632205ccb151,,,,
bea4492c236b7375,,,,
be412ebadee5cb7b,,,,
579b005182afcb5a,,,,
93f239d2b7193129,,,,
fab8bfcd100ca537,,,,
e718397b2bb0998e,,,,
0846cb6efd52eb95,,,,
f867471ecfc8cf5d,,,,
9bb405ad74d3ced3,,,,
23b143d1fa492007,,,,
fe3bd386c33cfdf3,,,,
7a1b9cc61beea7d8,,,,
59b87b60163ade66,,,,
5781bbd2ba69fbfc,,,,
19db1d0a78278604,,,,
792ba51efc69b5e1,,,,
2110f88985a2914f,,,,
87fbf745f8221e61,,,,
c603dad3ae9a80a5,,,,
0dec0ac3cb7bfe21,,,,
0d377a1d3525d381,,,,
6b6dbdf32d9ed88d,,,,
eaa19ab926460147,,,,
d7949fe34e2c50a2,,,,
d26d35a1fede76e2,,,,
ac9117055fb0ebca,,,,
259b7e5b95857858,,,,
1ddfe459ece601b1,,,,
65fd53c73bfd93e6,,,,
993ae8b1be76bf70,,,,
54a7ec8e64b4dbcf,,,,
c4c9260815fb5f40,,,,
ac31d76e7a2d47aa,,,,
1eb948d9f37ff10d,,,,
1053c03411543de0,,,,
1c5834522166569c,,,,
8bccd899788e2a8a,,,,
6d1e0ea549badce4,,,,
67b8bd36afc7fb52,,,,
9c8e65f0834d1f3c,,,,
66eb03e6eca1c7f8,,,,
c54cc71464ee6ca2,,,,
a5b1beb0d4bf5716,,,,
c497d1ba3e7085ac,,,,
310f0c1285b8565d,,,,
f50a22fa514d8cc5,,,,
5687d03ccbd327f1,,,,
52f3658a844f9a20,,,,
0a9311d124c684ba,,,,
4c684c81b9697037,,,,
f7bb6ecdaca9719d,,,,
b023ccb41bc36fc4,,,,
569d050791d398e0,,,,
0b553702ec711672,,,,
990e78720ff03a5d,,,,
9b02f35cd0eda6c2,,,,
671476bb15301944,,,,
376da70f77e86a0d,,,,
96feef499a0b0f66,,,,
fe50bcc44d2f8a11,,,,
edaefac4ef46cd09,,,,
67bbe77535031879,,,,
fd26c23bbdb5fb21,,,,
70c41c6c8a3fe4c5,,,,
9c7da7b18bce42ef,,,,
466ede739e833874,,,,
1677c873e0bbd4e3,,,,
517c4054ec6f3949,,,,
d8429b60e594988c,,,,
5b6e78f70f7c368f,,,,
7e7e29cbf89d6aba,,,,
e396ccb652abfd19,,,,
8d7393d2a65025b0,,,,
65af88756ba8c199,,,,
ec26f7fd32f3d069,,,,
d603519a7b1c037a,,,,
dd95ba28e961d798,,,,
ed3f096d5a8ebbb9,,,,
862aa65462afeaea,,,,
2bccf30a3ef66b5d,,,,
4802f5378636c3e0,,,,
72cc116a14d4c5e9,,,,
c8cd32fd7a912ee3,,,,
f375c4e75abfdbd0,,,,
676623e1028fab04,,,,
140a9dc744350645,,,,
43b9910867c73fe6,,,,
4a65a4b8f3dff1c8,,,,
6db0f799484f4478,,,,
a50e5ec08e0ac13f,,,,
caf554cb73ef65a4,,,,
bf4f319d75eb2cbe,,,,
82607460c69c26aa,,,,
1e22411ead31e5b7,,,,
32d5a32cfe346656,,,,
4f6e19239fcb41b0,,,,
90a455f8aed32f28,,,,
3ad7378653382a35,,,,
ed9fd1b936dce24d,,,,
7c3d89a90152d9c8,,,,
73dc1a9e4e33b144,,,,
c68a26fba508c91f,,,,
9d17e7b97f8c8dc6,True,False,1.0,0.5
07f5afe02be90949,,,,
5260a8910405d65e,,,,
ff5046292dbdaa8d,,,,
2eff536727d4d097,,,,
e463651378bd0b1b,,,,
c1fc424be54a8f94,,,,
86bf93db5182017a,,,,
af73ef930c89eb69,,,,
7850f2b095f2d6c7,,,,
469154cbfa467e25,,,,
caaa59e12d5c1e90,,,,
a6679725838c9f2d,,,,
c36f2abb7ccf10a8,,,,
fdea978bed071dac,,,,
0381d104da3fbc26,,,,
97a83f7e00a18bed,,,,
5e981cea818112b3,,,,
9a4e8bcf5d402ee5,,,,
0578eebdc4666ef7,,,,
dbf294d539a09a4a,,,,
03fd24b475f04d2d,,,,
51b3d4d86eec43c1,,,,
5403b494d29ce540,,,,
a406fdfa7e9c268b,,,,
f6570840be49900b,,,,
1f8f870160024b59,,,,
7f0c683ccf028d1c,,,,
3ad6293d4b8c7202,,,,
56a32ce6eb0ccb7c,,,,
f6868f61bd52e093,,,,
c45ca5ede82b9e2a,,,,
c61a563fed8c37b9,,,,
5373ffc43ac0f478,,,,
68bf753df336bf58,,,,
ebf1e75a118dce3c,,,,
757565e40a0ecb45,,,,
41b61d57af028252,,,,
4d43efb013ecc174,,,,
780532cf4b5fdf81,,,,
0ca5746a4509961b,,,,
6d2d36283a68e3fa,,,,
a22fd48b6c7511cc,,,,
a0e819d7ea5a168d,,,,
d4c7e5e36b0f3918,,,,
a238951111e75382,,,,
afc2336252c3ac53,,,,
f64e4112bd12b277,,,,
6a88a20fb6f150b8,,,,
281f9a5c56bd61e8,,,,
fa10e8c3ad98a127,,,,
25b21a64e5885e4e,,,,
f806d66c45fe6a31,,,,
0a9f71768e0ed911,,,,
4311b0483bf2cb1b,,,,
faa40b93ededd517,,,,
4fa5a5da4e5aa47c,,,,
39d9f27506fff447,,,,
3ca5cd9b1b6e6d54,,,,
783d30c33ea8d13b,,,,
bb86ade8203af545,,,,
079c90c9db9b9a73,,,,
5c6623e683e5109b,,,,
e1eb4cf522e96d78,,,,
0aa9fb08cb555d3f,,,,
1945bc063313b503,,,,
f8692c3d9cbec0f0,,,,
6727ee4e43a5d9c1,,,,
47894af22f6cccca,,,,
d85e076ab00ce316,,,,
ee3d2c6619f7e6f6,,,,
0c5425ba52912db2,,,,
f7a85d44947e895b,,,,
44e2a1d6579a0107,,,,
a8376660bd17c39f,,,,
2a640a50880600e5,,,,
ea1875f8999a3b20,,,,
8f05f3f4f4ba9a8d,,,,
8dab810925e8fd25,,,,
f492cc18068a669d,,,,
39322e9468d2d9af,,,,
3bdf5f95a2343745,,,,
33195e7ffefc07ed,,,,
a76fe5813018c3cd,,,,
88007fb4a1e96677,,,,
4dd2d4ec8969c42b,,,,
e992669d187c3693,,,,
608268eb1fc9397f,,,,
50e56d7b5e3403bc,,,,
ff83584263326aa5,,,,
1d4ced153f91933c,,,,
cfb796faa0465330,,,,
eb9fdc01cac687fa,,,,
9f366af1d4e3e804,,,,
a2fd5807fb32b8ab,,,,
6ed338e234e2bbca,,,,
cfd77462521c2f0a,,,,
c87f69a0ea456ce5,,,,
ba3f70a7055a5877,,,,
d818435c6ece390d,,,,
eb782b8d2c782985,,,,
e88d7769c6ee4783,,,,
abcf67c0f26f9d29,,,,
dde645153692b42d,,,,
76482a3002b4399c,,,,
f656ec7f73978979,,,,
0a5be3a747a016df,,,,
07b57baa79a6c05f,,,,
87a0d8aa41edf524,,,,
ab2fb3aefcbf6f47,,,,
7f1975b921a4c3a8,,,,
8a9881cf0e6a4953,,,,
d019e2d77c5f53f0,,,,
8f599e1522fcbbd9,,,,
1dd8be19c9da7e8f,,,,
0ba9d2aebc81c505,,,,
c7b925d6d553df6a,,,,
1013ee0f81a5efe1,,,,
6403af0d9ceece3f,,,,
ffb7f17e4c95e175,,,,
f339adb75f877771,,,,
77111891a3de8d9e,,,,
0c83a5e5372c958a,,,,
90b0bfa3f4b63866,,,,
0858c493045f6c68,,,,
0f8861e26d5f6850,,,,
746be3450ffbe9bb,,,,
5a08125f312335f9,,,,
2256ebaf3639d7e4,,,,
3366de6677fa95b9,,,,
cce536599f5bc085,,,,
06e09d33a9e18736,,,,
d28fca111070dc9c,,,,
b5b3d7897b014cc7,,,,
b2f8adb48dfb5cc6,,,,
7dcc94bbeab2470d,,,,
44ea5af91075bb5f,,,,
7b3384d1fc6ddb8c,,,,
d7ff51b8db76acff,,,,
3110bf69756726f5,,,,
1f9cf990d8684a09,,,,
42709481b9581d33,,,,
284614a25d53c292,,,,
1f21acc16108790a,,,,
2c83f0aeb276eb2e,,,,
5b25425e0095a883,,,,
4729ec9137a3e79b,,,,
f9d8fb8451546e50,,,,
14175a4c5c28cd69,,,,
3ba2ef8ebcb9eec3,,,,
3d628b6b778cd610,,,,
3520b28d8a7940eb,,,,
b85b94208d63f13b,,,,
caf60bb01f19bbd8,,,,
1b6d8702056d7a34,,,,
56dad33ab09a57c8,,,,
2b01e0549e5c2f98,,,,
2f6873087a59888c,,,,
f284910795d16529,,,,
285b2f904a44f353,,,,
4bde6f0a38c9df6b,,,,
e65bccbdbf1718a3,,,,
7ceb69a6514169cb,,,,
a9888f86a34e8db7,,,,
d637b8a73b7e1333,,,,
c54b00f558bd699b,,,,
7031f4e65d927811,,,,
7df5691226c9d2f9,,,,
0bac69fa2f55bf79,,,,
c6e7918b66afff34,,,,
d34104a5be1c5b1c,,,,
a1ac07cfcdac7842,,,,
ca0f6ab076680ad0,,,,
75959eaf9cbf0921,,,,
cc91a08469647586,,,,
28807e203ae44fc7,,,,
e9108dcfa6fc594c,,,,
577d0b3a297eae34,,,,
881df2f199a47e63,,,,
5b0a3e422c8217b7,,,,
e66cbfae949846e6,,,,
2ab2af84abd9bdd7,,,,
45fe6d45fa5f914b,,,,
452a23d4c029365f,,,,
a0aa11650bdad658,,,,
cc658f00f0cd3815,,,,
dc3251add59dfd31,,,,
6de16e174dbc8223,,,,
ddf19233eb20c676,,,,
d4e2c95333ac7e0a,,,,
a8764488b7b98f75,,,,
c6e7365774552007,,,,
d10c44c6d31db6cb,,,,
c4d80e1edb549963,,,,
d98231f2897172fc,,,,
0a806e07f298ff6d,,,,
b0efa91ef942a077,,,,
c7435fc382c6db5a,,,,
59652767ea0433f4,,,,
7af70a352a6e4b8d,,,,
731d9a453fb046e2,,,,
1b9b0007cd665ea0,,,,
eeb77df7f8281d2a,,,,
984997a4e35afd4b,,,,
afa7c76d13cc95d7,,,,
6a95a450c3a821d7,,,,
292f21d2a24b78da,,,,
3d89cad78fb0eb51,,,,
cfe8e288d47129e0,,,,
380fd4a9a988a8a4,,,,
b77cae9912add41d,,,,
1994c7eb47fb9f2d,,,,
13d6bd05f02c1b6c,,,,
30e55cc65b88ff89,,,,
21311a197443ff2c,,,,
743e8119c3f5ee1b,,,,
0df2ce21cb411465,,,,
2ff59ff21a713073,,,,
495d9a39627bd4a3,,,,
dcf7629e8ee5d7c4,,,,
2f0cc0d1317f9c79,,,,
60514e73f80fe6c3,,,,
befbacfb8f158593,,,,
590f3eb6227fd53e,,,,
c11e670792db3bde,,,,
4f81ba57249d99d0,,,,
222d89e7692d90df,,,,
835328e66b40cc45,,,,
1c1addb80bfd04b5,,,,
04fafb306bd2b3c3,,,,
3bead16977fe46a0,,,,
d23c404e09b8bcd2,,,,
cdeb5c022ce64607,,,,
adf93748e61cddfb,,,,
22948b7b0f5d1427,,,,
89ff92d4183c4179,,,,
0ec9d2d8d1028bfe,,,,
e4fc367de34b623b,,,,
1ad041d401c2a008,,,,
bd14f9ac7be606a5,,,,
0b16c5570d368a8e,,,,
b6eb7e0640c69140,,,,
122e38c1bf76759d,,,,
ee8f74504997d56f,,,,
eafe263c5d7985fa,,,,
8c56a089de0a4395,,,,
f9e0577ac8c148e9,,,,
6d66bc3129b061e4,,,,
cd8fbeb301d48256,,,,
c664bf03ec5ca789,,,,
2b037f246ea2f335,,,,
1ee90e5aec94f153,,,,
8ea7301bd56ea6e0,,,,
6e71453ccc8fdb3b,,,,
0199c08a28d6a3dd,,,,
5c5570ddaee6bbde,,,,
2a0b987d00f06c73,,,,
b647f43d72053a39,,,,
35a6ba2dedd460cb,,,,
ff463b8067964eed,,,,
19238599220def22,,,,
4fd68e6cee823d06,,,,
33d2691fb84e0c22,,,,
d8888c27a250c8d3,,,,
6590f23dfdf6673c,,,,
3471de9b998d6eca,,,,
3d47231a923241ca,,,,
60493313831e6661,,,,
6853a88fc70c8d8e,,,,
1799c3369205172c,,,,
72eb0229c452a8fb,,,,
719721d7689fcff6,,,,
13b43d85cd4a9e99,,,,
2071b6b393da5318,,,,
0808ea1bffaa2da6,,,,
a2cb774804f3226b,,,,
ad92040d0be1c4bb,,,,
1bf26f10ae8b0fe7,,,,
492b6ba5c78157c7,,,,
9615edc99a5d6ef2,,,,
25e5b10ace882d87,,,,
9c10aab0bfd6644a,,,,
c3641ff03623cbb4,,,,
c520aa8829404870,,,,
324668743e19ae34,,,,
01a7713028e12562,,,,
a927852948b0c602,,,,
c55df85c454ce966,True,False,1.0,0.5
21ddbb3a4e085e8a,True,False,1.0,0.5
ef65092b2cc04469,,,,
4b54700b15ad5ff2,,,,
fe8d914f3627d643,,,,
ac908d04fc29eae9,True,False,1.0,0.0
435cd8f7602e4080,,,,
4435980cf9f9e746,,,,
dd2ac132e9210b1e,,,,
1fd59f8d00a5765d,,,,
754efed53d316c5a,,,,
3e880eeaf0f3fd74,,,,
66796534624d6034,,,,
7d0e4b92aa067ee9,,,,
fcfcac82b106b352,,,,
27bb92fc0d5d583b,,,,
9f824c5fe5b3ec2d,,,,
b85f4af75ffc2b75,,,,
5af8cb13c34605c6,,,,
645a57b7be697c8a,,,,
2e93086cca814253,,,,
c004e662e7f6fabb,,,,
3a7d4fef7063edd7,,,,
4ac5d5c6a62c04ff,,,,
468a648e10c390ed,,,,
13f4ed7de6da29d0,,,,
49f584546ea3f4ab,,,,
ea786dd94a9ccea2,,,,
aae446a6a369f9b6,,,,
e77f29197f4b78a0,,,,
dc336f85acb30959,,,,
56a5cf24ff404ee1,,,,
9fd6bec90789972c,,,,
b22837d7b1be97c3,,,,
e6dcbc251b65dcb2,,,,
97c0f62fd0468c79,,,,
dcbcf86a9d123139,,,,
c04d475d50670c65,,,,
12d40a0c6d33ebf4,,,,
e369de0e9317ddf2,,,,
b18f62407ad3cdde,,,,
10f67f121703e1be,,,,
85726d6ce0e57ae6,,,,
344eb97723d0294e,,,,
2bdd3fef54550a38,,,,
f6eb1ef2752e5f2d,,,,
f32313fcc0a8ca35,,,,
7ba748fed859717d,,,,
127a300c3d260e7e,,,,
a75e96d3a5473614,,,,
5e063f01417f61ce,,,,
05e640e114f2caef,,,,
9b429d850230729f,,,,
9b47ecd42e300e28,,,,
2e6bd6d4d4a36472,,,,
91f513ecdf673143,,,,
9971957904e73e60,,,,
1d3162966b3a4254,,,,
c0982362b7cfd847,,,,
77035c84ad3c3fc0,,,,
5fcf00c9383f1f30,,,,
603644bea312082c,,,,
e8bf661058be8414,,,,
90bcb13699d623fa,,,,
24c615eedacb40e3,,,,
f6771274c846c0ed,,,,
452a542f099a1f00,,,,
50317758289ef20c,,,,
a240fb019f18f5d9,,,,
24c6e6e2d73e7690,,,,
d4717322de18589e,,,,
5700b71aec71d950,,,,
3472cff2009c82f3,,,,
df85bbfbd587dc5b,,,,
1c46e19ddbc08955,,,,
56972daf63e2bba0,,,,
07098a4a3054981a,,,,
041b76ed096b8d04,,,,
bdf43581e8db7cb8,,,,
af0761e18e8ebaa0,,,,
94d9b69e222a8c75,,,,
828c1d5e43999ac1,,,,
6459070359398dab,,,,
1647155a308f4cca,,,,
f5ad7ab5b70b2886,,,,
236e38cc0954119c,,,,
70539980c5b747e7,,,,
6cf54b7086d34c73,,,,
8491f8a9a6c32cb2,,,,
28e46699f782ec97,,,,
dc55cb5041297a88,,,,
b960085b86d3da60,,,,
fb2c5cdb08791916,,,,
41a1009b1330a460,,,,
80e92b7b3ddc73d1,,,,
ba6ba9ad45cbfc35,,,,
db794813f5df7e6e,,,,
c306462a354e804c,,,,
4df591f05ff8b663,,,,
8e33284c477aa293,,,,
0b49149eddf4fec6,,,,
cc7351b97147af3b,,,,
f3782d69abbd6909,,,,
6a025d8fee1639b7,,,,
9e1f3112fd5c19e8,,,,
3fe48861d8029ac7,,,,
6f112e08322f2866,,,,
3108678cb3e3c46e,,,,
16a498dfe5c8fb65,,,,
be348811ea31e50b,,,,
0e846e057de14052,,,,
88d8910e673409fa,,,,
14b7e479287e27b6,,,,
9b8b2dcad601f39f,,,,
fed3dcd6f90921e0,,,,
1594d01f9d66fc64,,,,
168b884f95e82fac,,,,
509740c21fc21d3e,,,,
07cff4fad1043fd6,,,,
ff60166fb888b2c2,,,,
0aa5df1c3120b6f3,,,,
6aa4c9dbbc934418,,,,
a98ceb67cbfc264e,,,,
914df1ffde8e86da,,,,
a7e1d510fa171a76,,,,
f54e678a8b60e186,,,,
e581152aefa81070,,,,
6df6f82e3b2e0630,,,,
dd62f35864fae031,,,,
9df597abf4ebd5eb,,,,
e3ca36b2c0b0145d,,,,
fa385b08b73dbf16,,,,
630ce5056f1acaec,,,,
e911caae18e32170,,,,
68cf173bf3150633,,,,
2a3feb973b1e5ee9,,,,
75e690e08487b8f9,,,,
308509ef24104c24,,,,
213a77ff59f814ef,,,,
0ad26865d335ad40,,,,
859abaee3be7c9e4,,,,
82131babf2545db2,,,,
8e014b3df4579e13,,,,
342b6b2e52544949,,,,
b91dafe2848ddab1,,,,
49551f920f0806ce,,,,
00662b82ebc09398,,,,
02f077cd291ce39b,,,,
872f3353aceaa957,,,,
9e10897fe4b52f87,,,,
0472c48a8e430705,,,,
d4d601ada5113934,,,,
6b061bd2bfb54291,,,,
7e04050ebcd2a392,,,,
e42b430ef8de843a,,,,
dd7cdc52128bce11,,,,
3e5821a5c97bce2d,,,,
dff47a957379a293,,,,
7601b3c30bc246ee,,,,
f081db55ae1ac26c,,,,
2a87278f7d06e0d1,,,,
b27d84e992a59af4,,,,
147f99165771c36c,,,,
41dc9e7c3e608fd8,,,,
5db672deb978b212,,,,
b441e977523fe018,,,,
7ee2fb071d8ba50a,,,,
d0c0d475954402c2,,,,
a8ee8ccc3d37b3a7,,,,
a7d773d57f7e5cf1,,,,
63703179d69e8836,,,,
7b12db80a46ec09f,,,,
cd953f9d68bbeeb8,,,,
665628fdd5ad3970,,,,
fea6f4e95365fe6b,,,,
5e89a06d76a7cfd7,,,,
b672e6c0a6202498,,,,
35f0dad35297457e,,,,
df835bc7018f3a8c,,,,
e351a23bcd7ff975,,,,
064308cc6181be18,,,,
87de64ee0d2cd741,,,,
5d14caa217be85c4,,,,
7f627ecbb0bfd46e,,,,
dc7cb70f29a16279,,,,
6e19142d09561cc5,,,,
80657a8c81db6c1e,,,,
8fef135b9b51d346,,,,
6ebffdfae65da0cc,,,,
9d4324803ae922a5,,,,
2ac8694650a8ba11,,,,
a44aa702fcddedec,,,,
37cdb5ee469ecc66,,,,
e6298e9199b501a0,,,,
29cee68ca55ac007,,,,
983e106290cecc47,,,,
94a939b1044c9db2,,,,
0c383b44459f5487,,,,
5f88d25ff4a6aea4,,,,
8653fbf178333fd6,,,,
1914c20409fc3721,,,,
9ac0dc97259a0356,,,,
18d02ad3ad82e63a,,,,
130ffa0b64924481,,,,
5eb659a25ad67c10,,,,
e0bd0cfa741bf7de,,,,
9aa21ba3f9262304,,,,
2195547f3ee0e403,,,,
6100a425d94bbff0,,,,
486781d38daf363b,,,,
47f6c76fe194b0a2,,,,
4b48bdefef0f5510,,,,
ac813b145a543400,,,,
5c80bb0de2dc916d,,,,
a351d7ed866670b6,,,,
cb59ba1efcdef24b,,,,
09d4f1f8b0e163e0,,,,
273dd68d0e3498df,,,,
347293b99cb2c85f,,,,
f720459df734bddc,,,,
09367dfd808c7048,,,,
c68c7054f5c993f0,,,,
0bdad7068b772266,,,,
93fc3d6b6dbbcbe7,,,,
47beedaee569694b,,,,
ef317f7d33f833a2,,,,
a7911438f0842e8f,,,,
73e5781c8b50a7d1,,,,
80420fe57d56d24b,,,,
0891568bff9ee851,,,,
8dadddd6e998a031,,,,
6bdb3563b115432b,,,,
966c53dd5055f7d8,,,,
3ca0ba16fbc0a064,,,,
36637dfd7b8b7ff5,,,,
da822f8b7473ea17,,,,
95b6b75449a2a589,,,,
fa4f102baea79f23,,,,
f9f1f42cd12442b9,,,,
60e6ad518e28e968,,,,
317d0f945e23d02b,,,,
6688d95fe109cd5e,,,,
a2a81310f2d83d25,,,,
176583846053849f,,,,
6aace4446cf7ec13,,,,
a3e9dd58d989b59b,,,,
0933d11665ad9fc6,,,,
8a8370bb528acbb7,,,,
c5a892703ea995eb,,,,
28e291e29d9e0931,,,,
04779795d539e7b4,,,,
768bd2a9f4943305,,,,
626fa006910abba9,,,,
9e0cfbde2f8187e4,,,,
d011b942981e9140,,,,
fe837d846b9e8051,,,,
a19dea6c7186d889,,,,
879a5bb7f655f143,,,,
7d6f0b513b06675a,,,,
e1afeb632368597e,,,,
b55aa833bf0d19ec,,,,
78debc02974c3e28,,,,
42fa9c2018bbde64,,,,
3605ae6a64b99cd5,,,,
68c1729ea180487d,,,,
db2d03367bacebad,,,,
559df0cdbde64483,,,,
114955e0b7fad8c9,,,,
4085d5e7edbb8890,,,,
6e795fbf3303cca2,,,,
c3699c569210cd72,,,,
c36b533243544613,,,,
ebd9ec2e5316d283,,,,
fa207a6ee658a891,,,,
0ed53fcbf3f3ff31,,,,
dffa737bd774b537,,,,
41c7fb3862117547,,,,
7db57797c39c3416,,,,
96af0cddd26becf9,,,,
81854a3e6e980374,,,,
c42417017bf2d78e,,,,
b7dc3eeb814afe02,,,,
f0371a9101c4624e,,,,
ce086ce5f8fbfcdb,,,,
b7498ac3b09c9282,,,,
9f8e59c5a1535950,,,,
e58e9622b11fc0f5,,,,
a529ca20212dbcbc,,,,
59a28419c325c0ef,,,,
3a6831b082801863,,,,
3909b7120a33c7ab,,,,
c3d993b70d06dee7,,,,
33da454630e43efa,,,,
605da2b1722cfc1f,,,,
50f83dfff0cbd3e0,,,,
7a3df430e10cf9a9,,,,
294c57fdf4dd8347,,,,
1f0e23528b1fc271,,,,
24f89fa465e31d4e,,,,
3e5e837a736f0118,,,,
5ce34fd620230fb6,,,,
cf5d3a48e95e1d2b,,,,
605ca7541e2a1b11,,,,
2880fdd2240f4260,,,,
2184a5a28510aa50,,,,
c84327a9a8aac3e4,,,,
8c16898b697cf73b,,,,
03af38a106bf94e7,,,,
97d66b9a7f1db4fb,,,,
25cc59c3d7ca6915,,,,
6b97bcab40312422,,,,
7e60208d3845d4cc,,,,
ec3581f392884fed,,,,
cbd6e72994310d1f,,,,
23132b8971dcee15,,,,
838f72c42af56723,,,,
d3d67c9f95a3f589,,,,
0d52aba35d237c9e,,,,
e4a3de6216b9d0fc,,,,
11901996db89ec16,,,,
605567f1b7a0a9e9,,,,
b8ece2cf72d74518,,,,
3829ed329783decb,,,,
33a845f1391fba3d,,,,
e7026af7767add03,,,,
9f848ef2bc0d32c1,,,,
cb284b96b2903d27,,,,
4a35cac1e9fe7211,,,,
6f48779bd9dc049f,,,,
baead90c3db3857f,,,,
370ededcb95e375e,,,,
08cc4bddbe52c5f0,,,,
49debf300e18089d,,,,
cb783e5aa385b167,,,,
964d238ce14879dd,,,,
dadcab6ca0485e93,,,,
3a1b8b4eabb868b5,,,,
4b7522217b6ea78a,,,,
42fb666048cd75ed,,,,
3edd0001e4e265d9,,,,
1bd4b32409ab9519,,,,
1c48dd0cbf2197e8,,,,
1ef006d6501a9b00,,,,
fd4ec3f1e4a69284,,,,
dccdcfc0cfc87188,,,,
b05a4790ae4411f8,,,,
6c9d7d535c3b01c9,,,,
ed4bfb9a2031a2b3,,,,
2b055a666e976c20,,,,
88177ea389d9a982,,,,
6ee961177611ee2c,,,,
0505e048e153410c,,,,
051a2789c67624a5,,,,
29e31267b2589e1d,,,,
ea735722394bdf45,,,,
9a65eac8508c958b,,,,
25f2df7bdad55aa5,,,,
b78bc3994459de8d,,,,
cd629f9fb595b491,,,,
15eae5e62e9cbb40,,,,
37dd7ba2578db04d,,,,
e041f52d3721edf6,,,,
d7604128ea4e5b1e,,,,
3a2340580a61bfb3,,,,
1e3655375f0706b8,,,,
dfb018b2298045b2,,,,
dbc14f626007497f,,,,
8e538909b82f874b,,,,
cc89028bac6acc11,,,,
6f4f2ed1dcdd519e,,,,
da0f41463a02668c,,,,
6e896b7f6534df77,,,,
3653f339a5883218,,,,
f1d3da046d457e91,,,,
9c4e069de7b49763,,,,
15a4e57fad16549d,,,,
cb16d56be7ca12ac,,,,
b1bbf87604cad8d5,,,,
8656a5dcb87b9ed7,,,,
705dd1836984c0ba,,,,
7237b781ed5e35c4,,,,
a8b94d55144b9a8e,True,False,1.0,0.5
c73f8da0de23ac2f,,,,
6d5e15aef13f15f2,,,,
cb5618944c23af59,,,,
76b2a94d0c42a51f,,,,
97c48fd53a5192ff,,,,
5f891b7b7c8e6381,,,,
813a79f8485264e2,,,,
f7aed6e0c494b555,,,,
b7cc7026b953b095,,,,
e9c53f1d945bb30b,,,,
3a1d47b2afeaab30,,,,
1b6546b509cdf9ad,,,,
d19e698742c13c5f,,,,
f8cc485c159270ea,,,,
ab66071b2ccb6258,,,,
58b477dfb6cf15cd,,,,
2ce832c67147ddb0,,,,
f04c62495475928b,,,,
c67003075efd8d81,,,,
2e05278d37064cd3,,,,
f481293533358745,,,,
db7088304a446731,,,,
a892fab8bdf79af3,,,,
00c9c3a87c9ba469,,,,
575e69e5955916bc,,,,
038fef08f92e3c3a,,,,
6509201c3c0505c2,,,,
d8c8063201b518fa,,,,
6c8041314ea1508c,,,,
b558c0d587496125,,,,
a80435189dfd4377,,,,
19d24915da8531ad,,,,
7d989fb55b46ae99,,,,
ee3f75316cce8f1f,,,,
7dac8ff5aadd4a19,,,,
f00c453986f3918b,,,,
c6f2ccb131c85b7a,,,,
7fd209bb018b5f88,,,,
239ca281cbf25876,,,,
20a404b83bdadf48,,,,
35b9ec3db4cce1b3,,,,
6896c23b7ad6b19b,,,,
fdf7282226d98080,,,,
86c2f5ff3e7e46b9,,,,
d2b48c15caf205e1,,,,
9139cb8e5d484556,,,,
d175264081ba3659,,,,
84f78985d0c2a88e,,,,
2fc698377eaf8b97,,,,
228a7e5733891503,,,,
548960f168d8a885,,,,
a51cce42b43f0881,,,,
6c73bb8862bb58d1,,,,
2750919fca1560d1,,,,
85d10d6a237841dd,,,,
559cab6c54c2ea9e,,,,
7fdb374e21499829,,,,
da3f92aa784b06b5,,,,
a0387a6bf86d7e96,,,,
0a0d2e6399d22294,,,,
6930e9d3dc5d53a9,,,,
6dbd8e253494cdfb,,,,
6c1a86875cb8ac70,,,,
77be09f3e3c85cc0,,,,
a0dc20d1ecd92714,,,,
a39025a754575261,,,,
29ca0c3e60ca2f2d,,,,
f7485c6f135252b3,,,,
6c6ebe4635f9d618,,,,
283d8150852a32b0,,,,
bbcfeb9a0684a95a,,,,
ac476d000642c425,,,,
17a7e0e443d353fc,,,,
9c17b4121629d1d1,,,,
edd386ee68b97546,,,,
caa2af32f6b4d045,,,,
b36ad237a6a9ae22,,,,
bf94b30924520034,,,,
ddb657adb89c0342,,,,
fc6db44be747f953,,,,
17eba3c9fba804ab,,,,
d0c32e0690dadf8a,,,,
d71cf40a18463911,,,,
66a841b2637b251a,,,,
4127d00fb0856f9e,,,,
636c9d527b13a5c2,,,,
a817120290245c0e,,,,
a06a1728a889657b,,,,
7804363c2cc4207d,,,,
852b032768fdf448,,,,
214131b5a64b28b4,,,,
ece5021338255708,,,,
35d2d21db529909e,,,,
51f526905a9a27d1,,,,
33805e5805d3808c,,,,
390d1af898e436ce,,,,
a393dd98e0b59213,,,,
0f262af498f5046a,,,,
2876e12011a7c1d9,,,,
de44d28732f34fd9,,,,
b5c8668b6451788d,,,,
95fd09f904649c8e,,,,
51646fd5dde137ff,,,,
39df90ce01acf38f,,,,
b2ee224401014412,,,,
ed090f816c5fdf3d,,,,
6abb9944c7331224,,,,
c240c8d6821eb356,,,,
9421f41affdf4bfd,,,,
f2b049cfdd16e37f,,,,
0429390bf2e37f26,,,,
f89a390d201ca0d7,,,,
72ef81d9f228a3cb,,,,
f88c97cb75e22d74,,,,
4427e2d5bb1df10c,,,,
ad516464a6f99d56,,,,
54bdc1d2c1a96be2,,,,
ffb7651a9356a170,,,,
ceb792030dffe0bb,,,,
1ee0eac27da264bb,,,,
c5dff9bb528f2b9c,,,,
8bd74445704cefa6,,,,
a263aff69ba8f5e7,,,,
15468bd25cd5d5f8,,,,
44954105d06c1e66,,,,
6a16689c3e545489,,,,
c9c6396a67ce0453,,,,
72f875021f7d1230,,,,
4b5f9d61917d7a62,,,,
4271e9a41b92a9a7,,,,
7c3195327791f7ce,,,,
86b2c5291a247db2,,,,
e5023aa80135145c,,,,
da399bde061cba6e,,,,
e585153abf184986,,,,
29f77d2f73729302,,,,
eb6f1714009acecb,,,,
c39e6b931251ad4a,,,,
3b4546fa56390e13,,,,
0929d3b95173f8fa,,,,
b4a8a6fddf70dc71,,,,
0ef5bfac8cce6c91,,,,
d7a0d362d186ca57,,,,
d82e2ad80ae2ef67,,,,
a881aad8b270cd13,,,,
9a1831f5745a2ab6,,,,
c38595f81d0803d8,,,,
817cc525ceca9e86,,,,
28ddef31f314bcc6,,,,
fb7a61d366fbe1cd,,,,
bb3a77949acb5a3f,,,,
80131b4292005376,,,,
b0f7dcf89b5df0c3,,,,
ddc66eac63cc5611,,,,
96b81fe56e58a711,,,,
7a7e8c4d73ce328e,,,,
ac2b0126fc1910f4,,,,
a270e63b7f01f4c3,,,,
6584d941e54758ef,,,,
c0494c7319617336,,,,
1d9767eca0538a2e,,,,
dc7a24dadf1e3309,,,,
f9371b52a1b454fd,,,,
c80da396082102fa,,,,
259fbc63bbc35afe,,,,
c0540034207d9ee4,,,,
3cc89d96099ac8e5,,,,
1ff95ab8bd438fb0,,,,
d3c59f555abdb15c,,,,
1ae7fd66a07a2c50,,,,
bd1d4a7add17eae9,,,,
c409fe6df7b9fb34,,,,
935ca1f50123b242,,,,
98a74ab08806ab80,,,,
66b449d7ec13e86f,,,,
8f94603aea72df5d,,,,
86d41a1b82d279e5,,,,
5a2d874a6dad12b9,,,,
72110ca5736afd2f,,,,
8a1f040fbcc2699b,,,,
d3055d2fae89bac7,,,,
08550c3d66b6229c,,,,
8acb1d2eafe08a9a,,,,
9ca55fbd72a01b42,,,,
10117f3b3c20c1c7,,,,
7fa51631748fcfdb,,,,
5a855e2cc9b37175,,,,
8b3588dfbdd1c849,,,,
fb3a8fb28b1629f8,,,,
7f1ed888992704e2,,,,
03a54ec1219f53e1,,,,
ca4351491fc960e3,,,,
a31d7abf5629db5b,,,,
f5d39c62803291b2,,,,
0dd86789288a8f75,,,,
48171bdff14d64c6,,,,
203a756f4e9c1135,,,,
34eb7a434b396b91,,,,
572885c3fded6047,,,,
1914f861b0f79734,,,,
75b4115798135386,,,,
ad0d96cc923eb3a3,,,,
cf57554acda7f09e,,,,
150be86ea72a4336,,,,
854b7cc522ad5686,,,,
fb0effedacab1393,,,,
d4c911fae4f1299d,,,,
bef7f6ec2b77a0a5,,,,
d4d4e1c82e27ce8c,,,,
4ef7c990f1c291d9,,,,
36aab8faf34e7f35,,,,
166c2f7de57527c0,,,,
5146fff0d8a9734c,,,,
1fc02e3df23bfe0c,,,,
c2998b1bfcf0c149,,,,
bee6112ea41abe4f,,,,
2728520bdd32a383,,,,
4aa053228c5709d9,,,,
92e5d167f7d6ddd4,,,,
6c529c4afa87d1c8,,,,
5d7a645d506fd9f3,,,,
5e198a9d1bbf2b0d,,,,
4de15631b9284cc1,,,,
3babe3cb27ae2f99,,,,
80d111bbb232a7f6,,,,
a78d3059047154c2,,,,
fb2571d0480bce07,,,,
097acb69863c4b1b,,,,
61bb92697e36c3a0,,,,
9fbba6f7437683ca,,,,
bb64fce97447918e,,,,
8f64efb9ca6ba1e3,,,,
52415614d53908ac,,,,
8ea73e3587fe2ca7,,,,
3c81ead79f18a9da,,,,
d9b8b96582d11cbe,,,,
dae5df573c0817fd,,,,
644f145259976a62,,,,
b9036f0d7bd14d93,,,,
cc1b79742055e4ef,,,,
68e13f730ec5e6e8,,,,
f5d4a1e6fe541d86,,,,
867d5dd9ad9f3473,,,,
2f438d4ad0f47e99,,,,
aeab96b2ae416c47,,,,
333520882dbf6c48,,,,
8158e0792d3a4335,,,,
c37f8c8f2da9edd1,,,,
cfb0a47facbdf8c7,,,,
bd658597538fb228,,,,
6289b6aebb5dfafc,,,,
772e967c9c4b89f2,,,,
f306f879fd93c4c6,,,,
a9c581d5baa8787e,,,,
6c575eeaafcb79b1,,,,
5c131523073a40b1,,,,
943e40cea1e229cb,,,,
50049aa0dcda5898,,,,
9efa827c520375c8,,,,
80ce6f574703f084,,,,
cddf125d8f8b0860,,,,
39516fbdfbcd22c2,,,,
465a508ac5a1db1b,,,,
78c9f56c15a38038,,,,
77833fb44b64ca70,,,,
f9e68efff8d031d6,,,,
811f7bc2d62d8534,,,,
ad22b746d569cdf3,,,,
bcc69ccbb8429ba7,,,,
a3e860da5e453f1e,,,,
e13266728f3d3f53,,,,
b877da296e5b7f84,,,,
c33c6dd5247d7732,,,,
1709ea86040df69e,,,,
1dfe0ee35955aa8e,,,,
f132934636f4fe08,,,,
dc9c76e5c9d71ab4,,,,
e3f26960ff745e94,,,,
4d2753c5c3c3e458,,,,
a00bfcf610dde72f,,,,
354373f882d90881,,,,
4240ef73e9497d48,,,,
ccdfbb11ec244338,,,,
22e936b02225e6df,,,,
448b832dbceef44f,,,,
5038adcdfb645e04,,,,
daea3c4c5ba71fda,,,,
cca949f75dbcd708,,,,
1f0cc696d9ec0c6e,,,,
13ed67f11da30433,,,,
fcd8870bfe225410,,,,
a2388771a30e4d20,,,,
148929dab9dd190a,,,,
fda35d0be3b0d864,,,,
62a990c8d60f5688,,,,
d7af435e20b71561,,,,
328c4f1535b94e05,,,,
c99dcb71c71e2773,,,,
c8769bf8af746075,,,,
fcd3e013c0ef33bd,,,,
9effe806697eb7d4,,,,
ad98658b27ced581,,,,
fa60f17c56e0487e,,,,
9f7be36e58fa1a35,,,,
8b37bebdd5470357,,,,
416b7425634da762,,,,
2b26c0460c37c7ca,,,,
964f245cfc4c39f1,,,,
fd41b23f95470552,,,,
9667e5fef5aa5a9d,,,,
54b0ee09723abdb0,,,,
57c736a08d2a4789,,,,
39acb62612c1001f,,,,
1ff87654f9f6d91f,,,,
018c8f41218b0fc5,,,,
f23744fc1ead511d,,,,
f6f502135e1558ce,,,,
0bf126991df3add6,,,,
53321998c6661766,,,,
6bd4acbf7b85b3ce,,,,
d030c842119299ac,,,,
7bb6d447b0845ec4,,,,
9c2992ee1de569f3,,,,
d263156bbfca1bb1,,,,
fe277396e8d95634,,,,
ba1f608de37eba0c,,,,
ddda495dc2cd2e6b,,,,
29c5b735b90eaacb,,,,
b3d4818f596507c3,,,,
1b11b537be128fb5,,,,
6bcb4abd2635e69d,,,,
6245ef803325a4bb,,,,
d739d35acaf7c128,,,,
c6137a2309b7ddb6,,,,
86f5ddc2d770132c,,,,
56290d7aa8309ae1,,,,
712448a2911c0106,,,,
8687b3269dca3dbd,,,,
ec6255786120ce42,,,,
1c2b9ce230cd6002,,,,
717496d24ed988ee,,,,
15e4b132dea059b3,,,,
cff403f5b4f754b4,,,,
cc44814e7be3edc0,,,,
3d01412fd9f729f8,,,,
020634fe8e60d354,,,,
9bd18db552819435,,,,
8efbc8fd370255f7,,,,
694d6248e3d17207,,,,
39aabe8d2d5a4a2c,,,,
d6a6479e8b68558c,,,,
93a1acb030eba28f,,,,
e422ef8ca1584bef,,,,
83183fe552055956,,,,
e2a69c21fed83cab,,,,
58adfd019c6554d9,,,,
0c9d039866f7f3a5,,,,
c63ccd3c284d2d08,,,,
0d2cf08fa34dfca8,,,,
b325c043b2302084,,,,
f23a5f04abfd3abb,,,,
3b3c02ee8d8697b0,,,,
f31fd38aaf701a15,,,,
47319c2c70a12a32,,,,
1bd758407a5538ea,,,,
d07dab4daf1e1fd4,,,,
68650f1f627d2e40,,,,
733626e6c49ef918,,,,
0853a5288fe35fc8,,,,
7457f20bae7b1387,,,,
ea565880bf5d43c5,,,,
3e24c665694d2bce,,,,
b109641525e29b90,,,,
e162ef8a1844ed5a,,,,
5ec3288d7af9b52f,,,,
ace40496e65164ca,,,,
a7b4a7652e418472,,,,
ffae8764857797e4,,,,
2c90edae5eb88aa1,,,,
fa100ef4b5070ab0,,,,
18f923756c6329cc,,,,
cb0e62da57466e37,,,,
d59b3fd37e170e89,,,,
a4e4bff7b13e80e5,,,,
297776343004365b,,,,
7631f8b5e0751530,,,,
80e686d250f5c0ef,,,,
8c9495d4b808a135,,,,
3ac4521d23a63388,,,,
66d7a3088f474671,,,,
9bbbbb7695e18150,,,,
2f286fe49066d92d,,,,
3ebc978fc1de6e12,,,,
4b78941be092373b,,,,
ee763dd30afde13c,,,,
19d743d5dcf2d8a6,,,,
fd354beb95177de1,,,,
1592f8e13e53e587,,,,
ec53e3cb8ffe96f0,,,,
f9bed16e6c695aad,,,,
665bd74fc3b79db0,,,,
2963d50a31943d58,,,,
f9b15f0354723ad6,,,,
f544a9735564dd7d,,,,
6fa1d4e01b2d82e5,,,,
bde0cb66fe88c3f6,,,,
ef77d032958dde45,,,,
96660f63e7867ae7,,,,
d93afd3a4d3468f2,,,,
892ac1d28b9dad8b,,,,
1e07771c7f2edded,,,,
7100a825ebadaee6,,,,
46039821d47814e0,,,,
887c29090e8f77d2,,,,
f89d15511d8cce5c,,,,
3234e92284057c56,,,,
24ec4b3dead7d96c,,,,
05a318fa7ce0db06,,,,
12d4ce8cef25b829,,,,
5f64576691778b5d,,,,
53d247a190fa0a7d,,,,
ce5dad21a87a080c,,,,
77396389e1df39e2,,,,
6652b4770ad48274,,,,
852302b3447290ae,,,,
602996c745bcc51d,,,,
11eb4f333f659d82,,,,
4a41738be676e6af,,,,
6220b9e79d6749d3,,,,
ddcbd2ec318575e2,,,,
1f1d7a839b30722f,,,,
50358fc9c19b652f,,,,
ec2c9b17fc251bdc,,,,
4f598db74dcfa8cf,,,,
27f422095b79e849,,,,
7fd683ae271abb64,,,,
80df82955dc37b06,,,,
19548f5b00a1cabf,,,,
049b8f52354d3113,,,,
8bc6a18ebc462890,,,,
54ccb8535c5f90c0,,,,
98da393ec9e97f3d,,,,
a2b4a204febd4b94,,,,
bdf54ce6b1c9fd07,,,,
fa5835ddcc6ccfee,,,,
e7735493cc06f89e,,,,
2a3612a2f28a39b6,,,,
84b01bd0cf8f8713,,,,
17020e54376b8211,,,,
506a3d0341411dfd,,,,
de2e4dd57efdf5ef,,,,
220d793a1c03b349,,,,
4e2117dca15de94e,,,,
6bf2d39e29428aec,,,,
2da6f0b3a9e3660f,,,,
093d65f660fb3999,,,,
cf1bd5d0a5ca0089,,,,
ed9d282b574ccd0a,,,,
3619e79258649c5e,,,,
e7271d91f3dce7b6,,,,
1e1272f608314e13,,,,
cab175aa5b3976fa,,,,
a74c434da9c259d9,,,,
d56beecad65f6cd8,,,,
90e3dc4d609229cf,,,,
88a64e641b7f9cdf,,,,
d36b25dfed5a8e30,,,,
9b549e852e21f1f3,,,,
1ccaa3c86c16d5c9,,,,
3a7844287376a923,,,,
50b4624ec848b839,,,,
76babdcde9283ad9,,,,
a544d589d2585825,,,,
58712bdb7ce85403,,,,
b9cbd3bc5e7fcc36,,,,
fa46e096e26d1e9f,,,,
b26ad2cbc8b84b08,,,,
f58204bb9127f83a,,,,
9565c2f6cd117658,,,,
c471b144790b7474,,,,
bbf040a286ce6142,,,,
818ef7f9ce99b1aa,,,,
470b3ad2c2353572,,,,
8177bf3c4d9d76da,,,,
5ddac7c2492e8396,,,,
07bfd8ab3a836daa,,,,
84e10b4f8e1b6953,,,,
54d05d4588be6308,,,,
a54cacb5d973f81b,,,,
e32f9b34f006866c,,,,
b4e2c7e8fd31fb58,,,,
c134e0e32cb9a28b,,,,
fb2afdd1e9a86092,,,,
740c94858a42591b,,,,
fca3ffc4dba3f7da,,,,
b6ef71c0d7746b88,,,,
f6a419709b5518ec,,,,
c4d7d1a03f031f39,,,,
1f93aab93c2f2be9,,,,
5b93bb327f0c207a,,,,
8cb61f96d42450e3,,,,
a226f59be4224710,,,,
4228e9aa373fde1c,,,,
603eef55e6e72946,,,,
82f77b711bc8ab82,,,,
083020f069bc7d49,,,,
f52410f70a28e952,,,,
658e73f6777fa19c,,,,
b201eaa2eeb14eed,,,,
a8b019f6ad382503,,,,
7803b060747109aa,,,,
037c1af22486629e,,,,
e4096597899b97cf,,,,
47e5eb2906aeef10,,,,
0e4724767dff1ee5,,,,
2b7d2b12ece927cc,,,,
64dbafbe2f235063,,,,
909d86d49ffd6173,,,,
891cc5fcdce76dca,,,,
c7035a2d6b7b6060,,,,
518f457b3a661ca4,,,,
95c43771df0176bb,,,,
741df9f8eebe688b,,,,
0bfea90cca4dc309,,,,
5ab8eadc4c9c43b6,,,,
3df8506e36972ea1,,,,
a77e398b7986e087,,,,
c9c00ced1e0034a1,,,,
588f9f5b9f1a1335,,,,
4df878b23f23489e,,,,
7432964e20c4074a,,,,
af74417f6eaebf26,,,,
caf74c35f5d4dbc0,,,,
ca8cabf05a5e1b2a,,,,
d4baeb6c71955fbc,,,,
7babe4d1dce5bb6c,,,,
5ff0edc23210ce3a,,,,
228680b1e77e8528,,,,
092ce5bd4248e4a2,,,,
f148450c78a688e7,,,,
65daff5d0ec7e944,,,,
c1d6bcf3154db764,,,,
5447d04cdfe16b92,,,,
fe7a8196151b581d,,,,
7492fedefdf657a6,,,,
4653bba303fd1746,,,,
b7a8fdc047c94140,,,,
4a7cdaf8e06b42ea,,,,
9c800975607bf540,,,,
ed2f699240d34c5f,,,,
2e74df463c18f3a2,,,,
8177c3e289753ef0,,,,
f0e7cef7b3215d4c,,,,
c5a778c01655ccd9,,,,
054765451b3d6c84,,,,
8f9a319c30253481,,,,
54df194de49dbfdd,,,,
f2bf93767672169a,,,,
01aede8ab9219e4c,,,,
9b7e1f21e7a6dd74,,,,
be62afe7ec9137a7,,,,
1531a2c539b5c138,,,,
72871a3f17759ba2,,,,
285990dc15f9b2fe,,,,
c58cc133441d95e3,,,,
4905a46686808982,,,,
4aa6c78ee5176804,,,,
a4b56d205cb75762,,,,
65d835eb67b366a9,,,,
86ed4e29632ee123,,,,
b55262a1cc7ba17b,,,,
e20c3f5c5de87018,,,,
294f1cb8b0a113b4,,,,
7d80069fa62a1b23,,,,
03caa557e84235f7,,,,
1af51af2ca9ec6ab,,,,
05f702d750e6f7a1,,,,
fe08531fb0a75726,,,,
a78a69e2fdd06b38,,,,
4516c6d76c3893d9,,,,
3696ed8b9da74580,,,,
12764cb316c6d480,,,,
b20e26ab30546064,,,,
06c18e99c09ea011,,,,
385d17293f277159,,,,
0583900a79cf2f61,,,,
9959fd18fe4458c0,,,,
864b10d08ad66d5b,,,,
e9c0c7e0856d3dd4,,,,
8194c7c9e149e74e,,,,
3af8c8a6663147e0,,,,
9540db210c102f74,,,,
1303b697d4f1c6e4,,,,
4c9a24cf47213b68,,,,
c0b017a310aac78f,,,,
2ed35ee4c9ac083c,,,,
44bc163728b2e2ae,,,,
51065aa09dd90d88,,,,
af19b6ad4624cdf0,,,,
ba80a58e528e27de,,,,
832744a04c7a3302,,,,
cb1cc95d993645a6,,,,
a5b712f813a4cc39,,,,
945afc6533a823c7,,,,
ef92eb16e1e50fa9,,,,
c39d12463b5af9e0,,,,
f63da08ceba95cb7,,,,
0f98a99530428141,,,,
c18d77ad0e7bb697,,,,
b2148be02d0f98aa,,,,
80653458c113ea0a,,,,
8129563eb5799060,,,,
c3f539ae2368b003,,,,
8cf0bb100f68ddb0,,,,
f6e3fd04dff83ed5,,,,
96c2834944997785,,,,
98cebf515bfa0eb6,,,,
dd9dc3e7afb091d9,,,,
eb170f3b83c940b7,,,,
afa0b860b16c72fa,,,,
5275ea50f74856cc,,,,
10c1b9411d8d5e1b,,,,
7748e04ce9a3a277,,,,
508cf7a7e075be28,,,,
e79bbd2213f4dc6a,,,,
8e6ca01618a9ccf8,,,,
a496ee218f8d811c,,,,
670a4d22964051b8,,,,
b7369417eb14f6d8,,,,
18524f13c06c16e4,,,,
0d9a74cc80a94f4e,,,,
f064b0c182d8395c,,,,
30a2a36b74c64ef6,,,,
98097f0e1e1acf5e,,,,
63f26114f42cad2f,,,,
1d301a49d8de5391,,,,
262ad1f151f00453,,,,
9bc4bb45c76a33b2,,,,
9f12c7e259098c0c,,,,
a6b04f3a08a372e2,,,,
c49938367ec0e73f,,,,
d8115649b9e44e98,,,,
eaffd4b70bfceb8a,,,,
4b8322b710148bdd,,,,
63cade38eb05cc78,,,,
58061da9b5beb34c,,,,
5d532af21654c287,,,,
99545aca52d9e23b,,,,
1c89c39b7d914f04,,,,
3e396e787e807a24,,,,
91106455fcbc5c66,,,,
dd2e6f13d5937666,,,,
b000bb5feb8dedb0,,,,
dda9420fa5f472fe,,,,
aeb1779df7ffb2f2,,,,
9a22be60446cf2d0,,,,
d88f8c5f7bc235e4,,,,
8f4af7de467fd184,,,,
22a177ad15ce3704,,,,
60feb36c11f83dbf,,,,
2d7923c7c7d35d43,,,,
ea0ea605ba0f4039,,,,
0ff8ddccc867df41,,,,
22e1f5bb2422ebc4,,,,
63a781d8a27c787a,,,,
bd3192fd0f92ad75,,,,
77c1d14c04b4443a,,,,
6d33d8808a385cc9,,,,
a3c63bde97e53ad8,,,,
91724cc49b58873b,,,,
448e2f4e535e7e6c,,,,
d3eb53cba8857370,,,,
8dddb80b15bd2f51,,,,
1a7f1b19c0aee69a,,,,
3722fc8aec03f65a,,,,
f66221685d26ff9e,True,False,1.0,0.5
f74baacaee990870,,,,
8784f2ab62c4abdd,,,,
26a475767ab76def,,,,
c5ad2b6443b64da2,,,,
999bda991259ab26,,,,
3bab042b7778dd74,,,,
f4a430c1e05c30c4,,,,
b73ff23004c36f60,,,,
598790318de68f2f,,,,
a622e560aa158df3,,,,
77ec2d06f105135d,,,,
7a27846573c83d18,,,,
a6b9745da8203195,,,,
9701104da1bd892d,,,,
342cfe46b512491e,,,,
a6e3047a989dabdd,,,,
e93f5d3697d78cf0,,,,
6bc8c9b3b1487687,,,,
ba16683abb1e785a,,,,
39ccbdc7e071d759,,,,
79d284006ab87267,,,,
abb22d3813835dfb,,,,
c91b751eff819711,,,,
24e3997c05b4ed66,,,,
6030144ed602d1d4,,,,
0eb4df47494950d1,,,,
513b00bc28bed4f0,,,,
acb337a07b150908,,,,
2eee91f7b9313edc,,,,
dc2c722dcdac0b05,,,,
6ddb025b5b478fe9,,,,
1044294d2eab5d0b,,,,
b50fa0622029da2c,,,,
50e228b1c438b83e,,,,
f2ae2ac2aaa5863c,,,,
1fdaf40af1f23271,,,,
dc0b4a7e14e76dc3,,,,
c2d27238d3387d82,,,,
21c01ec2a82f3788,,,,
0fdbaf867c77b4fb,,,,
14803984771fc2dc,,,,
32a518f72239a429,,,,
c53a37767ec3bffd,,,,
86d3264e564b8669,,,,
f37aa34e2b3fc5c4,,,,
bca5c7691829e37d,,,,
5996e576d0f0655d,,,,
08960cf8176cbbbe,,,,
073d8f5a1e2b2cfc,,,,
0ec3a9aa8974bfdc,,,,
0575b04644fa81b2,,,,
fca2b59742ebc342,,,,
c8e5f3e14200dcc6,,,,
e00f860ee7615ff0,,,,
c210ad7fd1cdb1c4,,,,
49b49f0fbcdd4ef7,,,,
780f41b34c8caf92,,,,
fc56967ab0399956,,,,
a6391705f7cb8740,,,,
f8ea49cfab799277,,,,
8c7f73816e78086a,,,,
616b14d202724d7d,,,,
bbd0db8433ef4359,,,,
e74b39fa0dc297f7,,,,
ae58534e84fe1494,,,,
9b0a02eed551726a,,,,
4ca868fbbae4ad69,,,,
74fe724151c87767,,,,
6c0f155e800c452e,,,,
796bf3187ac3de8f,,,,
2bd645773d47df9c,,,,
a342ed17b6caee64,,,,
09c1d282356a3c53,,,,
7d57561f7012c0cc,,,,
7bd9e327db796118,,,,
ed7f3810eef068b6,,,,
7e0729bf235b145e,,,,
f0cbb77a25d8cdbf,,,,
a36a4deff2631d70,,,,
2df9927fd5176c16,,,,
8bd64b27bb984c92,,,,
9868ef91c6aadd46,,,,
df3e7045fee29bf9,,,,
c5f7e7f4b4017210,,,,
eb43f0c48124208e,,,,
22065ca7b00d9219,,,,
00a3393fe440364d,,,,
fb474d15725bb2ad,,,,
638a4bafdec18f2c,,,,
a89010df8951606e,,,,
bd3e78e6dec572a7,,,,
c4913a795c265d6b,,,,
083f516887bd65f5,,,,
35770827c7acc1f4,,,,
c48d5c08c2f54432,,,,
b72066f967fbb640,,,,
353d4dd9d6566b10,,,,
4cad0c0ccb155cff,,,,
4cb061ad8efda123,,,,
5309773bd26d683d,,,,
c1da43a83dcb9518,,,,
a380433de25aec30,,,,
9a32c28e2aada16e,,,,
87f4bd36850c60d4,,,,
1279f89f03aca6ee,,,,
1aa1976fc9796059,,,,
269214ddff93f349,,,,
3e6078dbfaa7c521,,,,
82ee4795cf9c83b1,,,,
d0462852a7d2a8af,,,,
8f4b2282d94a897d,,,,
576b9edd3de2f519,,,,
8d56f73dadeed82c,,,,
12ecb6e75ebe178c,,,,
fd8e9fab7bd0f868,,,,
b99ca659bbb7a610,,,,
efea6b633684be90,,,,
b045cf150bb40593,,,,
c3927eeb836682be,,,,
55374cf1a16ee621,,,,
d1c658625c942bf3,,,,
3462c470d1dd51f9,,,,
b72e094833d7d717,,,,
f0e6e4327450cccb,,,,
0d2fcbdd6e4fe144,,,,
7e4ae556cc7b44d9,,,,
cc901d763dee6620,,,,
91fea3ab48e0aeca,,,,
7d36f598e9edbd9a,,,,
957cd4de58b7cfac,,,,
3e388363fdab4837,,,,
594eed735aaded5d,,,,
870a4eb30bfc230c,,,,
71a81272f84111ba,,,,
29acf5e961e4740c,,,,
29ae1f4da53cbc9b,,,,
503cb4d6f00c6435,,,,
867a7b1382caf99c,,,,
de51f66b24bf4130,,,,
8f8119ea7609f50c,,,,
275d861e356cb95b,,,,
b6c8ce05dd334d47,,,,
a55ae477649b6524,,,,
178327aa59b012eb,,,,
9a0ff0e31c726a99,,,,
c4e11164bde6ce16,,,,
5c4b651a80e51eac,,,,
0ba3e1049cf905c4,,,,
2c05af146ac2080e,,,,
647d4f0c5711b79f,,,,
67e2a6756b2e43e2,,,,
87f21bd7b5c26ba6,,,,
ecba2d83fce68e94,,,,
0bee6a92c65b0114,,,,
2c15c3eea722dbfa,,,,
0bfbba5ef7547509,,,,
edea75f14d9ea223,,,,
e239f41f9b0d23a2,,,,
71bf9535a29620a1,,,,
5dca8482e5474b93,,,,
7955bfc297242942,,,,
67fe74a41764bafa,,,,
a26334e2f14fe260,,,,
64b1062b9e9964fa,,,,
19534af9a4d24eb3,,,,
bf7cb198e869d4c1,,,,
76d477d734b00e7f,,,,
03e3e26d1a406104,,,,
c8ff1e5e244fe27d,,,,
d37ffc316186000c,,,,
736f7993235ab0a8,,,,
0cbbada277045eb4,,,,
86ec4cbc7e8cf9a8,,,,
1b88e48878a068a3,,,,
fe31c5ee9ae907f2,,,,
1f185c5fd73d3d7a,,,,
b1abe2768c8085d3,,,,
fe4384bbc05a1fcc,,,,
b6438753527a2c1e,,,,
4847cb26b0e062c8,,,,
b35f0209b310352a,,,,
b37eb812f237776d,,,,
45eb8acea2102df8,,,,
20acb8c43968635d,,,,
363dd1fd8e0e1958,,,,
8a9dedeb008104e7,,,,
c00bcce455e74e7b,,,,
1707ad5ec6cd3f1a,,,,
92f63174a1b6dbbd,,,,
f89e8816df8bb21c,,,,
77fc7582685efabf,,,,
f05e9570d5f9ccfe,,,,
f0256c5ed57692bc,,,,
ccb57cfbc90b9fbc,,,,
af5480c7c1dacef4,,,,
2ab13f4d8ad4ac81,,,,
0fea3501f4e91cb4,,,,
447fc1545b9cfbc5,,,,
d0843be1b813d927,,,,
a060311ce99db3cf,,,,
52d01a3193dd352c,,,,
35b5022903325c43,,,,
c953fce993c7a4e9,,,,
966d6ef0eee753d3,,,,
779dc7090964d4ba,,,,
cb14a0892ff8dffb,,,,
521e4248f210f44d,,,,
b5bba5445fcc925f,,,,
bce27ef5431ad546,,,,
8a08fc9a4c9049b5,,,,
e7237a4088feb7f3,,,,
d85ff87ee3595163,,,,
6293d284e6f4900e,,,,
6d33889f8dbf6e04,,,,
d31cafb590c0388f,,,,
ab051286ea5af98a,,,,
3e6844c2ce0a2ba1,,,,
5fd4613484e99015,,,,
e5f869a6203c0df5,,,,
58ee1f3be7cc8e35,,,,
73997dae160b59b8,,,,
31ae7cba6d77ba1f,,,,
0649f3327513ad58,,,,
9b8bf62248c9f0a1,,,,
b33ee4795d0440e1,,,,
48ff6d835e81d911,,,,
4e99ea425b78eae4,,,,
f9b3601c9b027f57,,,,
40a05604f139c38d,,,,
863147aaecfbc344,,,,
df59faffdbc8aa70,,,,
b1a27f20cda60015,,,,
b663f6e70bac3025,,,,
6f3b3f7713be9c58,,,,
e198ef5a2e8fbf43,,,,
27820b7eeda3e05f,,,,
212502e5e1e66a33,,,,
f51d955a235504d6,,,,
d0fbbc2dda7627f1,,,,
ef3f0d63805f683d,,,,
78e045fab76b8ded,,,,
cdaf9902c4bc2882,,,,
e699b67043a3ab54,,,,
294644ca61345f8f,,,,
aaf75c8a372536f1,,,,
f326a9a898e5afeb,,,,
6dade02ac856f86a,,,,
74289a8ab50ec7a0,,,,
b4720a3f1dfed9a2,,,,
3039c0edfb988050,,,,
d0b69106745dcc77,,,,
2817753597a097ba,,,,
b0895b45353a665b,,,,
43427da6342fa516,,,,
84b945a1fa0f9b3d,,,,
ea15c0cb45cead6e,,,,
9176e2599a207e8b,,,,
13028a9031036e9d,,,,
e1f79de5d5123faf,,,,
8eb2aa1e795e8d95,,,,
5bbb773dcf9a2c0b,,,,
bce400cbf9363282,,,,
14eabea36d95cfb8,,,,
1009baa889de90ba,,,,
33b355ff8b13dc42,,,,
67c7cf45a9c75afc,,,,
052df0d1bcad0d32,,,,
f31f992b926a0682,,,,
3f5494a94706860c,,,,
b2e9b86a85def311,,,,
8711c448556b05e9,,,,
f190f00861e60473,,,,
0c1e3e2ecaabfe98,,,,
4a2aaf4c6dda68ce,,,,
8e9851e428aee80e,,,,
4987c8c2e7331187,,,,
0a83c336f96bf3b5,,,,
968d56c9fa280a00,,,,
c88bedeb4a094bd4,,,,
a599870ecd1886df,,,,
746bddf516b825fc,,,,
1a3936ae8b8e20d1,,,,
6a8944e191aa7a88,,,,
ad36d487ea65408b,,,,
0daf91ae6cf1fbde,,,,
b4b39eef0a6df362,,,,
b39fa1b19496c196,,,,
d95aaea2130aac13,,,,
9210e60cfcb2f16e,,,,
757d224b6115e06a,,,,
21285c96a0718fde,,,,
3c799fb0b0c00cb2,,,,
07ea0cb27c441b9f,,,,
ebd9c897c2d2fa41,,,,
efacae78dea9925e,,,,
2e89b2829f463613,,,,
5573486f32ee839f,,,,
a5cc44d0d4e4a6c6,,,,
906eb574120f2018,,,,
347d34947dc82d54,,,,
84c447bb3ba870d2,,,,
6af0f1a37cd6a004,,,,
b44488cdf4396ca8,,,,
5e5daff3361771e2,,,,
c6cc839aecd550af,,,,
3bb218e9051e8f08,,,,
5ef9da7c73eba106,,,,
b1746ef343a7782f,,,,
34a29b12989e6edb,,,,
95e0772771558095,,,,
d75af16e5fbba2b6,,,,
e57ee27898498559,,,,
0084f900642b760f,,,,
6b7dbfa0304a00e4,,,,
d502ed8b9e358231,,,,
78fc5d61609eb702,,,,
2f5439533e2c95ca,,,,
0e6660f6abcadacc,,,,
6ee0868eeae20d22,,,,
caf04da45bfb267c,,,,
9dc949c5925891a8,,,,
af64d83528d0da0f,,,,
538b799013d4bc39,,,,
7953a3cbf3e8608d,,,,
fd1b73d12c654776,,,,
54c61ef026a1566a,,,,
dc7824d2eb67a2c1,,,,
432824925d3b64d2,,,,
b3f861216ed7b377,,,,
7e4fffd8757cb5f6,,,,
59d73641d5258187,,,,
321585e76a4db6e3,,,,
8e5bc572c6e67847,,,,
0d3621aea1ed510c,,,,
9827efa2ef7f00d5,,,,
106e9a2bed83752b,,,,
b0d5eadbb9cd4968,,,,
1177b1b33fb65849,,,,
da4a76bd91db6863,,,,
66da8ff1a5a1aad9,,,,
490aea7a04579f2d,,,,
3dca9aa478216a1f,,,,
7d940d192528850b,,,,
8dbcd2abea60f222,,,,
826f8c49972c2434,,,,
10cf72d6c2937ab9,,,,
31eab5ba1b0590c7,,,,
3f5a47de92f9cf41,,,,
fb13c0d2a71a375b,,,,
bb455e74cf2d3abf,,,,
0b157412d30fdb61,,,,
6fb54f6ebf51ef84,,,,
063312843fae7fae,,,,
49689b2f814913ac,,,,
f3a533e1e263af4b,,,,
571b88159f80b067,,,,
de3a13a6bd459f79,,,,
f67be6df5277a0eb,,,,
9cfc6ab72ca3c997,,,,
63eccd2f0722367e,,,,
eba7c285409e3121,,,,
bfae3186b56e3754,,,,
19abceea6a4f4e1c,,,,
9af561821ddffedd,,,,
aefa02f5a9920bc7,,,,
6982e5931ecb97c3,,,,
26ad69bfd63384ea,,,,
c74b85acab82100d,,,,
9df3a0e64ce496c9,,,,
2b2776d73e4dd1ac,,,,
979104d501e8b3c1,,,,
f2f5f90091b1e3aa,,,,
716d0286bf225deb,,,,
7ab28b3735595eae,,,,
e46b4e44a5a23cf7,,,,
9031f0ab64dfd2ea,,,,
f62eeed1868b061d,,,,
019ec0bfe1073db8,,,,
d76da3f0ab84ee90,,,,
90e64c18ca4e351d,,,,
57f8db85fa7d7936,,,,
b28b3a4dcea0a563,,,,
cb157d0df0ba790e,,,,
0cfe7186bb5cfd63,,,,
a38525abb422f1fa,,,,
32a740660d1e0bb7,,,,
53f7363b566dd89b,,,,
444bc88960b1d7bf,,,,
d046ebe2085fb48b,,,,
124734276137a57d,,,,
7e9e88d0fa2a3ca1,,,,
bc7be80baa85e266,,,,
cebf619312ed07af,,,,
e06bb4aa353b1237,,,,
e7829be40bddb01e,,,,
3d25e4f481bd5dcb,,,,
1346802e1122da0f,,,,
207eb9ddedd9032f,,,,
8039e589605eb4a7,,,,
4232fd944c9c0a7b,,,,
c1d63be566cfe41a,,,,
0b5918ad3a6a0f2d,,,,
7c8772d5b0f4181b,,,,
4665c4cee36cdb8c,,,,
3f663c52f752bbb4,,,,
0dd5b31ef5d70c06,,,,
120f1a0fb97f342e,,,,
0c1278b34fcb183e,,,,
d45b7ec7760313fd,,,,
7feacac4aa062710,,,,
9ff66b55dc1061a9,,,,
c803420b5030af63,,,,
47e4f7c00cc84daf,,,,
53a4e61af099aabb,,,,
cccdb273436a88fe,,,,
7d9e7d526072c110,,,,
aa746b4f9230b5b8,,,,
3fdfa3754da64288,,,,
079c950f02aa342c,,,,
9a61e7eb162d40ef,,,,
cfd966352eb86059,,,,
8bdf429190a12daf,,,,
bd42f5f4353da505,,,,
5e99b93e67d16a5d,,,,
bf816fd21c66cade,,,,
d248f3b06e3857df,,,,
73aaa7357f7134e9,,,,
954eecc7c486c796,,,,
c245dd2c7ab18465,,,,
375774685c74acb7,,,,
a8107684b5876d64,,,,
e601c1da5e09d0a3,,,,
d346027bcca78e70,,,,
0762a328b13640a2,,,,
dcb288796ee81895,,,,
bc1b4e950df6abfb,,,,
430bcc273aaa8dbd,,,,
6c840b01c2a7974e,,,,
258c7fae23d6bae2,,,,
b21b0b3fa08ac88c,,,,
c8265392b01d55cc,,,,
2391ed7d2b6bba5f,,,,
7a68e4d1e0eba77e,,,,
830af8c3f2e32f7a,,,,
e1de6e374b631b32,,,,
19453c60d7390c61,,,,
7dbef5fee9a318c6,,,,
93f1c9d754cd7c69,,,,
5d25d5acb8a8d879,,,,
29b1e8fa7b3bf7fb,,,,
4b37641ab8e6d502,,,,
9d771a0ddaef53f8,,,,
be78544c27eec274,,,,
0cf32d0db8fd57f1,,,,
c50d98ef205f8971,,,,
9dd6ab1b1bfb2fc1,,,,
d21cf9af0a72f52a,,,,
e90c93a64733caf3,,,,
96978ccbb3e2d5a6,,,,
0c1b6a0ea49c595a,,,,
a2eb30a9fcd7f5c1,,,,
ba8898e58d53e3a7,,,,
9f1e6d4bae9aa030,,,,
ba200cfa568e70e7,,,,
8a659c891ce4a264,,,,
baa4abc796578152,,,,
5bc498efa148d431,,,,
6a673391e66b2ee1,,,,
0a9b8cc2c2d27046,,,,
73c8adc6b5704ffa,,,,
901a65d5cdfce4b3,,,,
3e871dc08e0e86f8,,,,
23c3fe1e7c86e1ad,,,,
e0933c1d5e0e03b2,,,,
24af7b123c953181,,,,
19be4b87c0a7d91e,,,,
e2c90b8c72b3aa25,,,,
68a3033ea1523dc2,,,,
cfd57713ba3c41e7,,,,
640c8789ff454b92,,,,
d65c03b8b7ed1321,,,,
e2cf6d394e0b4958,,,,
a70049067f227a70,,,,
57d64708dd138a37,,,,
c95147664985d1b5,,,,
ff532152d222d278,,,,
9638f709243fa2fb,,,,
689c144ac0965324,,,,
cf7f5cd77a619099,,,,
d9a9c491b2c4b39d,,,,
f5f4bd7aabc6c75c,,,,
2552e80ec8048adf,,,,
827382346eea8791,,,,
9880775f875aa92a,,,,
cfe780280b046e9d,,,,
2bf0566657aeb0db,,,,
961b7fc9025b5a5c,,,,
e74784dd0037cae6,,,,
1297f95a34700e08,,,,
48a1c458ad332ad7,,,,
7f1ae323be3c1fa3,,,,
6ab607c01ee68bfe,,,,
4f1401912af52262,,,,
e8b7a228c407814a,,,,
7ca42554247cdd63,,,,
7f6f26250b3a485e,,,,
1bb44476f989ac82,,,,
91fb8dc442226537,,,,
8f8eef07daecb51f,,,,
02642b85fc66222a,,,,
3a8d4a3b4a9cf9e9,,,,
a06d28bc40cced59,,,,
6b649c1c1461297a,,,,
ea5da189ce950e63,,,,
dd6ca28209480154,,,,
f8272ebb954a8f7c,,,,
62b74f0431f789ff,,,,
4ab590ebe0ea3fe5,,,,
7eaed13dfcbd9f00,,,,
1d5548b6c848e1d3,,,,
4984f9939385754a,,,,
626f3d750a8a1c6b,,,,
5602dae1f744578a,,,,
a6d173e09826f5f8,,,,
e9fc79b61245c67c,,,,
a4517e01b42844fd,,,,
257e82c0eacc7cea,,,,
4acc1734193c9bc2,,,,
50ccb784b4e0fb7b,,,,
301cf8f531155538,,,,
362d5f4f104f8fcd,,,,
2fd8c21a995a9944,,,,
8e4c9cfd41348c82,,,,
a04baad29e5cb09c,,,,
19b87d183e3be525,,,,
8857a178353917e2,,,,
0186cf12e24e5086,,,,
880e760352ce40b5,,,,
6861e03fd220189f,,,,
76e580305f9fc5bb,,,,
ec341f0b4f92d313,,,,
75f326effe673730,,,,
89a93b3619a33b1b,,,,
c2d446612d00fcc0,,,,
b11dea6f032fb831,,,,
f15f728ad10b2e45,,,,
48900251eab2e831,,,,
2666993ddf3969d5,,,,
a1a6dd871d7572c6,,,,
811b6ccb4ba840e5,,,,
0a4e9def6edb3ef7,,,,
95043c4a6481270b,,,,
f48ee86f05061b3a,,,,
d336c883696fb9e5,,,,
8f750789ba944207,,,,
50ab253857be06ea,,,,
bb6c712f74a86fca,,,,
0b921650f8e1b5e4,,,,
ed8aae0cc9a74802,,,,
ccab2a81d70d4362,,,,
54a12fc641499ada,,,,
a640b14395c7c820,,,,
3bc1d3649aa67dd9,,,,
06a1dbb1f9e65b85,,,,
3439f363502d4c7d,,,,
712a44f54e60b331,,,,
19fbd4d3b6b140be,,,,
96c36291203d5676,,,,
0afbc1c08011e837,,,,
3c1ddcb5b94a6790,,,,
9835ae32726bb284,,,,
25e44db3fb6cab72,,,,
a0f21bc8bae0a390,,,,
922ca3f8e44996ef,,,,
f4fdd156e9904be0,,,,
b641482905999dc7,,,,
bef1ed69cfa6abc4,,,,
44bc4e7d25165d16,,,,
ce6fa4b82453b7d2,,,,
1cd14cc7a05dedbd,,,,
7c03dac9a374ab62,,,,
0f93fce5a3ca98be,,,,
6578a6f40c591765,,,,
c0d97db5cf621df7,,,,
b3a3e5ae646ceb97,,,,
bc5ac5f17b7c1997,,,,
a4c708050ea1d62f,,,,
93a0b17d773d1644,,,,
2d0a83c1787471f5,,,,
6ae6c311b4b8edc8,,,,
a349c622c85b743d,,,,
4d80864a04ca8361,,,,
31a0b6b0f616ca51,,,,
9c2bd731599ad28a,,,,
9a44c87e1e2362e2,,,,
1170c59ccd6f7c57,,,,
95ef5b1625f9beff,,,,
c3098bf965a82d5c,,,,
ddcaeab7d6061344,,,,
5974e01e24acfa5b,,,,
9f2c1ce534a40f50,,,,
30784b6eeec7a379,,,,
31e0bb3b7513e4b6,,,,
5ceff04daa972825,,,,
9cfe9b3cdc3794e2,,,,
ba14880ebb6a87be,,,,
c812ea45e4479bd7,,,,
25829289ee5eabf6,,,,
0b38bd4704944954,,,,
a18fd15d8191ea4d,,,,
604380ec1c20fe8a,,,,
113b264a63b789c6,,,,
756f5cc970a09fc8,,,,
e1b026db022a9578,,,,
2806dc998983e30c,,,,
87f16399391022bf,,,,
2070dc8ed8a93087,,,,
84f01d0d7dd31e5d,,,,
2679aaceea53a6db,,,,
2c1a3a4e44a2efc1,,,,
9349e34fe6d92e74,,,,
d30d6115690326b8,,,,
c6f0b706aae39493,,,,
e816c42b6b4e41dd,,,,
f20479c4f8028a05,,,,
ee372e9b407274a8,,,,
87379f19eabb134b,,,,
bbd669f6a915346f,,,,
766e18ae33254aee,,,,
7596ccbd25ec3b30,,,,
f4d4339d9b4d077a,,,,
9b6df8a628ad824a,,,,
e71b285df44d7da2,,,,
326a4726132fa686,,,,
f6f036cb8738943a,,,,
4c89dce76bb6a07b,,,,
0f3de4af89844bb0,,,,
3ba16a69f384294b,,,,
3feefdd99ee2e33d,,,,
1d171f6cc51c0683,,,,
5d2ae957e188e558,,,,
9970a4a57aa5ed87,,,,
6297d1aadc54e1aa,,,,
f3a0b096d33f2b75,,,,
301ffd75ad55f0bf,,,,
f6e61f47d4acb1e3,,,,
5ddf08e9919033b5,,,,
d0cc84a4de240d5a,,,,
40fa79136f529cde,,,,
92c9e3e67b4f973d,,,,
7853cdf623d4e6d8,,,,
35286793c0632017,,,,
f23f115724e7555d,,,,
6533cefe71bb2ecb,,,,
b476940e8702f91d,,,,
9e6d57eace8d1225,,,,
660ce72f57de123d,,,,
3731672c81b96894,,,,
8dff731fe955e701,,,,
595b92791a9d9008,,,,
5790a34c30615c43,,,,
7881b43fb4ebd8eb,,,,
c628878388dbe300,,,,
1e800c738e9f931f,,,,
12942acc644a537b,,,,
8720553cc9c977ba,,,,
4cd94e2424cd71d8,,,,
d42f61ff2a407930,,,,
9c472c1dd7c55402,,,,
ae42554bf4cb58dd,,,,
2ee46061efac6bb1,,,,
a17100c1b71bd174,,,,
f3ba77b21d50bdf0,,,,
354c0e3ac214852b,,,,
8184e1d5e9add60a,,,,
d910af3ce906adae,,,,
3605b926751bd015,,,,
b97df8f9745c8d54,,,,
4717fee770cfe349,,,,
c2b79d77f1ec2466,,,,
7e1bc66ac28ac416,,,,
482dceacb59e19a8,,,,
6475c2f1bd8e5864,,,,
995113d276f6d1a8,,,,
aabb00cbd1489461,,,,
c51f4d1b12c224b7,,,,
32c1730ed05540fb,,,,
608bbed7c0544a8b,,,,
72abddcb8f907525,,,,
44c01be0d35d57ed,,,,
7b420cc06656310f,,,,
df8122d2c8c9d2c7,,,,
fe304ff12d596a07,,,,
aef67bd4158b8f39,,,,
5b2fbb409835fd28,,,,
5fa705e79061bb9e,,,,
ebb34c1acf5b76c7,,,,
95ec71ee5ed3a1f4,,,,
e99fdeb4558d7887,,,,
8b276b0e35bee7e7,,,,
cc12e6a4932ac662,,,,
a598fccd72c6678d,,,,
79a4dd51ad8dd4aa,,,,
6c1d153135050aef,,,,
eb34bf98a108379c,,,,
8aab307d17cd244d,,,,
1ec55472aeb4bc4b,,,,
f92ce9f87ffffc02,,,,
1fd31281451c04b4,,,,
d90cc84e574ebce7,,,,
b2f4861dde05472c,,,,
710703ae3148ea5b,,,,
849e79743c3c2623,,,,
42ddc6c800687076,,,,
517527b0f18dee93,,,,
0eda2df925819b43,,,,
857273c8478bbd01,,,,
ef60547557d6ca8d,,,,
37f2814ca48c8fe2,,,,
8cb5480170556a14,,,,
697a0b28c5cc74e8,,,,
9c7ec10afedf8e10,,,,
2ff0ea2826a49190,,,,
28aafe988e71152a,,,,
bf4224a64870c338,,,,
521586b8ce008e0d,,,,
0301b0bf7f984bdd,,,,
5386061a67feeb07,,,,
70cbc7e8e5997054,,,,
b88b7e1f97225589,,,,
4e0b3a5d55876f23,,,,
41813177b1446e75,,,,
7730915352ba81ab,,,,
2acb83852b445cff,,,,
1af2e36cbd63704a,,,,
c4f479e6c4a2b0d3,,,,
a4b269199657d7f2,,,,
e051d07f53f49daf,,,,
e1fa9add78f2e396,,,,
7b59d7509ccf7e8a,,,,
40e256b7b1c2ea30,,,,
bc3353b916b88bcf,,,,
2facad0da07f2349,,,,
d0421406a034b755,,,,
f68206ed9035c961,,,,
c89d2d8532df30a3,,,,
18c35a4bf1766e01,,,,
86f734768a44bbd3,,,,
4bf2d5b40d513443,,,,
7a569f713ef3f8ef,,,,
4da0adcfea9481a9,,,,
987d3b7e72bc0678,,,,
5f67b24b0724d424,,,,
13d849ec7fb13b9f,,,,
6b996545043d017b,,,,
45a356db0ce041e0,,,,
ab01a0354c967657,,,,
fd9fed798781c8ec,,,,
40315ec158a3c0d6,,,,
678d86791a2178bc,,,,
6a414a91cbadb656,,,,
4a3cd4ce8a96ca67,,,,
5dec71ae223ef0c4,,,,
484924d4b2206f4c,,,,
8a5a7805fa91b79b,,,,
dc3006c2aa077e76,,,,
df1ee193396c1942,,,,
8c61e1a32ad1e583,,,,
8774ae22acf2f982,,,,
90a62b5c0844d0bb,,,,
bf8e0a7c7f1e9891,,,,
fd03ee7fd5ac4f85,,,,
2343b0353f8f7d11,,,,
8b253c2e8eb9bb20,,,,
4d6af7993bd582ce,,,,
ed00d17749feb0f4,,,,
a5f6d53818edfbcc,,,,
4c4c090606286f05,,,,
9c268cdbeebe382a,,,,
98b2d959657386f9,,,,
c0eb45e2f5deb3bf,,,,
2da65472361b5d5d,,,,
b0d59079ad417331,,,,
af32d82f6dca5b4e,,,,
a44f8737cbcac994,,,,
22da0793fa8a42b3,,,,
609d62a263d54389,,,,
4797ef25ec91acc5,,,,
58218244a805de31,,,,
901a92edcc075404,,,,
0f39ff706045cea9,,,,
d3c7218c3b3af618,,,,
8f2257faa383fdbf,,,,
d7386065e3216b12,,,,
5273606e85f0a97b,,,,
51b72f22eca661fa,,,,
025f126eaec6e18e,,,,
a50a8d936f19cdd8,,,,
c1b3c7ce7643802a,,,,
2abd5cd7438cbadf,,,,
b21340a43acaa673,,,,
bc171676a584e0ba,,,,
e89fb65bba57919e,,,,
2177109ec2ddd3b5,,,,
41b98e4232937c80,,,,
4f68402389827ae2,,,,
b81e1eba44bfd5ea,,,,
bab1d047041977f7,,,,
3d8d047dc6b61b61,,,,
1a94666c98c391cf,,,,
af74fc9a894c4be8,,,,
f7eeb4a1e10fbe62,,,,
ed712c483fc28fed,,,,
9ac35629849caf23,,,,
887f6a617da9a908,,,,
01b4bd64ad863c9d,,,,
1304ea9e74c02451,,,,
9a38a2b16a8c26a8,,,,
8a433e1bdd4ff164,,,,
25f45806595d7faf,,,,
947302a2ddad7723,,,,
51ebdaeec82cabcc,,,,
b0ad21115fe8c62d,,,,
588991bbb60da38a,,,,
c5be78b10f9d0e33,,,,
4065a132587516ed,,,,
a6d791ba03e35c96,,,,
d54b3fc753d35b35,,,,
56d7864d5bace996,,,,
a02fc7354bf10621,,,,
54d2494764de560e,,,,
0f7e9893f0a74376,,,,
f70f7048dbf6be53,,,,
5606e22c6b9f6a85,,,,
d719c180047a1a06,,,,
542f7ff06c70a64b,,,,
c5972375bf133236,,,,
4a94c1b1d4d639cc,,,,
3369a504c237f9eb,,,,
599f870c4de165f8,,,,
35a757e8845d0d1b,,,,
fb9e24d43f1ebf75,,,,
9ab1583851d5bea3,,,,
8e97397b2c38fb9c,,,,
745467d39fc475aa,,,,
3971ba86e8ffbb5f,,,,
d3285e882aeb7c8b,,,,
d0202215398e3957,,,,
4d5f64e2e0c60981,,,,
408316aaff969a36,,,,
d95c95cc6e0add78,,,,
a57d5d8b7e80a39f,,,,
90dcde5494051bc0,,,,
8473b0008dbd245b,,,,
e39a55969db74800,,,,
1a34254c30b8ae0c,,,,
4b996457e6c6f37f,,,,
b151a8900627a772,,,,
4acafb915ae00f72,,,,
5d29fc1e204c535d,,,,
7386281e2af1f2bc,,,,
16948c3996cdbdad,,,,
85ac6496c8d90aaa,,,,
c400d566740ac460,,,,
f64a4d93529fddec,,,,
690c67c37afb8731,,,,
29aa0cf759f33cae,,,,
db5c4247479d5956,,,,
5cdc1d272f42ee67,,,,
d772173f5af16655,,,,
1d1593b2380fecb5,,,,
6e142ec9a637c7de,,,,
4c4dd9f3403ced22,,,,
8321f1b096497b8e,,,,
02701a5262cad4b0,,,,
9216c195d1a15037,,,,
b4812ce441debbbc,,,,
685da752bde2137d,,,,
d9c56c1edae8209c,,,,
7995060e36144469,,,,
fc7de913fbd942fa,,,,
8659bc10a59c772e,,,,
58e18857c0028077,,,,
7e57c9b021c7a19c,,,,
4eb24c1507237f8c,,,,
91cfe11d6745f280,,,,
728a7157443671ff,,,,
6a49a0ad4ba6b819,,,,
b8078458e72ec798,,,,
def7980be6cfd234,,,,
f474ec303c56f6fb,,,,
bc124dbd23178cc5,,,,
5506ace5fc8e8308,,,,
09b891b8ee2d9fba,,,,
cea6e232791b4932,,,,
f5b11d05a7645831,,,,
66ff275be802c05f,,,,
01620d6ee7632ebe,,,,
756e0038ba70dc33,,,,
8d0d36c6f12f5731,,,,
c93f173be0c27581,,,,
bb70a2eb51d06047,,,,
66cfdc24b3abec75,,,,
647dc4195e6590d5,,,,
0faacc2f62f864a9,,,,
e0a566c350478d96,,,,
033e2184dd73e539,,,,
d265869696e7b42b,,,,
d50a268a2f86c0c5,,,,
55f2d52fc91b481f,,,,
9a4fbd78798965f1,,,,
ac3d67fba8bfc1d7,,,,
f89c5e28f36353ea,,,,
3f1b707801282af2,,,,
663fa93447657a49,,,,
416ffceb82bdaa00,,,,
e9d345b8ee90382b,,,,
b8f7892538f6eea4,,,,
771105965ff0de20,,,,
6d875419d8d03c52,,,,
688549995703101f,,,,
189dfbd81842468c,,,,
22eed289543810d5,,,,
4f2be2a5948d06a6,,,,
fc68e0247bab930b,,,,
4a4f2c449aaa75ec,,,,
0a6f8bf58801c8fa,,,,
8d3f796f42740a35,,,,
cdecd092536e9abf,,,,
346557b41c34a852,,,,
4148dcbe3b307100,,,,
af546778ca8c3604,,,,
3507e010d954fde6,,,,
e183847d87e342cd,,,,
1c59df84b0ecad24,,,,
5016e91819bfce53,,,,
7fd25e54ec632198,,,,
b7772637d6bee553,,,,
49a562c14995cc97,,,,
eef6c732abb34efd,,,,
7c4f98a5f249a2cb,,,,
5a35a9a4784ec845,,,,
f8c749761b14c958,,,,
7cc5cfa3a2d1ba25,,,,
9a36730fb667ddcf,,,,
840c9441efc7e200,,,,
bb99f7e06e4b7d95,,,,
38f60ad317947b8e,,,,
74338df9c03d8d54,,,,
11055ea42feb750f,,,,
3a0c6cafdc6bb1f2,,,,
feb4257637a3ba96,,,,
f8f27918939cdd3d,,,,
3bec732d5b627d82,,,,
2b64cf49d5b5f815,,,,
5dd20feb9e6b1950,,,,
6fac08b1b44dd930,,,,
1c6c4c1258b6ca98,,,,
68a21d410b2be9f9,,,,
d074d6c1904afd0f,,,,
1377ea0c790bf5dd,,,,
656ab3ee169acc62,,,,
94ace481f59e57a6,,,,
a77c54532f09ad73,,,,
9e9b12f312a4c995,,,,
8303404ab42c8be3,,,,
3527fa6546b2af40,,,,
d22c062683b609d0,,,,
8f6cb30cc49f4818,,,,
664ee78c8aabfc81,,,,
9e93c291124bb91e,,,,
e656a819072a60bc,,,,
8a5c3d61d2ef3a68,,,,
9650e0c45b55d12f,,,,
d43573c9c3624916,,,,
53cbb6ac41448486,,,,
588c069755d8d6a3,,,,
17eae779af4844f6,,,,
7a074d524586109f,,,,
405de546db5fa5aa,,,,
00722b1ebf62d285,,,,
7501865635d44745,,,,
0f08d176e027c99f,,,,
4acced4c9abb1189,,,,
3daa8619587cd37f,,,,
388be20dc148b881,,,,
c64ddf2723e7b29b,,,,
17a9868169b998ec,,,,
1345177a145da874,,,,
ad9ca14d8ed48889,,,,
94006117afb58bce,,,,
2bec48151cdb4361,,,,
5f189efb9aaef255,,,,
ac2b4d8c74eab46f,,,,
b8552564574f12d4,,,,
fa94e0cc94ecbb0d,,,,
469ec1517472dd87,,,,
ae895c6a5eb93788,,,,
c4cde89b20526b61,,,,
9752f37ecb69b321,,,,
2ea0bf8052560444,,,,
2d123d21d768d14f,,,,
928b02ed4eed7af9,,,,
a633c15016545f71,,,,
656b51474a613009,,,,
d5ee9e991bb394e0,,,,
bda8dff0d7ddc33c,,,,
1f014bf10d6b5d5a,,,,
e1fa228b913f07f4,,,,
9893593d24da8ac8,,,,
7f775dfa7405016a,,,,
b91162e706c6c960,,,,
531634a53e21b458,,,,
ed0bb695efad14a8,,,,
aec3e7053e377589,,,,
38f64453c53c41b0,,,,
461295359529b27a,,,,
45d8ac3c2bbc891f,,,,
f82ad0165d5a2140,,,,
0d95614c9765367d,,,,
4080dfc4c475adb1,,,,
41d46ae9363b878b,,,,
114f24572b742409,,,,
23a7dd03ebead789,,,,
c1a2ade02abaa346,,,,
34d5dff655ca0917,,,,
e3674b8d0be5ac46,,,,
6f4c3101d358e84c,,,,
f912c72c9c7e7432,,,,
8134046db3635eda,,,,
32e763af7f56e5b8,,,,
713a38bcfc7db7dc,,,,
e8a418b28a76052e,,,,
6208851109c59318,,,,
75bc79917d21c038,,,,
62da4c29a40b0ec8,,,,
b6c0ecdeba558081,,,,
dd82c2ad50862673,,,,
8267f7fce70720d3,,,,
a5733df3b04c6ec9,,,,
198904537d8528e8,,,,
eef9c28f041a418d,,,,
982ebdad2e9d9cdf,,,,
7db4570f531e0a94,,,,
98cf3187fcb519fa,,,,
9d35fd29064acfc6,,,,
21cdc7b9930c5411,,,,
6c1a62ed7d5bc7da,,,,
a87a0ceb350b2e1b,,,,
1ab5396c9b76575c,,,,
29e06a6d0408ab90,,,,
443413b94a70e589,,,,
85249672fd4ef64b,,,,
50c9ecfdebc27dc7,,,,
e0bf6855b2de0ed8,,,,
85b21d611ff277b9,,,,
f2492bba7117b8fb,,,,
fd86060bc1ea471a,,,,
dd02fb4ec1eaa871,,,,
fa5faf579a5d5299,,,,
12027da4a51239d7,,,,
e5f2dda2c562b055,,,,
1ce8e13f316ca956,,,,
630962caef37407e,,,,
7f2ccc531b3161be,,,,
033218bbfb11ac7c,,,,
ad95a8d8659f47d8,,,,
16148b5b688b96fe,,,,
5cbe4dd80468720b,,,,
9bbfb9cdec9187f0,,,,
1e31387cf9c892a0,,,,
511f3549e09d7948,,,,
0908fdd6e1dd1339,,,,
1350f0de8a3e8149,,,,
05a9c5603901da2c,,,,
e87441324fca5a62,,,,
3239da8745f980a8,,,,
49a10d67f956a89b,,,,
8167fcb4911e24b6,,,,
1ad8b5b7bfc2c63d,,,,
25d198fb26e2e0cd,,,,
4e52b082660a6624,,,,
f1c0bb7579484f22,,,,
0e2c83e1589915c2,,,,
ef845a6804cac39d,,,,
42c2e937ebfcc899,,,,
71b215b931ca1090,,,,
82cb2daf658d895b,,,,
30a27b5e087263f6,,,,
b211d4821f39d137,,,,
32ee09c360446caa,,,,
c53b818ddf0796e0,,,,
65c4313be6c048cb,,,,
fe4ffd63e8ffe9e8,,,,
c5b83415b8520206,,,,
505130dea0194aaf,,,,
7a7bbc988dad5c9e,,,,
be1df7c0a7287f97,,,,
a24c8bc024c12db3,,,,
72bb2de411a604ea,,,,
0d15e8fac5976492,,,,
cd36221a06646977,,,,
00275ddfdfb8d045,,,,
94cd9b5d164ab924,,,,
c93df983fd502b84,,,,
562f71a191005a76,,,,
103cfa681047ee5e,,,,
e78b86c7a0769ec2,,,,
1887d5338f552e44,,,,
a9bb5d105903d1d2,,,,
332ff22da7305ccd,,,,
09ba082f14087dd8,,,,
7af9740735f9ba0d,,,,
9465044e4db042c6,,,,
c1d6cd63b11ef7be,,,,
2dc90529278fb417,,,,
31773883f50cc4c0,,,,
e921762dbb3b1cff,,,,
2120bd1d20ff8ced,,,,
59befa316f7cecbd,,,,
34e930173074a1c2,,,,
b4fdde1eae2de1b4,,,,
bde8f68555733c65,,,,
12df3765112d492c,,,,
21b1c0cf845a6222,,,,
c5389b00704e5b6f,,,,
4a4b6acdbfd350c3,,,,
4611f80579af46c2,,,,
e62f8ca5bd9284ae,,,,
2682af92de07eb6a,,,,
1684a0cfb8c7edf1,,,,
d20f1c6b463b0c67,,,,
dee3ae07340021b1,,,,
a9d38c16251e2b2b,,,,
224fea77dd862c73,,,,
e658ff283b1db46e,,,,
a57464f146b7066c,,,,
ddd1e20a7dc9de0d,,,,
a94018a87734c855,,,,
5d7b3d3d30dfdb02,,,,
74f5adc78a56fa9e,,,,
fac85152b3635954,,,,
6e996d7129af36ac,,,,
33171733ba262d6c,,,,
587f9d06c78a0cde,,,,
0b21f7f19d5567c6,,,,
5f93738e585f7748,,,,
787129144282b0d0,,,,
f417cdbc632c4821,,,,
175c75e75f71eced,,,,
ee619d7888209bfd,,,,
ed2b25345363eaf4,,,,
94d945c87453c8e0,,,,
65a5e87a623aaaca,,,,
9c0de509f7f2514e,,,,
75f49210aa1c4904,,,,
d316ab37dab4c507,,,,
039d1d84c77ae15b,,,,
34c515e90e76fe83,,,,
fd5ac756f04e313a,,,,
39fef3f6aa589133,,,,
4d4f7580012061fe,,,,
24d32dcb6a140f20,,,,
b9d5b4ae3bcc3dc9,,,,
cb9281b8889ad4b7,,,,
eb4aa1f270fcf070,,,,
3689727336bf4daa,,,,
be7396826ade8bf7,,,,
c3181fbac53dc6f6,,,,
9e1b79f2a9fc0541,,,,
51cbc155f777ca16,,,,
da2af9c9d3a40857,,,,
5069892b43a68dc3,,,,
7c3863ce674075b9,,,,
557d5ac68c4f6f13,,,,
94bff58d3bfb469b,,,,
29d38fe833a320ad,,,,
a804b1f5d337c980,,,,
7f2c00171a8840c2,,,,
80555098022a7cee,,,,
cb1da37be997c139,,,,
7231977d08cb7823,,,,
09dbc9dbf6b84c34,,,,
32987a08e9ba8687,,,,
647502b53ee82e5b,,,,
9496bb9c594507f0,,,,
d05e863ebfe9271c,,,,
e8c693d3f4df6df3,,,,
a4257f5fb08f2988,,,,
081fd723975bf2fe,,,,
9fd8de791ae2399c,,,,
5ede242a52710cf0,,,,
05601021b45e68aa,,,,
6f2e909d43458578,,,,
3eacd2b31a8ff04e,,,,
767796489b56e6ae,,,,
26eb42517b7c4964,,,,
e3c1cd23c02b5220,,,,
e2511aeede8c12bf,,,,
ac8bb9f0e05617be,,,,
b2926adc5b035075,,,,
2892a3342bde60b7,,,,
06778796345059d3,,,,
427eb569546ac4db,,,,
6282045886fbbfb2,,,,
cda26ff90d5765cb,,,,
b16587fd7b2a8e74,,,,
f510c32d0b68eb87,,,,
481ecaf4998d65e1,,,,
55d01e54543456be,,,,
f59684721a101bb7,,,,
d1711ead2144572e,,,,
414805fc95322bff,,,,
76fb111783f10f21,,,,
461944833dcc50b0,,,,
4c393f6d3a27f94b,,,,
7ebdd443118e117e,,,,
c9349136343feffa,,,,
2ba5b3026db6b5a7,,,,
f8486d8f3498402a,,,,
17a3f85fe05b7ec9,,,,
054347767878ab4f,,,,
52d3e20f2a64a5f4,,,,
d875e2dd62da3625,,,,
815048e527530977,,,,
158f07f33a39d9f2,,,,
5ea411d3fcea0ff3,,,,
8d5a5a6e9555644f,,,,
4146924b7108c661,,,,
83f5f413cafd19d1,,,,
33646c126981a4f7,,,,
9cec5b2f14934570,,,,
8ff40f0805e1fd77,,,,
f354e534fb4953a0,,,,
e6302438ef405272,,,,
721e9caba790d3d0,,,,
24886e74a5979831,,,,
a83a242eb51e513d,,,,
77a7d6a9ce39c952,,,,
0f794238286fd005,,,,
33d85ba8c6c46c6e,,,,
b11fe0ca1616bd98,,,,
09e73b126e18d923,,,,
19529503c285143c,,,,
b3d201b8f92afccc,,,,
096f34ee48aeef28,,,,
8007b49d601c6df3,,,,
1a778b11fc69204d,,,,
e9a29560c516263a,,,,
752a86783c343978,,,,
e7693eec8cd066b8,,,,
2517ab050ca389c2,,,,
9a544f98c0a16740,,,,
a51271dae8896372,,,,
4da823462fbad2ac,,,,
b5880c33ab117231,,,,
56d02b70f718aefe,,,,
e60bffd31c2dcc7e,,,,
cca10206ce7cd4ce,,,,
838fc5ffb758c9b1,,,,
42f381712b53dcca,,,,
8649bb9707db9c48,,,,
8755ab902c541811,,,,
dfbfee3ed8db8306,,,,
ccbeef12700f121a,,,,
25edf708b5a4e4b1,,,,
a1e398603a8a7443,,,,
2fd34db4e82662fb,,,,
aab38fece2c131bd,,,,
7e37be09dbdb67b9,,,,
0687bbde168ce378,,,,
033f33d6b199cedf,,,,
d4607698d3acaab1,,,,
5e8554ce82e2a42c,,,,
1be18b16bb09b846,,,,
e7c0ea8f14eabf10,,,,
95dd480ad8e6c91f,,,,
a9b89d9f361ec034,,,,
6ab7cf4aaaf1479c,,,,
cc04c3c38f2e3187,,,,
401c9b7ed7a57fa1,,,,
9429a7b37c698bfa,,,,
be77c6de8852c879,,,,
03ea2f26bc635427,,,,
547905a52964d2b0,,,,
94875d8100ce208c,,,,
5eca603e184d2a91,,,,
fddcbc357a44afd8,,,,
a585fe46c8e4c600,,,,
08a3f9167a84f8ea,,,,
e4a0e53f4801e25a,,,,
5937de4efe4822cc,,,,
54928032128b37ef,,,,
fc7c2dc939e035a4,,,,
b0ec4857093d6e4d,,,,
fe04a3c02ace901f,,,,
d7c6250c53cca7a2,,,,
11f14e733d8b6a85,,,,
c561df8f4d290644,,,,
73b6d75a15ce0737,,,,
480b9bc70ea86d44,,,,
957722ff76a9984c,,,,
44e431a7c10d4142,,,,
7659dfac6582dfce,,,,
41745a37bceed6cb,,,,
00445129bf2fe80a,,,,
e453380e5504efdf,,,,
ca44d671fde50d09,,,,
8a8d2118cbb56af4,,,,
5cbe2ac2d9cf7634,,,,
33f3555179be2935,,,,
f73254acd88e0783,,,,
53d218d2022232f0,,,,
631802f8040183d5,,,,
b8ed44e2a0b59f71,,,,
eb8a0bc873a48920,,,,
37456e9e2bfdb715,,,,
604c0c68144fdc6f,,,,
927e44d9d7d2a811,,,,
4b02c8022cd91eba,,,,
45477898009ff5d2,,,,
bad37191c2b24f32,,,,
9cf9772b4f4b20b0,,,,
5e0d09e7501cc20f,,,,
f38d70451d8b2cb9,,,,
dcef23ec65f32149,,,,
bd25154fedfb311a,,,,
676dd62c05fd0657,,,,
4a0b0a1ca3aef8a3,,,,
1720b863cbce7e03,,,,
ecc172bf33691b92,,,,
dda77d3bbeb43112,,,,
e43090bc8c609d4b,,,,
6b66345b47dcd2ac,,,,
a98a4311238d159e,,,,
bb5dc2acb88e6860,,,,
003dcaa9a72b53ea,,,,
91d6e01a74979798,,,,
6159b3e4ba0040d8,,,,
e9cd33b97b89bf53,,,,
81990120f7954fcb,,,,
9bc583c6707a724c,,,,
bad4fecf009b5246,,,,
662d00d2ee10fe43,,,,
8a756e4558c0d31e,,,,
d54c67109b5e0d1c,,,,
80d49af388931ba2,,,,
bb9cfceea045197c,,,,
635b78d05e626d49,,,,
5353e9cd322b92b0,,,,
bdbc611cea7b5b64,,,,
48a2bc2991974b14,,,,
52af933abb1e2c8c,,,,
14452184e7599949,,,,
9e17e5f8c1350a37,,,,
5783b86627d8f41e,,,,
e1c7962ad26e7db4,,,,
7f9426f750887675,,,,
288a3c92d09cd511,,,,
215dabef1dd2bcad,,,,
c379bc70b659af00,,,,
0ce7478007f23f41,,,,
f43655dd480def57,,,,
b58e2e3512ce6131,,,,
1dede8b6efe30525,,,,
2995f656ac03839e,,,,
eb0c0bd744d9ebfd,,,,
e52fd20a6eb78c94,,,,
8ac25c3adfc18143,,,,
931656930d47636d,,,,
8dff7d923ad50596,,,,
8e6e1aac6c7db3d6,,,,
b0cbe0524842478f,,,,
36294a022a336490,,,,
48c9f46b4959db83,,,,
379d99733be76213,,,,
510e8ab7d2d32da7,,,,
beb13f0931e35700,,,,
b2f523a532a9a629,,,,
212886f89b3f956c,,,,
4d18dc2016bd0b4b,,,,
31d87737d2f75f4f,,,,
880eea2dc10de0ac,,,,
815f3f3eb2c86df6,,,,
1846e532fcd63728,,,,
7a28fcc71390f095,,,,
44b62be094356e9a,,,,
936e212e85c021ed,,,,
f2c11d5c1c113ae6,,,,
2382339affe9423c,,,,
b6765722fc8247a5,,,,
fb24f098aa616871,,,,
7708db489ce99970,,,,
a11dbe3785c1463b,,,,
0385ac17a06ca1a7,,,,
a6ba3a0abc8756a1,,,,
d14aed4553afc7be,,,,
1d17966ccd5213b3,,,,
0e6dd39fd92801c7,,,,
982eff140b9bf4ce,,,,
eec91b0a0d0eb23f,,,,
5c7ee7886011e760,,,,
b05c4f2994c63a12,,,,
1d8ad04b393c4ef9,,,,
b6a17c0fbc0b47a7,,,,
4855399df9809ab2,,,,
d3aed16c17260d54,,,,
16261d33b28aafc3,,,,
81732b54b7d3b374,,,,
46b1fbaf91a1b802,,,,
40fcff4358c32b8b,,,,
1955bda772ea29b2,,,,
7002ff18457b7a24,,,,
fb5af7b4128ffb0c,,,,
7e3814ee6c51599a,,,,
327e33439ced3ade,,,,
85e70d77740c212b,,,,
d78c41f25f1c181a,,,,
8e3115c895f9e82d,,,,
156fbbc41424a040,,,,
6ed13a08be363bf6,,,,
7d51321deb666123,,,,
af6efb9646f63dd6,,,,
218527bd80bb992a,,,,
07567dcdf7b49ac8,,,,
44a3346581dc8241,,,,
29ae3ca7a540673b,,,,
7286edce57249962,,,,
bc10cbef94b3e868,,,,
a3812a56755238de,,,,
10f01c8e78668e75,,,,
514decbd54b22689,,,,
374c66732c400ae9,,,,
726c62ec3e3d457c,,,,
14f05a29d6b34855,,,,
ca55319814d17352,,,,
c1ce47e09b8ceafc,,,,
d1daa6666b3d7383,,,,
35c9a54e828aefe5,,,,
20390ca0cbe9f156,,,,
fa58ce7c10dc236b,,,,
76ea7db5aa8db4ce,,,,
78e1858e02347621,,,,
13adcfde948960b0,,,,
e39f84ff3986e36f,,,,
76cc74dc11d25a77,,,,
ec7efd59ba0d6317,,,,
cb78e452cf46ffbf,,,,
d86cd529f1db39ac,,,,
77f3e1b7441f1279,,,,
3b88cd13aeda1cbe,,,,
e75d60155f80062f,,,,
8782e2fbc787a8e9,,,,
5c223e76551db30f,,,,
df2d100ad6c2d580,,,,
576b2fc89beb6511,,,,
e45b0f4beb055808,,,,
938ab90f04bad93e,,,,
1bacb2313815160c,,,,
3a875e484093ce16,,,,
fe7f55f32d2a2939,,,,
52cb612acea7e37b,,,,
20087fa749ac60af,,,,
cd5dfa94501a3d1a,,,,
a08eca11e641dc09,,,,
6de7d4c5cb2b19d5,,,,
e3935a570bc070db,,,,
e91e01bcfd23f8dc,,,,
9304d3f80c455646,,,,
6dbda4fa7f199bad,,,,
dd33397d06af8b5b,,,,
f498e59491547297,,,,
3aebf31e4796c791,,,,
477a8a67f7f94324,,,,
5e6902740312e195,,,,
1c83258f6bfea383,,,,
0cfeb071354435d9,,,,
54e98a507f8ad21d,,,,
221bc4e2fb866e6a,,,,
c9f3f5ab5a15f190,,,,
00a7920a12b17052,,,,
874763e6da1c9e15,,,,
e11c0b1f60eafc9a,,,,
50fa5181cb57e8cd,,,,
391511d75824799b,,,,
5d0c8e3ee56d890b,,,,
c6f677cbfac77706,,,,
47314d78ffa5148e,,,,
7b0e0dd3bebbad07,,,,
2936bc780abbfae3,,,,
cd2aa95974fccd72,,,,
6f70a7191831e0cd,,,,
bb6ffc82d92445ac,,,,
34657bcdf95cd74b,,,,
41536927100cfa00,,,,
dae5b121842a6665,,,,
8c9690b38026cf72,,,,
714ea663e74d98a4,,,,
8e46baf20806c560,,,,
e7545b6baea893ee,,,,
eae6be3a8e3c2514,,,,
6078c22da9986cd8,,,,
70c3dcb7f8cf3024,,,,
4446ed076bb851da,,,,
87a10c9beedf7375,,,,
510d9979ba2c0b51,,,,
804ea0fe025fc354,,,,
97e897dd25492512,,,,
7d458c5f9e770148,,,,
4e36ca13e5d01bf2,,,,
85af6644448fcbc3,,,,
cb790518bca4e5f2,,,,
26ccf420e2fbef83,,,,
37eb9d0772249dbc,,,,
925b44688261ce8b,,,,
4c66b51f0d7f5a32,,,,
65230fcc9e29dd77,,,,
7ce9df23d4a80f43,,,,
64e14d96d47bc7f4,,,,
dcf15c7b9271d13f,,,,
c43e642aff8af259,,,,
463633c8b7cfa6e4,,,,
fdcfd47767130cc6,,,,
9fe34525bc69db57,,,,
d93f8490b9f1619b,,,,
be11b2935dd88d2c,,,,
ea3eecca49076856,,,,
015b47631e2488a6,,,,
09782ddf12590610,,,,
b45a03bb45c313d6,,,,
e404f1708410e1cd,,,,
6b0e4269f856942a,,,,
d40397e480062b75,,,,
c679894d17b3d54f,,,,
987ae3c1b16f1767,,,,
afca7426921a8b0d,,,,
8e817cc0ec00b875,,,,
89c47a11ea89e4fc,,,,
fddc33bd479cdab7,,,,
6cddfa2c7bf66588,,,,
cb06b769fd93eb90,,,,
d94e37c6f0ce6f03,,,,
5e71cd74f4f3cee8,,,,
8fcf7542faa9e603,,,,
5c3536d4a67046e0,,,,
ce47d4a30c1d2333,,,,
ea6d6c700f0f114b,,,,
06c152b52989bbe8,,,,
695e00cfb45b16d9,,,,
2f055f4a419ff2cf,,,,
3903d2ee13e5c99c,,,,
57358a39760a37ad,,,,
1954729d2c3656db,,,,
a4e1242bc2693284,,,,
0150cb4a550c04e0,,,,
d9d20dcf233dec8e,,,,
6489baf53d355cbb,,,,
031fa7bf38249d85,,,,
4dccaa9cc8ebe698,,,,
3ebf1adbd58caef7,,,,
9a29cbdb730b714f,,,,
c68d280c8f15c63a,,,,
f5c9d3d144ed3683,,,,
b498d13576c31dea,,,,
f85d51342b0816c2,,,,
a1665c0442e070ec,,,,
5a6cff4900804b6e,,,,
6ad247fc82807ea9,,,,
61e1a046f9a04e72,,,,
f60f2e6c85562587,,,,
b37a11dca28dca85,,,,
4960741669ae7a05,,,,
65f1d5e13bd9fe49,,,,
ef32c9fcf34f68a9,,,,
ff370cc731a505ec,,,,
988d846d59954ee9,,,,
b67c210c2686934b,,,,
187ed3a976da8a16,,,,
ad45ed79240f440c,,,,
e962475fc256fcab,,,,
011e4e9f079af9cc,,,,
00d90d108e86fef7,,,,
6810f961e2c03173,,,,
2db06f43a940a6a3,,,,
4b6782c40aa99ef3,,,,
d253189381c0c7db,,,,
3a7e7b9340314a3d,,,,
91d0692fbc82ef4b,,,,
cfbf98ad9ad3957f,,,,
c1d61662d87e80ab,,,,
6dbe4881af7ff519,,,,
d3b1e0128dfe0227,,,,
c0e9001b974f1fab,,,,
81f1dcee55a663ab,,,,
6348540abd2fce36,,,,
aba25c492f71b219,,,,
e848ebb353b251e4,,,,
dcd699e44db1ab14,,,,
ff6d677255fdde89,,,,
509ff038ae8d6cfb,,,,
c747034d01601e4d,,,,
6294721db1106e9a,,,,
23efb286fe3d1191,,,,
18491c2bf55c1cff,,,,
4827ad7fe8edd594,,,,
e185942638cbfd56,,,,
f3f0aa54d485d1fd,,,,
064f66db17ad85b2,,,,
1d6646a5ad40befb,,,,
b2dc4de831d21a23,,,,
eee61bd6a88723da,,,,
6e128b5b76b1d16e,,,,
a7b9f6ceed5d200c,,,,
646c79b0cfa28157,,,,
c2fe14ce7a025575,,,,
931acafa3ab5fad6,,,,
1698ef2f5c836e9f,,,,
0185124c2f1a72e4,,,,
bd9f7eec32eb2adc,,,,
28ad08c1a0f9b4bb,,,,
bb9ae91fc3bccea2,,,,
721c436c4f591fa6,,,,
51fdeaa7f8f57bc0,,,,
3afcf08b59a05cd8,,,,
541168b44b6fcaaa,,,,
fcc973f5b562629b,,,,
20a49c6a9384b56c,,,,
7703700e5de7ff76,,,,
e52c479f30936484,,,,
e26b0e73b46285e5,,,,
c4183898435e17a5,,,,
43732643ab10d3fd,,,,
0294f1957481f542,,,,
7890c389f71dabf5,,,,
99fd53850bfd1d92,,,,
098a47c220269fcb,,,,
29942eace90a5236,,,,
1b9f3dd053d1dc9d,,,,
fa284404e0bf8953,,,,
d0fbe1f7a211c45a,,,,
431acb9ea03aa091,,,,
d72328183a1c6954,,,,
f977a44318b9c751,,,,
eb22367819f220cf,,,,
4f452fe511138f4e,,,,
352fc9a7e1ce3e09,,,,
750b510df20379c3,,,,
0f7ea6e6a46845dc,,,,
decf1d9154a1b37c,,,,
d58c95e021a44e68,,,,
e3b4b26cc0650b1e,,,,
b98c74c25a0c5362,,,,
29a43282e9962dc8,,,,
d20ae0811df0ff48,,,,
ec3af021f33be442,,,,
e589588adc7ddc5a,,,,
33a9f62359a6df93,,,,
785f00e0a3ebfb35,,,,
f72ca49a6043a941,,,,
26451c4ed5114cc3,,,,
0498fcc429aceb69,,,,
8cca33ebe7a38968,,,,
63e6e01caf47e71d,,,,
3b36d06579c453e1,,,,
2660771fabf52f10,,,,
6aaf030c968074b6,,,,
67da8e49eff601b2,,,,
78719121170f1108,,,,
e3cd5ba2197c903d,,,,
91f469386e15e428,,,,
b5e07c91e63ee04d,,,,
b08ba0fdf700aa6b,,,,
05ac674327fb4cfc,,,,
c7d12b9f81407045,,,,
4e6ba1ccfb29392b,,,,
f499bdad0dc885f7,,,,
997a3dc2c455c8a8,,,,
107713fc655e01cc,,,,
664c2d4ae8ef3844,,,,
08a3a4fb105470c3,,,,
f95b43d84317a554,,,,
e4745b3fa785dad2,,,,
908aa4b9200d95e3,,,,
0e0a295d792b2eb5,,,,
d74c4917ce05d35d,,,,
251f364d12d67943,,,,
b660ee5e23ce8b32,,,,
77f58ab26b6a06c7,,,,
07da292e51893907,,,,
52e0aaaf5d49d941,,,,
41eacd85b6ffb833,,,,
336f34a248aa1591,,,,
457c3f9034c1d881,,,,
c8163b9fc3e71acd,,,,
6736434984d19e6e,,,,
1b8c716eef40e8c3,,,,
1442238413b1401e,,,,
b0b84122c99a84ea,,,,
54f93f7d24ae5491,,,,
13f4b02800c95540,,,,
cbba54ed33bb2891,,,,
380ddd4f2b220489,,,,
e48a3e1457e41174,,,,
5f36b04f766b42a5,,,,
1d683280e02d8f33,,,,
b933750bb03c234b,,,,
11e1dfd4344828c1,,,,
feb37270f8e31be7,,,,
410338c071503954,,,,
4a900d1103dd62ef,,,,
db6e18f4002121ad,,,,
c140f98aa6cf195a,,,,
a579260e67b9a9b2,,,,
93111ac7f281b494,,,,
adc4b8c52ca442ec,,,,
d4b07f23e3b4b880,,,,
5cd9c300a0ab5571,,,,
0fab41cc20c41ed6,,,,
d9760cef79a3226b,,,,
203ec9e11338e384,,,,
b92f027cbb45bc4c,,,,
faeb9ff8c1901170,,,,
8fc524ab4ece67a7,,,,
4183de2601e96dca,,,,
56394215b7f93672,,,,
17a8fe09c4da28f8,,,,
53966d451f9a0ab0,,,,
7418a14e0951e7bb,,,,
7330bfe2df13c583,,,,
097428ff0b4f4fc1,,,,
af5a1d8aaa713588,,,,
eb57ef193c52ef39,,,,
4b2e180b098bb4b2,,,,
65cd8af4ef7f71a4,,,,
b716c99005281369,,,,
590f85ca42cb7770,,,,
4512e2291588a662,,,,
133b1b5ba8be1d99,,,,
1a6cd76c788882e5,,,,
482d0234b53fa54e,,,,
01583e9fdfa979a5,,,,
517938930129c988,,,,
d26858af36620ab1,,,,
ee9c880dc38d4d08,,,,
36d120d70bed7067,,,,
817a4d6a997ff1e5,,,,
90df44ef5d064f32,,,,
0828c2a3bf5916ce,,,,
f18b5192e78d6aa7,,,,
9c888725ac12be26,,,,
973fb27dbf99a48a,,,,
d60c13abbd1d58c4,,,,
f24cdad0cfe0ccb0,,,,
2cc7f3565adc5495,,,,
6a01843e093c3482,,,,
5bcc75070601656c,,,,
beb5a7000bb95f64,,,,
65b7b0f22c8dab30,,,,
e75916c715af2169,,,,
c6131191c37ba40f,,,,
cefaed090528a49e,,,,
ad2b8d0adb3a6640,,,,
1e61106f440e2b14,,,,
1d705ca8eb6ef5d2,,,,
bf3b1505b2e790ad,,,,
18e589d7f843a949,,,,
9c990c19de68bb45,,,,
bfcb34d2d31b7451,,,,
082e8297a5d34e5e,,,,
46db3099ce28ee9a,,,,
3e267f81dad3ec1d,,,,
2de32234e536a7ce,,,,
24eddef7b468931d,,,,
870c3e0cf2e8bd66,,,,
0a135c29e6d0243d,,,,
41139343b55abe2a,,,,
cde5b55c24fe41bc,,,,
12f39b57e0e954de,,,,
0f36749c41ed1a13,,,,
babb59e7fef56f47,,,,
97dc343052577cc6,,,,
45d70e155186449b,,,,
5f6203b4d59adbae,,,,
8742cdee18a7dfc4,,,,
fcdca4b8ecd731c5,,,,
7f0788dc7161eead,,,,
c56d575a09f9439b,,,,
e2e311f67a7c695e,,,,
28d6230b6136dd5a,,,,
a3ffe1b6dfd86fc8,,,,
bef7b5aa14225653,,,,
5c91228f41a73606,,,,
22c9df5beada9532,,,,
088b9ce3a5de9915,,,,
e2b214b003797a3c,,,,
1b457f2d9b8cfae7,,,,
4933d44b87eb21aa,,,,
cfa7053411859979,,,,
753799a639b03660,,,,
8ed518e417f12281,,,,
5a8b0220e0194c8f,,,,
f034dada2ec2bc9f,,,,
2c8b491f50edbf8e,,,,
c7f5ce3b3e0e02b8,,,,
e1371d49ab55f364,,,,
cd9f834bf341c63c,,,,
33feef4652afa236,,,,
1319372383320392,,,,
b762876cc8746949,,,,
240f639d7c4d21eb,,,,
3d5f4edefb61a0b2,,,,
c914e7174fd13cea,,,,
e8700ea5e59c3d1e,,,,
67c9fdfb1ac3f162,,,,
de39a34c06f6378c,,,,
5fe80a85db7329c5,,,,
3df6f9052f620a9d,,,,
78fb76f202f76457,,,,
2efe56d9cc208ac0,,,,
9f589f9c4a1d04df,,,,
1dd70240789b8f4a,,,,
7492d0fb5f15dd8b,,,,
0d80b2efa0efa970,,,,
f17771ccd7c1007e,,,,
0221b60d0090a820,,,,
a2914dacd06fdbd5,,,,
3df4c0332ac8dbfb,,,,
ecd64aa6194a7f82,,,,
b5dfc125b8820e1b,,,,
20a68a0fffef365a,,,,
3d8d45aa74bf817f,,,,
b0c66cb08cf66e3d,,,,
be2d0f3bf7dff013,,,,
62911da609c6442e,,,,
aff08ffe5f703ac0,,,,
fc2ecac06771d4ce,,,,
5f3b375ff85b021b,,,,
06fcb98a1981ecb5,,,,
d1bd5d1fa299f54d,,,,
620cfd1be063940c,,,,
0e15878f52f69ba8,,,,
bb26c7bfb9dfa7a2,,,,
bc276b83092976de,,,,
cda53e46ddb36650,,,,
5872f176ae9bb22a,,,,
294c0d9dfb6d8cfe,,,,
7b85c5d282b1c692,,,,
9c20fbaa32915624,,,,
25789eb2e78b5ef2,,,,
6f3111b603d3ce6e,,,,
2c0b1aa259da09a9,,,,
0a581552585feedb,,,,
5fb93a4b76f38676,,,,
8da3b4c8b8d9f4c0,,,,
306a69728316e969,,,,
4d7c089dc2018b98,,,,
de9fa183d2230e34,,,,
485ae67e02de6531,,,,
e42c7c850a41a67d,,,,
f9ebe87448e95ed6,,,,
92becd11264298e2,,,,
b3e15dc9b85555f1,,,,
2609bb3c4ff26b79,,,,
ea9533639045e56d,,,,
33cbd7965acd12cf,,,,
98c5ebbf013848b6,,,,
596e5025e6031bf9,,,,
e871e793414ffcc6,,,,
708febcb52c7c627,,,,
cf1e8d510b2e4111,,,,
6ba87ecc5281df25,,,,
2fbb4b8bf9571fbd,,,,
602881c6ad9cf94f,,,,
294ae37fc6d196cf,,,,
f2eea7432ce7d271,,,,
47c029e970fcc73b,,,,
bf97a220bb3ebfc4,,,,
271a989385038cd7,,,,
cc47064c87fed2b9,,,,
ea1aae636915b44f,,,,
c4e62f2fc8969d02,,,,
67d04a382dffb9fe,,,,
3a8427f0f64b090b,,,,
659749817e382bbf,,,,
89401f0937d4f6f5,,,,
2207600c9bad5f7a,,,,
e48fe73338deaf7c,,,,
a7627a99e037a358,,,,
74d0fe69c82f07ac,,,,
8be94ea5325d1763,,,,
49b79caac82a1350,,,,
b34abdab19f175ce,,,,
e559f5863c26928b,,,,
8c91427d3281fa64,,,,
55e7642b1a74cee8,,,,
c83adf0585bfd532,,,,
7641facc40fa2907,,,,
58e5fb0b9c94a99c,,,,
70d06eb2e2a47f97,,,,
13ac4e7ff2c49f5f,,,,
9c1f773a01099c6b,,,,
dd840d7c8940108f,,,,
83841eeff78d1785,,,,
d00b446557a92269,,,,
f6f73816ec2f3844,,,,
8cf4d6ddfecfa565,,,,
e57c44ae41426eff,,,,
d5ff490e93729b92,,,,
d56f26c084cdb528,,,,
13acc300df4d1f10,,,,
f5e8eae442009ed1,,,,
2559294baa2d91f4,,,,
6fa3d8c7e71323e3,,,,
7bbadc1aa2bbe266,,,,
ac8abaa53b420f66,,,,
8586fd0bf7f36e27,,,,
526e80d6af43ed56,,,,
095c303f227f5041,,,,
5016b1227d3e5de4,,,,
f83ce6c88c40338d,,,,
f9fce5b67bed6692,,,,
ea951e91ef09737e,,,,
b79337636da415b3,,,,
4a52cefac37b9b03,,,,
f25f79f747c3f273,,,,
5651253330d7e998,,,,
cc1e8d2ae840cc14,,,,
8b47d608c3f58706,,,,
1d3388c9d12d9f29,,,,
21ce0480ce4d6108,,,,
227889c0faf86328,,,,
ad2f92bd6a92ab74,,,,
402c0c7094f12062,,,,
31d9999a98fd1a92,,,,
c8913e7454fdeea7,,,,
dce2207afc84f1e7,,,,
70b432dbd1247015,,,,
2a0bc35ff5d897e4,,,,
11693a53ce3e8d27,,,,
19f862a171d4d26d,,,,
c775b1315910ee43,,,,
e2bbcf766ebc6555,,,,
70f9626e76771736,,,,
33e38e64c38f084c,,,,
b064a1c8788eb140,,,,
f858614f81fbc707,,,,
98a6ad2ea630a61b,,,,
3dc66ab2d0f9d86c,,,,
d5224e934d344f70,,,,
2c0c971d58845c27,,,,
0403d83edc36fb77,,,,
bd3d5b5c169154b7,,,,
d5fffe2b422ff80c,,,,
ada8a4576bd07d66,,,,
19079c4f6bb63b8f,,,,
586973642267e446,,,,
3193ef66d292a163,,,,
557dbfa239297d09,,,,
c437d4828e8c1b7c,,,,
55d855938bca4c3b,,,,
992369cc79fe5ea6,,,,
e79b5d883b6ed998,,,,
277454d425aed9fe,,,,
fc69faac26d4a63a,,,,
ba31587b595a36e5,,,,
5f5efbdb57eaece5,,,,
19975eb599ceeed9,,,,
5c01b39beacf6d58,,,,
54b28b22a1cdfd93,,,,
ab462c5a40bbbec0,,,,
c4ec8de3ced80858,,,,
45ff229bbc875908,,,,
6ab11ce5a2fb5352,,,,
a65c3a94503c4a84,,,,
eae5abaa9145de69,,,,
7085f7b0d5152ddf,,,,
b2d0abf33d8d74e4,,,,
4a218f14c0af70cb,,,,
9e90c64a485c2f1c,,,,
a84d39ab9c41a153,,,,
454c7d85c2f21b92,,,,
38ffb469229d8c2d,,,,
deb4c3eda1434311,,,,
948b7804e8535a35,,,,
b8b1e6228e89bb75,,,,
f134649e52e32712,,,,
d1de2a5c63f16803,,,,
554e77f5d5e2430f,,,,
ace8221be3e2a5d7,,,,
e834197b2dd9cb76,,,,
9cdac30477ae0d22,,,,
877150ac0db04aab,,,,
3d4a799079472d76,,,,
40e497f8f135129f,,,,
4259268d49969754,,,,
36e20c9a05cd1396,,,,
23665db4f68e0fe2,,,,
5d739c46f014bd3d,,,,
a6b40bb34231854f,,,,
2ff42e201cfe2eb1,,,,
8df6e2a0ee3ed6c0,,,,
5d58252c6abd41d4,,,,
07521021064a0c45,,,,
0ed23fafd736fc1d,,,,
755b7b1b2913d4f9,,,,
b9234382741ff1e9,,,,
e34fcbd4cb259cd8,,,,
c16729a2e6bd482a,,,,
64074fce9a402e33,,,,
eefd85d3d524a861,,,,
793e4fe5709c97c4,,,,
827e480d54f66a53,,,,
64838a8a6ff807c8,,,,
5b3ad764976a4ce7,,,,
59646d69b7c5cd2c,,,,
a538a9a946e33343,,,,
d1a3351cc546cfa1,,,,
db52064874199be6,,,,
e45cde5b93aea255,,,,
7ce7965bf1a75444,,,,
4c72c46ca5fcaedb,,,,
fd3dc16397d58296,,,,
10f0f71227260eee,,,,
520356646ad5ae25,,,,
05d24e6d0cd439ab,,,,
00d3ffb391b61dd7,,,,
11d122ffdfba5940,,,,
d665a76eeae28e4f,,,,
0abccf380a2de84c,,,,
8a338d4ac0f30d03,,,,
ee9d4edb4ac8098c,,,,
dec7f4f07849de9a,,,,
784f92d63b549d8e,,,,
b1af25ed538f940a,,,,
c258b1e843cacf07,,,,
b0199fb92adbab24,,,,
b0ecdfd298ed8fee,,,,
b35aaf0601ada88b,,,,
a3699bf903202a04,,,,
7ef787e0999a98a7,,,,
0a4193ed18c6ffff,,,,
2f191fb2f2eccf9d,,,,
013c5efcd0dd7147,,,,
34de04280b5830e1,,,,
76f793fb037076ee,,,,
d65715f4a4eb811f,,,,
0b0c5a584131d415,,,,
6e78a145ff64e8e5,,,,
8459a4fd1027de35,,,,
e6063ee389e28c64,,,,
8bf70171872bcae7,,,,
f441170d49857c6a,,,,
8518f55d1ce23376,,,,
9819d8c953d551df,,,,
e9bdf4f54e277cd3,,,,
4a45756bf3e6f375,,,,
94e45e9020c0d61d,,,,
a44eabf212380c24,,,,
f688970ade0a3e6a,,,,
0aac9e61ea08d6a4,,,,
9bbb187feca78b0f,,,,
78479cfc5b019f8b,,,,
25b88309acaf42d2,,,,
27f5ab986e041af6,,,,
8f7f3277a281ee13,,,,
e15ab00ba35d4e0e,,,,
8f7c038fac7570f2,,,,
9c03804395c5043e,,,,
a764f38aebb07359,,,,
d6a0be36816c66b9,,,,
d4dbe0f1d1dcc747,,,,
55587a159a43c5a0,,,,
3f2b95fdfcc8bc74,,,,
65fd9691c3aeed7f,,,,
dc450a4d673ad785,,,,
31786ad575c2dfd1,,,,
91b87881f72640d0,,,,
8dae6e0df5f3804c,,,,
d42ac9e55e2a2023,,,,
a3097e7b24bbf271,,,,
e0c98fca0744c077,,,,
d90882e9644e8db7,,,,
4ef2eb159446209e,,,,
e97eabc914131e49,,,,
530fac641ebbe93c,,,,
affb8e0448b4d1ef,,,,
d201d51fb35eaf67,,,,
78a93dc32e91e1c9,,,,
32df133d4f936876,,,,
d850f356876077de,,,,
cb5759f051743c73,,,,
70ac7adef5c3f443,,,,
2790983e081a0d75,,,,
bf06c3d46d9bfb2f,,,,
51fb5df4ddbd4c99,,,,
ad01cd2b24201e4e,,,,
fcb4dfb3faab80d4,,,,
69113f51f2b399c7,,,,
098a29f6acdf3fb4,,,,
3866bcdfad7a24ee,,,,
8ed225e7562079fc,,,,
b5e044ed74771310,,,,
189e687e966fc7bd,,,,
73b66bb5b9782905,,,,
24189f973edb5d19,,,,
b62c7fdd92868817,,,,
0401d95af77652a8,,,,
133639afd4ed152e,,,,
f11ed8b8461257c5,,,,
942fee23738d8531,,,,
8fc6a03e15e32640,,,,
d7f5f7f6a7c12204,,,,
d4f88524d227d047,,,,
c81db28167ee79ff,,,,
e8be177bdea58748,,,,
99a45e5fc27d4fe2,,,,
b82395f0d8a86775,,,,
ba46be73bb4b0b08,,,,
432a6eb9045cba36,,,,
59ff38c5f4cb2239,,,,
b7ad89bdea476b56,,,,
6ae2d7916778790c,,,,
39b0ae77b53f63a2,,,,
ca97929c4784ccd9,,,,
6780ca43033653d2,,,,
4ee034ed59b47375,,,,
f961ed163cc6d228,,,,
775131fbbf85aeff,,,,
bf50e1f5f58aee02,,,,
51e944b416dda0d9,,,,
08dd08056973422b,,,,
50ab11be642c4643,,,,
861dcd01164d55d7,,,,
69db83b9cc9ff941,,,,
a4874a71b5d90adb,,,,
e1a1907465289b28,,,,
c9785bf0a7f6a5c2,,,,
512f9fef19434b8d,,,,
35eeda88ebf22e7b,,,,
c9cc4d4ee4576a5e,,,,
3aacfd8b05963a6a,,,,
5df3d7a2fb0c1c3f,,,,
d971a0ccf22393cd,,,,
4c1c76b258a0bc46,,,,
711412c5451edaa8,,,,
e6647cb1eb9c1c6e,,,,
e83d428257caa6b7,,,,
12390fd57337e62f,,,,
ec099c482134b689,,,,
1842db9746de304e,,,,
be0c5b0cd65a47d2,,,,
2c1df9f8e31b011f,,,,
802845e5a2a5006d,,,,
3b9349373cd0dc0e,,,,
2624ff0e24f4fde0,,,,
ee790e3ed8212246,,,,
cecbb5211f52b7c8,,,,
c8a015fb0acd7d54,,,,
273b5abc9f621c0e,,,,
48563a297b723a4b,,,,
807dbd5fa37f42c0,,,,
137ebdd4402258d5,,,,
7b43b818648618cc,,,,
53fdc4f18198bc4c,,,,
98c740e9efd0becc,,,,
57d45082d2633629,,,,
47ea9110ae04c6df,,,,
3a6e14a848f0ea8a,,,,
b92d4890159535a3,,,,
23b01a6f3783e127,,,,
d40e461d04471bdf,,,,
e0db763da43cdd6c,,,,
b5d09d4753f064db,,,,
e619d1765a5e794d,,,,
2e5249d36d3a521b,,,,
ed43a8505a7badc6,,,,
ac3031c4487d59c5,,,,
f4ca6a913f518007,,,,
1f2a42d94733fd65,,,,
0534fa2ccc9dce11,,,,
036157eac2be0154,,,,
8cdaa214f1377195,,,,
5b77c8a3e1d894b8,,,,
68f84f6c91bcf685,,,,
180e7f975758c09e,,,,
74df62198f3173d8,,,,
f54f359dc404c020,,,,
1497f98bf0d06da5,,,,
7b0cc15f4f57a32d,,,,
a16a3d41fd8710c0,,,,
198ebee30279c0d5,,,,
cd2971632dbc9cd9,,,,
6b631b30e8562fe6,,,,
463990103a077d65,,,,
6cf6e2a866acf592,,,,
10019d1fa3d7f269,,,,
f12162170509e02e,,,,
423f71f03b70c048,,,,
688caf62b5df5ef1,,,,
63ee5d062f76c5be,,,,
3027be1c780f731e,,,,
2c026d464fb1235b,,,,
056a959df08d39ab,,,,
f887f1ab2da872d8,,,,
03578836bf2e95ba,,,,
b48f8a4863d4ebf3,,,,
95631f5d9409e959,,,,
6dbbf10033763468,,,,
e2ea0aa54fc754bf,,,,
3801741f5beed4f0,,,,
f69abecc383a2655,,,,
319537c42d64260a,,,,
0d09ae0e93690d83,,,,
14012e179870656a,,,,
bae9e4fd2e772ade,,,,
6ba164ddb110f767,,,,
87ad0dcc704f35df,,,,
06736f79604083ae,,,,
0cb491ff7a53450e,,,,
d6f2b15618e1a170,,,,
b7f1bbea67fb0e9a,,,,
65e19afb617304d5,,,,
070b35aff6c5aaf8,,,,
06abcc4ad76e658d,,,,
23c08486853fbd39,,,,
ed836829c683e03e,,,,
d8740f151918003f,,,,
d7787090fdf892a6,,,,
d070d5bd1c503690,,,,
dd1e5572c544ad57,,,,
95208c969f74a253,,,,
5a10f6df0d49c301,,,,
585c2864c1e98c52,,,,
e805d0df36981929,,,,
0be81073e7d992b7,,,,
ecaa5889532dfa00,,,,
883f85736f6285ee,,,,
235e83c99894222e,,,,
29a0fc41f0de84de,,,,
472012f51fcec62f,,,,
138c6cbe02431edc,,,,
6ff6d272c1eb72bb,,,,
63ee3a1ad500d0b2,,,,
4d5eedbcad91abd1,,,,
25f12677aed6ea21,,,,
721aefd8d88110c4,,,,
1b544b4b1ef1e299,,,,
9676c8c1b3f87716,,,,
de5024c1abc7d46b,,,,
2169f72d61874878,,,,
8e849f6a9d5eadd6,,,,
6f1ab083972d7a5f,,,,
022946cb415c6b74,,,,
0f6c6a2e58249be5,,,,
70af48b97bac671b,,,,
1c98ca86c84dfe0e,,,,
c66a26bb90b5de40,,,,
fb629bd98f9cb63c,,,,
8ec5c92030361dcf,,,,
93a96bb892ee3c31,,,,
f9d886e3590f1ef3,,,,
c55b6cfe568c079c,,,,
dea7c67207d45a29,,,,
0ee41d77f0fbf2fc,,,,
0907bcd9207a383d,,,,
94e016d69865a567,,,,
cae62be56008714c,,,,
b7643877274c74ef,,,,
1655a8fec2e5b41d,,,,
a309b65b10adc095,,,,
1d4652166f1bc01d,,,,
acd2a47dd4d7b179,,,,
648876d7bb2d7b64,,,,
1c4edc49346c20ce,,,,
bc302b66ca52486b,,,,
f81925fd34e276ee,,,,
ce9e6a6c2331753a,,,,
c697c59bd57f7eda,,,,
a4525f84d840d259,,,,
4863766f4f89d198,,,,
b12390f8dd0f3b95,,,,
596736fcb78ea865,,,,
bdc932c979925221,,,,
57a3672d910dba55,,,,
a6e51b85c113656c,,,,
61d4b8f729d09f24,,,,
3a30e29cf32fd4f3,,,,
e7904cbd2e8b543c,,,,
b688b036c72fdb66,,,,
193850aa3567b92c,,,,
d239abcbbe6ffa1f,,,,
1c273327f8f6a5fe,,,,
d8b9eba69c1dc2a1,,,,
78be19a0ebb6fa6b,,,,
fc409295c67f2a38,,,,
18b62e082fdd42d7,,,,
e996c5ae0ad0da05,,,,
6ee402d2faf3d52b,,,,
9f19d946f111cf7a,,,,
a31516b9980effde,,,,
c4ec7cd0fafbbede,,,,
e5602be587a8ea37,,,,
e5d2051982400a32,,,,
fbfff834c89cb84b,,,,
42cb9595b55bcf0c,,,,
952fc2d9c3604bf2,,,,
979cd082f4011f79,,,,
49f9dcb6dc7ae3e4,,,,
91e9e85a9d1d3d76,,,,
bb2393fb068e818f,,,,
85801cedd6057007,,,,
b4e231c3eb22931f,,,,
e2ee2994553c0e1a,,,,
4aabe1c6f541b4c8,,,,
895191dc907fef4e,,,,
82f3217cf54b2157,,,,
657083663bab0512,,,,
ddada87cbace8cf0,,,,
ac09858cd18a24f5,,,,
8b6a043a9fdba0a9,,,,
e1b3f5e9084d20f8,,,,
693fdc7cfc003445,,,,
f4c4ad79834b8bf2,,,,
bb6380fcb85e1d15,,,,
6d3a0e3ec65c9151,,,,
c63eb6a9cf762428,,,,
cc555256d3e827fb,,,,
8d31ad4713ad0320,,,,
062cc9e374ee5f11,True,False,1.0,0.5
8b7829cbb1eb68dc,,,,
539ef3928c738a89,,,,
d0edadd4daf9580b,,,,
ceca1686fdf0b9ec,,,,
6283622ae6f4b2dc,,,,
46ca0879654515a6,,,,
05b96726c8333ac6,,,,
fba064da0a0e7b9b,,,,
b2736cf58a4869d0,,,,
edcdf4e733464517,,,,
7995671678a23ded,,,,
387e97f0f9d2c942,,,,
daf30c427e975960,,,,
dc20122221593f59,,,,
5594103723a3af1e,,,,
7ffc8b19f86480aa,,,,
8c4746a72819c11e,,,,
25a6763735dfba5b,,,,
868df3fb2f3eb45d,,,,
1b2108d6cf28b056,,,,
4d8678ba9351804b,,,,
6d890b5882182227,,,,
75a30573d2d0f44c,,,,
51b5793588e9f242,,,,
c907569cf2ad5154,,,,
8a88c247b0b6c40b,,,,
8ff855277a0a2947,,,,
158d9c3f661f9af3,,,,
57ce2412af8903cc,,,,
e68b7191d6232016,,,,
21551e66a2c0a3d7,,,,
6d3dd9cae9e572fb,,,,
c7fa81e092c61fa1,,,,
1fd5f5084ce483e9,,,,
65aedb965c21039e,,,,
b8010d6d4267eeea,,,,
c2ffcd3a85e71203,,,,
cafea843425445dd,,,,
c74aa50a043d4b99,,,,
aeb3439575e82614,,,,
3dad976b17f360d2,,,,
4749359e5d09fc14,,,,
d48a9bbab19f5674,,,,
7c7a1376135038e6,,,,
62a4e033e6387337,,,,
7675993b473a1cd0,,,,
5db1792b01ba8038,,,,
7507810059f81f04,,,,
8507ccd4cac9068a,,,,
f768f96411ecb8a7,,,,
9a012416c76f6dda,,,,
af744e6e7318507b,,,,
009478c448b8b772,,,,
10c6294cdacd8c21,,,,
6f595fe8222a6bee,,,,
8c852192cdd9d7f8,,,,
b97e43ec70fc8667,,,,
10b3f8f1d79e6929,,,,
ce7f2699fdb2d706,,,,
1f50ef1acf0aeb46,,,,
0099eed6e30ee279,,,,
e98886d9ef1ceccf,,,,
198245b8348139a8,,,,
ca792a0c73e091cc,,,,
a7c63e67a38ddcc4,,,,
a818f4971b3055cc,,,,
5999497abfcf82a3,,,,
d595a1f3bc8bf2b2,,,,
576b4cf025919fd1,,,,
41fac9da96a01ecf,,,,
cf708b0283f4a176,,,,
75bbf956b46954b7,,,,
5bc3d54fa149267f,,,,
4972292a1ba213e9,,,,
304e07946fecfbab,,,,
e409653d9842191e,,,,
7881da4b26ac9cfa,,,,
79494a1c0ea953d1,,,,
e903eae98dc7a514,,,,
002baa277732a9c0,,,,
4f4c152c5e9b0f33,,,,
17d37acceacd4e60,,,,
7c8939d36d3c377a,,,,
988def8f81c18553,,,,
24efc11b9528967d,,,,
87d756c30739799c,,,,
c26187d3065b8519,,,,
c2c25013af3a5386,,,,
1a5512b25ca197cf,,,,
41de485d5cf7b3b9,,,,
8ba738df45542db9,,,,
82e91cc19882c7b8,,,,
aa834e689e076eb0,,,,
4d1eaa4cfbf59df4,,,,
be0655d81d6bb3b0,,,,
84eb1a3dda4283d1,,,,
1f24c9213500c404,,,,
942e6658d3f81a0b,,,,
247b59f7b896ba6e,,,,
3fb2a520c0dd43f1,,,,
6d87a7de0001072d,,,,
515b5f051d425c42,,,,
936e49449ac8927d,,,,
e63e4a7267e073a7,,,,
837c76b8d19f947d,,,,
b75f4f9117b148a7,,,,
9b1a0b2b91c09dce,,,,
3df7be96ff4953d2,,,,
f9a27ac676c18221,,,,
afaeaee1c441b1ca,,,,
20f965172b8803f0,,,,
b7ecf1d116ff0df0,,,,
2136f0322d00eb61,,,,
4ff1a0bc81d1914e,,,,
517cde2319b8cd6f,,,,
c3cb2f5e07ef41a9,,,,
affc56e67af01744,,,,
ebae4a775b9bb948,,,,
17b584640904ca82,,,,
3bc940b30efea21a,,,,
63e5cd323b0bef14,,,,
4d1a124365b87e9c,,,,
3684df195d4d220d,,,,
ec60470d8453f968,,,,
38d7b09d4475b486,,,,
58ce52c5849a4b52,,,,
3bac24d0a04311fc,,,,
c6d0b317e6585d2a,,,,
fa0752d65e1b5f83,,,,
b37fb22adf6c263b,,,,
81d6ec236dc40587,,,,
56532547a7fc7fe0,,,,
24df9014c272383c,,,,
2875a68d13cb0b7c,,,,
bd3fd6ce7b397946,,,,
0b259ea4a6380234,,,,
0912805bf722de83,,,,
e8ff7a4115ab06f5,,,,
665e9778ac5e647d,,,,
99a07bafc7a35391,,,,
2f40bc3b66fd8222,,,,
7eeaffd013eb253d,,,,
936092e94b10831b,,,,
ff26008cf1e8a49b,,,,
a32a2e9c62a701a8,,,,
e26eb489e911d859,,,,
be2ced52a88f5454,,,,
fc87eb41d47ef355,,,,
c7b7e48167ad85bc,,,,
c303dadc3c72b87b,,,,
360cf740fc5f7804,,,,
b0e381a8b37d6072,,,,
eb83bfd3448ba486,,,,
b81d7d5e7d45e0e7,,,,
2a684eaf9295ed81,,,,
8b3275921182c016,,,,
499dfb38f1d413d7,,,,
a7f5e646c2395266,,,,
4a22a5f14ade5ef5,,,,
c13164435c907f9c,,,,
35afa81f60f03035,,,,
dda319d5cbebf860,,,,
d902e3425aac903c,,,,
c2e43ad9d6f8910c,,,,
778d13568a1e2fd4,,,,
586efc4efee89943,,,,
c01f7308f5731894,,,,
ce49b7e9b3169df7,,,,
e160b4c12e9e3829,,,,
aef44d463af98c4a,,,,
35569e622b7ce038,,,,
eca8a9a3e36b6172,,,,
ffafca0495e9693e,,,,
fbeaca9fe5ec5096,,,,
e396bcd223c2c0b8,,,,
5b994efe7dde3765,,,,
77294097803440a5,,,,
c010895e245f7d48,,,,
525d4f90860deb6f,,,,
b218093e109ba7b8,,,,
9c9ad9e492696eef,,,,
b54a63aaaf65c490,,,,
4f4e2ea682d0302b,,,,
ea85bd9df363c37f,,,,
13ab31b034d862c9,,,,
574f97bc57491904,,,,
178aa0c1fc986594,,,,
1c39528c6ba5b4bf,,,,
e9dbfb934da0c900,,,,
af8d3a7e4554a819,,,,
b5d0d2ac42c9c4f5,,,,
769f5e8998898954,,,,
3d10756150161dee,,,,
af282dc176827995,,,,
1f13fb9103d7cf72,,,,
51cec3024a0cf9e8,,,,
a3644062d3c3f4ee,,,,
cbdcc7a2fafaa3ee,,,,
167055729ecc86ae,,,,
2263638d7aeb9e71,,,,
5972396213ef2d20,,,,
a6c4405b6968d60c,,,,
a28c3f2d741c3618,,,,
45d9efe66d11827b,,,,
07236de435d15a9f,,,,
044e45236ffe18bd,,,,
e663e835aa465c02,,,,
7087b9bac8a2aa20,,,,
0e48c04dd32112c0,,,,
2812b3f7006f3073,,,,
d79d7a2687d313a7,,,,
041b969c28058c88,,,,
5f6d57e0db63731b,,,,
77ed52f3b9174cad,,,,
d11535ccb4ffa756,,,,
933f0174f7f0c0b2,,,,
29567e79f9ce7193,,,,
39377918e4e9c521,,,,
c5b6ddbc3a2c14aa,,,,
94fca2bb14bd649c,,,,
3a6cc7f411b7bd7b,,,,
51fc543cc7badc15,,,,
24e302629ef169a9,,,,
060f249ca851b986,,,,
8f05dc5ba848179e,,,,
684ea949bbd87a82,,,,
2cd7013b2073b4f8,,,,
5fb09b361f632cd2,,,,
b9024b02c259638c,,,,
e2648b044d1ac7ee,,,,
8c9fa2afc1ec30da,,,,
46b35d441a0d840e,,,,
46877dd4544cde6e,,,,
56f80f50ef5f9cdb,,,,
5def31cb661d110e,,,,
aa45e382a0549477,,,,
11d8ebb6968f217a,,,,
32e264f8855f940b,,,,
3ebf5e606d779f2e,,,,
ff18f3c5ac263790,,,,
5dffa630dff68537,,,,
f19149bd6282cf67,,,,
52dbc35259797ccd,,,,
6bdc3da142873240,,,,
584211a1805721c1,,,,
3ea9e3b26d8c8cc4,,,,
5b6f1268b18bf84d,,,,
c8b28c0ed1747e94,,,,
8719f039a3f22867,,,,
8b9747898e0d3558,,,,
93dc7ef916e73390,,,,
0336557ce0609a5e,,,,
a4ef412ef34e86fc,,,,
e7715196fffd326b,,,,
4657a236bb4842dc,,,,
9f507aa29f586cb2,,,,
a1a5f1f9260521ea,,,,
d3e87d8f94ba81fc,,,,
6cbeace289e383c2,,,,
53bb6dae2bbdf191,,,,
54b469d5b65769cc,,,,
2b6d688662809a8f,,,,
fad54450c779e36c,,,,
4bd52325f3349de8,,,,
83c6138e958f5100,,,,
fc1d359ea06950ef,,,,
2ed5252b5afc0a00,,,,
17a13c4356776f54,,,,
410aa9bd835781ed,,,,
4622e81c6d305fcf,,,,
8b08051e044d74cf,,,,
88c171c741da58fb,,,,
de511888416e9c76,,,,
4ddadc0d1239afdc,,,,
184444935f7c8818,,,,
9132ad9b5939f27e,,,,
2b24e6e479bc7afa,,,,
b46c77448f8d8fc9,,,,
63a9832a07932f0b,,,,
f388a6fb8fb2f922,,,,
0693ee2bf4503606,,,,
c7f9d1216a4115f4,,,,
44cc0d8e714ebeb1,,,,
e507d07cd35a435b,,,,
cf99948b467ccb0f,,,,
e295163e3e747f2b,,,,
9feda8e494646e12,,,,
2f2dd0b87c854f18,,,,
b58e15618b23a475,,,,
416da2144c75bbe9,,,,
aba0b95375895b2a,,,,
ff29b95cdecb12b9,,,,
ad9f97bd766bab98,,,,
15ce98185525f676,,,,
72c28078aab48430,,,,
c428019d98923093,,,,
a3c65ea9408d2a99,,,,
b8b264fbe8778cb1,,,,
6ba32083122eb84c,,,,
d29abc1493c08ba1,,,,
f0bb917d1dc99472,,,,
2c02979933eac7e6,,,,
2b6ad692b23c1efa,,,,
dce72bd423f69961,,,,
95f61bf957cbefdd,,,,
c6a8bbcfad275e76,,,,
ef0d272900eea15a,,,,
af8902679dac685c,,,,
69868b933e57e2ee,,,,
d8a0dae427734201,,,,
5cb8ccda6d1f2f94,,,,
b8695f2f74349bd0,,,,
d107c2751f7971fd,,,,
64e52298da612897,,,,
e15bf6ce66082677,,,,
55d381682e2a8b19,,,,
561a56f489b274bc,,,,
5d2a3b9a88a68bb6,,,,
d65a7738abf37393,,,,
dac200c2ca328c45,,,,
ca1f3dd227453f3f,,,,
cc8ea7dc08ab8c07,,,,
92cc55ad0ea50936,,,,
38e7d8177b3b36ac,,,,
e8a6dd7dcfb146c8,,,,
159b2dd04e20c114,,,,
61ced6c15dd4bf6b,,,,
d69ab5ba009382ed,,,,
354878d30ff3204d,,,,
d4d7ec58bc7c2f36,,,,
cbd7aa8bf11e8a3c,,,,
d14b4a9a5162e01b,,,,
8813a9cd3d5c4cd7,,,,
7e1972437c5cf306,,,,
530cb87bd2b1b94b,,,,
8f12fa01a1d7dedd,,,,
f9c124b995052a57,,,,
676f35ff3ea3c1c4,,,,
3321e0fc6ac9e08b,,,,
a78a7ad56c895642,,,,
d4681857a03105d0,,,,
ae700549169e760d,,,,
6ac336f07582ecd3,,,,
bc6e982b7ba84387,,,,
8e8eb889496e5e1c,,,,
8dbb0c18c9b3e102,,,,
ddb21dcf24f24994,,,,
01c0a6e382d033f4,,,,
115478a29ff513c1,,,,
52dd8a42353d5622,,,,
4dd8ad067357501d,,,,
1bf2a4a61c9faf9e,,,,
8d06e3965ab23d1c,,,,
6c243b25e87dfee8,,,,
73423a27e583bde1,,,,
96c6f2547bab15cb,,,,
9a12878525686670,,,,
0babb67e40da02e1,,,,
dc25583e148d3081,,,,
2790922b4a478e75,,,,
0ce2d54461294692,,,,
593c0c40c145ee2c,,,,
e9f1de3618dbc65c,,,,
43538b793802a2c5,,,,
3faba1d1138e5164,,,,
07e61d577bd23ed2,,,,
20f1d2c5a291702e,,,,
398943d580b79121,,,,
128659d808e8243e,,,,
94be73474e130714,,,,
547208963f7dc748,,,,
085ffd01fe6e3d5a,,,,
370ca73763363294,,,,
cd56a1aa23789f8f,,,,
dc51b6731ecac409,,,,
ed21ac13f0f9f726,,,,
22c193bb8a7e4074,,,,
4bccba8fcd9a0eac,,,,
1e7e13414c627356,,,,
2d7a9ceb8a1be3ac,,,,
12828ac4219bfedf,,,,
018fa27306a68c22,,,,
648198d80422439a,,,,
02a3d648868838e2,,,,
8328966272c6adbe,,,,
4bbcef93475e4d34,,,,
48a6d035f12594a9,,,,
57753b04c73b3052,,,,
34f2b64aeb7bf90a,,,,
1a86ff3778383920,,,,
683d703bd07a6959,,,,
e0b1e626f1e24078,,,,
b7314ac52667c53c,,,,
07c3adf4548438a9,,,,
7f0b62fbd573f5e5,,,,
dc3dd6a225c00ef5,,,,
c2504fe20ab4da62,,,,
492162158aae56da,,,,
60c7dbdf3a87cc28,,,,
b65c7187caf73113,,,,
b5484f5f0d9f9780,,,,
e268fa8aedef5253,,,,
b4ad191b6ab7f854,,,,
f15c8e031104ff81,,,,
d4ee03baae66f5ac,,,,
c04ed2b2b2781e63,,,,
b65a4e78e018a4e6,,,,
6822d75c9c3e913f,,,,
fcb91c53937f7a9a,,,,
c275599dfb196763,,,,
c6f64ad18f5623c1,,,,
fea890ffad11d658,,,,
7df7df318f971af9,,,,
6ec9cdacaba3e356,,,,
dbd0e0c0ae4cb8f9,,,,
4b82fc44233ef5c8,,,,
ba127c04d86f5561,,,,
06c04c0960df3f22,,,,
681f669f837abcf8,,,,
3a73fece369e7e71,,,,
66b964b042f26694,,,,
343583a144feb3eb,,,,
17e0f80edbb60bc0,,,,
50d20fd5b40c2230,,,,
2dcfe435bc9ae14e,,,,
0ddca479521a54e9,,,,
b501ecf80854493a,,,,
576c43f74da473ec,,,,
4580dc519d9976a2,,,,
6c1b362577884e45,,,,
237b7fecff66584f,,,,
6855b958c796b395,,,,
723e780d5d0fe1a7,,,,
11604cf08e2fc0df,,,,
438a4e2a3059feaa,,,,
505c4f7eaccf525c,,,,
0764e6c9588a3b04,,,,
1625470a92a2175a,,,,
1d8de338965e6aa1,,,,
13ea7721400fedfa,,,,
71141aebf2e24ae0,,,,
1aeb951c4bc89f18,,,,
873392997eed37ca,,,,
4cd4bc06546a8e6b,,,,
f9369d98d60c1600,,,,
7be56dfee87ba99d,,,,
e5eb4769edd5a6b3,,,,
3a0918e9f3d14217,,,,
d10395b64263305f,,,,
9592bf855c0b39b0,,,,
02a85c1ee380c44e,,,,
234f44ab96277968,,,,
d51d4ea4c7cdd11e,,,,
645579c62cfbe43e,,,,
fa4c2050b65e4e2a,,,,
307784092bb07240,,,,
a614b9ba7c0c76a4,,,,
6bdd944a4b482723,,,,
19c05d31c73c7ba7,,,,
aff5159ed6a776dd,,,,
fb2fd683c7c66ff7,,,,
0b1a2eb692c1f6f1,,,,
21c53b686714069c,,,,
9935e9bde02d0a4b,,,,
edc274b25dabfde7,,,,
954ae4fe5da3a253,,,,
ed631c682d77ca8c,,,,
f30498d95ba86939,,,,
f85cad96c3fd2aa8,,,,
94df2cd8cfc9a3bb,,,,
3dcd537291c7a3b4,,,,
a734d1bb85de3d22,,,,
fc9eea2fd7e35938,,,,
ac4eb21474718d87,,,,
848c0cea46347a38,,,,
66f7ef3e44b4697e,,,,
44e0819668de29ca,,,,
ec8945b26a745405,,,,
6d29c78532b18505,,,,
50feb037b7c4c6c7,,,,
5a63c80e48ac400a,,,,
01ebcfb932387234,,,,
44b361745910eac1,,,,
6123b3df46873ae3,,,,
db47c782eb0aaa7f,,,,
246719221f1d4953,,,,
675e433ee77483f3,,,,
54556f32beee2bfc,,,,
fadc93e60081eb61,,,,
0a9d9ef5b6ccc03c,,,,
d6dcabeab03785d1,,,,
4a5defe7cf4ae107,,,,
3789aa691c8265a0,,,,
cc1aca3551939ea4,,,,
017f09226e2f4313,,,,
8371b722bd33ba3d,,,,
2c5293132108e3e3,,,,
5e0ed58f5493152c,,,,
c05dba5149cfa688,,,,
86560d9bf2a509af,,,,
d1d93a0e9433b69b,,,,
287ddfc57ee477df,,,,
3e2492535a15b5ca,,,,
1de9a1b7b86599e7,,,,
25b0b498aa590ae3,,,,
870781fc014129ab,,,,
4654c1711ea264c3,,,,
c7f7e035da47ce42,,,,
e9ca8e7523f63b53,,,,
7b379f3edce192aa,,,,
6556da3d9e55afab,,,,
ffc698a2f179f2e1,,,,
2a9f43b654f4518a,,,,
901eee386403386d,,,,
7173a510d0b55583,,,,
862244a4ddf90b8c,,,,
dae8e19483ec73aa,,,,
3d288c3d12ac49ef,,,,
66cf76c34c6051f7,,,,
7bed6970159a4990,,,,
33129bcfcab5db38,,,,
8251545148498b36,,,,
d169f05f975f3e81,,,,
f6fae983adbe49c7,,,,
b2f6e0cf6221e196,,,,
d82f4b68f01d8a05,,,,
feb25bd39b6c1447,,,,
4c101da5b192ec63,,,,
86f252bd98402271,,,,
12fab3a97b36450b,,,,
d366400593388446,,,,
90eff3e96f816a18,,,,
3d89e8fcdc173494,,,,
9a3d59caf5e8cfd7,,,,
ef7b84b0993f7813,,,,
4cc5153fdb8a048f,,,,
4afa3c688534e0dc,,,,
d3efff8a07d87186,,,,
c0d76e1bc169c42e,,,,
ba41d0933332a61f,,,,
6fd513668d7811ce,,,,
3fa5b8b7286bd8a1,,,,
1adb9ae3c6f79f6a,,,,
a6e10e3d82fc83c3,,,,
ad16721bc3694035,,,,
81b886b15b994176,,,,
eaa79635cfd6ec26,,,,
06d66cadc6abb7a8,,,,
f973fe5f0931234a,,,,
8abd7f0ab74cf571,,,,
d8d2bd1a54efc29d,,,,
eb1b411f03ec611c,,,,
fe7473262d163de2,,,,
fadb31e26861ca62,,,,
db278fbb45150b0c,,,,
eeb05653d092dcae,,,,
2ae62011ac0977c2,,,,
ac0c10a75107045c,,,,
d0f18257f01d9f42,,,,
38e2171289e028a6,,,,
17b8752bf5dd4d0b,,,,
9fee12bb600101ad,,,,
6a501c341f2c06a4,,,,
b6cffb7fc2eb6678,,,,
f0a112113eda109b,,,,
64e76023bdaf5eb4,,,,
6896f7449fa80543,,,,
93ea98cfe50762bd,,,,
8a4acf52d26fc34d,,,,
03b0c5d340d2b6d7,,,,
84130eae63f197dd,,,,
759e1b34bd5663e5,,,,
af07abfa6319a1f7,,,,
5eda6697b39baf13,,,,
d5b0c6c512a20755,,,,
386e046eb5e49a42,,,,
d10cbc935c9b3f2e,,,,
24bb489ecf10076b,,,,
5f5fa810ba8bbf92,,,,
c9c49f0fb893e072,,,,
2cbc5c6cded15f46,,,,
7b8fb94acfdf5cae,,,,
76602a37a4eca903,,,,
90edbdcc7c2c6372,,,,
c7b474ebc4529ed4,,,,
cf97551f20457a87,,,,
8ee75b0a9b5eabca,,,,
951be788e249dd59,,,,
a59a95eb13eb4fea,,,,
135f5d8418b27e9d,,,,
ae2729fe2bcc7ed0,,,,
69e6bad23443dabf,,,,
6df14cfb3d03434c,,,,
97c2451b90f10d60,,,,
0eb23714502765b2,,,,
9065cca250e24ca5,,,,
d5e968190ac5345a,,,,
6c827cfd0e35adb1,,,,
39b32dfd89f13fed,,,,
33a9368b94541c12,,,,
a28f7425c0e29345,,,,
a076c37279e3fce9,,,,
e1f45bb9ff82eebe,,,,
07bd6c0bec16bc97,,,,
61de37e63c7aa043,,,,
a69e43be273e1da2,,,,
e4b6bc84271a7d39,,,,
5755093fcf4d74d4,,,,
835b72fe895fa127,,,,
d796fd006e308a63,,,,
2cd9036277dcb1fd,,,,
a3be8c31e947ba37,,,,
5002f879c895e0bb,,,,
5571103f617ef03b,,,,
091ca2ad65f2e222,,,,
a5b01c635e23b6c6,,,,
d52323595a40c50d,,,,
1662812b1890464c,,,,
94ff660ae28016dc,,,,
73cdd0728a42ed95,,,,
9ee68bea7f59e1ec,,,,
66959ef61e6b8cef,,,,
2ed450f1ea4cd353,,,,
1ef4083cb9b7e302,,,,
4fef8c58a520a965,,,,
38712a8979c21fa5,,,,
a985158ac5b06ea6,,,,
4f2808f3d2b1ab35,,,,
6e7d6769664aeb70,,,,
fbb8422a9e018537,,,,
43f83b06592d9eda,,,,
6fce808d004cfaa7,,,,
8095aa4211fc88c9,,,,
15e4bba970f574cd,,,,
4be88994b55ac3c2,,,,
286630b0ca82300d,,,,
1f1228cdb2f44c94,,,,
ba7b744caf4cf6c9,,,,
2a8ca1a883029f19,,,,
8adc6c5f53ecd84e,,,,
4dea9ff4c1f08704,,,,
bb929b8bea174465,,,,
f23ca696a755f4b8,,,,
ecf5ebf303354d09,,,,
a2d720319b2025c8,,,,
3415759670e3f6bb,,,,
d076238d80443163,,,,
fb28005007f57145,,,,
e6ad0fc26f4d4fcc,,,,
4a460df3283d9d65,,,,
1ea6972b8ec3c7ef,,,,
da35c518788736e9,,,,
22847b9c5ffb3119,,,,
25e5035f84209e23,,,,
7a662dfbde5ba596,,,,
8219c93a67c474ed,,,,
2167325d882c88b5,,,,
fa4f9029bac073f3,,,,
f7a5d07b6a0ef841,,,,
64f4b834a09b2efe,,,,
625aab5cae5f86e9,,,,
c132e7e216e1dea6,,,,
c808cdad2d1c6f75,,,,
b58576998fdacdfc,,,,
466e30b46b094ab5,,,,
6a75ac7ecde1011b,,,,
b00769a0fbd0cc47,,,,
a6f994bfbb032fbb,,,,
4e40bd43e7bc82a7,,,,
14430b82d1ccc9aa,,,,
325591169401d451,,,,
53151606e74397a7,,,,
0af3c0bdb4fcc46d,,,,
18e5d9ff83f6b696,,,,
fe965ab3422b5ec2,,,,
704f65f23948cd2a,,,,
d632e70bd3b8b409,,,,
80d9b822620da47d,,,,
7f350ad32d0cadf2,,,,
8fd4110bf4920bae,,,,
bffc4afa773a0ab1,,,,
9cd5f0c97a0ef50d,,,,
0b76a3d1dbb8a5fd,,,,
0068b9ffd237fc10,,,,
f6adc5e2b3c6e116,,,,
b60887d2b968adff,,,,
ffcb174de1d7982d,,,,
00d009e2351bf85b,,,,
7f4472a65f2f7eac,,,,
323d6e4f53bd924c,,,,
2b0a968c912b026e,,,,
c3e3831aca50e83c,,,,
890c4a0717b84e2a,,,,
a00a633ae844084c,,,,
5be7185c61dee84a,,,,
0dded32c2feb0943,,,,
bbaec8e04c54d7ab,,,,
785457df5d50ef35,,,,
eb8c708c927c7b5d,,,,
4a2123eee4a510ce,,,,
3543fc2662edc308,,,,
86466d1a0c17a7b4,,,,
65fdcf6853e37259,,,,
987b4e5135b00ebe,,,,
85b43c2c5ca345a0,,,,
ca71ff685c5d07de,,,,
f7b23cd82b659c83,,,,
2cbd8e2df8a70a9c,,,,
87ff84095f875216,,,,
f5a84ff53b6058aa,,,,
038e08a3b8adcf2a,,,,
e3cff8b33ec687c9,,,,
ad37555229c66ec5,,,,
4e74371803d5d139,,,,
71a0e2821122dad0,,,,
23a4a146d3d8958d,,,,
113726ea38c58197,,,,
3d665dfb83b6e5a8,,,,
afabc6a26b408771,,,,
3e98e5d5eb371646,,,,
aecd46e6d0cba1ef,,,,
226d836cf5ea1428,,,,
3b39291df52dd6a3,,,,
f6f2d603454e647f,,,,
1f8b60320986fd39,,,,
7a27a560e6f878a3,,,,
71a34e0ee2e2203c,,,,
c25db7247d499f3c,,,,
e0c5423bd337ff5a,,,,
5bd1813b630e9e18,,,,
a8660670b96b8096,,,,
e32dd835a1b77a7e,,,,
6ece4c880571c6cc,,,,
01b4b9c57ce90a5e,,,,
8be144c17231e104,,,,
efde09fd70175d11,,,,
ebff1b6268d41670,,,,
d8c5820b061511f2,,,,
9a4cff3f040ca963,,,,
cc5fa19e69006ccd,,,,
a2c9ac80d1656414,,,,
a96e1ccb7a521a94,,,,
8752a5f9d249a1a5,,,,
6092ea1874e07a4c,,,,
89d2c235e7165636,,,,
3bc2db5b9d6d8b00,,,,
9c3e840d7e22a738,,,,
c4847264fcdc06f1,,,,
865dedaf4a8ed2d1,,,,
6ba8ed65b9c05c08,,,,
93f3b33a224a99f3,,,,
0529120e743cb9f0,,,,
f454c87b8bbef7f7,,,,
bcbc5521f9268951,,,,
759f75174170f011,,,,
4c6488909c17e0a4,,,,
79a74aaaaaf17b96,,,,
dab662917e7d95db,,,,
1ba493c68e2cc566,,,,
33fc94e2b7f7140b,,,,
f62e3cc9eaa53a56,,,,
ac3f9df890f60a8f,,,,
0f4348c81d9fe766,,,,
d9ea57ad5d4e68af,,,,
c308292277883eae,,,,
ab2918bd016073dd,,,,
1aa86342407eb05f,,,,
ef69decb05b795e8,,,,
f22873b068bba5f8,,,,
963e8aaef93d8eaf,,,,
e4a85ad460714f63,,,,
24366a3680284d1b,,,,
58090017ffc64677,,,,
1bbcfcf1a19bc4b6,,,,
b7a2520aee6de7f0,,,,
7435106650de4bd0,,,,
4c59cc58913655f0,,,,
eb6e1c124a011a2b,,,,
c9e669ed2ed040e6,,,,
f3b30a6670229563,,,,
be3400d1ab25a46b,,,,
5e327ef7145a5afe,,,,
0bd6a0c245952346,,,,
0408634168b0543d,,,,
07691ce212947945,,,,
b04b9a20a17c15e4,,,,
1220a8a48bac8174,,,,
6a7a8563f33be4b1,,,,
b9e8aa146ed0f49a,,,,
6464d0fe9126a94b,,,,
65e0a3042ba8cb2d,,,,
efea714f31e0c223,,,,
efc62b13f4de91c0,,,,
b06f5ace1b583432,,,,
81fa6cd341e6f7d7,,,,
1217a16ee93adfd5,,,,
d0c6fc18b7f58047,,,,
8fbafab5871dd208,,,,
d327b64d68562f9e,,,,
46969d51ce19adb2,,,,
cc99b484dc847251,,,,
2d43b08a91a2d9a1,,,,
d752fcc25e0c2908,,,,
625f217740a8e8ca,,,,
785c4e4f443e7814,,,,
d1498cb322e62c84,,,,
6205e03955b3b10f,,,,
09012c0a66be066f,,,,
f939228358ab511d,,,,
102f5b107baa7e3c,,,,
3dc151eb0b94820d,,,,
322c03d0d29e193f,,,,
8dfc6a4b06eaa103,,,,
ee7d36307e2dd65d,,,,
50bd7f797f98372d,,,,
3f05a93eb9945326,,,,
8b726abad625e82a,,,,
4ccc08914d4a25c1,,,,
f4849768589538f8,,,,
d07c80ffa5671912,,,,
356b9bb68a64fa48,,,,
1c3d30aba9f56a76,,,,
c1be4ddaf5625c67,,,,
963377c551138a4d,,,,
a5ec22a0937e0752,,,,
6a771a89ff2f4aeb,,,,
62cca3bea27b58f1,,,,
8f225838cad217cc,,,,
f8ebbf57d1651315,,,,
5bc3d14ad3fc4431,,,,
5b725d9d991945bd,,,,
4a72cebf74121cd5,,,,
f90be5ce11e9ed2a,,,,
50ae191f36ed6ed7,,,,
b734c82e9898135a,,,,
cfc2ba19389e8dd3,,,,
f76b9450fabe0d82,,,,
ef281abefc77dc18,,,,
8f4a0712777a2b4f,,,,
afc69786fedaa126,,,,
10ee35793ab0fdb9,,,,
c079049cf7a75dcc,,,,
9ca8c179249fdb6a,,,,
65b26e9f256a7e11,,,,
d5b6139fe6bd17c8,,,,
32dfd58b51871421,,,,
3ec47a30cfee65c3,,,,
43dc5535c740c609,,,,
0d2973600092f527,,,,
92381de0a09bbfc2,,,,
82d6d3c1fb3d32ab,,,,
033abe744baed6d9,,,,
36b2ec34031b6a30,,,,
374498cc02b6566e,,,,
e2c79c009ae73ca0,,,,
fb6d984f197e6f86,,,,
f14d17c4233827e6,,,,
b895c3f8cf9873e7,,,,
3f2731fe539d4a28,,,,
41b53409034c9630,,,,
122caafff8db7368,,,,
6810d947477667ab,,,,
5feb798dd45517f8,,,,
ed06208e7deae00f,,,,
6064990e682d96fa,,,,
52ba9cf622d4621a,,,,
169c5b6103cb0aca,,,,
208f81f332818a2a,,,,
70943069fa06d1bc,,,,
29e4ef95bc30361f,,,,
8bc96f18ff734160,,,,
677bbeb1707d73cc,,,,
b45507d53566ce00,,,,
d45721b1891e5d33,,,,
03e0e3fbbe2cf53b,,,,
4e4a9339fccd2039,,,,
f27e9c2ed494e428,,,,
f244f6fe6a1f1ccb,,,,
0fbeb27b77d07ba0,,,,
9b935aa462ed685b,,,,
c62237651a122b6d,,,,
79679011dd35bf0a,,,,
7b683799546e5691,,,,
7e88e0af71615780,,,,
ff01e275cb96ecae,,,,
1b26d653be53ba0a,,,,
07cec7e8cb5fd53f,,,,
da4d1a70fdd68a3d,,,,
d4c57e8ef2470bdd,,,,
b05ce035716cec75,,,,
da10813b6e7d3c47,,,,
a364aa0450794cf3,,,,
6fa02f4ddca91626,,,,
1f1fa78a119bd0ff,,,,
f193f14770536060,,,,
1742079fdf1faf90,,,,
026f8894d15d41fb,,,,
f7e752c2f9e02ecb,,,,
e3cc181dd0a7e370,,,,
5c43c3ced5bc6f61,,,,
4a018a9ca8d4b48c,,,,
9a448d1878e5fb67,,,,
c516d601528db372,,,,
23dc5c42bc3021ba,,,,
0e70e0d36bbd0c17,,,,
ddf4dbab1f8fbf70,,,,
ea3d288efd48712c,,,,
de6069ae1df6fc0a,,,,
874da31cd900a98b,,,,
a34f51d3a6bd352b,,,,
377e8c765d3111c4,,,,
8eb89f455f708501,,,,
44edc04fd2e7f00f,,,,
9a0637739b4101af,,,,
593d42b1676eeb36,,,,
34f257f52ff549da,,,,
82497abb12ad5680,,,,
98b2e1ba44495ff9,,,,
c139f8c4fae0b922,,,,
b327088c244b1b16,,,,
5f3087647297b72c,,,,
922e8699b7ec79a6,,,,
e169259b65b626e6,,,,
0712b311dbf8f373,,,,
d8f6797828896d28,,,,
c400e776dfc8fa2c,,,,
f339cdb0867c9fcb,,,,
27cc70b682aed536,,,,
06da6558d8aea2b4,,,,
b478893cb71b0672,,,,
0d5a63b0d5602477,,,,
90825d551db3e15b,,,,
9668f4b8a0c8b147,,,,
c4e152b8cdbd7a75,,,,
b0d25b8da04fea41,,,,
38ca9a209ed4daf1,,,,
7524688c484b39db,,,,
43fe50bbeabe7ba5,,,,
323cc2f35589ae28,,,,
871ea5807cdf3aa8,,,,
3b4cf2579dec94d1,,,,
82506f31045b56ad,,,,
c6380c006187e9bc,,,,
b70db2682c5a9f52,,,,
98e95a9412081999,,,,
382a0ff940ff108f,,,,
8aa12b4d1ba8efcc,,,,
8cd9674e181e6c68,,,,
1c0798ea4440063f,,,,
532dc5b6ab9f1b90,,,,
f92145f620ead0e5,,,,
9a974971443a3fa2,,,,
38c1559ae3ec3138,,,,
d0a470129f458d35,,,,
2e182ca5204bc570,,,,
049083c61d5c0e41,,,,
fc9813e25bfb89e6,,,,
af758b129b01fcd2,,,,
03ceae4e11978934,,,,
36384bba658772f8,,,,
301b08c95e40afd0,,,,
ed51601a780efa91,,,,
6456f1c75a56af94,,,,
fcac58d5521d720b,,,,
e3783f4e88cede1a,,,,
32c5dd95f357eeb4,,,,
7b1953cabba1e372,,,,
c6be49f78a493e41,,,,
3e9528320e67a1e1,,,,
dd45dd1158886ec6,,,,
3f33eec24dfe843a,,,,
8c69a789c5a42e89,,,,
47644944df0a7d90,,,,
a59fa441fab967d2,,,,
1721ea98c35f3d08,,,,
71787fc912962c4d,,,,
ce4830f68d49f628,,,,
694861c791931d6f,,,,
29fea3370e1152cd,,,,
2c01541c2e793723,,,,
ece24c9e2b2059eb,,,,
8ee6293e472eabac,,,,
bef7f2d9751b5597,,,,
be25a04d5a5f4b59,,,,
6974fb352275c93c,,,,
a87fc3f4f86a2bca,,,,
2bdb203301842160,,,,
01e63ac4ca87fcd6,,,,
3939833df3c591fe,,,,
0263bbc24a43ca8e,,,,
373a7f1dd52c7a97,,,,
84ed3ccb4248f71e,,,,
fbcd9f20b76969e8,,,,
7bd489858b5b64b4,,,,
cc22b16974e54261,,,,
5459ca0516e2dbf0,,,,
4a0a977104469a70,,,,
5ab893b59862e3b5,,,,
708b9387a9aee83e,,,,
b06efa0cc0ccfa2a,,,,
691a74493cf35bec,,,,
8c93cebe4c046a2c,,,,
910c6be1490077bc,,,,
9c52bf65baf76601,,,,
187a3c01f7110be6,,,,
bfdcc181462a1722,,,,
fc6d192f064c3e13,,,,
376393ef73515f6f,,,,
40a753f2c118eca6,,,,
27fd9df2176a41d6,,,,
d15c61876d73e049,,,,
d2f7da1f5ac45ca8,,,,
0417ba2a88e496f7,,,,
38a43c4607e77b34,,,,
4b7d8942b7c9384b,,,,
64b3a2429418e834,,,,
2fff8cfbef732888,,,,
d3f9bafd60a06687,,,,
99ff34046baeefbe,,,,
82b6003b3696a2ee,,,,
000c70f0a8577034,,,,
9aec68f2fe4418ef,,,,
029d19d9c0ff84fd,,,,
f25122043629def1,,,,
13877defac32dc48,,,,
85565b875c2e4f89,,,,
6df6df760cd1f1f1,,,,
af9b60b70d92daad,,,,
f1341077d7afcc1c,,,,
c3e4edeab95b49c0,,,,
8971c436fb306942,,,,
3f5d33ad26cfc713,,,,
85510edb4a14ea08,,,,
15ea2b5e20a56edb,,,,
2a669ff523f60e24,,,,
75953b9235aae62e,,,,
8d57e21280edcd5f,,,,
912b600ee642318a,,,,
abdf82c732713623,,,,
a5755151a5d6748f,,,,
fe2da967d6eee53d,,,,
ebf0b3bf57ca1cf2,,,,
c3deca99993add9f,,,,
deb1f30c03cfee40,,,,
070d3bcc7489ba33,,,,
0b80a6d72f8d49a5,,,,
01af39d106efa58b,,,,
518a66d054ab2589,,,,
816b9968bbb2ab39,,,,
bc9808438fa2540b,,,,
9f12abc64fb78eda,,,,
7251db7ff6ed3488,,,,
124993e0df3ac5df,,,,
7e671d31c6d17972,,,,
97066f462e05731b,,,,
e2a9c8f68e8c9610,,,,
5fa292ea8732e2c8,,,,
3be84f4059a85b14,,,,
d007433b7c56ddf8,,,,
042607bbf4ecb727,,,,
8dadbaf1b869c15c,,,,
36ed2faf2307affd,,,,
9dcb2201e248af28,,,,
cea0309c821564b8,,,,
0d60d86c488d3905,,,,
0fc6777ef2598da1,,,,
fe240cb7335295c1,,,,
543b10ea8bfdb8b7,,,,
0840c6dd7f5c24c6,,,,
f44ad84e2d8ad574,,,,
7bbf5dc1463aa3bc,,,,
7b257b14f47c75ae,,,,
b701528eee925e8d,,,,
c09fadc59e3f859d,,,,
b92d2752f42ac433,,,,
1d7d939489d38213,,,,
67a18c81db5ac12e,,,,
b1a850b5f64e6ee3,,,,
c84d477aede7f5ef,,,,
d0fa40f44d4a91f8,,,,
c71200120b305199,,,,
0f7074def53eebd2,,,,
eba2b3799af78cad,,,,
b8fa746038a37ccf,,,,
c13cab17410c97e0,,,,
f83f3149b13232a9,,,,
14f9b122c0cd96cc,,,,
7e4b0f7b3c8b36ad,,,,
afb66a992e94e82e,,,,
f4ff2a34bee1920c,,,,
7ae0f19568ea3787,,,,
16860fcf0326c8cb,,,,
fa7b303d68eeb866,,,,
1de73deb854819bf,,,,
2b2be0254467dc29,,,,
b4dea411a7191adf,,,,
6cad76d6ff9170b0,,,,
6eb47374c1efd942,,,,
73687b8653036ab4,,,,
73108080bf2fdd93,,,,
a2f39302d6689707,,,,
79be9e539e25c90b,,,,
9c62a631fc9ef507,,,,
262bc20289735edb,,,,
23667485b00a51bd,,,,
fd3dd9b42d9ed0a1,,,,
e9b568e93de0e585,,,,
eac73c486246aa89,,,,
836dac778a12ca9e,,,,
ab0a4acd46de5bc9,,,,
03d58cef771ec211,,,,
b19a42afa2dc71f2,,,,
79cd430f26927a93,,,,
63fb773723a459ce,,,,
fbeede2aee477c78,,,,
ad85c71ac05b1fe0,,,,
029b7b14520e80bf,,,,
20322e0ebbe47691,,,,
c6465d29e85df2cd,,,,
7e84ad9a8bba5618,,,,
30ddf46350d9ef5d,,,,
1ca5f38ff25d0f1f,,,,
1f2387f53f0fd122,,,,
eda2f08525021fe3,,,,
e425863d323c4a35,,,,
3ef963d237974bdb,,,,
738666f386813ba8,,,,
32ff81a5e08473cd,,,,
0697b9921145b1dc,,,,
0344026e2c483e88,,,,
96694e6bab416eb4,,,,
e442e37fc925c3bb,,,,
5fcbe4a826e9902a,,,,
c1ad14e4d24a316e,,,,
d93df4f2ec6fd344,,,,
53837d81b92a2b81,,,,
562eb3643448bb61,,,,
9b8a3e242e5a0a07,,,,
ade2c9eae20a0ec8,,,,
049285065357d959,,,,
631f7ffa3c7c5316,,,,
9dcb2c5f504be534,,,,
089a6e2dc9c2df3d,,,,
91d3e3fc1edfc2a4,,,,
ad9078dde1f21e94,,,,
66439282bf354ac3,,,,
82c38342f47d7cc8,,,,
8bbd9483212ebf1f,,,,
255cb56f94b00531,,,,
6e93cce373241dc5,,,,
ccc0f1dc71af692a,,,,
fa58da9f20d6835c,,,,
cdc42e667bf044fc,,,,
71904d2e5c19324c,,,,
509c00f37c99b718,,,,
ee532072f3281fd1,,,,
3bb574d5a6ed6e8c,,,,
9040108c7defeebc,,,,
582cad52494e62a5,,,,
f49a65cb574b18cf,,,,
288b625df52c081c,,,,
2925733d0dfbe8b5,,,,
e0f3a31094f378d2,,,,
e26f3810eaedb99a,,,,
94ffd8990b5b918a,,,,
c38e59b9630b4d6f,,,,
d9e52e5124fa5835,,,,
91e6960032cd51ce,,,,
c15e31c570b854f3,,,,
bc24ba7af3aae20c,,,,
1144fceb3df2deb8,,,,
d1d28fefc5497bb8,,,,
bda0aa1e68ab4c71,,,,
9a45e8863ddc287f,,,,
aa3643e15b0a5db6,,,,
6c65824b3b61fadd,,,,
ee8010d80bc9135b,,,,
32488b36070bcaf3,,,,
64b53742940577b9,,,,
7c01b7beda9471c4,,,,
6c08053be21c1fd9,,,,
fea5b3e6210a2e5e,,,,
7c4601a6cd8d4922,,,,
22e5a21d8221acf3,,,,
9bb33ec3198456ab,,,,
44034bcbf212c61d,,,,
a85207e4ec5d2bbb,,,,
0cbc61bf5779ff07,,,,
c119c3601828e4d5,,,,
ab0e1dddd4ca4fc5,,,,
c30c8eb5021db553,,,,
3e5ea426b52af4da,,,,
636070cf079782b1,,,,
0ff45187a506bffa,,,,
719e5ff21afd30cd,,,,
7dfbda99ef136f3e,,,,
139e1608d4b06e1d,,,,
7ee79f9510cf5538,,,,
49966d1a5be1b45e,,,,
f7a2bd15249f9a67,,,,
aa93a83ab5414a2f,,,,
ca1b277a779b4e07,,,,
c5be97e9439020c4,,,,
647d2153e617fc67,,,,
07ddd8fb368f10a0,,,,
b21fc9617bc2caf4,,,,
2f13d6108be1811b,,,,
b77600fd2db6f9c1,,,,
afc80fc5f73704e8,,,,
24d45b4168897877,,,,
4b6a08e5f9163123,,,,
2bcaf68a41b358ed,,,,
587e4ed6f07f6da8,,,,
e1255b324c61a252,,,,
f52feaded801b16e,,,,
f32ae6eed1c48125,,,,
ebdc9a76d270e55e,,,,
679c75d127ca96b1,,,,
3243e1f3962d99d7,,,,
5285f824ca214577,,,,
ae3ff966c8106ac7,,,,
daee60dd04bbb92d,,,,
015127b113e06285,,,,
840817047c1b9870,,,,
740e451228574144,,,,
beba8981d0dadf54,,,,
4003d5f8c632f9fb,,,,
c0b1ea010f6cdce5,,,,
d4e988d172c45480,,,,
e0d1cd4dce477066,,,,
beb6e5f0315b5e10,,,,
eb8a46b8c9b77d80,,,,
8b594c3d04505b04,,,,
2e5666c6bbe2a389,,,,
9d1b69c5abf76d47,,,,
69520479a49416f4,,,,
a0cc34b1f2cb6689,,,,
e12b4047f6005d5e,,,,
caf142106b76cbc0,,,,
f35b6290876abe29,,,,
4d7177ff0c242e2a,,,,
3d4f7df4fb93a2c0,,,,
1041a94a1bd4c2eb,,,,
45c0f2ac2419ff4f,,,,
fbc8760b64075fe4,,,,
3179c7dd5dfbf396,,,,
d6f3aa7705a72188,,,,
8b3a644db7bac47d,,,,
9742ff836ddbfafb,,,,
062b9391c92fb8bf,,,,
93a47cc11de23654,,,,
79affe6687038744,,,,
88474a2b3d9943ee,,,,
1a20021d5bf688d7,,,,
f38009953c1cb6f9,,,,
fc20dd64a07e96ef,,,,
67d3bb53fd59e7e3,,,,
08bf619ecccdc130,,,,
8724df83f32b5fd4,,,,
4f9c439cb137771c,,,,
fc8496d16bf8284e,,,,
6144c7055a152adb,,,,
2d080b8179a8ec8a,,,,
3ce727ae8e1e2c59,,,,
0e7168ae3cb96a6a,,,,
da2a3ee6e5f9d34f,,,,
93a5553049615751,,,,
38d1f555d6ff8876,,,,
071ea11ae02d052e,,,,
8095ff909de69cb6,,,,
45ad14f366e6baf9,,,,
fe53337fc598b844,,,,
9b0acb67b29faf67,,,,
8fe52a7ac82f250e,,,,
b058994a327462c9,,,,
fa9b3e666d1f316e,,,,
eab9b21c68923fe8,,,,
0ffbc108e45aae78,,,,
72ac1c57af58642a,,,,
247d0716ca857e5e,,,,
e8930cb627fee559,,,,
767c9b29dcc84d62,,,,
97fb6caf1c49e544,,,,
7a15ef741de4a9d7,,,,
95f499418872f80c,,,,
6262d76ef7611930,,,,
a29eb072131b374d,,,,
d3e5e1d9c59f36ab,,,,
c1953663c90c8347,,,,
c665b1db21e565f6,,,,
6d3185cf7c0ff7f6,,,,
ce8d9c42d7246a8a,,,,
8331301b178925fe,,,,
9eae3d642aea18b0,,,,
63cc764597a7180a,,,,
6dcf0f7e4f59dd1a,,,,
2012bf46c1b17aba,,,,
ef41d434baaec254,,,,
8d1498e2817cfb4e,,,,
18e1fdc37c17d847,,,,
1de93037a5b02956,,,,
fb25dd8bebaebf25,,,,
d1829d77c9930bd2,,,,
844cae223e2bb2e2,,,,
576b0fa27ca47540,,,,
04ce7950c3de7fd6,,,,
19b2ecd2369fbff1,,,,
f01b066d49053ff9,,,,
6ddca72459cf0199,,,,
bc729935ff59a736,,,,
5410c986b70efd39,,,,
bb97454a90c14355,,,,
a58e84d7f4d0da9d,,,,
de4e9731f5b44cb3,,,,
23cd7cdfd2996860,,,,
de79e5005e84a040,,,,
c6b27338f32b910d,,,,
ddf9c5c34ac2add4,,,,
761adf74436a75e8,,,,
0a5a21b2423f606d,,,,
8d3698e573e1933b,,,,
0ea7782a082ac9a3,,,,
3c5a6e2f11882705,,,,
bd4de880ed367cd1,,,,
a5622932c7bc6dde,,,,
eaaeec6e34ec4de7,,,,
677b3831eb0af0e2,,,,
d4a4cc87f82f267f,,,,
ef3bd6bdd546f00b,,,,
53ab3cd71f9fa6c3,,,,
64e0ee98efe6fcb0,,,,
3cba952123d94282,,,,
5c9e1d78111b79c7,,,,
cd0cfa06be4919be,,,,
d85699b51f8baeff,,,,
865487389b6b8347,,,,
249383c3c1f1b456,,,,
e6c8b7ee1ff9b669,,,,
f528b6a6ef274eb6,,,,
9e4d452e29b010f4,,,,
40b74a5a02f1f2c8,,,,
854996b1d70a5f96,,,,
110ea652830e075a,,,,
41675d99aee6487a,,,,
6c212aeb782f5abd,,,,
c97e501d7fde80e4,,,,
3c358ec88d5eb447,,,,
bbec4cfa5827cc03,,,,
79d56a338327898a,,,,
442cbe8986824154,,,,
58cdb07d6b61928d,,,,
6d3bd1016c4ec3ae,,,,
e232877204e386b2,,,,
b8e2ff6fe3acc764,,,,
432b7083fa9c8dba,,,,
5a7ba32e025b1a7f,,,,
089ab00a54d375ac,,,,
65d2a14dccf8b955,,,,
3be370bb3516b986,,,,
fae729cc8feb4978,,,,
aeaed77ace746a91,,,,
8d5344d32249757a,,,,
050dad9c715fd210,,,,
c89be1a73417edc8,,,,
18da226e4139fece,,,,
560e39b2590fecf7,,,,
0bf7356e8d494689,,,,
75e58ae90bcd6aa3,,,,
5d8c9302f151462d,,,,
440500ccc7fe0ab2,,,,
ddca2053ec512290,,,,
d3f0928b2d50698b,,,,
1b3bffd06b6fc0dc,,,,
cbc5767c2682ae8a,,,,
da689cb5bc68b3f3,,,,
1d18a43a867c5aeb,,,,
74da23eecc256b02,,,,
31fe35aa43d267da,,,,
65eb82cd337893c9,,,,
c3988ade8aa96a8b,,,,
275815f8153ef381,,,,
0c7720d923cc5a43,,,,
d12398e73dcfd6cf,,,,
9daee322778a11d4,,,,
f37732c22a5b2993,,,,
d5605216b5afc87e,,,,
35d53a91a5524d90,,,,
5b9c84ffa4602503,,,,
fd1ab07d8bf9fea6,,,,
47d539f9bf083d22,,,,
d805a9b5821baf78,,,,
dd1b8c6af45b27ad,,,,
ce673291f494bd5b,,,,
752a7f8a573e4f15,,,,
f71fe5e85050b1c8,,,,
49a55ac897b887a0,,,,
6c536c7f9fb75ee5,,,,
2b465bc146b96dda,,,,
3f5c17679b5696fd,,,,
0dfeb98a5bcc6309,,,,
d3497d88d0676ab9,,,,
8dab25053c0efc15,,,,
427867696e60d3f7,,,,
87a04931ad0aba49,,,,
f960f50599414e0b,,,,
f07e472c74b168b2,,,,
382e2fbf477680fc,,,,
deccb8ab35b0ba51,,,,
14b2f77e338199ad,,,,
deb94ff4d9fbacbc,,,,
0fa4a2eb568f729e,,,,
c8e7c29346a60f33,,,,
cf7347c7961795e9,,,,
42a8eff0beb01d70,,,,
8134e2602cd03977,,,,
7202166bae5e875e,,,,
35f6baf7b556b328,,,,
3de38d43a23cf4fe,,,,
02f99a6bac67ab34,,,,
623b935714489f40,,,,
c6ee0bdb85aa912e,,,,
52590bcfafa0e179,,,,
6320b60d94564def,,,,
06a10ab3f0b08173,,,,
e3e6650112173036,,,,
73027f9cc438cf3c,,,,
9010c73df281c9b2,,,,
0511e4c87d6e5522,,,,
f161edadbdafb520,,,,
80734702f469a150,,,,
9bb7abf72e0e4bd2,,,,
5c0da8993aede962,,,,
7b1abdce99d7014d,,,,
4d5e857abaf7360d,,,,
d4ed653fbb4103a1,,,,
12f52f758249880b,,,,
cabc231520aa4009,,,,
4f999d15649240ec,,,,
7738c721d5e5d13d,,,,
aaa4dce11c92f373,,,,
bad9f576c137da22,,,,
5bc4d16f2a63cb4e,,,,
74f9af7d98507220,,,,
c1ef06f92bdad11c,,,,
324537b04a018250,,,,
5d273659fc3893d0,,,,
742cabd53f0ddd8c,,,,
b63e0a84ee9f12a4,,,,
3b57a529d2d49914,,,,
70bd2f2c191cddf3,,,,
56117e46d7b63165,,,,
57700345b88773e1,,,,
10419a963ac4ba28,,,,
ac616861b6c28101,,,,
249c6a081a404d46,,,,
9b0c2d88b3c16f5c,,,,
6dfd2c5323d99b82,,,,
16d0f75857916246,,,,
17820daf062c558f,,,,
fab2607e25a71cb3,,,,
fad218a478c4224b,,,,
2a8d9f8f1244bbb9,,,,
261259223bf0a8b8,,,,
b6388dec893f2336,,,,
2d9a0e82a1d38f29,,,,
5b76e89f571533a6,,,,
a31f2f60a9699c25,,,,
f8ca836ef9fc5f45,,,,
01b0c9ef3e2c2a22,,,,
35a3e8432f45c6bc,,,,
b2a18d9c06e51c1a,,,,
e3b9f96eb01fca19,,,,
c8d7c43a7e556d10,,,,
042704c76f38cd50,,,,
26a97ee438c932d5,,,,
82cc70410d4fcd00,,,,
650ec5b8ddb87aba,,,,
07fa39937325a18b,,,,
fed258d379d2b9b8,,,,
4c215dbd66763de2,,,,
bfe7b4308f961465,,,,
437482a6ed2b0358,,,,
6b64557538505f16,,,,
8cbb68ad3b46aaad,,,,
9df740d954accd46,,,,
a43c3b46a1fb88aa,,,,
9ca3153c11457e70,,,,
beb777b3e0b9ffef,,,,
dfa03a92dff27354,,,,
596c1812c6a9e12a,,,,
df9913528e6461e5,,,,
c5a5125773dbd0bd,,,,
8b32d5110e1c7c15,,,,
bba60aa39525d14f,,,,
239d185907551db2,,,,
d75fcd05674a3f96,,,,
3244ecd6ec613b59,,,,
dae4e79b506e0609,,,,
1900e8aaed5d4bf7,,,,
a537df5ce18a9276,,,,
0b2592fe3c753d78,,,,
5fe8b49e8a5bd83a,,,,
1d4b15728322e1bc,,,,
fa368514d89ee9b6,,,,
25502d4534cbf9e7,,,,
97d5a94b176ec9bb,,,,
ba0ff4709e0a5394,,,,
a7b66e2ab462c702,,,,
cee5d4b18183c497,,,,
b9b6697a8589deda,,,,
d686e807ca5811fd,,,,
fa106325f16038a3,,,,
31aaf646f7910608,,,,
6e70f5391ee22113,,,,
f5cb8f5b570c4806,,,,
ae5413df2043896e,,,,
e0f77960e97a2797,,,,
8f5051c94b696a8c,,,,
34abb86cdde05642,,,,
1ca563fc6dd4568e,,,,
2e2f0605aaa13a06,,,,
44f3d06b7c537da9,,,,
7e8cc3f4cab932e2,,,,
331a647e6c69a691,,,,
423610ec9aba8eea,,,,
0186bbfc7af4776a,,,,
f830169b61eb188f,,,,
fac1f7105c76d95c,,,,
63aa7f3023acdca0,,,,
d6d3c437da1e11e0,,,,
a2c4f8aa9aae840c,,,,
9583e42cc005c2df,,,,
4913f6347221fc34,,,,
81a7003d5fbae8e8,,,,
57d3eb79847a4df3,,,,
92ba28a2df5541b8,,,,
e1f8c31915e915a8,,,,
516a109bd416b3c5,,,,
f6dae67dca4356fe,,,,
0fa4fa88cc7c179c,,,,
e1726b51fb012ee2,,,,
90353ed5343a0b51,,,,
ba76c872974f6f8a,,,,
313917b2aab90fed,,,,
12f2692c55b7163c,,,,
121d08131f05aa2a,,,,
7ff63e81b0b627c7,,,,
cdf50198f0ff295d,,,,
88b277f138a24ca4,,,,
30dbdff5419f83d2,,,,
58bbb7371c37047b,,,,
08ac1d57b396c974,,,,
9967587929116452,,,,
51dd5d56685fe8a1,,,,
b1ab6dad91fed27e,,,,
0b4dfdf31ea1d310,,,,
abbffe136077b2b1,,,,
5d99f9686a780dfa,,,,
13bdd31b3e30ea7f,,,,
f9211ed2a2699b17,,,,
771f9979da246542,,,,
af929c904a48ff36,,,,
e4652dd65ef3b4bb,,,,
a421224a4b06fe8b,,,,
860bc59d31530837,,,,
ceb36eade0976d59,,,,
0820680c1437256a,,,,
d909a5d86959245c,,,,
5ee1232123bf7e26,,,,
4624db6ace8d34b3,,,,
f6c837802e2cc7a5,,,,
1f12fa0d03d748f4,,,,
9209a073da8ba91f,,,,
9a444fba66939f97,,,,
c9764ec06f3eab75,,,,
6c0247e6f39af31e,,,,
cc6b3285ad2475d4,,,,
5838f887e2eb6516,,,,
f2a1efabe4840159,,,,
ba8f2a62c35c864c,,,,
e8862a8b16a21a16,,,,
01b5b3fa11d97d47,,,,
58191d5e193d3b12,,,,
9b8e5bbe7ec3f9b5,,,,
7c45a73dcc2174bd,,,,
76d6bd77e2e29dfa,,,,
eadbc48ccba0f3ea,,,,
3f813f90039065a0,,,,
2125cdb6fbb66126,,,,
5f116b95ff63e747,,,,
38d3a7c613c19abe,,,,
ad1d3990c51066fa,,,,
89ca0b3a632ff19e,,,,
1afe047676a69659,,,,
bb24a52c9cac3c84,,,,
4245ea30be78f93a,,,,
59cb9299d02586f8,,,,
5e2174402519f045,,,,
bc935e9276d590d1,,,,
e90329a57d6270b2,,,,
2be499eaf96fdc55,,,,
f0af22bb300caa2b,,,,
04222f7e86b56a68,,,,
8827cf0e875ed1f0,,,,
9de2b68b95251b45,,,,
a417eb330fde7ace,,,,
9152b2c5e26dc093,,,,
b00f69a41ccbae6d,,,,
169507589d478e8c,,,,
2a9047537444c2e1,,,,
9b34c73d1a5ef867,,,,
0fae03267c97c563,,,,
7b3e1c27f788fe9e,,,,
c048755ec632df00,,,,
b2e92e977207b514,,,,
1f4f7cbb79aae58d,,,,
2f59728ee0c677e1,,,,
4f39a268d832068d,,,,
f0694045b90c4732,,,,
a098223eb8df9e60,,,,
bf1d6c7d6aaec98e,,,,
45a535e2b3ed9f77,,,,
fce96c77c3ed24f0,,,,
1bfd44a1045a3d02,,,,
581ee954fd9a43da,,,,
14f9129fafc5c8ca,,,,
17e52f4ee55dd951,,,,
c66cba4b9542deda,,,,
2239d763d3459364,,,,
b21dc347e4d68854,,,,
9841fd9d1d28956b,,,,
9dee73718fedad18,,,,
6d295d14a796ccfe,,,,
db19585bf817cf5f,,,,
800cc7e91ff9e7fd,,,,
95b4dd33ef7c489b,,,,
221d520db058e93b,,,,
5b04517a861c15d2,,,,
e7775ee26fc65b7e,,,,
d1cfc73c74865a82,,,,
5e2060fce0642bed,,,,
1159691520205883,,,,
2a89a16152ff4133,,,,
767bebaf9ceaf1e0,,,,
efb25d225afb0c06,,,,
70f4e04606bdd87e,,,,
97a321097da17160,,,,
d31a2caa16abc6a0,,,,
2abccb006135cd08,,,,
322afb940702f6f4,,,,
de39e6f482cd35a4,,,,
b1acadffcd26a80a,,,,
0dacac3dd8e60dc2,,,,
cf51bb05ab8f16e8,,,,
a6bfab9a11ac992d,,,,
ea30725b958ea0f3,,,,
b36b4754c8111a38,,,,
3589c47ba4ccb380,,,,
0a7f2ef9cd419133,,,,
547e044280550f7a,,,,
88e0d2d7b3fbdf8f,,,,
52d12c01ab7bab26,,,,
ad6c3ff8737f9846,,,,
34842da13758e89c,,,,
19e3aa4d4e858fec,,,,
06a6359763596db3,,,,
44b673a43f8f5a3f,,,,
e8001888313705f3,,,,
430d875f70eb2337,,,,
e6009f96fe543a4e,,,,
ea554a7b64767827,,,,
04099ad66cccfa9c,,,,
7401dcf87a510c61,,,,
e092059489f1fab6,,,,
1dbfe34dc9badb83,,,,
432ac1b276a6c9d9,,,,
da593a701fa8fd73,,,,
1c3c243435f8612a,,,,
6f8f71a1ca4f2a73,,,,
96dab489ba00b3a9,,,,
c3715ea4fa80511c,,,,
8ed1ea2c5ea52f66,,,,
e22972dcd33923e2,,,,
1db132656d0cc3e0,,,,
0d6a9ecd4da45a5e,,,,
94f83b5990a6d5c8,,,,
e8720c4328e58c9f,,,,
dab4276e8eef7034,,,,
fff7f24df1100e5d,,,,
639a515ab96aea58,,,,
d92774a3c33b39c5,,,,
4ebc05829369c92d,,,,
54a2847e0ab5c3c6,,,,
ea2370ee2b678263,,,,
b9efc764a69e7464,,,,
37089931f72dce42,,,,
30ccd980541c790f,,,,
55f81f8882dd5654,,,,
6ad04d9442ca5df1,,,,
a791c61859321d75,,,,
7ecd6455227e4947,,,,
7735e4ab988d6c26,,,,
88a766496ea6a3f6,,,,
c36396bbc6dff4e8,,,,
2d2fd784787aa48e,,,,
1ae78b24e7cf7fe0,,,,
15edbb05f4297b1e,,,,
077cd158e74266f6,,,,
fa6ff3078e7c0859,,,,
3bd51ce7ceaef4de,,,,
9b62f1e02a5981fa,,,,
5ea383fdf4bd8c79,,,,
56f1cee6b5692e62,,,,
99e9cab941835db0,,,,
78da2f7b8c70c6e3,,,,
76fbf0d0947d0e76,,,,
60e73236f9072316,,,,
86f9f9d21923b86d,,,,
6410716e3aa60a88,,,,
ac37d97217ee8438,,,,
d07f5670424907da,,,,
f370a86578d8cf1b,,,,
032c5897c9b93167,,,,
d34e8de1d9261fa0,,,,
bf6ac9f86fbac634,,,,
db8fd0eff198d74d,,,,
163fe0d7f3cbb263,,,,
ddad38960b807f3d,,,,
a7a036ea2c4b2e66,,,,
b11e433e5eeec471,,,,
f9c97e23e1761ddc,,,,
773a35dc56d90ce1,,,,
5d488794b256d58f,,,,
90a03311513394c0,,,,
be01e5501b8f7572,,,,
373e5eef618c18cf,,,,
6702db13659ea7f5,,,,
351c45b3bbdc0e48,,,,
7adc0cf46754947b,,,,
705ee8cb260e5510,,,,
7af1aac0af2e0fcc,,,,
fa5041f28e3a6753,,,,
40432394c3eabf51,,,,
6d0c64fe485b20c3,,,,
1d1efa6512ca96c6,,,,
9a06a8d35bfc34a9,,,,
12be61e3149d3647,,,,
e36d9bdd714e947b,,,,
6063ea29b1311ec7,,,,
20707a6e2ff55a8b,,,,
0d4f371a710b4b51,,,,
fd699717de0a88c1,,,,
d7d16ca3c2493ca9,,,,
4c3fa2a1a13710b0,,,,
d771f511394f2fc0,,,,
d6ebb713d760a187,,,,
cf8af67740603c91,,,,
a2da6ff7c62d6949,,,,
32ef8a7b5428a7cb,,,,
3b77886d4ada0896,,,,
2798235aa8bb41d1,,,,
84fb4f2fe1d2f0dd,,,,
8db76d53422b7560,,,,
3abeb96ab77240dc,,,,
ca8fa711ee2acc77,,,,
90ff53f610f3c462,,,,
8c6beba07c5e0004,,,,
5aa2a51cf3f20ecb,,,,
58f0b99218176861,,,,
9101130c3e0f0153,,,,
2defe201011f18de,,,,
0b945b014780b755,,,,
a72e9e8e40d36eb6,,,,
f94c3f68ebefb78c,,,,
f27122532b403c10,,,,
a747e06487a926da,,,,
e7819504877feef9,,,,
ba3902d92f270bd4,,,,
f7f141467260c3b9,,,,
23c472de810290ee,,,,
f5597db53e908a60,,,,
42895b69b827b1b0,,,,
f345a9011b98aea9,,,,
7bb9d75890e4cf43,,,,
4c1536ffbcfb46a6,,,,
b706f6c9884fdc4e,,,,
9f8d749e8dd1d7b7,,,,
904cf8cab8a73a39,,,,
5b7826e3c821ca1f,,,,
a181053c6262ae1c,,,,
dcf4c5cd2c74e4cf,,,,
c3c1a9e6701292a9,,,,
9e2afe7f8f1c8173,,,,
766d373d11d5121c,,,,
ed144b23d5353d8b,,,,
9174f7d7164ca906,,,,
c81652a6ec26dc45,,,,
8e5cab463a012a5f,,,,
3ff02ff40cc530bd,,,,
0735f23801ae99dd,,,,
9af6acffd9255f62,,,,
abec090f97107357,,,,
49bb138f234b8bfc,,,,
29e359d3d98021d6,,,,
b39e2b631bb689ed,,,,
8710dc772c1d67f8,,,,
3b6fa13566168109,,,,
547a5fe3551a8a6c,,,,
f91eb0ad009b02cf,,,,
f607b627772ffcb4,,,,
465b595deb412217,,,,
4b2fd7218baa98e9,,,,
ebe89d20004fede8,,,,
a3f3943b7b7a39d4,,,,
f8b1debfa25db646,,,,
becfc9470b446117,,,,
b0fc4ae9d1714f60,,,,
0275edcc981d30c4,,,,
ee38f9475ec5135d,,,,
89573f7e2acfabaa,,,,
5f3e5c5ba3d51891,,,,
f7be2ad822b22b27,,,,
aa01529eac2c1dd0,,,,
ae2eae1693a37159,,,,
e49f31879d2933f6,,,,
207b3dc68e128885,,,,
5ed6f052da9e2d76,,,,
0c5ca7feaffbe8a9,,,,
fc2009ba036291c7,,,,
f65d8f0801ed375e,,,,
22328d24e2dc44cc,,,,
ad69ed8ba51416f5,,,,
3ef6d3d6502603f8,,,,
2052fdd4acddede8,,,,
2b319d3b6e751677,,,,
ba05cfc6c0fe3ad2,,,,
569c69a30ccfa5ab,,,,
dff0487f567382c8,,,,
01487bc43bc22cd7,,,,
761f5b626f3fca9d,,,,
158584283955e945,,,,
5498273826e5a4e0,,,,
a64c858938456f9d,,,,
e680f1e8d40894e1,,,,
94aba4883ae2b046,,,,
f5f0fb8f74d68dd4,,,,
a9b09a71779f6776,,,,
92991151e796c2cc,,,,
e926bb11e34fd975,,,,
1cc6cb7d676b2876,,,,
c77d36aafba64e38,,,,
a048bab90c165bae,,,,
7dd1e7c2a93cce16,,,,
4d050476be56d0de,,,,
75f535add8362dd3,,,,
c858bd4dfda6fa1e,,,,
c1735358fc37aaa4,,,,
159f0a0f16d5261b,,,,
617b610aff8f9ca1,,,,
b71f2bc172cdcffd,,,,
231ef033cc4d4593,,,,
e25a396ccf8b7acb,,,,
be2b45191c457c54,,,,
acb22b156910994a,,,,
3327e165a7913743,,,,
430f80d532f12255,,,,
881ab9838ec1e872,,,,
2c8fab45c83568d4,,,,
d6517defd077b977,,,,
af8dd3bb3c66748f,,,,
c8c281932c8cab36,,,,
300fcbeae017765c,,,,
a7f1a46d2674e56e,,,,
18e456a57e6686e8,,,,
49c149864d531525,,,,
4d38d2f0055c1430,,,,
937dd3eb2cdb17b5,,,,
4ed370f974aa378a,,,,
7298a2257bf8aa83,,,,
94fcbfa5ec1a938f,,,,
c521cf374509d528,,,,
0a683e3dcd5b377c,,,,
3c95619853d19a6d,,,,
e826edfa4d530f4a,,,,
e17bdce9cf990dad,,,,
60e3cc1cb4ba0032,,,,
86e2f416f951195a,,,,
3c7a8a908e8805f9,,,,
bb093a5f83afac90,,,,
c1761b9dcf25d4cd,,,,
f257ba67552c2e0a,,,,
2f94f563af1bf0ee,,,,
880aed68eb84f713,,,,
afd0ed23f02b4c93,,,,
6ac955f651b766a9,,,,
5e76898d81eb01bd,,,,
22dff76dbd4f4ca3,,,,
fb01d5756ce23429,,,,
1319484a6e153f8e,,,,
83ce04fa48e61f22,,,,
9ba99dce3d46bab0,,,,
f4d60a5fa0f71294,,,,
a82fd2b50d9881d7,,,,
c77c43b58cabfbfd,,,,
e14d67648def3fe1,,,,
485a99fbf5b2db95,,,,
8cec962324be8d04,,,,
f6521fb7ba85e952,,,,
13b87d7bd35a0e30,,,,
dd9591e963cd194c,,,,
a43a6333a20cbfd0,,,,
77a5377b3d72ea58,,,,
a248e4ac68f9c691,,,,
1e0a6957b58cc33c,,,,
b11f1b2777678b84,,,,
fc1ca35c508e248d,,,,
ac9ce1d09214c47f,,,,
0e2e37d688167a54,,,,
ab5aef3371428960,,,,
6463d38dbc0757e6,,,,
ff9691171fa5c3b2,,,,
475726ee66072ca1,,,,
ed761f5dc2322618,,,,
ea91c39330121296,,,,
0d6a6738f6f8279e,,,,
e01b4abb20a7b915,,,,
692c34b0b990f2c3,,,,
0328d2676120ce9a,,,,
928fb0792a14ee4f,,,,
74af0c563e33c35d,,,,
602237d7925b7f0b,,,,
b447bf6a89f01082,,,,
8d1c1066c276b520,,,,
2abd46ed495146fc,,,,
1006578746c38f5a,,,,
8a33aa77a00c7ea8,,,,
ef6d8705e66c6ac2,,,,
6f9031dafa7e536a,,,,
b6e2448e76aafe16,,,,
dbc62952541a0dcc,,,,
478e7a0dc0bfa89b,,,,
d527d699b1766295,,,,
4001e2e92f140549,,,,
07aa282ef195532c,,,,
d03f841d506f2adf,,,,
7d96447d49b15e29,,,,
9c10e76498bd21cc,,,,
e2289c220aa49e05,,,,
d54fa284b58a8140,,,,
a03498ee4147ac6a,,,,
50a637492fb4b01f,,,,
f256664250ca2b37,,,,
9cf03c2f282d439c,,,,
fb428ef8e452a223,,,,
2cb835a63b4ec221,,,,
3d9080c4f736bf1f,,,,
fd262e32e2f7fbd2,,,,
f6503a5235877fd2,,,,
2a982b98203b3c3d,,,,
f67dc8bed67b4210,,,,
74b333abf3826d0a,,,,
53142c8dc2f5d893,,,,
59b813f80c82cddb,,,,
dbb40f8f61845aca,,,,
8336dba577e3862d,,,,
ab46d66c0884533e,,,,
dc31fcd45189edda,,,,
a50f66c54ded7242,,,,
3101054f3c51e474,,,,
17e6aae9633f2170,,,,
456ab25fe22a8d81,,,,
42207ca114771424,,,,
ceb499a10e0c187e,,,,
d9b3fdfccdcc6c91,,,,
d86e5c663840429a,,,,
b5c60a8eb406d386,,,,
0a3f0e0b4c4d4dea,,,,
63f36b0f75030063,,,,
59aef1f5f498d50d,,,,
1208b79f52e42c0d,,,,
c68247ec8431a431,,,,
6f7fdca1d50df567,,,,
4ff6db45e67cbaf2,,,,
270fa7a3ef2e4f24,,,,
ef50d31d84516aaa,,,,
057f42ef29b26d8a,,,,
bea81ec39f42f79b,,,,
022bc25acd8478c5,,,,
981a541607cb6033,,,,
cc18f624a47d1007,,,,
354bf3d3049f9caa,,,,
c0cffaf37bc05a47,,,,
32b28ccaf92701ec,,,,
192e843fbcb66f65,,,,
49896779999ddf1d,,,,
f0b6d743ee52f528,,,,
6180b78fa38d923d,,,,
ae7f088fe2b28343,,,,
4b10e1dd8cb09bc4,,,,
d33115d71bebfdfa,,,,
e13504fa30bccb23,,,,
26ef323352cd339b,,,,
498e8ef2149acfe1,,,,
abb809eccc64e9f6,,,,
e32d7e8a71ccdfe3,,,,
6177358149edc1f8,,,,
feb2e718a5fc2591,,,,
f25077a4afd3835f,,,,
9b81eaeacdaa8ead,,,,
6fa8befece7a7b36,,,,
4b04011e5b0530bd,,,,
83f8e38f0613ae0e,,,,
5b40ae78ba4c4065,,,,
b88724611da6cebb,,,,
9af6ab84ea5f7f99,,,,
e86eea9d3aacc622,,,,
4fecd09d642f013a,,,,
0b7dd07556ddc47d,,,,
2fa13245161b4970,,,,
4d75bc7caef0c063,,,,
3f3556e82c58a66c,,,,
54315e3e73318d0a,,,,
8dfe2280a9e8b375,,,,
7cc70e166deac901,,,,
42258850c0d64a50,,,,
f1a5c727c152145e,,,,
141223c23bf50f7e,,,,
1c5085c7e34b2297,,,,
af7d6f77d34a5e0f,,,,
bc800cfaf337664b,,,,
6dc6e6860a011fa8,,,,
ad1f366be6c14298,,,,
3651c8d4fbb11f01,,,,
93f331d284c7c70c,,,,
b47165ba1cb83e1f,,,,
af4c7a81a3d64e04,,,,
2f6448b717782ae4,,,,
60cef4737cf1739e,,,,
e0a68c27e97e0bb7,,,,
1d233e89754945a0,,,,
962b3e62c04ddbaa,,,,
98b11623be9c8363,,,,
fd468cb387e81527,,,,
2501c2f7871ea5ad,,,,
37084a4f837f0abc,,,,
4635ef0c7d0928dc,,,,
32f8bd06ca2782d8,,,,
d91e7cf5115d4af8,,,,
ccff18cad08a49fd,,,,
9f4c95afbe7fa236,,,,
ab7d8841df58b33e,,,,
dab45a36f188e102,,,,
8d7c8b0ebf5255ca,,,,
e0e65e1aa9650ac1,,,,
ce73b23e95bf3bc0,,,,
6984a363fd34164e,,,,
48bfdef003693b84,,,,
3846e006909e28e7,,,,
320d74888cbbebeb,,,,
4f8188f6f80c450d,,,,
325846a4f79e6403,,,,
0db87e94637af48a,,,,
565624308ffbbed8,,,,
5b5cabacf4d36e09,,,,
20b393eed154def5,,,,
2f390e4fc5f5449a,,,,
8a20591e2d5d3f8f,,,,
8a43cf715ea91231,,,,
e1ca5c60ac86882c,,,,
f9b71475c4c4e53b,,,,
7abefc562a965761,,,,
7ea6f0a43d2a1240,,,,
4a087ce2b138fc14,,,,
343cee041af08173,,,,
102ec78e676533e4,,,,
2b59c603efab668d,,,,
2d2b431bf34dd3a3,,,,
ba85d708db1f6be7,,,,
072bb9da63698551,,,,
c058f3936897815b,,,,
5cc9639ce17756f7,,,,
f7fc9f7065ef9c3b,,,,
ac8b34df74135af7,,,,
93b23e703ba277b5,,,,
0ec0d5f1f74c2177,,,,
da8c4cd6a0858d30,,,,
7349f81892d063e9,,,,
866e96a5cfb576c9,,,,
71e168bb87877715,,,,
60ccce3bd4e2337f,,,,
eebb2ef7e4909c6c,,,,
9a77dd1c23024eb7,,,,
5f69373c0f6af72f,,,,
4fd1c55df097f8d8,,,,
75282b7355260477,,,,
50805411f33f8cad,,,,
cfe6fd77a1210031,,,,
6ceecf3a509cee40,,,,
7146e9af5886c406,,,,
53ab28e72bec15cc,,,,
d70700801f81a623,,,,
62004021f5bed20b,,,,
770163a7affcbdd7,,,,
83e182cf9e564114,,,,
632eb68756d67085,,,,
40a60c668a29876a,,,,
64b5a0575932ba99,,,,
25dde93e9a1a9e1d,,,,
c0ec1e1e2be9fb69,,,,
bd2a99c3aaebfa54,,,,
35973c54a036638c,,,,
f1ab1702acdd65b5,,,,
c1aaf2a5488c59ec,,,,
523f154efafa1dd2,,,,
ead00439a36f48e7,,,,
477a00dc9144e3b6,,,,
ebe7ee0c1520cc2e,,,,
3dd34fa489ab15aa,,,,
7d52702c25c97438,,,,
6e4a8f784efb26bb,,,,
5425c5bf5e547ed5,,,,
8e2b42da084b34ff,,,,
51413548493cd78b,,,,
f6de340642d13cf8,,,,
ec747b220d69822c,,,,
94c3e0aba2f944cc,,,,
68b1852086de9920,,,,
e12244a169f34e5d,,,,
f93244c847826e1e,,,,
474c4341581876f7,,,,
7a02df85606cb47b,,,,
40332f934ab710dc,,,,
65108c728cf7c408,,,,
857f1bc964c2c891,,,,
e69674f6060cdeea,,,,
5c67a408b7d90b4d,,,,
a00e020ae75cdd20,,,,
d3b6a0d9c9de77a0,,,,
7ce7530b16873f05,,,,
8e7bd51854e5ca62,,,,
e7935acfb7ef1c59,,,,
0668fa7c32cdc1af,,,,
2026bb26cf6e0f0b,,,,
05bff0027fafcb20,,,,
e6d85b17e124244f,,,,
d981ee1ef3efd42a,,,,
cdf206ccd55f7af2,,,,
fe897ae5ce6f1662,,,,
e3c9ac1fd6d13c33,,,,
261fcc8651c12bde,,,,
bb0db0ff99728a0b,,,,
a3e3f1357509b885,,,,
46d5b686cc96ecc8,,,,
07d59e07092148a3,,,,
5ca4d8113f6d27e9,,,,
9a802cda5eea49c7,,,,
332f359edb34adff,,,,
b22e2bfbb58c8553,,,,
775f09eea0c53e96,,,,
10085e198a194086,,,,
205eecce008388c7,,,,
ab7ed02a6bd4111e,,,,
273973646b90a236,,,,
74c8e359785e428f,,,,
959bcc2750a04adb,,,,
121390046230050f,,,,
ac1a183c192a7c3a,,,,
ebe92075e3639d6d,,,,
ca5399ffcc6d58ba,,,,
acbca711dde950e8,,,,
eab13126c076b3f4,,,,
643634b65b5061ef,,,,
e2388dd30c08306a,,,,
f57513bcaa661d9e,,,,
a9ef083f4c816daf,,,,
cb718709a9361336,,,,
62e0210358af5742,,,,
6c34ed2be8b40c93,,,,
a8f6e5405c6ca25b,,,,
9915f8559d05b1d9,,,,
f651a3982157b305,,,,
2783bd84b1d65a63,,,,
0151003681bb103b,,,,
3a605228d606a7c2,,,,
7190838a11ef710e,,,,
0a92ba2d8df652ac,,,,
b58adc37758173d4,,,,
5b51bbb28b5bc44b,,,,
b48a7e7449922f08,,,,
8f70f7f35b8c1ba9,,,,
d3397996b1e80e42,,,,
c9b8dac709d16080,,,,
afa26c8fc0361124,,,,
cd047158e2784fd8,,,,
a6483ebbd4d414c8,,,,
55656c825e2a371a,,,,
b5544ea9f37087ba,,,,
1b2ef9de14c9a60a,,,,
577cb3392926daab,,,,
95ec3f50c296bbbf,,,,
c9b9fdc54d93f5b1,,,,
761fbedf3ca5122a,,,,
d6fa2e5accafa9cf,,,,
bfb2b4ba84d333bc,,,,
bce7e3d9dac8d27f,,,,
0215f271651ae2b6,,,,
9907ac3752134178,,,,
6e2c76e303a8ac31,,,,
928cc5e769a601a7,,,,
41ef4ddd5a372db7,,,,
4bfb71855220e74c,,,,
b417ca9e057b580f,,,,
50b590eddcbd30b4,,,,
b2a3e82ba4ca4d10,,,,
68bed78321735d3a,,,,
09d903d39e2a7d0d,,,,
a19c43a5c1d890c7,,,,
b41e59d0cc127032,,,,
4258d722a2fc2074,,,,
6ba0d82b9aa13f84,,,,
5e3a5022efb0469b,,,,
e9e7069cba34dfcc,,,,
1808b2a12635a8bd,,,,
5a7fc1a9716b002e,,,,
2515ac61f8fff42e,,,,
316fbae4bc859579,,,,
e0a48247df7454c6,,,,
f3db3bcd5634ece9,,,,
56793fc30731d59e,,,,
fd4579ca87daf7d5,,,,
6e0bfa9ea1a585e7,,,,
8d1c188ac16ce066,,,,
5d95058a26a50e1a,,,,
1426b181f1381f99,,,,
bcecd1f7f233c18e,,,,
6a1007e897ceb2de,,,,
4585b2df9deece82,,,,
d3efef4790a12746,,,,
b0d5fc2b585bf6b4,,,,
5cf84ce277f9616d,,,,
4e0e06b48678daab,,,,
379cae1d48d779d9,,,,
86fd6d72de3fb7ec,,,,
9768ade56c4997eb,,,,
8aecbf0cdc2b2641,,,,
88906571b94eb99f,,,,
c7af84f07c0ed13f,,,,
d189eef2e2a6b805,,,,
47bc2f463f036780,,,,
4de15c48766b00aa,,,,
d8f46e06ce7de71e,,,,
2e01c7c961a56066,,,,
905171267af95287,,,,
436f7e2c06eb6f21,,,,
ad901b5e252917eb,,,,
87109cc6d57ff2eb,,,,
85d9f5dde83d1426,,,,
74859251cee17413,,,,
481d34d00e7eedfb,,,,
fb18ba190e18a05e,,,,
f8e660388388b222,,,,
69ac1a9b377d00b8,,,,
8305a0a50eff482e,,,,
fbe8fa498193772c,,,,
4bdf2f30563cfa6a,,,,
ab78400e98e3a940,,,,
b34f59bf371cc3e3,,,,
e524042217d5e360,,,,
4d17715b5805d6d8,,,,
d7827d17f8097b82,,,,
906289421cdc91c3,,,,
f11feaa38a5fbfe2,,,,
b0cc40a7825b4ae6,,,,
a8c7f25fb01bf36a,,,,
e596e2a171550032,,,,
fa1bd526b78b50cc,,,,
a601e7691d925b7d,,,,
823f8f9614406c35,,,,
0425361064c9964c,,,,
a3b005cbad76fdf3,,,,
fbd79e22fb9bcadb,,,,
663f099b84d43d04,,,,
5b7f6e4b273e7811,,,,
266ba32fb77fdeab,,,,
3a5594f6b9950ce7,,,,
231e55f2ac2fa19b,,,,
c76b886ab7928753,,,,
b386630edd920a4f,,,,
2b8c49805a85d572,,,,
f1df166207685220,,,,
f562414521c92c18,,,,
a3a9838ca2174892,,,,
12946aaf26f7bf5f,,,,
9c6c2ce3cdfd82d0,,,,
e0ce9e4f056b6141,,,,
d09e15cffbf9c609,,,,
0cfdb19052a7d8f4,,,,
0d418c04e7c9e406,,,,
579aa0565c5cfd96,,,,
9b42f5ab38eee7a3,,,,
a996fb556ac8b165,,,,
21c60b9fd5481578,,,,
b5b8eddc465833e5,,,,
2357db55a1b1496f,,,,
6aab4d09ef489670,,,,
250ede3fd9dbf525,,,,
fd7fa51cf2e160e4,,,,
defb3c098971b950,,,,
30a703505d48a20a,,,,
b2af7172b2ee7e42,,,,
3a023463cca1f6da,,,,
1093dc3dd5afb26a,,,,
039ac33773a8fb5a,,,,
57d867e094b90b88,,,,
87c06c8a2793b9f5,,,,
c910eca253e46239,,,,
95248e5f9975e67d,,,,
ec8ca8efbc0f5b4c,,,,
6ef00f6369eb6ae6,,,,
038f62eb741ebe5c,,,,
b006ae35d20db712,,,,
0e33fceeaa0e5312,,,,
5e2afccfe024c5de,,,,
288faaa7456e8e7e,,,,
fb985565528b4eef,,,,
b823729c61246f02,,,,
b588e25e7547961e,,,,
ad248cdffbbb9eae,,,,
0127fa55d20b49ac,,,,
cc10fe82d8c964de,,,,
8c8da1208449d21b,,,,
eac6e217862e57b5,,,,
25f1ceb2971eba47,,,,
b4471a5ac21ee346,,,,
3b911e5cdeb087d7,,,,
499052fe38f67c43,,,,
4536ff030bdb4437,,,,
4f98660e057abd48,,,,
2e4559cae1f8a20b,,,,
008057e09cdae40f,,,,
995d1edcc3af7d75,,,,
67249685ac98e43b,,,,
0961486b1ef27d1a,,,,
d35891f05941832c,,,,
5361b478de5f0bec,,,,
914f60c36db453cf,,,,
04dddb184468c81b,,,,
d3df23ea91499a83,,,,
e6418252369d4ecb,,,,
76d86dc9f3de0a6c,,,,
a6729a918903173c,,,,
5670d80ffa00364d,,,,
c315f9f954ce7cb9,,,,
371d654de916a366,,,,
f6581b8c1069fad8,,,,
f94626168cb39de2,,,,
9703e4e40ac28a1c,,,,
f6ee3fc46a20196a,,,,
9c467f863ab27880,,,,
b655f445b9c4a100,,,,
0830bc6151f7c312,,,,
c1afbf63e975635d,,,,
bc5e88ee39f55913,,,,
38231bbba06d74b0,,,,
4b2eba68bbc828c9,,,,
4bc7b950dac49dab,,,,
3e9e28f5cbd6fc57,,,,
2330b18c5628fb0b,,,,
f1676c25c2593ff7,,,,
e8995da76210c44a,,,,
a36908f36e07cf44,,,,
ae7224feda94dffe,,,,
0415788aa1be3453,,,,
cc2e59b1fd95bec9,,,,
fcfc0af9d185258a,,,,
815b7e4d659866fb,,,,
1b84543ade953b5d,,,,
599228b2146812d3,,,,
25a493addb50dca8,,,,
2f32cf90e92815fb,,,,
18b0d86a7b1cbb40,,,,
1e4c7c24a3df32ab,,,,
a68b42e0b173a1d8,,,,
2ab65aa17836a797,,,,
f685eaecc3c3fa16,,,,
8b04d2d1cb48dc57,,,,
f6170ba20b393846,,,,
6f24e055f7d8b8a1,,,,
8f6dea756aaa28f7,,,,
72fb89226a2fcb7e,,,,
bc6f39c9007c4341,,,,
7f1ddd07a25d54b2,,,,
8fd483313231ea85,,,,
580c53128788afba,,,,
527386ee3d9b3390,,,,
92e91aeece2ada3d,,,,
16678031f67b33fd,,,,
7ae8687f9ef223c1,,,,
89c78840a9468f5d,,,,
a927be7cb35eb2db,,,,
79d24901b81aec64,,,,
2d3ebe0f5f8e5da8,,,,
9a8693a2aa89942c,,,,
87c08b92e5c49cb4,,,,
c6e4190d940121ad,,,,
114b75a9a108e2ac,,,,
ac1cdab2edb60ee5,,,,
f809ec9fc66700b5,,,,
196ec92553ebf003,,,,
2308a99d81248bf1,,,,
9a183a82ff7c8eda,,,,
01f488ad16df3cce,,,,
ca31d5efb6e1047c,,,,
8da16fb829b1c221,,,,
3e0079b38b29db93,,,,
ba36a16d07bf828d,,,,
b130fd7e68a6795d,,,,
94c77e8858f0e47d,,,,
b21b04c056cc16fe,,,,
6c1f12aa5665d54e,,,,
febeadea2f1a9a9a,,,,
d151d394c510c5b5,,,,
b326e835b06d793d,,,,
96feddd41d61e798,,,,
8f026e52cfc6c6e5,,,,
5c4c96e6e0d91554,,,,
ad0c9acf9769d42d,,,,
15c798c8316d2add,,,,
02a516548e4a6c81,,,,
ec7bb13c3dfba85a,,,,
c820fa2d1be850f2,,,,
522010d19240f221,,,,
b1df453a6852b613,,,,
2fd0620519864e6f,,,,
59957c448ac8837e,,,,
2214cfab24fe4ffe,,,,
7aad202d0b19684b,,,,
03c987e4c03716a4,,,,
2e57418da7db89a3,,,,
a3c836dd3a8a62e1,,,,
2e51d9292870d82f,,,,
956be874ccf57392,,,,
4188bb41849d3e7f,,,,
82d7f209afdd353a,,,,
8024a51e74124f85,,,,
28141780093d44d4,,,,
3620051947fe4221,,,,
ed5556373afed5c6,,,,
762a6a4de94bbae2,,,,
393f8bf998e8bdcd,,,,
8b77c72495a00cde,,,,
824f874d9a418e3e,,,,
b7267e001272d77f,,,,
d72f4ceca24ac4c0,,,,
d86e405aa24d9d4c,,,,
03ec454a60cc6433,,,,
e27357204a5b7c8d,,,,
1a90c42676da7707,,,,
87ce797badf71315,,,,
cc02c9563eb83e60,,,,
e693d303aed92e44,,,,
c32fb7a955ed06fd,,,,
be1bd70ba612a5aa,,,,
ed8193f23a2be1c1,,,,
1f50d03e8d711dd1,,,,
739e4a21f9d6e921,,,,
46c8378e84e64a01,,,,
cf551215c16f6870,,,,
6c68d1f2f005661c,,,,
f39495e486b7d5ad,,,,
ea61e85c374de4b1,,,,
3f78e41373b54717,,,,
09a4eb3b74bf415f,,,,
942da9110bbf92b3,,,,
1d75866d85eed4bb,,,,
1f2a5cabd8336b0f,,,,
829b8f146fcfbf75,,,,
55b1286517c1423b,,,,
d5c045fa9ef03aa7,,,,
ff47435069d4170a,,,,
aebc555eff15773f,,,,
1729912998506fa7,,,,
f3c9130847730929,,,,
9e239324304c2c83,,,,
93a1ec7dcdce36fd,,,,
0d8e5869d3a109ad,,,,
2014c6b9d2ea9b00,,,,
8f87daa152694a0b,,,,
3ad5d42e68c474b7,,,,
84c155cefea16566,,,,
825d40c9c8703ac7,,,,
c4106065d0e745ed,,,,
bc961a73ec85f2fc,,,,
c7de44f3390fa068,,,,
cbd7f5512828aef5,,,,
7e37a54f280c0dbe,,,,
b793b5810db45ae2,,,,
f169747143ae5815,,,,
e57df0859dd11419,,,,
5ff2d2f7072bd873,,,,
275c54b7f7ad8cf9,,,,
4ac3a3fb82afcad0,,,,
e493549264173f8b,,,,
8d3ffeaca2aefe83,,,,
afa1c3308d561575,,,,
fab1debe9ccddadc,,,,
639a7e7d7018cfd9,,,,
b38087c69b4321fa,,,,
fac2943d1ff1a7a7,,,,
1b7907d10ce23abd,,,,
5964dce7f6294d9c,,,,
c69f3ac8337f3fe4,,,,
1df730a34a9a57b9,,,,
20393c5375f7b620,,,,
4eb70a0f88e36266,,,,
1a7f7b50088380cd,,,,
486869ff69fed2aa,,,,
031074deabedbdfd,,,,
f58fdcab42b8eb12,,,,
32dc81b309751c22,,,,
c6f55c481530344e,,,,
8fe4b12d13b83f06,,,,
21d9da06ed41730e,,,,
b7365a8ba472e6d0,,,,
27f8de8bc85279af,,,,
122f53acc755565a,,,,
cc9ecf856fe527bc,,,,
2c4cf10fb916bf14,,,,
61c973d81abcd40d,,,,
ef8bea38040c7aa4,,,,
ae3200094da19d71,,,,
eb22a147c79d511b,,,,
8f4f62ab8589577a,,,,
e0a782e0d781f897,,,,
8a1bc9fc94fa2c1d,,,,
1ed7ee2e260c38fc,,,,
9a9503077f51e6b6,,,,
fcca52effa90c0d2,,,,
1b91cb56aecdb808,,,,
80b56814a055fb17,,,,
4bbc8996d28b21fc,,,,
dc8c42650c2e6771,,,,
5253e11729358494,,,,
3143f3edc1291020,,,,
cd12d30014d7a2fa,,,,
64406f28c5a5488a,,,,
bbe2e431f7bd8feb,,,,
c44629e506b8182b,,,,
975257af6052049b,,,,
cb774fca03b5dfd6,,,,
7098f977179e2497,,,,
b6795fac02325c55,,,,
cd82f74d9500870d,,,,
c1edeccbc8c7ac99,,,,
afaf43c8e6359114,,,,
b9b42f21fc8e185b,,,,
2a376e527fe048a5,,,,
b826b501d5acdb05,,,,
f8e0c862ca623b0d,,,,
754b06b21ef8e7fd,,,,
121b7b073e2eb1d7,,,,
339a7de9a4981573,,,,
741cf876403315b2,,,,
3ef9374f7ccad778,,,,
df27a6728efe0c04,,,,
0afade1446bb6ed0,,,,
b57aee4a291f8459,,,,
7aa36602afe8dbdd,,,,
767d6e3a219f6a1f,,,,
ed18fa8d2e027629,,,,
013c27a1527f3d4e,,,,
3908f7816ce29d51,,,,
687c9f77738b922b,,,,
70c32aa67e106171,,,,
dc79631ebbb58485,,,,
4eb35d7496729264,,,,
4854f792106f0bff,,,,
fc703953b49be91c,,,,
59c93173c4adb5bb,,,,
df22c69619715a21,,,,
12dbcdf324f5d1ed,,,,
80662fbf5e73da1a,,,,
05874683d1fd6aea,,,,
9606566215059b6a,,,,
91e0702141f5fe8f,,,,
a5c44b42343dcfb3,,,,
458e4f246f0861e9,,,,
d4af1936ded5425d,,,,
b65ed399091d67f6,,,,
b806f784f5f17c55,,,,
6570538db9e1287d,,,,
8ecc5f2cf3330a69,,,,
1392bc02bbbe7318,,,,
9c7a12c9c1923adf,,,,
9aadc17ae7ee8532,,,,
04529596b1a38e1d,,,,
cb64a3c7ad1b4866,,,,
74d91db20925eea4,,,,
a91e3112df86e2b2,,,,
db2a048dbf9670be,,,,
78ab9810ee268ea2,,,,
3e19843d8aad9246,,,,
8644f415bad1d5fe,,,,
c8671304b5187a7c,,,,
11393b646a773fd6,,,,
2a079636876903d0,,,,
87c37620a5fcae3e,,,,
8165935f22956d75,,,,
6e9ad968733d4d42,,,,
3ad83ede8a6f0dc4,,,,
5f4b732e6d2b8f44,,,,
e96614b0863bd123,,,,
4ac13ae6f8c320ab,,,,
ea3ff7d094887328,,,,
e59d3122a68eb7f4,,,,
df327c640ed95a15,,,,
022e0f3ce5be4744,,,,
46ce1c2653617f88,,,,
5e849a5b18131025,,,,
ab46da04fef759bc,,,,
efebc4a2db010c5b,,,,
af5d3b64375a5d08,,,,
29213ec940546266,,,,
ee6dae4d6394835e,,,,
2e3bea437c891b87,,,,
0bc840c2c20feda7,,,,
53a04da18990a5e0,,,,
56854ffa526f278e,,,,
9383d0d0160c8c88,,,,
38aabc0857718412,,,,
551c03c4de8f4c9b,,,,
db37a6e904481456,,,,
6941f1b13ad2669b,,,,
8f6bdd1df52eea9c,,,,
4ed3d186cd474dbd,,,,
8bb6409954a8f6ba,,,,
5b8ae760d1586387,,,,
2e531796ee2a0287,,,,
e307b0e9e3393b5f,,,,
90fecb8ae94c7fd7,,,,
970ea05fba3ac5ef,,,,
75e6cf63473841b5,,,,
e4f71344b31b754e,,,,
1db1667a2d36c9fe,,,,
e0784483107f4b3e,,,,
5d3d4f33e837abd8,,,,
d488d16a02153ecf,,,,
805217ecb9a79b15,,,,
3ed6e802238d3782,,,,
2333a9891cbf2b6e,,,,
169c30da853b8020,,,,
9b8c58d8bf8b8eb2,,,,
9ca654cbc64006e0,,,,
296c145165961617,,,,
e3c02d24d479781c,,,,
e1a8d2d8bdd24507,,,,
83d1196d1922ca26,,,,
b4ab0672d3c3987d,,,,
a822bd61e9548f5a,,,,
36f73c6e49669dcc,,,,
a09bf4ac062f7d4d,,,,
94d35c4b32d5547f,,,,
44d3e1edd1bbb07d,,,,
43f4cd436b2d6dba,,,,
a2b42849fa110e24,,,,
6d044c51bc9056ae,,,,
4e09102b7574383e,,,,
7d9bce4381833976,,,,
60b12820d028be06,,,,
cb3728b2484b701e,,,,
b87bf0402aa2cdb9,,,,
f41468897588910e,,,,
8321386d393aade2,,,,
74a201d0c720ace1,,,,
0a351f2418901233,,,,
fec83d04707c11d5,,,,
a786b4e90f413c0d,,,,
389286e88ebed476,,,,
bab5112dcabb49f3,,,,
85d812f5c2c42b19,,,,
7247d34aa1784db1,,,,
5104ae99016a1246,,,,
aa66a64d09ad0edf,,,,
ed00a460d5d31e5d,,,,
4eb4f4c2d65c3656,,,,
320c3e808f3c19f0,,,,
cbb02b2d5bbe56a2,,,,
1b5cc847aec062a6,,,,
13a1113e5fbe126d,,,,
2b6b6e72363560fa,,,,
4dd6cfe3f75bd53f,,,,
ed9e6456df321d86,,,,
e9e98a59abe543ce,,,,
95b61850df231e83,,,,
1ded963150b2bd1c,,,,
824b79da9ec004f1,,,,
e80696d56a4d4b64,,,,
bcdd5e9770438ef9,,,,
f6cf64499d78f28a,,,,
8e6c96c1b9aa886e,,,,
2cc7cbc6ef4b1e4e,,,,
2e8a20481f4a1b45,,,,
e48595d057503b07,,,,
9823f2534368c653,,,,
0179c7f35b5048ab,,,,
cf0fcf513eb96611,,,,
633bb487902e3623,,,,
12d35d5158df00f0,,,,
57ce0fca3c07a0db,,,,
a3c2227faac98a98,,,,
983fc19a9719d9e6,,,,
826beebbf14fac5b,,,,
e09f13ced3f6f75d,,,,
c4abd1f6f9a49626,,,,
c181a5ca53de01ba,,,,
0440aaa785badd00,,,,
1ea50615fdc5c307,,,,
7baea49216cb96a6,,,,
11d12ba8924fe39c,,,,
321a32acf45895ab,,,,
e20af3da05a31fad,,,,
3ebf34aa01822259,,,,
afd21c02dc5dac2f,,,,
84223ee6797d1825,,,,
75a211e6533e59d5,,,,
80cde88d167eafd8,,,,
25daf37d81ba6fcc,,,,
73e28c08709e6164,,,,
8c2ce1745b54decd,,,,
9ac583bd55a9d886,,,,
33144a03ebc273a5,,,,
b45e5cc7d60cca6b,,,,
5bc1f93dcd0efe8b,,,,
43e4a55c5d2967ea,,,,
ddc79686307db56d,,,,
899c0d0aa757300c,,,,
30b3cde57226b8b0,,,,
03283288b8187a57,,,,
8d5b6739bc3a66f2,,,,
943bba95d3fc3315,,,,
a6970c36c9daeb22,,,,
7367ece6b4e85e4e,,,,
e1033d7a50d7ca4f,,,,
95f9f3e37dfb36ec,,,,
0c364c07b14a0427,,,,
e86c8993ff37ab5a,,,,
d2cae2dc4db17880,,,,
4080a86bfa1bd212,,,,
42924ee93b6d96a7,,,,
b539f987723f29b7,,,,
527b1321ea2ca3d4,,,,
d06c726d1b603d31,,,,
0a8764e1c87bfacc,,,,
add8974629e6a78f,,,,
7e0de4be72129091,,,,
f57b90f3710ccdca,,,,
71db2b2136cc7827,,,,
975c1d31a15620e0,,,,
5f0dc6bc7a4b376d,,,,
4ad26247911425f3,,,,
33b84c39d48ddcd7,,,,
6f498bec5d84b6a3,,,,
6024693e11848835,,,,
fdb702ded1fbdce4,,,,
af2fe6389c6a2570,,,,
73fe03d3dc6bcd36,,,,
0bae01c1881576ac,,,,
5bdb7e0053763aff,,,,
82719b0ceb89de07,,,,
e8632f7193ebc994,,,,
287cac0257483e96,,,,
f081bb2411a82aa2,,,,
833812f03668f54c,,,,
59eaeeabdecf6855,,,,
e13ef10c42b1d6e2,,,,
502d663bcb3a2bb2,,,,
65ac35e815602c24,,,,
8dfde00ac402ab4b,,,,
aacc7731c1f566ed,,,,
edb65a789561c29e,,,,
d1a0e9e3773f885a,,,,
7d0a37369ff3cc41,,,,
0e94b128bdf60568,,,,
be36c5a844197f9b,,,,
7fb7bbc3112e1b28,,,,
d5ea4a7675e113af,,,,
13878cde1f57b2fe,,,,
664311922a3343db,,,,
cff96f21c8b827b3,,,,
eca61e0177fa3502,,,,
7e5704354facd318,,,,
562d6e8afd0ebf94,,,,
13aed7e48cb15d3f,,,,
5a87e597308b36c2,,,,
0fe4e6c1ed19ce2a,,,,
5c48ee610ad07835,,,,
af5b986dc56ed056,,,,
371723d287163298,,,,
1a845d4e30f21057,,,,
c4bc9480afe49e26,,,,
6c3a5f95d6bc96ff,,,,
613f198456d6bba4,,,,
871a2f169de7058f,,,,
e8f7c1a8e84fa819,,,,
c3506de7d6bfd1f4,,,,
918202816f22e1d7,,,,
4890627f5f148aca,,,,
ea48242fdc1d2ade,,,,
e9a1512844bc1d12,,,,
c1329df8ec314929,,,,
4038a4a96866e93d,,,,
776f94dfa1a42b46,,,,
55aa04b667ecc21f,,,,
2ea942608a86eac2,,,,
88fb0f8ac3942a92,,,,
9c5290fa490a3218,,,,
a104a8119df02dbf,,,,
9743677ef11dc577,,,,
ae12696d036024a8,,,,
f7d470adfb5b5e73,,,,
59afb5d98c18e0e2,,,,
b3a26a4bd55c50a9,,,,
41b0386bc378cd9c,,,,
4d74ac8d798b2a02,,,,
08fdbe214f2b371e,,,,
42ceac9eaffdb42d,,,,
12d5d2729f48269a,,,,
eea65918075ecd5f,,,,
b0f7acd7a529c6be,,,,
c15538ca5142f05d,,,,
5f82979ce6f30335,,,,
ba2e8167e0c2c69c,,,,
0031357f6bbae101,,,,
b42f6814e3359c0e,,,,
d3bcc7c76c26d18f,,,,
8b67c1029e0e2781,,,,
998f3bf734c87ee8,,,,
cb9b905955ed06ff,,,,
7dc6daefdf5a1447,,,,
452ae99d01e29c70,,,,
76e12f877e3205fb,,,,
ee2d4d51690220f7,,,,
c0e982f2309f414e,,,,
9cf6e76f4ac3014e,,,,
b5495e713eb66d54,,,,
7042fa16f02a68a6,,,,
5118d0aca69082ca,,,,
a9eb48280aa68034,,,,
ed3bb0456f4caf7e,,,,
b7f286dcfa54313a,,,,
59206f4a99c89cc3,,,,
fda19cd732383ff7,,,,
60ff6e9353d9a4c6,,,,
65f3f652fb3b8b93,,,,
872ff65495941371,,,,
4407b8d5523ed33c,,,,
cbaf3b3f55ab47dd,,,,
664a1ab17a45d3c0,,,,
7548597bc69ad478,,,,
90625fc3f84ed027,,,,
cc07c1dccac99830,,,,
cf06eb215c137692,,,,
08aa08670bb17c0d,,,,
93e91f730099643c,,,,
76c0ab9d5ee239f6,,,,
8c563d5cc76f79be,,,,
a58b55498e2cf15f,,,,
21517c00eb21bf01,,,,
7bbdcf447875b4c5,,,,
59dfc11ab540f141,,,,
4bd4806dbdc1995c,,,,
843a9325be7dd6e0,,,,
8cc7376b0c8f41dd,,,,
a7ac29f3db27e8cf,,,,
d546d584c58ac7b0,,,,
aa591e6c53dea414,,,,
c452e4728d7c4615,,,,
0b82a124db7bca18,,,,
7cb770f2f563be1a,,,,
c23a340f6cc40b44,,,,
65ce91b2aa72635d,,,,
222413b2637c8ac4,,,,
4c99d10acb037e0e,,,,
525a47288bc8bceb,,,,
50db12d1dd33e44d,,,,
aa59c21130d775d8,,,,
33ddfcea1abe9cc2,,,,
4fe23f7ad9bd3151,,,,
d9a24418515743ec,,,,
20e65158672064c5,,,,
67fe6508529fb3b5,,,,
298fbfeb4667e399,,,,
d131fe2b3a46a6b8,,,,
3409985573a7d095,,,,
f85da0f356642bd0,,,,
61dce5b5d0424f88,,,,
8f1962c74eb3e23b,,,,
932eb2bfffa80ac7,,,,
18f0449c138b603d,,,,
2dd8a6542afc6da0,,,,
2ef3cac1e06c4bde,,,,
53f83ce691ed1fb8,,,,
c82fe6c9c6584156,,,,
a30f725eef5b04e2,,,,
a33857ae34113f89,,,,
768b31bc738aab12,,,,
7403c1f971f5eea6,,,,
282f3dda6d82d464,,,,
b7691e5898a3602f,,,,
a68e9a090c300009,,,,
4e62c1fa51c59c06,,,,
bcb91cf06fbac002,,,,
afe27a8b8187fa20,,,,
e46194cac4344985,,,,
36bff9faad747116,,,,
8399c3e545880c2d,,,,
e7d78fd15d89936d,,,,
189b40730bfd4a41,,,,
8345cb2730052cd4,,,,
fad54810dbffb1a6,,,,
67526e188f7d52d9,,,,
6560a5366bfcac52,,,,
e586f5d5b7e41c1d,,,,
742b2f118d76ef12,,,,
2ff381949a6ee47c,,,,
37101d635d07df72,,,,
4512d183c08687b3,,,,
4ca961bfb71ea584,,,,
1bc2614bf0db3aff,,,,
06ccecf6e1d23a97,,,,
cd32e13d38110288,,,,
f05361bc4be899b3,,,,
27aa057cfa27c1f4,,,,
34fc1da41f3043c1,,,,
d0c5fcadaccb42ae,,,,
6c3a97f0bf3537b5,,,,
84b3a47477238bf8,,,,
b628c22154443d59,,,,
89ee55f322cba34d,,,,
3716cf85a9ae4db5,,,,
8a0b2ddab19b3c5c,,,,
0cb3b215a21749c4,,,,
3e25344f03dcab13,,,,
c38ec18491d79c55,,,,
81fa5ee6c12f0093,,,,
df616b4b24cf1f64,,,,
3d7e048a9276517e,,,,
4c359b88ef24f578,,,,
1b98cc1f4de17816,,,,
731acbd9c81bc1b1,,,,
c59153d9347f4b19,,,,
ff7085fcffceea44,,,,
209dbde9939705bb,,,,
28dfeb7b99942111,,,,
1c5a6efa6bcc1800,,,,
97152e160a159084,,,,
93721e1df68b880a,,,,
8757c34807f6a42d,,,,
6e2068afbe9047a5,,,,
31595dc2dfbc3e39,,,,
4e8ca0521df17a9e,,,,
69aa90dae5a78f30,,,,
13dcbea628da5da2,,,,
c60ce55b97e5fe4c,,,,
a4511c50c0404c11,,,,
1c0d6d41618da4fa,,,,
51e83d264b679b21,,,,
9dd31ee3fe1cf7c7,,,,
c8d0fa5c7bb46ab9,,,,
33ddfaaad3ccb478,,,,
f7ebd5a51a6c207f,,,,
34c834fd7ace781a,,,,
831f9d362c4c0009,,,,
cb9df7bd07347b42,,,,
af9bcf744240fe7a,,,,
02d0c354cc3a1757,,,,
55197a1b1f5b49aa,,,,
c0c8c6e4b0d1d2a4,,,,
b872f6e9d356463d,,,,
62bd396021bc1b17,,,,
55b105df0955abe2,,,,
69097f6d557a2d45,,,,
7b53960b0df8b3cc,,,,
3394d65747e36049,,,,
6a83da4c407b0e41,,,,
2812435a38132ad1,,,,
960ebe815e9d4397,,,,
36fb8b64dd22bd20,,,,
522d7d57836d0ebe,,,,
639abf9c2ca6ed8a,,,,
19b6456fa91fd322,,,,
1c7dd23aa0e9c6ad,,,,
5ec0704e38b0a311,,,,
c06b02724afce79d,,,,
2890b7dbd68acbd2,,,,
d47a419d5df722dc,,,,
9c42090cd1f990d0,,,,
5fcc1c74d91c4f15,,,,
5f11dbcc7432b5c4,,,,
8c60e9b6176505c0,,,,
209addd36720a8ca,,,,
f17ddb066ca38f23,,,,
a14296279f8275ed,,,,
4884ca034a1ca406,,,,
8e739efef5d27b64,,,,
19b5da7f033acc2e,,,,
7e542ead01b89185,,,,
6e596ad76a6fad56,,,,
782e6b16d955d87e,,,,
3dd8c9ba8cd4d6cf,,,,
36d1f871dab689c0,,,,
763aa7c815820d34,,,,
44fdb30bf9e8a71e,,,,
5f2ae944390b6746,,,,
5d6efa2d86984ddc,,,,
4bfcf961005100ef,,,,
98f0d8e7e124c590,,,,
8320b0acb5d3ac5a,,,,
055adca71549b81b,,,,
5ee9144a78a18bf7,,,,
1419238cd2c9a0b5,,,,
88d21c1c3cc75848,,,,
4ae8b4cb6d34c31b,,,,
6d76426158434023,,,,
2acc5194a178c214,,,,
2b3037e2731af223,,,,
c690b14a8bed9660,,,,
46dd0b5ddc192918,,,,
3a2bbdea9182d1ef,,,,
81858388e5574935,,,,
5d44b066c2288743,,,,
4cff40971a72bf30,,,,
17aa4f868225cb46,,,,
1424f9303c54be31,,,,
7895efc9b4d7402d,,,,
617a8a467fcfa5b1,,,,
9b606fdd1dea7ea5,,,,
e3e7601027b54bd0,,,,
a9f6ddc34495793f,,,,
745769ffdd83e1c8,,,,
bd76f032f619f1cf,,,,
8f722863150ecd0f,,,,
96b86baa5071ad95,,,,
8d021c9b3e726f78,,,,
8e35b175135f33aa,,,,
ef1a73bd38b441eb,,,,
4e110f2e55f8b194,,,,
37268877ea4c0f6f,,,,
bbdac442459a23c1,,,,
d34b8fbb590c6d5d,,,,
e508b61fd8e83b03,,,,
25db678c3b41bb53,,,,
03ed91e03e3692d1,,,,
1681e57d9b6f012f,,,,
4bd709ae7929dbb8,,,,
87267b99ce315663,,,,
f47083a6f4bed2e5,,,,
96dafc2961321b8c,,,,
6e08e5a18bfd9a04,,,,
9943c324e93b3c63,,,,
ce32c58d941f442e,,,,
b125eff8fd32fc67,,,,
d14e8ebbb4ac5519,,,,
b7880e4418f8ce65,,,,
6777236ee19653a6,,,,
2ca2e1c75f756019,,,,
cca075c833c03238,,,,
56e21bcf754e9856,,,,
034900f2d53b6049,,,,
f94d0770a2c15e45,,,,
fc1dd5bf5dc33e88,,,,
21a6b5bcb491dfeb,,,,
52eb0aebb522754b,,,,
1fe5765d95e0a73a,,,,
f6d39e63818f5e8c,,,,
8a0b08842d8495f7,,,,
8456a7cc7a54a46d,,,,
270e0e7b4f7ff55d,,,,
9c6fe8dd89848640,,,,
97113863a17d7f07,,,,
1f11e1647cb9c4fa,,,,
51c1583ff95bbe2a,,,,
634fb6802a9c5698,,,,
a0479ed60f8f6dd8,,,,
5057c083f20e84a1,,,,
b95be2af096baa4e,,,,
7fefef4f37d613dc,,,,
fa4d4d05bfd214ba,,,,
e26f086a0325cde0,,,,
c60327f78f8527f6,,,,
a5c6083cd7c518f3,,,,
09ec350ac8166393,,,,
6c4e788fd3e8c445,,,,
313fabd88b24170c,,,,
ce9ead812a8ce79d,,,,
1d408a13176b12f2,,,,
15643099039cacec,,,,
08e484271a2454e0,,,,
d712275822f6919c,,,,
f505cdae21ce41e4,,,,
7587aec891a3e2b5,,,,
ecc2f7abddef5a4b,,,,
a9b98926eecb0063,,,,
845bf96249f6936b,,,,
2b59319e6732a083,,,,
6ebbce3780e61c07,,,,
d5d37d430128ea50,,,,
35b3b3b9b2f8c26a,,,,
8418bfd21cffaab2,,,,
e8c6e9c2bfcef68a,,,,
2b93b0d26c25daa2,,,,
082950409d3f6688,,,,
0f59c39259cd29fc,,,,
8da4ce2df16f02db,,,,
f59a64b13140981f,,,,
812e571237e9dea5,,,,
817930e09eaf956a,,,,
939b32c0fd209e73,,,,
ef12fff9c2ad4b99,,,,
5831c946fea203be,,,,
89c41d3853ef4fa5,,,,
e15f840238820a31,,,,
6fc95fba2bb772cc,,,,
832ea5a1e9889bb8,,,,
f7b795540f6e1cb9,,,,
e9935da0d2d2cc20,,,,
5e8c68fc60f469f5,,,,
45212ed29c2ac07f,,,,
4cab29e5d8e0b8f4,,,,
7bcc9c28e6c0f46d,,,,
04218f1a6e23777f,True,False,1.0,0.5
9b275473a3e57cae,,,,
27f700bf5125775f,,,,
b59041b614b2982f,,,,
dc3a6a8750b442f4,,,,
74c273b4ad25789f,True,False,1.0,0.5
55e25390138dc623,True,False,1.0,0.5
4f3e1f902fd438d1,,,,
23ff66bccc190bf8,True,False,1.0,0.5
f0040bd7d3375fef,True,False,1.0,0.5
e663c53c2caf0bd8,True,False,3.0,0.75
e75ceabeb8aff03d,True,False,1.0,0.5
740db4f85bc8066f,True,False,1.0,0.5
c30b3b741db499ae,True,False,1.0,0.5
0a1f191db971e600,,,,
081bcb3c9c2182e4,,,,
da6e80308e95986a,,,,
7c048f91578b0c81,True,False,1.0,0.5
343f4579493bdd5b,True,False,3.0,0.75
d7712b130fac733e,,,,
b470952e8fb4dfd6,,,,
26c9850ac57db78a,,,,
6f2921884359553c,True,False,3.0,0.75
60436afeacfd519a,,,,
7b2f26bf4c7c0463,True,False,1.0,0.5
c0f94ffdc075bcdf,,,,
9204337ba7919bf2,,,,
2d53ce263d340be0,,,,
1a210adf7cc8993b,,,,
6b98bdf5d619c618,,,,
2bedd375ae1c077c,,,,
3e820d91eb15e7eb,,,,
dd855865abefd347,,,,
09be87908883cef3,,,,
ca5e06e485095523,,,,
6ba067a82cbc878b,,,,
5462954f2080364b,,,,
d27b07a27845484d,,,,
b433b91fd8fd3688,,,,
4c6d65f30ec21415,,,,
6655c197f0012790,,,,
d88061133edc297f,,,,
45e54137ad749d4a,True,False,2.0,0.25
6f1556a192bb96d8,True,False,2.0,0.25
a06987269d84bf07,,,,
e71e6b355b6f9e77,,,,
f053f95ac28e0b8b,True,False,1.0,0.0
c2cba1d29e94ddde,True,False,2.0,0.25
c53822f9dcb1c4e7,True,True,,1.0
5a066ebdbd318c69,True,True,,1.0
9eaaf31a75be40c7,,,,
3eec7cd8557c22ad,True,False,2.0,0.25
4f453172a8426bab,True,False,1.0,0.5
5f4e421072de1e9f,True,False,1.0,0.0
1f3da9ec1bbe4b9e,True,True,,1.0
4f7e7704a0dbabd3,True,False,1.0,0.0
2614e4e8f9294546,True,False,1.0,0.0
b9d9e44078165c6c,,,,
0ea947357d7ed7f7,True,False,1.0,0.0
41a0101a52f5e194,,,,
070dd2996f18eb19,,,,
a8951167383a8131,,,,
260718462b2433e2,,,,
2ceb2a7e44e7be58,,,,
8fab86e739587bdb,,,,
e0e153c8028225fd,,,,
9152e2f26841ab46,,,,
aff519fd609a2a84,,,,
b8dd0c557c100afa,,,,
958ba717ce04afdb,,,,
58c6878f9173dc8d,,,,
ecdc5649d92b1043,,,,
9ea1594ab82f5074,,,,
0d2a2f0e4dd6d6ac,,,,
d374bc6030efc2be,,,,
6135972a820ea58c,,,,
a6ef316fd7fe7786,,,,
d62bb0f2ab0a4c5c,,,,
91ecbb54ab6ee62e,,,,
20198a36ba6bdee1,,,,
f98ad6e086a85e24,,,,
26f7924343bd0c21,,,,
77e6a711edfc9212,,,,
68835260fe664651,,,,
9669b815635d5274,,,,
f4a3cb6223b66548,,,,
e68ea169e27b9163,,,,
b10d06b474970a06,,,,
816308331dd25ea0,,,,
d068c732cc7a7d09,,,,
7a893b9b980b911d,,,,
4be27f86686a727a,,,,
dd48c8063faae244,,,,
48a2ce19de9f2bec,,,,
3aa553e0506a00eb,,,,
a38174a034b40683,,,,
ff7b8e3cc70d0417,,,,
a977a573be0c5c5f,,,,
3d817b882bc9c276,,,,
7644d5fc0a7a9bfe,,,,
9a838b054d3b69b5,,,,
4dd03bc9ebc63277,,,,
1da21fc87f01da4e,,,,
c284737b19c1bcb1,,,,
fb63a8c33a61efe1,,,,
39cf3e1d247723d0,,,,
cfafc16c678629b5,,,,
5503fcaee9d7e45f,,,,
41c4a516acd63b05,,,,
10667ee0048411c8,,,,
ac0b12c80e167ad5,,,,
7c8bd73c90316dc5,,,,
3ac749e6630c1a02,,,,
ace125f28b5b84ce,,,,
0f08bb29736b8672,,,,
2fa0ae9292de593a,,,,
544bb43fb88e3dc9,,,,
0d8d433e97dc5731,,,,
f75f904a59043b9b,,,,
ef5707938013fea0,,,,
b7d3585ed8051b1e,,,,
6540ef597a0e45e4,,,,
6747dab0ab6361bc,,,,
f5715d52744e3f14,,,,
552842a93557dad1,,,,
e1858124f8597582,,,,
cf55670a2eb82336,,,,
9c0832ae19d58083,,,,
35fcbdb7ef4d991d,,,,
c38d1e3b2e83f5d3,,,,
034ce65fc23eb5f9,,,,
4f7b8316e40c70e9,,,,
b9248665033265be,,,,
89b9445b2b7ac4b2,,,,
14a35484c3c24460,,,,
833a46e84a7de4a3,,,,
c8ab9db5a33c1d7e,,,,
ec9972b6230dd958,,,,
6fe667dd8ccec493,,,,
232188fe2b225b96,,,,
68cad2847735dc01,,,,
23c568d015bec5a8,,,,
50fbd06d3b5044d3,,,,
073c36059c327dfa,,,,
9ea622e44172451d,,,,
0e616339466ddd32,,,,
cf7cc58f71d37c9e,,,,
76b6894095f424dd,,,,
b6d1de9c5236817f,,,,
a254894de528b377,,,,
0f550348f990ad38,,,,
43936877ccbf6d5e,,,,
c2c1526535e86d53,,,,
090c13770d860e11,,,,
25bc1bc8f9546b97,,,,
851e82b806e76a55,,,,
b3913c2bb37c6369,,,,
30d70407ec95475f,,,,
424e4bd6f52c40a7,,,,
21bdb8159ad1cf94,,,,
f9685bbe80e626c2,,,,
c9f330aaead56df0,,,,
91abb690467ecf1a,,,,
7669c0753bc1fc95,,,,
bb482f418a3526d9,,,,
dd47339ecd4e50c3,,,,
f0c7ad226c5a3af6,,,,
a88fea25c6ec0e6e,,,,
c6cbaf0b70215759,,,,
f4ee477e87b8cc1e,,,,
1f5baf0de474f14e,,,,
9e9656c9df88edda,,,,
7b97362296be2a06,,,,
2e49fc53446a9645,,,,
a861ff599743ddd6,,,,
26b0d46b73b57cc2,,,,
b3e1219ca09bcb55,,,,
05063b2c00055760,,,,
6ba09cc276ddeb01,,,,
d43c4d1132229525,,,,
f0567038fdc61061,,,,
ecb444972f467d29,,,,
f29955f5693c4afe,,,,
ddde7b0e28994210,,,,
d38a4791d199fe25,,,,
9bae849a5c1f8010,,,,
c90847fa4848a97c,,,,
b6e25692d17c1cc4,,,,
f418347211fea45f,,,,
706e39f8bc03c51d,,,,
54c3ad18543b28e5,,,,
80155ac6b1cec43c,,,,
7136b79e768f05c0,,,,
c3e768f455e683e3,,,,
f9bc01842f5daeb7,,,,
aafe6a2d62906d93,,,,
922b627dd90ce554,,,,
845548a5a5111c4a,,,,
ec616ff9d8b2cb77,,,,
39d593f4eb26deb1,,,,
2e74ffddf4f4619d,,,,
e0f551057b00a702,,,,
3307dcde40eabada,,,,
9992e16ed9822342,,,,
23872076e099d280,,,,
d79da24db6ea00e1,,,,
ca47df713edd0b91,,,,
a550ff41fc92d5f9,,,,
98db65f4154978b7,,,,
bd62c5be7b16e90c,,,,
98e0b1703efd7868,,,,
b246663b49a84dde,,,,
ffcfa2a75b9792d7,,,,
1f83e4809eb53db4,,,,
070a0e47021e51c9,,,,
2cbb0bf651ade832,,,,
072e817c96272d43,,,,
0cc04316fc51ca0a,,,,
8a36cf1fb505afd3,,,,
dc8949b7a1618e47,,,,
97cf8f04ddff10a1,,,,
6f45255131adc661,,,,
5df3b5fa86651537,,,,
3d3d0f0fe29cfb03,,,,
3e68d47e1af4c6c6,,,,
1fd034d47fa43e08,,,,
69ffe2c8fdb33f49,,,,
4764e0e6202876ab,,,,
b35a73ec33e2884e,,,,
806a29f1bfb9225b,,,,
d3aacb02ffe7c8cc,,,,
2c1200e95d371ab5,,,,
84704832306c83f9,,,,
2734cd4bf3c48745,,,,
b36fbdcc6a218abd,,,,
1c650094b0b12e3f,,,,
d2e99d2768ed6fb9,,,,
08f50880317e34d1,,,,
d5fd856d60613d32,,,,
044d144f3fd54ddc,,,,
e7692054e197230e,,,,
625bfdacd839e215,,,,
6967c75ee6673a25,,,,
a0eef8f86062e678,,,,
b8c6eff4d2a211c3,,,,
7f8578473786fe06,,,,
0981e6d64c53c77e,,,,
307a74f54f64ce62,,,,
504417b46b83ff32,,,,
93a71d300c064b3d,,,,
939bda6c4963df21,,,,
a0f767018d234b61,,,,
34ba75bc1b4e2e42,,,,
89da6791fbbf3e15,,,,
95fbb4d6cd403c3f,,,,
8f8a7786f7c9ddbf,,,,
89aeb50aa7ecb20d,,,,
8d99fd75ae3ab939,,,,
58f7903dd4ab337d,,,,
b8c0936cf55e379d,,,,
12c77d4c659f40ae,,,,
d16d3bc9debd8241,,,,
761f2f5b8d0c3ee1,,,,
735f2c636184345b,,,,
dfc06392608c3d49,,,,
59a7eb8059280265,True,False,1.0,0.75
ee466fe41ed235e3,,,,
46434ed840c2c19b,True,False,1.0,0.5
c0a9debff24c409a,True,False,1.0,0.5
b1abe1e758638a6d,,,,
36408538cc55159e,True,False,1.0,0.5
e7b53a0abee530b5,True,False,1.0,0.5
c9c8228db1cea8e3,True,False,1.0,0.5
00936b6b636bc015,True,False,1.0,0.5
3517590aa219edf3,True,False,2.0,0.625
9bfdda2a952d2f16,True,False,1.0,0.5
74518dbc6b5920fb,True,False,2.0,0.625
7534059964ce99b2,,,,
cfe3b453c2d85ccb,True,False,1.0,0.5
6b4ade50f163f3eb,True,False,1.0,0.5
22aaf5c1c5000f4a,True,False,1.0,0.75
bb5a0375ea02f1d5,True,False,2.0,0.625
236beb0ae491c676,True,False,1.0,0.5
a58e847655398634,,,,
bc95a1593c8e068b,,,,
b7f476b76f79d160,,,,
51613b3901ed85a2,True,False,1.0,0.0
01bb8b45b86edcb8,True,False,2.0,0.25
3a5fafbd052baec2,,,,
dc18f6c7b9d5691a,,,,
3de326e2b3b30f6e,,,,
f9448a558a2206c9,,,,
ecab4e472cc5146a,,,,
c0f65bf94c3f7d65,,,,
f6b59b617e73edfd,,,,
90d80f836839e913,,,,
bcfb19356c68cd82,,,,
cbf93b31948049a2,True,True,,1.0
6db693a9ffa5359c,True,True,,1.0
b2f45eb84bde5203,,,,
9c96bfafe046c408,True,True,,1.0
77675054447de0e7,True,True,,1.0
06596913c7cf0e07,True,True,,1.0
148030aba632c060,True,False,1.0,0.5
5b1e40303130495f,True,False,4.0,0.875
0a6d6208603728dd,True,False,2.0,0.25
917644520a340b49,True,True,,1.0
4238e91026ad7d4b,,,,
2e24d3ebbfd39352,True,False,1.0,0.0
b1a57eb203f45eda,True,False,1.0,0.0
8e27cc5ce01e81fe,,,,
a3d5633cc8ce0aec,,,,
99655a61889bc1f6,,,,
9c1cbd958683bad0,,,,
448ebf55a3bd37e9,,,,
9dad89eed1a5686c,,,,
5ebcc02a2c952aa8,,,,
deb130f39c78f62c,,,,
2e22eb9571d0a436,,,,
93f30317f1f40fd6,,,,
abe2b2596f79b780,,,,
12999ee2f81c46dd,,,,
fba62209d8ec3ffe,,,,
662dcbdf974ca060,,,,
5231dde685fe607d,,,,
ccca02cbb3298956,,,,
2da93fd52df3bab5,,,,
a46c8169380201b2,,,,
f978e9dbfbdf4f14,,,,
4e93b646aca43f76,,,,
cb65a4373ff7fe63,,,,
9f87bce13805f1d2,,,,
776e995bbcf31878,,,,
4a9570df72186b5d,,,,
620d90d70b16efa1,,,,
7935557cb4d7fd60,,,,
456bee7d830cdd02,,,,
b5e7c27a87e1c3a6,,,,
26bff208017ed520,,,,
b94904d46ae815c6,,,,
f3a91ae786f9d048,,,,
00cbaf78cf33b9fa,,,,
2059e97b932fb2a7,,,,
1e6ecf0e632d51e5,,,,
f26c1d9aadc241f1,,,,
77df65a804ea78c5,,,,
3c4e22b01adc23a7,,,,
0216545a7dd39963,,,,
612de155b650e3ab,,,,
4c2b2a77d21734fd,,,,
87d193da95bbdd2d,,,,
d0c3008310f5b16b,,,,
b005cfadac2678eb,,,,
12340338c40b70fd,,,,
f1c27cac7002182a,,,,
f4ec155989a06a5b,,,,
6803d2675591a2ef,,,,
b4f3ac28e609ca02,,,,
34d6b41b62602ac8,,,,
72c09ee27175e4ec,,,,
445fe9ce06e49410,,,,
d589449ce8001fb8,,,,
6d477b41b20027e6,,,,
0642cb9fc3132421,,,,
184248461f530ec2,,,,
26debabc876ad9e0,,,,
d152f60b55a8d194,,,,
f424acabb0c05389,,,,
16bb6e19ec8d7021,,,,
bf4d2b0dec476c81,,,,
eb186d07a5718831,,,,
49f325a5395bbbaf,,,,
c8ca3a512c7765ce,,,,
628c6db1f590574e,,,,
8ae5800e7bd995ea,,,,
b413df2afd3b8ee7,,,,
78b10dc309182345,,,,
9163f351f127b84f,,,,
56cfbd348a8cbb17,,,,
5e9a86d659141b18,,,,
fd7be52ce81a1847,,,,
4d91710cff51de9e,,,,
429c32eba8669dbd,,,,
b855e1068dd02a1c,,,,
830ec503bc93e6dd,,,,
9b45545ae3cca452,,,,
e7db89520d515322,,,,
66f09d5d563936a4,,,,
378957bb64b1464c,,,,
ce6640d03a38da34,,,,
58567e321a56372b,,,,
7222b8d65d4ee214,,,,
a6e091988367094c,,,,
1cb398c07e217027,,,,
bc98c500c1845233,,,,
66cc39e0633eac01,,,,
86869be1929014d6,,,,
8f7b1bf908076782,,,,
ab57ef8b1eb61f8d,,,,
9d9efcc8e6240a03,,,,
5afd702f0a1ab1ed,,,,
2bc8fb027b309c46,,,,
036daa952e37f877,,,,
ab1b716308c6faed,,,,
ddbb7db0df402e33,,,,
ad68a09cbbdd73c1,,,,
449405d4f3e02a05,,,,
7e222c5041e1efb2,,,,
d184a00200207cdf,,,,
60b6f6d40ed933e6,,,,
f0db1476d3349ebf,,,,
561555a478657903,,,,
88d868d26909986e,,,,
bd4d961c7f514b59,,,,
60746492e226eed4,,,,
780992e8d446cf47,,,,
5593a6308efcaef5,,,,
37558da8ad51ddab,,,,
be871d45858b305d,,,,
c7630e6b6b523922,,,,
96d897e39250e15a,,,,
f783ff00608a9669,,,,
333bba15bfad2db4,,,,
7ad6c97d821ac268,,,,
7a75f25a69805734,,,,
a1d815a9821e3b75,,,,
22aebe96a9949e48,,,,
1e9474bc3cfb9f2c,,,,
90a1cd71628f539e,,,,
217b184d17e9bdd5,,,,
9b947bddd90d1c9b,,,,
632dac027e6951b0,,,,
d1c41aa04e5a0c70,,,,
f7513847062169b0,,,,
ebbb8c36dd8b6000,,,,
323892540cee0faf,,,,
6f28ed33a75ec5c3,,,,
56ba30aa5c266417,,,,
33365df94011fb36,,,,
ebdb840b0b58fc5a,,,,
96eb65027f14e8ca,,,,
5ada481f7f079584,,,,
28989793355eab71,,,,
362ea0387a42bcac,,,,
24a364003d66f0ee,,,,
e663cff219f605e0,,,,
08a6e5992c1150a8,,,,
a8177d7b7f96d25c,,,,
c38c13073f5b32fc,,,,
43ea865b5597b0c4,,,,
3ecec93719f63098,,,,
e031e0c6b2a8adb5,,,,
b793e3f81f864ee0,,,,
737130072556e5a9,,,,
3e966eb562c09a50,,,,
1068c03e25dc3aab,,,,
60b002b22b0cbb38,,,,
ea544a3dbaffa342,,,,
226f45140fcc74da,,,,
c4b5996b21e82f62,,,,
77804add636fb6f9,,,,
c34f80918e49e6b8,,,,
d8f5cfa0ad15e292,,,,
db8af7b206e8c8b1,,,,
a397d2219d9c8262,,,,
3d39dc0033a3a0fd,,,,
405a830cc4ef6d30,,,,
a722b79d2248037f,,,,
25315a41401e8399,,,,
da4dfe9ebf5f0bb4,,,,
14cc61c0509b16bd,,,,
7e28f809287b596f,,,,
70bf4abc49489bcc,,,,
afdff429b14805f8,,,,
2748a66ccbe5233e,,,,
3cf2f148ba71a71c,,,,
f663186cbb382b9b,,,,
b495f875a8a311f7,,,,
b32371365a2a23cb,,,,
3cc5ff1812e0955b,,,,
313dee7719974608,,,,
d6b3321a29fc32fe,,,,
31d23297b3911215,,,,
9a249f83852fd880,,,,
310def4b2336d14c,,,,
6b3b26d10b7aeb73,,,,
d2a1011ada28ca4a,,,,
f72b19a19a99fb22,,,,
5bbe5d0825fa76cf,,,,
23c23261777a7737,,,,
5a058646722a4178,,,,
ca8e4e03c7b971d8,,,,
664328578a1ce045,,,,
39c23365a81d130b,,,,
2eafca6d487af50c,,,,
0cf25aff7613db41,,,,
9974d89144ca881e,,,,
0dc7dffbb0b34e13,,,,
12ae2e28bc227f84,,,,
bcdf93731ca2a79b,,,,
f9d5283f6534f160,True,False,1.0,0.5
96587f530be77631,True,True,,1.0
2e64f4727876dd57,,,,
b9116be63ba46c75,,,,
3a91a2ed615ac19c,True,False,1.0,0.5
fdbbc5478520bdad,,,,
0cdc74bc7c97d74d,,,,
2603b7f6a34a4d96,,,,
e9f0ef15cbf03381,,,,
324aa5cbff6013c2,,,,
7b70ab90c74943a9,,,,
5c92d90270e07216,,,,
a40ebfeb82fa1307,,,,
e917d4c7eb1f5b62,,,,
5118d86abab1c84e,True,True,,1.0
d2e603c10f1a2256,True,True,,1.0
8999fde84148adb5,True,False,3.0,0.75
fccec98bb59716d3,True,True,,1.0
89575e35be739026,True,True,,1.0
57fe66fb24a13b91,True,False,1.0,0.0
918d9935932a3fea,True,False,4.0,0.75
8490cc87ffd7df90,True,False,2.0,0.25
86460e85d7e6a763,True,False,1.0,0.0
604f0f1c363f82db,,,,
07e3dcecb1b20018,,,,
79174dfc4eafa22d,,,,
9495658822fe7d6e,,,,
82062355a0968da9,,,,
a1458455aed3c29b,,,,
f0d3bdca03e7f732,,,,
37a45fc02a27e2eb,,,,
c282ee7ec54695b2,,,,
5dbc2e6896491156,,,,
3c6b286e894fd4b5,,,,
8adf6071237002cf,,,,
829c42f0e37f1e0c,,,,
08cda00256eeb4e5,,,,
99038abbf09805b2,,,,
97271a1571bb02ab,,,,
9d070a731e25b54a,,,,
51eba31ea41f7383,,,,
c9f0d4952cc0807e,,,,
8253952eba98dff4,,,,
0846563ff4e0646c,,,,
2395dbd13b92602e,,,,
1c7b3796938d88ca,,,,
5879af1e6ba4168d,,,,
852039819edcd21f,,,,
c29e88dba3706fae,,,,
907efb066a3b903f,,,,
09ceda6a9afd329c,,,,
4337f086677a7bb6,,,,
3f5e685f5b30aa4a,,,,
2d794ccb429792d5,,,,
a6e50929e9811bb7,,,,
406e3242aaa0c2dd,,,,
4c7a75f721d45583,,,,
85994f40e88cc27f,,,,
c77a5edcb8be6ab2,,,,
61ed1bb8defa1e57,,,,
c26faa4a9a927ad0,,,,
6be1092a34d02e78,,,,
36ee7d4e0e70069d,,,,
c8db09539eb1a966,,,,
dc1577c65501585b,,,,
c9596b5d30d52bee,,,,
6f3b869d2618bd0f,,,,
ae0d0753d0a6e966,,,,
3180e68be5f91cc4,,,,
6ef8e55048cd8f94,,,,
8870870f9021fc94,,,,
6dcadedcf2af5c1d,,,,
5d86e6185788c953,,,,
06d0c69a8407af22,,,,
07b5173e981c2dc2,,,,
5dd6b7494de5bf07,,,,
80db85a6631574e1,,,,
2138e6e4ef2d3a72,,,,
978fca90b22fcdfd,,,,
2b3a67390d070195,,,,
515ae7f56ebfbb83,,,,
ea2f57ae03f63fe5,,,,
689ac6ac9d97f4d8,,,,
77a8163ea79da8bf,,,,
aeea9df36470f6d1,,,,
22bf67f43bf0e46e,,,,
505af60132aeb3fe,,,,
dd7c846ab61983c5,,,,
43ed7b2cb55e9488,,,,
87ab12370a21f4d0,,,,
a9ab08797ec7b1db,,,,
6c88613acfc8bb1c,,,,
a0da6b862e57c77b,,,,
76864d0e2d571d1d,,,,
b1e801c3af5eff9b,,,,
81fe1282adb43467,,,,
11673e9c4147598c,,,,
e5a15406350fbfcf,,,,
ba19cb5a11de562e,,,,
ab17c626a9e53e7c,,,,
36ecb2aba2da6859,,,,
5ac86b09dfe7874f,,,,
ae530aa2e9ede3a7,,,,
436fd52ff3cece5c,,,,
c73bfec0c479e77a,,,,
da32b9a158c864ec,,,,
985c5859c3641629,,,,
b868a55e523ac4e4,,,,
e2c8bba96ce79983,,,,
b0ffcf3b8d21463d,,,,
d8aa722edf077898,,,,
5815307ac8290c2c,,,,
e189f0a22100d5f4,,,,
f01a1de7e5588481,,,,
f173d0ec7de272a2,,,,
cf7198809898fd81,,,,
8484806cbf09fd50,,,,
9d63539b32ec9885,,,,
761a9c25b1b9aa1f,,,,
9c1eb41e1195ac77,,,,
aa1f34c95ca93de5,,,,
c04a9c9593aca76b,,,,
a5d76a4b46bf779e,,,,
0ded892e024a3dbb,,,,
185889f284af7dd2,,,,
f048ad596ae78eb7,,,,
8d419988f7530279,,,,
fc1dfdc7ad4880b6,,,,
a553fa1938e31eb2,,,,
8ca6afe47a022ff9,,,,
c0d212d4b6db8398,,,,
ee57d52e8fec76e1,,,,
53a546be6b191434,,,,
70170a5716521b33,,,,
297e0ecb8e0df3d1,,,,
b6e438fa8fc47be8,,,,
d3e87e94f5f0de95,,,,
9f123f8d84bff0c6,,,,
12d7df01f947f565,,,,
18ef4a8af398a3f8,,,,
12ba8817e24e928f,,,,
e2ef8a38ee4d2700,,,,
e0f9ce3a1ffda814,,,,
177559d24237500c,,,,
4f8151ae5f0a72f1,,,,
4f3b20018f870531,,,,
5812ad2184027f9b,,,,
3539c3b06e1dc197,,,,
a9519e207ef2bd12,,,,
89c1f7019438fd14,,,,
742a72e7ac41b28e,,,,
2f4530d18adbab01,,,,
07bdfa449efdcf82,,,,
c0a8a50a05583bf3,,,,
1febf90002be8f05,,,,
17fff04965913a66,,,,
fd61fff6984404ff,,,,
907db45428b96b9e,,,,
648170dd17903682,,,,
d68bccfcb7dc51c5,,,,
15b522b3dd4598c8,,,,
b850753a947109c2,,,,
a59ea09cbd2042ac,,,,
ff5fb96671d71391,,,,
f7811a051be8f4b7,,,,
aa51e0e2df894479,,,,
b70c15f68a85402f,,,,
2166a35d754411a5,,,,
cc0ab941c326c8b7,,,,
44165d663c0c9935,,,,
65e3d707e9550884,,,,
fc58c18ee776b9b1,,,,
cf0e45d37bde37ba,,,,
86e9992263f15841,,,,
2ffbd10ca42e3a68,,,,
6f7d6c887410d34b,,,,
d7f3c0add4946a5a,,,,
1dccacdffeb0d17b,,,,
bf7a3987720f3503,,,,
73fcfc5291183bb7,,,,
bd98db26a4a81fb8,,,,
33f5be67f6ec33cc,,,,
241b44bb10d16de7,,,,
a49028563cb24b61,,,,
21d9f5c9840630f9,,,,
62334ea673b92d09,,,,
ecc1ee2755f00bff,,,,
a5f467501f5c28b9,,,,
b8f8eafb52cf9abc,,,,
04e06fb0e58ad187,,,,
08731172bf82c24b,,,,
2f516dcc8a59731e,,,,
7037c52d2d47c42c,,,,
8870366bb12ed471,,,,
d62eb988968767f5,,,,
916c317f43ac7827,,,,
12135b0bee351ec3,,,,
282d04337477e9c8,,,,
921f4ef2dbaac357,,,,
aaefc4674e375662,,,,
753433b4cc7a5c0c,,,,
3055cb583af6c798,,,,
67cae642bbd5d70e,,,,
1dd48b08a4aec3a4,,,,
2126d84e666cb38e,,,,
bf8abb9ff4cae2b2,,,,
f853bad448bf92d7,,,,
d77f6e4474136e36,,,,
4ecd8c106d22bfd3,,,,
1f62d4a08ad12c4a,,,,
a401226dc0ca6c4e,,,,
8ba42081d205af97,,,,
828ae5153b3e9e3e,,,,
1146e495e10fcf6b,,,,
c9e0476c2de0442b,,,,
e012220a907e8647,,,,
e3481fa34450934b,,,,
83611e25207506fc,,,,
48a82dbf56f70d23,,,,
524dc9fcaba95673,,,,
c6ff0cb4f3ccae22,,,,
74df540bf50fbd1d,,,,
ca18343fb46be585,,,,
e353c8e7d2f3fc0b,,,,
cf80fc226efc306c,,,,
82fa6a1dbe9a0c73,,,,
c8cec351531c647a,,,,
b6e397de549f4ee8,,,,
9a78a83728d8b9b9,True,False,2.0,0.625
16a9a7670cd294d7,,,,
384b6be6540fdc55,True,False,2.0,0.625
8d384d5d5c2dfb69,True,False,1.0,0.5
7c753c2ee3c8cab5,,,,
f0ae0032f48e9ad9,True,True,,1.0
c7d350e7398eb1f5,,,,
bea0c2d4f2a3def1,,,,
7d97dfb96c2ed844,,,,
a7ffcd9e2588cf08,,,,
b1ec264eb0ea9c1c,,,,
b20c38be3b693e8d,,,,
f4bde60e9c0a9ea8,True,False,2.0,0.625
b5e0fe7ba5fd0183,,,,
4e3754029b9b079f,,,,
a0787a50e3226136,,,,
e831e71af5227994,,,,
b06cff3956c36a76,,,,
acbadfea2a586269,,,,
50c27e3bbfaf5a50,,,,
40ed412bfe0402d2,,,,
22f82406ac94db65,,,,
46d28c6930bb9e8c,,,,
f99c24c714ba1450,,,,
5ea375f2d00bca05,,,,
df3ecfcf723cb6d8,,,,
b074b9aa5f994956,,,,
5b5353b144a176a9,,,,
e4f451280828da1b,,,,
e0e01702b5ca39b8,,,,
976cc705af693bd3,,,,
ac27ff162f4d097e,,,,
648693c091a7c2ef,,,,
79a8fb4ea406f636,,,,
58a9107debeba471,,,,
8af5f1cb744e331a,,,,
02188e9508bd4620,,,,
d2cb1a88987f6d36,,,,
de8c275f7f944a1e,,,,
b4e3b322f9828247,,,,
7ef995dafea9cd18,,,,
ecf814592053b7fb,,,,
23b88ab9e6b4c9cf,,,,
3b3ecf0615e5dfda,,,,
fc31cfec5f240f92,,,,
406ffb266175036c,,,,
1b02168ebce411b6,,,,
41736a08293e7484,,,,
6a3b68356a0e2f3f,,,,
b77e377430c5aaf1,,,,
a1525dd6cbf23bd9,,,,
b1c081c4d2277cdc,,,,
3529962f6df95a08,,,,
96b800961c7c42ea,,,,
ea6692e8490c2acf,,,,
464eb9140e0489ea,,,,
23e70ae80d3fc413,,,,
228204d66e1666f3,,,,
ab89d1ef423d667f,,,,
8b8c4c724fe70628,,,,
589db861a479f58a,,,,
4621e9b92e16e64e,,,,
f4ba32354db3610e,,,,
59dccefa4443612e,,,,
efcbb7061eb5e7b6,,,,
0442cbb40383849e,,,,
a0a9fd1f49e5a6e1,,,,
9b3667831ce7012b,,,,
ca636fbbbb833561,,,,
318e33f7dececdc5,,,,
ee26b4eac6dcaf95,,,,
1f5f6e98a1be2264,,,,
21f792b4ff051c0e,,,,
ecf8f1faffd4df80,,,,
0fc380d8683a6023,,,,
2967c3d4ae1c4959,,,,
879c2c16ec9b05cc,,,,
406293e44baab6b0,,,,
f9adfb396421c549,,,,
8c87f226dc2a9ef5,,,,
7afbf370270beca6,,,,
d732b8a6d09ddc38,,,,
040f04000b4da86b,,,,
661d4d634211af37,,,,
6a7106cc04c90ed5,,,,
80da1b179d863595,,,,
46f8e698964f351a,,,,
2bd86da97a477307,,,,
3b1f7168690e1ec9,,,,
68bc8fc18e455080,,,,
780d673bb357dc52,,,,
559e8ff3f4c14a80,,,,
bbf3dd7922dcd5cd,,,,
974346b87d97054a,,,,
2c194d8ebeb068e6,,,,
601fd0cd1e8e7225,,,,
76011a6b89d2dcad,,,,
74b518556a14f985,,,,
db636bc6d3a21e6c,,,,
192b5ad5cf59607b,,,,
5dace9f31a108802,,,,
78615c3a786a71c1,,,,
ae85af32502887ae,,,,
4039df033a25a43f,,,,
58004076f9d5ba5f,,,,
51f4bb552e0ef0f7,,,,
8ced05560ea03bd1,,,,
43306365cf63a740,,,,
e1fc1862d520729a,,,,
bf906149e206f115,,,,
35352982796811fc,,,,
0dccb5908e0e8728,,,,
8ec34a7a990249bd,,,,
15da58ba31747181,,,,
e8a87b9d243daf88,,,,
3f68b786e37182ac,,,,
476e4e9eccdb3254,,,,
cf8cd89fe3c85b78,,,,
a884b09f1123e56e,,,,
bb873801d5735143,,,,
ab6e35f4a250b0c3,,,,
d7d89190a1c9a100,,,,
8bf610d814fe94d8,,,,
b20d9d561fbb6e06,,,,
a147339cc95cff80,,,,
813a1e8dcadb0f08,,,,
c37aa277b15c3a7e,,,,
1e821f171ecc9880,,,,
7f0dbd32e0fcdb45,,,,
3964babf80c637a4,,,,
ac04f2b03a3f8e70,,,,
a8a39d70fad08fa7,,,,
3841d925e954804c,,,,
aed1ab61b7b294b7,,,,
7716438fb041f41a,,,,
978492157550dd67,,,,
993bfd237a676a74,,,,
5e77b22938aa5c76,,,,
084e3c621222224d,,,,
b10539964cd22219,,,,
c25c215cad58c18e,,,,
1dd1cfe365ea6074,,,,
59cdfaef25d42131,,,,
3a7934a84d8accc7,,,,
c5160b81c9560f3b,,,,
163bc70c4fdfbd37,,,,
6cd9c0ad94730feb,,,,
82fe8b782fa06eae,,,,
149a070c29bc99a8,,,,
b2257ebdb1bf2295,,,,
a29bbfe058176a33,,,,
08d54fdc15af9f4b,,,,
a8fed5a3aacf3626,,,,
2891f9db75f1517b,,,,
7a859ff1f4549601,,,,
996da03817cac075,,,,
33492a102f1e4e11,,,,
32c973aaee7c11ac,,,,
d1ba16722138afdc,,,,
861b0913addbf17f,,,,
cd5ea18581326402,,,,
9b5eef1c6b8cfd9e,,,,
8a7b924c6ec09ebc,,,,
19e6e1bfb38cf90c,,,,
0335b4a84a31d0d8,,,,
bc1ed94d44841751,,,,
a87c880cb6851061,,,,
5a57784bb5729dda,,,,
e7a0f8f6fdcc1c60,,,,
64ddc4319990e31f,,,,
21c69918cbe5ed37,,,,
72079f5a32467bd2,,,,
3f5782d0f95a4ad8,,,,
5e8fb807cdaf66d3,,,,
0d1046078dcce864,,,,
1f96e5c6b72bb75c,True,False,1.0,0.5
a4b47c6761537fe4,,,,
f527bf1453fb022f,,,,
508cab531da4890d,,,,
fb248dd8c2d4d684,,,,
16115321358a518a,,,,
06e6d8751d3086f5,,,,
3ad94c1960e1e5ec,,,,
ba260a5b7abe0cce,,,,
c0807d75735b152a,,,,
db322a014082b788,,,,
857b4ec3863194de,,,,
9f56e1a494b0cb90,,,,
858da5d2c87534cb,,,,
f7fd81fc7e8455c1,,,,
075bca840a8465a4,,,,
ae31db1e69347d05,,,,
d33440863b7f08af,True,False,1.0,0.0
3d57aebb6b55300f,,,,
63acf83109325fc6,,,,
a82dceaaf85a411d,,,,
7f492efe4194750e,,,,
6e1c3cd8d228785a,,,,
394243dcaecbf08f,,,,
d1a06911842c826f,,,,
74865bc17f163255,,,,
0c5e048e7162dba7,,,,
fe211d4ce9b9a9ae,,,,
7674e31e72d8e6f9,,,,
aad180766cd8cd3f,,,,
b05192715d704f97,,,,
3222c8508cc285a7,,,,
3ce7a8660b5f690c,,,,
d504b32b85dec638,,,,
41c84dfe6ad80518,,,,
69cab3d5beb23ce1,,,,
a93f5c8dfe271320,,,,
c39224f6bc375fc9,,,,
42fde01e17191819,,,,
4561ebb7fba812f1,,,,
92d88f490d8a849e,,,,
3d17ed5b52e3e85b,,,,
1c2081b7efe2a8ea,,,,
349a35f6fe029088,,,,
9feea1a5ffdd493e,,,,
34713a7072d87810,,,,
e0bea2e927148727,,,,
1922a9ea4bef100f,,,,
4942e0f233b58c5e,,,,
b46e1574fe47955a,,,,
273d6a50e2f5b9ed,,,,
f9944473cc4c3d2c,,,,
6dd5e78fb5d48b6a,,,,
75d87b9d20fd9b4d,,,,
0878bd2c7f078c61,,,,
7339ca812b147ebe,,,,
ca045b4b700edc93,,,,
aea7eb062e3c3ec8,,,,
756fbb3dd4c90a98,,,,
fd1384f141aa4b10,,,,
43bff60d190e2d23,,,,
35c32ade0273713b,,,,
9597a441a78f4d91,,,,
d5206185a1c9d4eb,,,,
7d34b59965f6cf54,,,,
88f69f48e8dda57a,,,,
4937ef031d692fb4,,,,
a9f511104b9ef4a4,,,,
a10f7cf0065446d4,,,,
b6ffe06ab86a3441,,,,
8ea8bd567394f474,,,,
acd42a5749a87f44,,,,
10316c7343f25aa0,,,,
eeb303c08bd288cf,,,,
32ffa92cf21b4d57,,,,
67d3cc2aa2fcce9a,,,,
f910f549f25e6f22,,,,
71deae8ef4a819c8,,,,
f5b3b9f88a3f191c,,,,
b50b14a21cf8b390,,,,
68961aaf859f73c8,,,,
9b5db48155aa05b0,,,,
ae07ff7b4850d9a0,,,,
9d36dde8979cf550,,,,
72ec8c7f73de1295,,,,
0a80e8f4fce52fe1,,,,
c75d40592a7424db,,,,
8b960c91cf8fd7fb,,,,
41100875e4c4840e,,,,
d6ca4b8d331052ef,,,,
8a9babfa5f0e38ad,,,,
d76060214a401429,,,,
25baab979bb34b19,,,,
1b1003ba73b0f736,,,,
26dc2ba484876110,,,,
56e9d6080346efc1,,,,
a657b7d4ebbae892,,,,
f9d6599732fbfb50,,,,
b85b6303e329f97d,,,,
780665db476f14d9,,,,
43d2353489d3f24e,,,,
fd0d1c35a5c88bbf,,,,
da0a721b01b870aa,,,,
8a211f2feaafaa3f,,,,
9c5a8b67d2b7f94b,,,,
95fbfa163c2a71e1,,,,
66773d4710737cef,,,,
c8e75191eee6ed51,,,,
1037d901fc884599,,,,
dffcab51b6c17900,,,,
5af52b09aa3bcde1,,,,
99aa3dfaf4017096,,,,
99bb29e3aa558798,,,,
468c26bb12d76010,,,,
ccabe362456089d4,,,,
27fafb765ce871d4,,,,
b2f515f8e8c7dd03,,,,
2435753906da086a,,,,
559422b19d5f8663,,,,
6691e3e186fb4d38,,,,
6cb76ff686d101cf,,,,
f9010a3ca4cefd82,,,,
f28c0a68820b1d99,,,,
1d254e9bdf736a01,,,,
aae096b645232d9e,,,,
e1fd5736669fcb03,,,,
4cfd5ff1d9a9ec75,,,,
1dca0652a8da3205,,,,
796e96255bfa0f9c,,,,
ee10a7a17da34bca,,,,
8811dad9f3d28c45,,,,
51c0d1b832f282b2,,,,
2476f520aff13ad9,,,,
96c27f0d592e722b,,,,
592d36d921dc9d6b,,,,
ee17ff382fe732b5,,,,
529a7fba34ee368f,,,,
d04074159ac01524,,,,
4965ca6b83519b60,,,,
00d0e88c998400a2,,,,
f95d316d666238c4,,,,
56fe2159d8e92dc0,,,,
ab747f2e6676bf29,,,,
171be52868ee842b,,,,
f92c2ea9fea33aca,,,,
ec81a4ec808cd4dc,,,,
c357b4587e3cc96d,,,,
539f955e6461e2a6,,,,
a162de4b501e2942,,,,
61f478ed9a3297f1,,,,
059122caba36f243,,,,
9bb48943cc49e0a9,,,,
abe4e95b5f2b34f1,,,,
6a2d50c045951ddb,,,,
e9c557e09312a6f9,,,,
efde9ad7c9e5eee6,,,,
05ec45e57e8a15bb,,,,
f82a8f197159f9a1,,,,
d9a42c756d1cb2be,,,,
c17dbc8f1ed06c1e,,,,
3f19bd31664ebac4,,,,
c46014ad572dc214,,,,
5c8caac1b6e8895f,,,,
767af02b67fb1c85,,,,
5ef47694e2dcd583,,,,
a69a9c315979f233,,,,
968084f4b2932273,,,,
0200b9630b87d0c4,,,,
c3922b0bea2cc081,,,,
505a5b8a3b4e72ef,,,,
04a532b755d60b11,,,,
b83d0b1b900899de,,,,
1a5b2ed1bebbd1d7,,,,
4857cb64efcaaa02,,,,
880040c6228e8440,,,,
43756ea6c14ce7a3,,,,
f4221349b49a8dfb,,,,
ec99d2e21ef39e04,,,,
dfa16702ede696eb,,,,
5195d70a584096df,,,,
7a9340c590c8281b,,,,
0f90f96405cafa06,,,,
43090d352a4e9bd1,,,,
c205f8185af6a5d4,,,,
943d50a674822a3a,,,,
c56914a534a96ad1,,,,
f9aeb2c362e4d513,,,,
232c18fb4a4d00a5,,,,
f5a9bd482bb9b5a3,,,,
ca1e838f636dc618,,,,
d6ed801799515781,,,,
3da0681aad1ae777,,,,
970f2bd1b2ef2778,,,,
56ebcbaf0758c1e3,,,,
bdaf9e88e2949944,,,,
7b153c40f9e9a80e,,,,
96cca2b5d835eb88,,,,
7482386708acefd0,,,,
4dc92673f23ca115,,,,
b00a1ef8b61c7204,,,,
153376673921e6ad,,,,
2b4b94503a0c9943,,,,
de2dfcdf6f0c4b39,,,,
3360a8af64479264,,,,
33c139b6e3bcbc65,,,,
9233f325609e708e,,,,
80aa75830107187f,,,,
aa4c34502978a97e,,,,
e98db7bb226cdbaa,True,True,,1.0
ef1a021fcbc14e2f,,,,
48149faca577cc0e,,,,
96e29e285c212c4b,,,,
f8c3795177754ef7,,,,
9defb0318c826258,,,,
18eb45d0ae59bb7c,,,,
8aecffe4a11d5a71,,,,
749a1ddbc4349372,,,,
226f79be1beea81e,,,,
b4a16a7ea465eaeb,,,,
6ea14dbcc5d5d95a,,,,
d06c9d8e879fb20a,,,,
81d5b716f53972ab,,,,
46039a353dcf4fd1,,,,
0c17580d4ff94e45,,,,
9616b79fe0df72fb,,,,
bbda14d1da4c2986,,,,
77b4ad4900108f1d,,,,
d3e78468ad86797c,,,,
573bd61dc5873948,,,,
d08cbf64a23fce45,,,,
676682b186541655,,,,
5dc1ece713d1e2f2,,,,
fa2388c3a988a082,,,,
36ef34f6c539047b,,,,
f649fdb4bf402570,,,,
6eafb8abecfb8178,,,,
4dfacad010bd5a5f,,,,
2321c1403eb9a84e,,,,
1518c7e6f3d54aa4,,,,
3a06b236ed2aceb2,,,,
0cf6e795e8e369ba,,,,
1db15e68a5ba2478,,,,
3127933139c17fad,,,,
43622b0ac12b9f88,,,,
507cef8828cf4695,,,,
eac885b393235184,,,,
3ec1510fcf2bc324,,,,
5c8861bb41779a6f,,,,
9f9e5b8774972a5c,,,,
5afb6f06f08baa82,,,,
eaaca901457b587b,,,,
a7497fd5ecdcfb1a,,,,
6f193b0fd95e471b,,,,
93bae23cbadad005,,,,
465a3a57e0ff4884,,,,
96dcd4339f96a6b7,,,,
ec96ee8e817e11d6,,,,
5450202b054823b9,,,,
a34958a20fd31618,,,,
40dc85c045817836,,,,
abe6121db09943d6,,,,
5264e900f8cb4160,,,,
0b5f9b8c2e22e54a,,,,
c8c62f2cef78c3f5,,,,
4174e05471c252b4,,,,
f5de03a9e78fdffa,,,,
656131b58137c792,,,,
9d081c59d24ef33b,,,,
16e9e57b13ac52da,,,,
98138d4370715237,,,,
086d8c7f069c7d69,,,,
1af18fc06be9e940,,,,
16e5d13e13878ce4,,,,
470da5903733e4bd,,,,
1db457bddf115470,,,,
f2b53a522ce123b0,,,,
c46305c26b4be468,,,,
82be5e4a6913aaee,,,,
cc11403d8c9c584c,,,,
90e61f6eea75f16d,,,,
68936dd94f22b84c,,,,
bb65f552485a65f8,,,,
56ed475ab936ae5f,,,,
714c5f47477c09ee,,,,
b22ea828af90c3bc,,,,
bda9b50cc300a405,,,,
8c9080c1855de741,,,,
827abe6655d689e0,,,,
11c75ba33b954d81,,,,
44666501f7946423,,,,
e2c82d91a3cf5778,,,,
1fdc227c3f666563,,,,
2e6e0f939ba4968b,,,,
ea7cef2d72a890d9,,,,
2abfafa4569eaa36,,,,
810f0139ebb5f229,,,,
fbf7488dd84812db,,,,
486531438baff315,,,,
1804eed3c493dcc5,,,,
15104daf56b23c8f,,,,
add6a7ecb7dd35df,,,,
e35c1a07b5a11328,,,,
478d7a9c1809a3cb,,,,
82e3331abbce3cfb,,,,
f0d724f64b536f47,,,,
b38991326491d2c2,,,,
ccedf6da75d92d7f,,,,
b9f136474696ff86,,,,
e310498df2be67a6,,,,
07613523d6098018,,,,
53b900b5f618a96e,,,,
0e11de6f81352cd7,,,,
209ca8568a4ffaee,,,,
c6aa88f16752b186,,,,
4671318ba32f3b4d,,,,
badd6c35da89358e,,,,
8a3752463dac39e0,,,,
b9b5610fea07e163,,,,
cdbf90f329c9c601,,,,
936a82f2e3f3e4f3,,,,
fe0630387b420895,,,,
d3661feff9f5eade,,,,
6f8c4ee299576859,,,,
8b0d1ddfab4d7908,,,,
33a70d9b8d353cf6,,,,
86eacc75ef74377a,,,,
d8f4874965706379,,,,
05cebe4e9339cfa7,,,,
79694fc525156115,,,,
248e54f5b836601c,,,,
049e4a10ddf0c797,,,,
5c281ae0401dd56f,,,,
7577c71115b510ae,,,,
03c7cc9995ce28d5,,,,
4f26b9fdbe74644d,,,,
2d5d36fa65debd44,,,,
12227e7fc2a3c222,,,,
35c69dc5f73d780d,,,,
7636c09d22fbe7b8,,,,
ad7e13acd07e5bf4,,,,
7d4e18a888501515,,,,
490c6fe4994195b3,,,,
827905f024cd518b,,,,
1f1cd7985c1c8b4d,,,,
10c020476cc6a531,,,,
dfb328a85a456e9f,,,,
154b28ed4e26af28,,,,
103fa7f9fd280ffe,,,,
f439e6e313f4df18,,,,
52867205689d076a,,,,
c960ac463e7eb7a1,,,,
58049e636d954fc4,,,,
35a3d8e95b6ae787,,,,
617736d2f5c9b559,,,,
f7ba20fdadb69d07,,,,
bb3c69c43f5e3957,,,,
afb96c144ecd5ae9,,,,
af081852d0078731,,,,
7a908c690473a7ab,,,,
b4d736e0c80e6644,,,,
ef9e3d31ff8738aa,,,,
26be6fd2c860a478,,,,
b948e49a6a26067f,,,,
54d5cf374b560542,,,,
190cbfc2bb47c84e,,,,
3e00a0360a0a9d3a,,,,
6eea0bc9eb3935f0,,,,
0158087ac820a287,,,,
ca3235ada0ebacbc,,,,
f9f2ec85fb234540,,,,
6c3ad34bc5fd7abd,,,,
011a73c0e8d27973,True,False,1.0,0.5
2d60436ad80a3266,,,,
5b8db08aa2282d18,,,,
8fbd1c58b2a08577,,,,
ad03ca7daf6caf6f,,,,
27a30812fea84096,,,,
f8f51b1e49f87084,,,,
32daf9785f57eb26,,,,
f5c85806d5cb7024,,,,
4bb35115742af1fb,,,,
1416953eb93fc891,,,,
4c3762905123c987,,,,
eb2f788c8baf1d60,,,,
9a9756f97798f30e,,,,
7000000f6c87276b,,,,
0597ffe25dd33e60,,,,
9e47aa4333a30ef7,,,,
4f1e8f5e39790e48,,,,
cb6fe67bcb0f6786,,,,
78199098220049a3,,,,
acd239d36108a81d,,,,
e98ee24fe1ae3860,,,,
6cb933b52dcacc8c,,,,
b820b0fdcc4e8177,,,,
618e861bffbe1b99,,,,
75afe1a18fa66b8a,,,,
58f1d0a9309aca15,,,,
a98b722ae7f8ddd9,,,,
2e0742bea08238c9,,,,
08799f847923d645,,,,
344d84675a68995e,,,,
a03ec9d547d9faa7,,,,
2e839dde0911573f,,,,
142eea7e3a2a16b0,,,,
46b6a6cd7ae808ad,,,,
577054fa846992fe,,,,
ac16c3a3347460f1,,,,
18f9129b1fc82695,,,,
a16e98193bced061,,,,
0c236af3733beeca,,,,
2b5a90baed387388,,,,
4a9524e07f1be2bb,,,,
ba258d181ede7057,,,,
51acf95927b55401,,,,
96a9a17ba1be8337,,,,
90c285f63b9bf5a5,,,,
1032e4c75b3ac14b,,,,
ef84352bde3e1699,,,,
c4625bf10fa09dca,,,,
ab221d294326193c,,,,
f8b04fda250ee873,,,,
52b850b831f922df,,,,
a0914c2977993719,,,,
0b016831e656f2d4,,,,
eaf5d6ba1e00789e,,,,
4dafb240f2c35b8f,,,,
7b91b4c915c4f1be,,,,
f350b15f3d7dcc9b,,,,
24eefcbc0f96b82a,,,,
83043dd47bbdca58,,,,
65ecb8223e5ecaae,,,,
ef3e48040fe5b520,,,,
142a59d17fd16ac9,,,,
ac9f37b9a6fd0988,,,,
a8aa47963c188c01,,,,
2b9b92ba4618e313,,,,
cd5e3b4fd8893780,,,,
107c4f9072cf40c9,,,,
b7fc859562cabf11,,,,
f841c5e37356efb8,,,,
1cc040af0ae1c416,,,,
7797a7487f03b32f,,,,
a63be2cba349b431,,,,
b4de88bf911e4ec9,,,,
ec9f70f75ac959e3,,,,
e5a973412a13eac3,,,,
3da3e1acea06486c,,,,
f6408eb200637ecc,,,,
50b9ef15e2332a10,,,,
2e4718d1b032f323,,,,
ca6393011f9a0e43,,,,
3b44af73f4fb7584,,,,
faca41a8ed2ba850,,,,
bf6a406200771ca9,,,,
5c223c78c56dd37b,,,,
9435db89f20d1e4e,,,,
db9f7be141f66c86,,,,
f4a7566a680c9699,,,,
7a98f1d1222def5e,,,,
f0d6773edbe6aa4e,,,,
3be7c99ed3657693,,,,
475c6d52245dfbfb,,,,
e523d9764e9e6f6c,,,,
4e791c6963697df0,,,,
9be673d350ad43dd,,,,
b68b77fddb0f4489,,,,
75adc94927f27f5d,,,,
0bdd2b26ef04e82b,,,,
b1325b8596db0642,,,,
3d29f8b86fba1515,,,,
c2ed81cf7cc613fe,,,,
14738c8e3f6f6363,,,,
f89c6896cc61aa7c,,,,
cc5ef3dce2c45abc,,,,
5395cd29ed81f664,,,,
7f5d96280c31a9fb,,,,
90d4e8bac7140049,,,,
6e7fd89e83cfb182,,,,
ff6115f0350445c9,,,,
51b99aebe9515446,,,,
8cd2f00862815d1d,,,,
4c886592e0df829a,,,,
f40c6a6637b5c0bb,,,,
29d1f67a192c7480,,,,
f9f82b7c16fde197,,,,
fde5b6ae2215a2ff,,,,
6e9744e658a217af,,,,
eccd9218d46dc7c2,,,,
41a8d914b30cfb53,,,,
65319fdf69bb5b30,,,,
8a716646dbc550be,,,,
660e200e8acaccba,,,,
6b2028817aea56a2,,,,
3d6a20ae317f0540,,,,
4e657f6973ee1391,,,,
2de629e22dafc62b,,,,
41698273b8917590,,,,
1b0db819684d8cb7,,,,
0cab5204d5b0f6bc,,,,
09b7a50886f2a3ec,,,,
8c9a501e5e914d57,,,,
2a109f12a94231ba,,,,
463ed7cdb06f1228,,,,
4c67e375c9fe8ebe,,,,
b5e8505a1731e425,,,,
2dd81fc7a556c377,,,,
ab4f76a79540c36e,,,,
5a8331bbab07f760,,,,
b66c1461d37d6b23,,,,
7f198ea9449bfd2a,,,,
488e78ea7385b2d9,,,,
8bb670c8ee0be422,,,,
945213145286e1c3,,,,
c958c4fdf121ea74,,,,
f1086c9584462119,,,,
4f61d639692885cf,,,,
5c70cc463429df8e,,,,
93c29df970b9c2a8,,,,
0f43606762fc702d,,,,
d3bf94e5115a298a,,,,
adfe076afd3bd81a,,,,
bcdb23b9485a175e,,,,
e193466020786312,,,,
bc33856c0d58b0ea,,,,
84112441e17f5fce,,,,
7252da8e471314fe,,,,
c688ae70c1218680,,,,
2d08abb982707c5b,,,,
1699516115d102e4,,,,
de1c34fc3250adff,,,,
f972d24e4ce19c5d,,,,
6a0c9601a8eb91e5,,,,
191fe3792b0d6930,,,,
736daa987d42e95b,,,,
d5e249b0c6691cd5,,,,
a63467b7a23faaf0,,,,
5dbee54b5a7a236f,,,,
772312132662045a,,,,
f1efad3f3bfbd448,,,,
72ca005ff47448d6,,,,
2c7a7ddc21e5b08b,,,,
895de69f496ec704,,,,
ca9e1f8158a3ac7d,,,,
8e88f9588b032947,,,,
c9b725932fc35ded,,,,
c5b7805e2cd48823,,,,
e7dbb31b90dcf35b,,,,
481105eb163eab52,,,,
35c6ee5f6fef5f02,,,,
efd915bf9ece47cc,,,,
dcb1a74ebb367028,,,,
61d881d5b6be09f9,,,,
0f4c698fbd50b837,,,,
10dfabd44beafe60,,,,
057e795d650e38ec,,,,
596848f7f63c7f38,,,,
11edb8111da8f9e3,,,,
03423f7b4047ab96,,,,
49ee81dda055b1a5,,,,
9a2f569b0144515b,,,,
9d6158c38d5c4085,,,,
3f07df76753a3102,,,,
63d6d9aa12c0679e,,,,
132a33af2b7e8224,,,,
f2e7b32965129189,,,,
e19cffdc02deecba,,,,
a87c959d2824b28b,,,,
a84297420bf96f36,,,,
4fa4dbf19627fdfd,,,,
58855a8ceec0919a,,,,
46419f016e055914,,,,
77598ed83aa818da,,,,
c541203e209ef41c,,,,
a3e9f8023c515723,,,,
26380b133f15c729,,,,
97bbc05383ff655f,,,,
dd49eb0eeb7e8bb3,,,,
d98ac8172871d8d8,,,,
5d9bf844e50f318a,,,,
858cc15a6a26f4b5,,,,
9100bf87f1862601,,,,
4dff71127c13884e,,,,
1735c963980fef31,,,,
9ed397f0bc8acb09,,,,
665910bf927c4414,,,,
217fd69a61bf7354,,,,
0fcd3f1e15d98c69,,,,
8d51ab64d0965cf7,,,,
72706fe1da777994,,,,
7b189e23f615c856,,,,
bc1fdab33e8c5831,,,,
0e10c264244b99c6,,,,
8af46b16a263a2b3,,,,
b76897a5b3648f21,,,,
be322f4950e100c4,,,,
32481ae7237f5720,,,,
73949a0a67aa8ace,,,,
07ce36e6160008f8,,,,
c471a772a4f8c517,,,,
05a14427844dc9df,,,,
400b9cb751467768,,,,
ebd826e25c2330e0,,,,
613b5cfb1adf3da0,,,,
def66d8e7a5472c4,,,,
2d89610b7889b811,,,,
7d45ad24be143f4d,,,,
28330240c0de6eaf,,,,
b6131482823b80c3,,,,
fc77c530162f54fe,,,,
49eb19778e8b3fdc,,,,
91557975ccd237c5,,,,
dfe949f054757e50,,,,
87c35bc73c76d3af,,,,
b2f0b2bcba6eeb69,,,,
7f0d516e525f1d60,,,,
964e429fc2ee2bdd,,,,
cdb39ff51b34882b,,,,
1a73da7ff0a92ad7,,,,
ea8fd09f85c1a385,,,,
f204c4e14a7f6bbe,,,,
993ec470c062d9db,,,,
d035969fc0f0d7c1,,,,
5123916d7e467d7c,,,,
5ab1aa64910518fe,,,,
870e257717e4a4a5,,,,
4471c5579f1af983,,,,
74cb3a06d50c36d5,,,,
d05eccbd68271141,,,,
f205a6dce94bd5b5,,,,
b7ee88308e4e8b95,,,,
866278f8afbff71b,,,,
337e9e7e9c46405b,,,,
e111f59087ffbeb1,,,,
80ba847acbb1c4c4,,,,
2bb0bf181db8f40f,,,,
2922eec2bf288800,,,,
bcb645d1fd6a8843,,,,
66a7400539390277,,,,
c7f769323181ba8d,,,,
6300bd78464f1d31,,,,
dcd09670dcb7ef9e,,,,
fd6c9bbac1d4188d,,,,
cb2b11df28bc65c6,,,,
4c28347a2f816133,,,,
236156dc8779c797,,,,
d6116a3c8b39bd16,,,,
24ecba753dc254aa,,,,
b08f41d12ded9e11,,,,
e4779a36bbebded7,,,,
abae147a57bb7f6c,,,,
5b65fa90e695267a,,,,
8ddc2d8d283bad76,,,,
cbea54fe81296b35,,,,
b0d787427f0b0f32,,,,
d58e3951b1a345df,,,,
a67057c18bedd509,,,,
4e0fdc6260d55eae,,,,
5bf36ea964cc0f10,,,,
29574869f92d4327,,,,
f0725eea61b5dd89,,,,
1523e4bba6ea10aa,,,,
7541a74907260c5b,,,,
5a322dbb43c4769f,,,,
fdb9bd2f61c76b80,,,,
d56953cbfafdea12,,,,
caa093a8f21117d9,,,,
5ac4b1098537b231,,,,
21b72ae88916b289,,,,
623447e0bccb0023,,,,
20d8dc8e3f13c255,,,,
a597bd4edd20a393,,,,
e43d054f87287013,,,,
4e70b25229580875,,,,
4eb22a8168b786ca,,,,
fb150d8b4133cfc0,,,,
7f7481c5b118d8f8,,,,
0b3cccf74e1ba43e,,,,
b1559f2bc19f9593,,,,
44c21b0bb6a537fc,,,,
86c4eb2f071359fc,,,,
b9f101b2a1c6eeee,,,,
57249a414c76e901,,,,
12e5ecb5c514def1,,,,
5312b33c7d4140f9,,,,
36745a384ad33aad,,,,
8d8ea595e8a03a25,,,,
0c6bd7ecac79a9de,,,,
15bfc333c0df5f5d,,,,
378a7b8d68c1145f,,,,
db61214934959c65,,,,
e56b4d6d200990ba,,,,
ce33f2094b136c02,,,,
1f9fb711b1a1b9b6,,,,
bc77b3fc8698f91f,,,,
254e36f866ffcb08,,,,
4dbd9573d2a5bca0,,,,
f35f4eeb3d615b92,,,,
122280bada66f212,,,,
b4d86445fc203b18,,,,
60010dcd4227d4ea,,,,
cadf98db77cfac44,,,,
44ac73fe9c9d955d,,,,
d80f027b8d869fde,,,,
9e031ba6b1f02551,,,,
7e764ee303a847e6,,,,
1de11cd7a272ca95,,,,
96d155f9a5c0df4d,,,,
6ff2c693fab18fef,,,,
5bd0d0b59997497a,,,,
70164a764d6527cc,,,,
1935c6f31f2649b2,,,,
9fc59fbc9eea2b1a,,,,
e0e0a43dc740af64,,,,
0aeb1970a0890a49,,,,
51635359a47da12a,,,,
c6df99a9643e5617,,,,
f5b5591aa728cc7e,,,,
b98b7cd20b91d608,,,,
175168452d0a9c77,,,,
bab5ba7ffc890c1a,,,,
6dadf7140cf0334c,,,,
d4835b7687407fab,,,,
30d982a6685403a3,,,,
dc38cb2653f0301f,,,,
10595c770d84d77b,,,,
3bce014541caa630,,,,
b7bdf3fe5f0a4e91,,,,
448300d53f4bdec1,,,,
1eed5b2741b1d392,,,,
ff17e8555b6b166e,,,,
7f1434121cf40b06,,,,
4b096290e460e882,,,,
c1601a12066f32d9,,,,
86089f021fb21e21,,,,
3c979beab79cb58c,,,,
f9be15f439231e41,,,,
1cf5807f4989f30e,,,,
62ec82edbd2a8355,,,,
ec03c22a08569550,,,,
ab400b3411e7b816,,,,
22311a58436266d8,,,,
69a72eb804c8dd51,,,,
c9b2e9839ad307cf,,,,
f390c401b5c3eb3c,,,,
454fc3afac7be37b,,,,
1fda11cbca150c80,,,,
c166a96fb96e53d4,,,,
5ee9ceffd789d1bc,,,,
47273baa49312bdf,,,,
8870afe11820f87e,,,,
8431acde304d2878,,,,
e5c3cf73f80afcbf,,,,
59e7ce854ac12baa,,,,
3c74d722305d5257,,,,
bb6ec83cb22fdee9,,,,
36ab5768193b1365,,,,
61c66d1e69146370,,,,
dd621c625013a354,,,,
35e5906bf56f068f,,,,
296988d6c0814fb1,,,,
b63e0fee2ab66f8f,,,,
5b2b9a59b0cce8f2,,,,
bc41203b7bf6c95c,,,,
8f992dcc514ae759,,,,
eadcfde507739d88,,,,
1b3d1234d150edf7,,,,
ab72ff93c5d20a22,,,,
0c6237c7a835aaa2,,,,
7b9641f8245c7483,,,,
3a33b4cda930a6fd,,,,
2a3fe81248e1c9a8,,,,
cfe431db2499ed64,,,,
b1c0faf00cd833cd,,,,
cc3525166163ad2b,,,,
1b32ab69488c8987,,,,
202eb919f8bff00c,,,,
cc785d2ec04611f1,,,,
1a3e43c2d7655645,,,,
a8a39f7af59b8c0c,,,,
1b728b92806c1e01,,,,
e2526af385463a09,,,,
a2638400786c263e,,,,
c619f89a756ccf7c,,,,
dea4b8284dad0c9e,,,,
7d2504587ee42b22,,,,
c512fb3fa6fc919b,,,,
cdca1f9a6955f802,,,,
3ed69f6ad93505de,,,,
c103f2d96c221a38,,,,
36f55b9f659bf10c,,,,
4a1964b83ec7a9b1,,,,
e1a8fa3790c22085,,,,
4778bac99dbddc1e,,,,
bab6634dbcce3793,,,,
a016c65e6d8bbb2b,,,,
0da1e16c92dbe88f,,,,
bfc0141e7c22240b,,,,
8ad3cb5dcc4d922b,,,,
d6cbe7a7ac45acac,,,,
6b3918917f3b5046,,,,
39e5fd4c1672106b,,,,
ab936353e9b507fd,,,,
eb5a625b420ce9c3,,,,
fbd2a397274cee6c,,,,
430bfa03ba69a8df,,,,
6449776eab0ca3b1,,,,
974b642b3cb3cb70,,,,
81f405698d8ecb00,,,,
2d70f97063ee1657,,,,
01ccc8d6624125ea,,,,
f690090ef9d2a4a7,,,,
10954bc22cc97416,,,,
15afaa3dbd58f7c0,,,,
d1bb1058f81a3d9b,,,,
c10ac27ee20fe0a1,,,,
6958d79bd485b758,,,,
d2dbc139de96e493,,,,
d2b6cbea83355936,,,,
5367560f7bf0cef4,,,,
f89bfd4362f28a63,,,,
2b2e010169b1fc26,,,,
43a08cf4731b63d9,,,,
e58d4e15980cc3e2,,,,
2ff55851329f0e44,,,,
98474759e2a94273,,,,
4aefaf8a5a409663,,,,
02a8c1e1b4cf12bb,,,,
e3dc330be42b278d,,,,
bff290305950b992,,,,
1131a7a975604928,,,,
c56557fddac3162c,,,,
1deb0d259293fd62,,,,
1c44b77de3d09eb3,,,,
e4c4a4cbc61e0946,,,,
9a4890e4643c078a,,,,
e07654758b8baf7a,,,,
31c32cf836c88ebb,,,,
2a871b23d8ab1d85,,,,
3dc4dab23150f18a,,,,
ce55e0831f4c2436,,,,
e92a7ab9e17b8b40,,,,
ab898eeab52fff8d,,,,
b7281cc1ff02b388,,,,
875187044843cceb,,,,
02b37c2738f827d7,,,,
1b67fef9943dc853,,,,
439fb3202999258d,,,,
6b020090bc886308,,,,
56717e5083b7a1eb,,,,
9d8d4e4052efd7ad,,,,
3fa996dc89fed273,,,,
a424adbf90d76050,,,,
8d1fa7fd4e48b35d,,,,
b92d8fcfa091cb23,,,,
3ecf8b3cbac0e977,,,,
bff4f31e643ba655,,,,
7e89e7e3791155b2,,,,
dbc4cf13ef023b32,,,,
02fb339414489879,,,,
e60e514c1488f706,,,,
231011e8e8fe329e,,,,
9370e4bf6114945b,,,,
35d28a0c32646f52,,,,
25943baf27c4f8bb,,,,
2d6de5119cdb0df4,,,,
4d9a14cc2d61ae44,,,,
f597c591be336e8d,,,,
ee2606dd04fbb37f,,,,
cc65bc895407a8d7,,,,
31d4ae656a3d9c43,,,,
dfd4cd53996e8cbd,,,,
3e4760360da32707,,,,
553fb3d7bb23d4f7,,,,
24f41df1f0ac46f2,,,,
15937a974a160944,,,,
27afaedd6076fd73,,,,
ac95b69483964465,,,,
f1bbff81f347637a,,,,
a5992cb1a770298e,,,,
27b7ac09eb2f8fb4,,,,
dc184efd65846ffd,,,,
194f99412b343057,,,,
ef305a3756166750,,,,
f058236e1fc8ce03,,,,
4f4e9a5b62ce80ee,,,,
5bbb077ad9070efc,,,,
0ef77e23f3364273,,,,
c1bae9b2c5319707,,,,
f1aee13933f6286d,,,,
6ad4faa32224a692,,,,
d91edf2203bcf30d,,,,
dc7e97c525b43da7,,,,
0254e25750bde33b,,,,
36de4d3bffbeb1f9,,,,
e7ac3506c9d8d93f,,,,
664e3968f032e351,,,,
5fcfe63bd3004e21,,,,
9b00dec3cc93f1ce,,,,
5c14569a9f2a5d64,,,,
c3d2f94bba0dcfeb,,,,
98f80cf9791a86a0,,,,
9c131e68a1b8bca6,,,,
e66ee8962ab407da,,,,
2111710ad8c199e6,,,,
db1bc154c8665cb3,,,,
0ac1664c32c43115,,,,
b6049846a960d99b,,,,
476009bef21b133b,,,,
d70900b451f687cb,,,,
afc482d26fb64964,,,,
ee9ee37e3696b10f,,,,
2972d67e7724c790,,,,
9a7d2a114dff4275,,,,
3d64ea5c7d436de0,,,,
e9754d95a1335adc,,,,
19c805a0555de898,,,,
87eb3d50d78fa46f,,,,
a5b2daf8d91c5e6f,,,,
3b252f871087a0be,,,,
48f1f464c598ba22,,,,
d33a2a91f31be0a2,,,,
ff287bb49dcaa2f8,,,,
3ed380e86df44d2c,,,,
7e1a1cc70b8f0f64,,,,
66792ef2c37a6a28,,,,
0349b42ba49555ae,,,,
56f7765b56ea2ff3,,,,
9017d19707133faf,,,,
9763f16f9a7da6f5,,,,
c46f8536b0855efe,,,,
9e738b9109f28886,,,,
967bcab911b06b6b,,,,
f5d24add3fa2920e,,,,
ad3fcfff8b87ef41,,,,
9d51bdad5ab2ab0d,,,,
982614b8710d4f51,,,,
d072ad1ed26ac7c3,,,,
0c616c1aa061dd7b,,,,
2c4228daf6af4e30,,,,
026ec850c2a24f1c,,,,
4510a9960295ebc7,,,,
cc11fdb4b6d25c73,,,,
e12a37df8ca32cdf,,,,
b5b419312da33618,,,,
a18efc3bc108ec82,,,,
b6a15d641b4a789c,,,,
4f083c3fb502491f,,,,
a3b9b35c63920c04,,,,
617013dc68d18a2d,,,,
244ff3361d1f4cbe,,,,
54833ee03e8d9559,,,,
332fecfa6910fa74,,,,
0b635b068e01f349,,,,
2ac42f8c80b8df8b,,,,
aa8950624e8ddf86,,,,
add0a13c65388d98,,,,
0f696223fd2a740a,,,,
ced47ae4e9ea88f7,,,,
2d60457527e08bdc,,,,
215cda3261c5d41f,,,,
8dccf5fb87035513,,,,
61c8350454d11f93,,,,
e1ada01af55e0d45,,,,
47853a36c2e8e1c7,,,,
62bcf04ff3b4a711,,,,
85d370457aa55521,,,,
441d595c67cf96b1,,,,
852c3eb761651d56,,,,
b96e48a277796ba0,,,,
a8c4ff0f53f8298c,,,,
48c127b33ee2354c,,,,
5598cdc90b2b045f,,,,
051531b01f8ecc54,,,,
fc12e87961a14380,,,,
2b85cf5dfa5ead7b,,,,
84bec3ad6f27ca83,,,,
661762955efde681,,,,
035f8432dc6f2c77,,,,
dc0755c5a9acc6f1,,,,
02fb6dd53c28e528,,,,
5b6e2c11df4fa4fb,,,,
38c1432dbdc53fe5,,,,
e33d48718708d347,,,,
f2ad05eb5f2c15c1,,,,
d2611b057220fe0d,,,,
5eaedca30a904f9b,,,,
f634656549635b97,,,,
bd8e6d5f110ebdb4,,,,
7d82eb9933f140e1,,,,
fa1d91f04e97b153,,,,
7fe7d2246e0d39a8,,,,
ebc6165e9697e069,,,,
c9f0f0909aeda93a,,,,
76b9f28f56d6ffe9,,,,
34fcf0e48d3ca507,,,,
1cc28a6297d749af,,,,
e1773120d35770ad,,,,
414c9f4cef2381cd,,,,
37e4a8abe2889a0e,,,,
54db4f14a4514912,,,,
7ff9caa70efee253,,,,
ff90badbfe34a20e,,,,
4ebef76a68bfecf3,,,,
437949ea7baa0a33,,,,
49a897cfa6595007,,,,
23c6ad4fa722a2c2,,,,
e1a467c3af671a5f,,,,
02918bacbfce727f,,,,
84b0c1c3a5a0f016,,,,
3e91d509f1c0b757,,,,
703725198961dee3,,,,
37d685367ca02a0b,,,,
974850f4021786e6,,,,
a9a5a19146993d67,,,,
5c5062204611607e,,,,
a695d91cc3b9e4d9,,,,
0be2962592a2a243,,,,
ba53bb9dbda2a10f,,,,
ba0823bc2aafb373,,,,
89d9db088c00aa2f,,,,
74e1b2d55b1fb1fa,,,,
70e6e8d8dcf38ac8,,,,
b51aadac647d6fbb,,,,
848e444b2ab27e7d,,,,
9eb01c1944cfd4a1,,,,
f0a62db45a186c96,,,,
66ee7c9f40a06eba,,,,
781642acf07da7c6,,,,
c895eff366e75d99,,,,
b9dc1f2cf7a661ea,,,,
0e98bf616d279315,,,,
bc0416168e5af050,,,,
849d04b3354c8931,,,,
62a59573a8e42c39,,,,
dec15ceb0ecbae16,,,,
40622024295a8156,,,,
112aa6b19312ed72,,,,
59c4c62783d69c4a,,,,
59bc48452b7238e1,,,,
526e314015c51c54,,,,
9e66cc4a0e1c6be0,,,,
a68b32b4f1a1df2c,,,,
cb6a5e1935f6ec35,,,,
b106857213430790,,,,
debf5f8a693bd1bb,,,,
bd05174d77e3fa71,,,,
6868cb3455e53654,,,,
72f2e088c30ea14b,,,,
7b36f336c1c913bb,,,,
ca7f428e5456a417,,,,
c9d683d2bfce5e99,,,,
ffc4d31bff7c1ce5,,,,
b5d7cf104855cc3d,,,,
4f8b15e7912a7b4c,,,,
a451a029046fa006,,,,
e0fa2fa47bdb133f,,,,
ae2800ff16e7253f,,,,
21c264cdf20383c3,,,,
2181b87afa2ba4a8,,,,
dc7da2e314db4cf6,,,,
9b3ee34c094e5379,,,,
1a2814e170704d4d,,,,
98a55659f852c10f,,,,
46c243b25ce7d19a,,,,
e7eabf3dda50b5dd,,,,
f89fad9c70d057c5,,,,
b2f54616905b97e4,,,,
7ce1ffe55c8d68b6,,,,
61efb0f5482a6f94,,,,
91e684c0c37c5589,,,,
432711edad2ba604,,,,
3d1c4e194ba08015,,,,
c5363f549588e098,,,,
cb96dce754dff6d8,,,,
0a822e27dc991d02,,,,
8af634c1da8f39e6,,,,
3ce6423aa2b0f6cf,,,,
cf3f162be84ca19a,,,,
0ccdf531dc4457d0,,,,
72406e76a5fd4471,,,,
bd5c380399de26f7,,,,
72830064c57cadc6,,,,
b2e101dd5032202f,,,,
4d6572a05d9c8df5,,,,
d340782dc9b74b4a,,,,
5bb448f54418323a,,,,
538585d4c72586b0,,,,
ebec35a89af97538,,,,
bc070fe866f59597,,,,
6fea2a8f6a2e4e2a,,,,
ec7d07012d14d9bf,,,,
83ef240ecceb60d0,,,,
896e22c3852bbd79,,,,
9e45b6a44289ee5f,,,,
7f515ce46cf43c07,,,,
902a0f483063e70b,,,,
be076205f5a30366,,,,
c2361a995c0ef4c5,,,,
92bfedd8ed3bfb2e,,,,
11b43dd7fcff48f2,,,,
3cd67b1a73e93433,,,,
80a2a90feba38511,,,,
12c2af489487abb0,,,,
e03c2e842b7392e8,,,,
b697615e20886bf4,,,,
af0bd10cd42e1fff,,,,
16cd9ff7a110eabb,,,,
ef981cc2d84dfb54,,,,
081440acfce92211,,,,
9ec7f04ca1216026,,,,
c2d8f8489a2dc7ab,,,,
5ec54cbcb1e5d23b,,,,
ca35174c743ae20c,,,,
34bac012d7c0f038,,,,
4a563e70f73e1868,,,,
b785e73bb9f045d3,,,,
4282951f93feb5d7,,,,
deb02751946bbd7e,,,,
770b707f225c0c5a,,,,
28f951547c670535,,,,
a55bb7fbbe7c0fbd,,,,
e5f8c7e78921cf42,,,,
f4a6814a9f63d93e,,,,
72eebb8d99dbef1f,,,,
42aa05205e1152ae,,,,
c03163c6b6e6440c,,,,
256f62d49a337ebb,,,,
e5514fc80ca04c37,,,,
4487d1d1ec56267d,,,,
c94bd6b477d5e34f,,,,
7766b58ff445d756,,,,
7b9b2fea4550faba,,,,
8a5e8ae0677f3253,,,,
4ee7610845d70df5,,,,
616b7f06b0d537ad,,,,
3c00ac17808d8109,,,,
fdb54bf3fcd2620b,,,,
1067ba63d086e033,,,,
74f8a110345a5eaf,,,,
a456607090ef3540,,,,
74c149acf11b9f3e,,,,
39d035404aba8ded,,,,
b6454289bd00b063,,,,
4f3659b5d0bd182f,,,,
196897157cfdcc26,,,,
b519a3dbb0563feb,,,,
0ce1cdd548ee8a22,,,,
c2b3421644cb9f6c,,,,
7d143cea4a7f35b3,,,,
81a6ee2342e3822b,,,,
8b119350f032b1cf,,,,
8a638956304d375d,,,,
a638f682046c9e86,,,,
086c9688eff9b8ff,,,,
86f992294432297f,,,,
9b25a5111f3df0a0,,,,
6e0255ea92f6c3c3,,,,
e88e86799e905f73,,,,
839b6bdd30fca816,,,,
72215d6c2b444f4d,,,,
b0f3f88290a024b2,,,,
b96c3a4a1a6ee5de,,,,
728f2bfd0c7f7933,,,,
39713d3cddb7d19a,,,,
7d9b65dddb31d8a1,,,,
c50eabf80175f272,,,,
cf919f930fca46bb,,,,
149a845992c2482b,,,,
3ad9158ba09c1682,,,,
7fc03f0db4d80d94,,,,
6625597b213c6132,,,,
40de924bbc24c957,,,,
0fc0563665fe9844,,,,
2e1d798080ab63a1,,,,
d8f7e7542511582c,,,,
2170213459d7184d,,,,
17a971c965f0a938,,,,
72f44d65f10c6416,,,,
a3e9dc7df0fb1242,,,,
4dd683de6813935f,,,,
b5f47a39eed5b377,,,,
0c0e7bcb193a1dde,,,,
7201edf22c406b95,,,,
c874f43718d20b5e,,,,
7cff3c25f1bac206,,,,
087e700c88af236f,,,,
a932668494144b0e,,,,
914a269009939d4f,,,,
ed6dcd68a6529f5b,,,,
35658e8bd78facbd,,,,
9c0a300311085c0f,,,,
fb712a73e4fc598b,,,,
457ad542df8bbfbd,,,,
17a0b20049c2846d,,,,
4aaf3ff1bc46bec2,,,,
ea570a8064eadcdb,,,,
17f79a40ba5d4069,,,,
1c6ebdc69e266553,,,,
b8ecf5374ca8fba2,,,,
cf3636a593b77170,,,,
e56646bfa4f4dbb1,,,,
4039403e517be867,,,,
6e27f607c5031e2e,,,,
96c1357a71c12c1b,,,,
a4fa8fd235f198ff,,,,
85ea37a5f929e445,,,,
d2770cb0e9392959,,,,
f31201affc9ca35b,,,,
bc73523216b776ac,,,,
02241580d6537c93,,,,
0df373f07c62b157,,,,
3f764ca00f07f8dd,,,,
fb2e0274b1cb3744,,,,
efcbcdd1aff12ecb,,,,
8605dee27ac5c473,,,,
a75de9bed528c8b2,,,,
84763fbcbb2ef68b,,,,
dfdf8100b8917d47,,,,
0e1de795677bb4a8,,,,
830e160c2b05e560,,,,
a4db8de649e1b060,,,,
3226569905f12a62,,,,
877701c5171fedf0,,,,
2b5db54624030583,,,,
0bc810acc9ab84f3,,,,
fed087c2e47064a4,,,,
81de842254066477,,,,
feca99235ee75a6f,,,,
9b6fa8ffa5192cdd,,,,
9b33b773669018c8,,,,
c6a565a0e469f863,,,,
46f67454a5663044,,,,
1c375d3deac66467,,,,
80c5bd90dec9b103,,,,
e28f8f7d3062d94a,,,,
7513bfcab0efb4ee,,,,
a34e8c99c2e88ee5,,,,
00b75f0234c08e07,,,,
188ada6e1e9aa989,,,,
988a97949201108e,,,,
e9fd98539ec9d4b2,,,,
85951865a85adedd,,,,
5e8df144691fe057,,,,
e649bc7edf427b4d,,,,
abdd099c9db3bfef,,,,
7a19318848f85016,,,,
11e4f21c52884734,,,,
fc5abacbf92fbd1e,,,,
52db3ebdcedd642c,,,,
43c6e8d950c1e99e,,,,
6a3a26ac94d2bd6d,,,,
36239caeedc049fc,,,,
4ddf24f7675b8470,,,,
f41dd14f56b5e943,,,,
da4f52f3ab0460c6,,,,
b9550548f6bc3c30,,,,
e3f9f2ef44787612,,,,
e35f03dfeb07646d,,,,
0cee34e3572428e2,,,,
44d1ce13bc67c1e5,,,,
65a573707d248356,,,,
e2e1259a65b880eb,,,,
53e109e9ead06355,,,,
b004a79a848a4a9b,,,,
f6e3f752dfd89545,,,,
7c60f5404080cd37,,,,
0cc5a801e8d2ddec,,,,
0441becdc454ca6f,,,,
ae009dd8d754a659,,,,
41222fcba2d7a80b,,,,
f636e2e31b0b99d3,,,,
a331eb4de5601d63,,,,
260935d9efb25c96,,,,
2ef8bde1095ba705,,,,
1b2e3fc2ee0b5521,,,,
22138f8f4b6ac3fa,,,,
f978d330477e50be,,,,
814c2d30122ecbfa,,,,
b70689f3c9d4b283,,,,
6c690cb95709249e,,,,
14aaff124fc3817e,,,,
da1d41cfafb2f05a,,,,
511a93c15fcb281c,,,,
b8a48d8eb3e127d3,,,,
adadbceedc9b9305,,,,
15075da8f0b5799c,,,,
5cd5d67441b6bdf2,,,,
e866e645bd5ec563,,,,
e1da85c3ab52c8bb,,,,
566d7a1e2fac4cfd,,,,
cc2de4fec2fcc935,,,,
4a954016b2148a1b,,,,
5b60817355b13c99,,,,
bcd1831785f098ff,,,,
b2c8e6565e75670c,,,,
0cabdee187a78505,,,,
1725b2b385bcddb7,,,,
057032c93f1f4236,,,,
a4278134f2dda631,,,,
1dc17c7c6fff4686,,,,
b2079f82ed1b191c,,,,
bf3118bf11648af8,,,,
e79b83b7c0450502,,,,
90602d9c116d94d5,,,,
b94dfb19280d3817,,,,
7f0d7daebd631c40,,,,
9582c5c7ab677e8a,,,,
8ccd816b9a4d88aa,,,,
a4bfe805a13bd588,,,,
5e9d609f29fb58c9,,,,
6cfed5a761859d60,,,,
852ce607224ccf82,,,,
d208a47be917cf5e,,,,
70fe7cf52ce26406,,,,
da1e02799802cf33,,,,
8c8fea594c6e8325,,,,
c54abe73df392e33,,,,
95c51613dca6d252,,,,
b192a68e91b8ecee,,,,
fc85ac240854dac1,,,,
e8a18833d40090a4,,,,
ba0c33f66dd4e162,,,,
3fa57fe854dac0b9,,,,
c2cfd2fb1bf67dcc,,,,
13634f91e3da799b,,,,
4aa11433de207eaa,,,,
05d586eab9cf67c8,,,,
a3f5c90afe70bb23,,,,
a031535342cd397f,,,,
653147b107790d77,,,,
edc27715c33147f8,,,,
e46889373dc2f372,,,,
48f9780a068020f6,,,,
3415d71f5f7195d6,,,,
f862ac4f807ebe01,,,,
33e714e704f3c4b2,,,,
d1ddc1faec406628,,,,
75975524a3f2aa14,,,,
287dbf602e7e7dc4,,,,
2c5b1a1168551768,,,,
4fa7aad5e8fbb9cb,,,,
5057ebeb8999cbd0,,,,
f41c089b231be3a8,,,,
980da7e4a0d8ff07,,,,
2511f760f273de55,,,,
1eb4070ce128829a,,,,
b820daf471fa8063,,,,
adb364282b9e039b,,,,
56d1cd9ccd526432,,,,
ff09ba669beb73fb,,,,
d9d90760f7ea5747,,,,
109776b8c894d323,,,,
0bc1496b58ca20cf,,,,
eb4df6138d60c8a0,,,,
b491858878f5c65d,,,,
de67f574ec7644e7,,,,
bf5586cd25c47a23,,,,
05e1440f893f1933,,,,
4b1e2d003ff9ec97,,,,
8a325aabad0793e8,,,,
c63ae1eae91951b9,,,,
67f4bcf4664677f3,,,,
d0da772342a40cbf,,,,
2d7e2863ae3056f0,,,,
652cee7a78aca8a1,,,,
289b38d359abc604,,,,
27663877dc0839c6,,,,
9d859de622ec11c4,,,,
8371c0c1617b77b2,,,,
260d44c07834f267,,,,
c802df57185a7208,,,,
59e4a21f4e0d1e37,,,,
872188266f48966b,,,,
8a0af8e6a4ca7cdf,,,,
e3b412b53d9716e1,,,,
ba2f50be7e273f0d,,,,
60ae25a80a1ebf15,,,,
787c565ec320e0de,,,,
4850410e0bd6b26c,,,,
8afaf8037a494912,,,,
556f27869e2cc3c9,,,,
134411c3950e967e,,,,
e9efa63835de79c2,,,,
572eb626be9e2ff2,,,,
25ab4da8083e05f3,,,,
8ff7d6e0537bab83,,,,
efa77e45b8d4a50c,,,,
3dc411e8c85e2b7e,,,,
770620d80e60b802,,,,
eee40e5c0750fa2e,,,,
f3f1282764fb900b,,,,
899a5824370cb0bd,,,,
58cbb3541bff1e5c,,,,
0796b84fb60c6424,,,,
a8badfd9ca7c0a7f,,,,
d57993600a4bcf1a,,,,
b8e3c0ddca355935,,,,
cc4243a287a13c1d,,,,
e522948ab45acd5f,,,,
9c2b4fd76c211cc5,,,,
7d0aa359efe5d576,,,,
61a1f9acb0e88c40,,,,
aa53906a1cf30cd7,,,,
99417703a51252c0,,,,
fdfaba293c799e4e,,,,
5eed26c36fe533ec,,,,
7cbdc33c3fdb0280,,,,
9e6a5792e994c4fd,,,,
a4aeebdd10a817b8,,,,
a382e19c4ae084c7,,,,
ae9d2fb834d72735,,,,
5b06504951716357,,,,
9ae1a3d210aba433,,,,
daf3f306f993a256,,,,
b2e1a196e09b9793,,,,
c5b01ede98dbc0be,,,,
50116368e008827c,,,,
6c02c35562238d82,,,,
9904fe71605209c6,,,,
787260a528357589,,,,
76d4a6fc8235ad0b,,,,
90b07079000f6fe3,,,,
b39d7f1227e08829,,,,
2763e4db84a40225,,,,
c4a46727c3c0a70e,,,,
0edfc630a0e3ff96,,,,
e2903c5e39adfc86,,,,
a2271af5608ff041,,,,
54c5d3bfba1309a2,,,,
f6e2ad498c5407f0,,,,
d7ebbdf174a475fc,,,,
bef4ddd01c40bf96,,,,
d35847094b226402,,,,
8dd23bd670fc3203,,,,
07bcd40d5d45614c,,,,
923cb428c10b79bd,,,,
fefab6426394abd3,,,,
0506fbc7f9ce707c,,,,
bfcd6dd3f04a349a,,,,
59fcb6984e585092,,,,
441a9037117d8145,,,,
d8497a6e0fb91c3a,,,,
7998374fb914049d,,,,
f075e73d0dae7ed0,,,,
54c2cb2319377252,,,,
d34b53a49cf5cde3,,,,
d67e6e5424bcc824,,,,
49b896fd1fece580,,,,
4614aff474ff6aac,,,,
d3a001347acd6c11,,,,
f04ee49fcec33010,,,,
5e797fba7c5dafdb,,,,
98d8cb9b5954de97,,,,
9c2b740e5f7a13a8,,,,
34e1ccca219fc98b,,,,
630f90d5811af5a0,,,,
1ae7b4be199df99e,,,,
73d3bfad03b5cc7b,,,,
591c8e74c1a3fb24,,,,
338db934db199ac6,,,,
dd03ba84582f63dd,,,,
6005565d2feb8410,,,,
a335a5d757b809fa,,,,
1aa05ae7e78d3692,,,,
7f773d0b0ec7be45,,,,
a3910e17c7a3743a,,,,
6f7976ff6b284d93,,,,
af911f09f11bb9c8,,,,
f9291fbceac34e15,,,,
1dc910cd0ca5e9ee,,,,
88827cc6c08fbcb1,,,,
44ba7d9108799750,,,,
a7f382d910a397f1,,,,
f035600a68da78d4,,,,
708b8ffce4838340,,,,
3e3936371c8b43c7,,,,
2955cc80f594d4f1,,,,
dd1233fa2b6dc031,,,,
ee86612488b97c1c,,,,
2df86615c2265dc0,,,,
b5962a3617f0a338,,,,
42553ea72c40c57a,,,,
c3826992e6e26c39,,,,
08a6385e030772d7,,,,
5b359cae53b85def,,,,
4b07322fd7b413fd,,,,
015181e3cd47899c,,,,
95e117874c8e649a,,,,
eeb32ddb9d8dea4c,,,,
3239267897483a13,,,,
08302728d767b428,,,,
7c847954a933ddd2,,,,
903677cda2b40229,,,,
8ef601b099c8c34c,,,,
7d2f5bc4cc04c1f5,,,,
8ce584dc2519e59d,,,,
6158032fcaffd65d,,,,
c7ffb8cbc4def21c,,,,
36dadd5e3471744c,,,,
4cabebebfa20d21f,,,,
711185fd9ef3bb14,,,,
422c8739fcc3c174,,,,
46ab87d67173726a,,,,
dc93f77eb8ecf79c,,,,
1c736e3c807c8257,,,,
60c55837e64c260d,,,,
7ee8857917d83b6c,,,,
9d86f4fe443df527,,,,
7a89e87532940cf5,,,,
cf92dff4b55956d0,,,,
b7cdfd510a4111e9,,,,
9b68fd5d01b400dd,,,,
22b3f12e4ea0f18b,,,,
a215f834eb746314,,,,
8d341ecd6b96388c,,,,
0c8523cf33a38f1b,,,,
dd13b92918b5ae9d,,,,
a958e90fd3ef5fd0,,,,
ca049e0fb2c6396f,,,,
8e6e0fdcc50b5df3,,,,
c69ce1b7fe1a544e,,,,
be04780b787669b8,,,,
b1fe3797e2253870,,,,
f19258e38aaf3edc,,,,
b94eb769bad611aa,,,,
c7602f4879280c51,,,,
391da21a37e22462,,,,
3b530b1bdce7ffc1,,,,
b75285aaab4d4542,,,,
edbec8e8ad1f28cf,,,,
512907700e5f75b0,,,,
3360047bf25e8899,,,,
6dfdb42375e283f8,,,,
4d0b32fa9d98091a,,,,
aa94a0a768311693,,,,
ee39f0fab953e41b,,,,
4265c02a9baab60c,,,,
d73535b8503fe892,,,,
1fbfe199a273ba30,,,,
fef568a7860dfd6d,,,,
c5d4ec5d38e650bc,,,,
8fe29ccb7d29ab8b,,,,
17ff23f655a8d929,,,,
b0c0c898e7adf87c,,,,
90ca5ecb5645f8af,,,,
3f7fb85f79640491,,,,
9fa5969e922f7b4a,,,,
522a5b0d4b389057,,,,
4bfff75de6e85f96,,,,
1d51033f61dc9880,,,,
02af5556d6dc6d37,,,,
e00c3f85ef660104,,,,
1073cfefbb8bc481,,,,
f110147a5f7cfe70,,,,
b54b78bf657cec0f,,,,
45630c33e24d66db,,,,
fb36bc157ae10233,,,,
aa62437a30264c8b,,,,
7548e85de11b1e9b,,,,
decc7fffaf91478b,,,,
6465cd5407f79518,,,,
a8687ed3a7d17658,,,,
6b41b1f91f9087e4,,,,
d986b61a4f4469ab,,,,
d9506ca9a38228be,,,,
12c4745351891f5e,,,,
e6667ff30dce1341,,,,
dd6045ca20e7a4d5,,,,
004792c579345a12,,,,
adf8dd1fc2626c46,,,,
04819981bd11602b,,,,
a9b68a00117f36fa,,,,
317207004190120f,,,,
e44f10c73819f8e1,,,,
c92e5b84e491e5a2,,,,
91cf266d03aac6ed,,,,
8761c4be541096be,,,,
8d80fa161f52d73a,,,,
f6427430e1ba1d9a,,,,
7350d655b41575d3,,,,
035a947f8c58e63a,,,,
3961fc1593211f40,,,,
a1493d93f07838fb,,,,
f80e89787a9a0f03,,,,
d40f31664f4d3d45,,,,
e8f1c02089b0ae9d,,,,
b2bee03e16617843,,,,
09da3da306e370d5,,,,
cd32cd638be3cb17,,,,
3818a4a119f3f224,,,,
fcf9a11d9f434633,,,,
f5a528ab8c6393ac,,,,
b245cb09bbe64e19,,,,
3611f254dcf6ceea,,,,
0937295805f539d4,,,,
9563b96c0cf44c3f,,,,
ebc721c3ef1fe19f,,,,
7160fbd154648c37,,,,
b50f1e475a277d09,,,,
1cab9521d1f51a1c,,,,
8713285086163d61,,,,
88c731c2193f6492,,,,
6d1b246b6cd70a2b,,,,
4f4934be112bb9f3,,,,
2de7f66909d59a63,,,,
c86aca52e3d700ef,,,,
ce9092160e914886,,,,
63c97d18f0cef7ab,,,,
db45cefd042c83b8,,,,
c788260b421188eb,,,,
ddee3bf9480beb64,,,,
b3a3f988b1259afd,,,,
9aaace7556b78997,,,,
0a9b20fb1dc75d42,,,,
9c6a722ba2e7c87e,,,,
0924bee5bc4d926f,,,,
398202105330b8da,,,,
a60973f1a1e29709,,,,
58543d2644e28878,,,,
d73a58eeb4b907e1,,,,
435176b03a970ab0,,,,
9f75747ad65d1f91,,,,
d8ca160315fa013b,,,,
4dc8ead11e6757a2,,,,
e0435dda04b6b084,,,,
5c2dd06dbe68f4b9,,,,
2b40e2786660c504,,,,
dfba37de6c873f3d,,,,
8bcaf6b97fd6a18f,,,,
24d0b24b10e3eaf3,,,,
4c3ea38333090ae5,,,,
9c62157fb590ee8f,,,,
6a7df8cdd0b5649c,,,,
68f4c512cbe0500f,,,,
20f253869ed20d63,,,,
aa4fb2274f8f6799,,,,
9c03bdb5de0d452c,,,,
7fc6c98f5a487b44,,,,
763cef4677f2f282,,,,
f75aea44defbe4c3,,,,
2ce4684a4b484cd4,,,,
90899cc23ef39d1e,,,,
622efd5e68bcff9f,,,,
6786fb5eecd865ad,,,,
6fdff4b1bec486ef,,,,
54573ed498ede6e3,,,,
b6dfb6cb88e9ed0d,,,,
4c6074c00919fda2,,,,
006f9363ebf58666,,,,
3aa4896521aa68e7,,,,
b487db765ebb2541,,,,
b49852e221854431,,,,
66d5337c7e26d602,,,,
c9b94999d7a3d86e,,,,
33154f21b448f137,,,,
b343bcc97d7fcfaf,,,,
bdd118e0baf25f67,,,,
bc8978fe4573838a,,,,
9f390612be91a0a3,,,,
c34a60465f48c9e8,,,,
875b1c257b87befe,,,,
7ce3dbc4781912e6,,,,
cafdb3bc9983e864,,,,
aba375a3b5c08586,,,,
c1c04d953090f717,,,,
d03ec386654498ab,,,,
9d732c149d182dc6,,,,
624366efc6c2ecf8,,,,
a4da41ce7cd7e49f,,,,
7873f96ef90e89ce,,,,
38da952a1c44fb4d,,,,
8a8d1068fc1eec6e,,,,
ece31782870db65d,,,,
ae5437c2fcab4373,,,,
d2cc66c5ec758064,,,,
172c8e6bba5c706f,,,,
df2e93783ea542c2,,,,
6a396a25d604c215,,,,
1a7ed7d80429ce8d,,,,
5432119824b7abfb,,,,
15c8450ebb49001d,,,,
8592b98a228d318c,,,,
7dbfccdd4624d6ba,,,,
44403257c919d1c7,,,,
906320dc6dba6aa1,,,,
9c22ef93cacf58b2,,,,
536f97af0288ac2f,,,,
b43db7fe54434f94,,,,
4612e16174ec9dba,,,,
ecc1f5868d3a23f2,,,,
26942ce6e5c7681e,,,,
7234030557fd3f7a,,,,
7c9bc7e0082304e0,,,,
b2d4a4664777bd9f,,,,
964352d8b2f1763d,,,,
a955f473f40ee57e,,,,
d926eb5eba7528b5,,,,
655f90f586298b1e,,,,
e306e1ec85557259,,,,
2719a5d99b885feb,,,,
773d9db0ea6bb82d,,,,
d0e7831ef7406c9f,,,,
a4c27e1c9f355f05,,,,
a90c1de5d7a6e834,,,,
dbad76625b83d49c,,,,
bbb612652bfe94b6,,,,
52b777c1ba059105,,,,
86631a8fd93dbccd,,,,
f3a04c553cfe5ed1,,,,
fc21504656f57ed5,,,,
359e94dff06190a5,,,,
bfde49466ade8b84,,,,
6744e7be0ad8d35c,,,,
21ff1b8dc0e28128,,,,
82650f909286cdb0,,,,
b050a090f48dd18b,,,,
1009b14039277b6c,,,,
b8aa22dda8a60fff,,,,
8ea4c45b178e1994,,,,
c5a3bdb09615d318,,,,
b49fb5448364a536,,,,
5168583949000d27,,,,
5ebdb5d6895111c3,,,,
8459db06b130becc,,,,
f77a36aef21f1525,,,,
a4d7f66759980bc8,,,,
5a8a40c6fd0399ac,,,,
a33eae0bcdbad59c,,,,
2c2d16c613f86d0b,,,,
34f40161318cbd25,,,,
6c5628665dba1620,,,,
67b3507d3770c7be,,,,
998640b9ccae0397,,,,
a11e240eb76be514,,,,
3b485fdec2ff8a8e,,,,
ad83f03aee4e7a51,,,,
07effa6d53d5f8bc,,,,
2da262336a1a7ad1,,,,
5f26e5161e20c32c,,,,
1c5aaf5726ef0c8f,,,,
eb9c7ce5a7c1612d,,,,
a482c4dc7fca9fe9,,,,
efbdab23af4b7b92,,,,
167449aa4091df33,,,,
43909a0c60083c82,,,,
b9a2371ab82ae79d,,,,
a5f284f6654cbb11,,,,
e645faad4babcf7a,,,,
31ea8a75de4635da,,,,
b25a2c76fed86609,,,,
55d4fe56be190c82,,,,
52feb8ab9e73116e,,,,
df0e3024119b8c45,,,,
8f877321c4671e93,,,,
a9669d05c3445f0e,,,,
fadb65e6ab4cc944,,,,
1d650c8cade59829,,,,
9a33332ae286165d,,,,
85375230bbac4646,,,,
63b0697270467db4,,,,
bd8af5e79917b087,,,,
fcf828ea037b1c99,,,,
2a784499d0d591e1,,,,
3aeb0ed98d5df3aa,,,,
74c2a06f28a62509,,,,
ca57f5691a1ef2d1,,,,
05b06c0c9f820108,,,,
7c0e9ddfe6e088a9,,,,
427ca1500f122bed,,,,
a6a9edc61940fa36,,,,
c84f004975ccbca6,,,,
73674667051547d0,,,,
54c3bb5167852435,,,,
7c96ed98eabb2230,,,,
1593587330d57827,,,,
ba7baef6ba57dea6,,,,
4fb9cdbd810ace0a,,,,
471e75184f5d1577,,,,
dfe3e1b1b51df1a5,,,,
2d911828df5a88e4,,,,
d91fb4f9bec8d11a,,,,
8f7ef46a0e101735,,,,
e4e5b30814a20c2e,,,,
8c2ca722e6f4b615,,,,
a3398c9a8ab5aecb,,,,
ea47e9751f5bf02b,,,,
9cdb39520c7c7690,,,,
a87815458c6ea234,,,,
921fa01d80aaf774,,,,
53c50e0480e8b743,,,,
88e17d371e331816,,,,
29628a99bbabdb80,,,,
b637b01768a8022f,,,,
93e1f2430ace3310,,,,
c33868f09edce59d,,,,
d81e5361e1795599,,,,
be3320ccd150ff8e,,,,
d088bd9bf6c5af07,,,,
1a1527bbfcfa135a,,,,
56ec51c99ba00742,,,,
460982d09c7b3e66,,,,
473107edc436a98b,,,,
4cd99ae8eeabb149,,,,
dce914e308fd0c15,,,,
ed51b39597cc0335,,,,
84bfbd27274fd5dd,,,,
697dc9cc8b5e5f6e,,,,
8310abd6a37cb2db,,,,
c108a2f68f407007,,,,
1227815e365bb1ff,,,,
7781078641158468,,,,
efca28b8a0fe5e32,,,,
33fdf0b80954456c,,,,
34aad16e5a537d8d,,,,
dd5bcaeb22e897c8,,,,
01e3ef04d78cc2d1,,,,
e8a0039c96af4d6b,,,,
3716fe4d94b95eef,,,,
49515c9c3115074f,,,,
d300b349b3ff563d,,,,
cbc1f911536ec141,,,,
864d4547ab9a7139,,,,
9e4a0a22bba3a331,,,,
048ff0eb9ac66fbd,,,,
2fbb5e3fc9a175fd,,,,
6c26e98b0580b953,,,,
d87e3b0faf3bdbba,,,,
a910279977d419c4,,,,
93ae11007822d07b,,,,
19f89c9356f27fe6,,,,
27bb6824ea9b9f3f,,,,
f65679aeefaea9e8,,,,
cdd8d3571c7f524a,,,,
361d14c7b818cfd9,,,,
c092eebd79952db0,,,,
3db3ca511b8835ce,,,,
6d4abc55730b6c70,,,,
8d0941a5f01c1e54,,,,
65c8322543b3e65d,,,,
335a8b84d6df33c1,,,,
7a0a933833e82580,,,,
58bfd9a7b0a183cc,,,,
9f37a6acb3ab0fcb,,,,
0360865625d67f01,,,,
c68fa8dd01c47e20,,,,
00ad13461e10d34c,,,,
924dbaffc696805d,,,,
ae2f72a0b3a994c8,,,,
4149e8700b7c1b39,,,,
841c564f86ebb578,,,,
1b74ad0485a63b16,,,,
6587fa1ef0d98bf3,,,,
a0a25e431151606a,,,,
b6a88c4c90909a8d,,,,
813b2eaaeb15f2ce,,,,
d82ac7186d862dbe,,,,
ad5751b053861207,,,,
9b1ba05976d69562,,,,
379141184c4b3125,,,,
67bf389265cb161d,,,,
b26b72ee13f05e2f,,,,
00461659d4e2cc5a,,,,
cceca2cadc8f74f5,,,,
0eb48807ff71fa45,,,,
9e4eb5f57c14611c,,,,
a4bbd666a355bbfc,,,,
ab73ba4d4b103f9a,,,,
d94fe62380de0a90,,,,
05fa5d24b50ae05e,,,,
85b6f93150610be1,,,,
50288e2f2690cf52,,,,
21c5db52e0684d0f,,,,
9df34bc2626c7b3f,,,,
d8322082687f7044,,,,
615d818e807ac4a8,,,,
2f06160142194987,,,,
0cab1c8685bdf5a2,,,,
e241b018c0bb6444,,,,
ca32b39cfba5f6a4,,,,
f43bfb34adebe57c,,,,
63f432c393cd4f81,,,,
a08b3b0e67f3a782,,,,
143812a0b0af267e,,,,
f5ef43c6c245d1f5,,,,
d78b7a3fcc1e80f9,,,,
cd8129b89ad9315e,,,,
8d59f97d17179b46,,,,
e0cd44a01d6a3e13,,,,
eeb072bd69435c12,,,,
6320752b3c951538,,,,
bda4877dfb13a2e6,,,,
a2da30b0d742efe8,,,,
37a66d4708dbf72e,,,,
43dbf4da2e7d1ce8,,,,
d2faa8cd7afdd790,,,,
fce3dbedaad66df1,,,,
f31068f269e87234,,,,
643ca602ea19cbe3,,,,
3ac9ddf2e2ae21f7,,,,
4a14dc1141f79319,,,,
b468300ea7193d1f,,,,
264c35fbbffcd8e2,,,,
915ce2447c9ed354,,,,
0247659dc95a67e4,,,,
2adbf14d4a37ae75,,,,
251bb2ca1a9a8f07,,,,
9854249491c7ce6a,,,,
e0288efd42f22c9b,,,,
981eadda358d005d,,,,
e9f425ad3817ed36,,,,
a97471749e2fd779,,,,
642b9d790dc54129,,,,
df39e579eba57a44,,,,
e934cdbc12290321,,,,
03ddd81a952e29da,,,,
7d51b154d075fd99,,,,
c40b9eab5c5c3f14,,,,
970a8faabee6b0d3,,,,
7955c26d931ea1c1,,,,
2551fa8df462901f,,,,
7d1ab0d242bb5503,,,,
8d96d6b9cc9630eb,,,,
bb70464ed93a1fdb,,,,
0a52a797064ad089,,,,
6183d5c920811fab,,,,
988db2d6386c069f,,,,
7c7ec32092176198,,,,
c08b17b35e57c7ff,,,,
8754fc7269b73724,,,,
0c2d83ae05834888,,,,
db211569b4e1ce4c,,,,
ad673a84fa22be04,,,,
3b7499f2e7194c4f,,,,
bdab567aff50aa78,,,,
0a1c4cef9ffbce1d,,,,
aadf6d3c26582eac,,,,
e47f393fbe244029,,,,
92316962f6b632ad,,,,
a0f830abb5f12956,,,,
cf108d300dd5f33e,,,,
6f2525707f950b1a,,,,
456fae5695ceb3a1,,,,
4dcb3766aa016796,,,,
d16831d9bb4b4a92,,,,
e27a0b310c6c7091,,,,
bcadcd8da468b91b,,,,
e38610e2c1e96f84,,,,
f18fbf81d76b96a3,,,,
5ebb1ebb0604744d,,,,
967e28adc623e06d,,,,
a069368213094cc6,,,,
627f434154c04ee3,,,,
3129f1e02bfff167,,,,
ca4d7a3e020d1c88,,,,
85ec87d78af96a9f,,,,
34f9660059a63991,,,,
285cf8df65a4feda,,,,
e8a7fcf9d5708fd9,,,,
f4c11aa5bc97f56c,,,,
3cedf3e314c52bd4,,,,
30379df09c31ad30,,,,
757de566dd093930,,,,
3ac5dd3710782ea1,,,,
b942e192c5247457,,,,
e140fbe012176660,,,,
554f573dcde19604,,,,
b0086e442d4b980f,,,,
6423d07116fa088f,,,,
ad48a2f39eaea641,,,,
1cb2daf4aedcc2e8,,,,
19fce0faa127fe12,,,,
86263271c76c10ca,,,,
01b7dc16f9668103,,,,
b5a07aeb5e713b42,,,,
4dac371e5c3f217f,,,,
946b14a02828e8c3,,,,
e9c9d8910ba0ab18,,,,
1499b2d65fc6914f,,,,
77f6f9896ca0aeea,,,,
c61f5813070799eb,,,,
8bbb61a681372e35,,,,
f333ce8419cfc457,,,,
bf7c5ceb50a81c72,,,,
4c271c7961273044,,,,
d662e507dabfb1dc,,,,
b6736a2b4de0ec2f,,,,
3b8b8c28374cf901,,,,
b0a1fa50a4dcdc44,,,,
3d5ae2c04ef20984,,,,
602b73797d20459e,,,,
195e024f8c02d856,,,,
a3d864824b1efdff,,,,
b5f38d4d45289683,,,,
08675da4c8ffd78f,,,,
d1d8170058cea09c,,,,
a7ffb648c74341b3,,,,
59e16da74bcae21c,,,,
72668e905e7819b3,,,,
5fe31e2232f587c8,,,,
86eff2885b4781f1,,,,
656c48abe5f3acab,,,,
8da18752d9a8f33e,,,,
5b58db235cf2b781,,,,
052c6c0c1f2dd507,,,,
2e49fc6ae2ccf45a,,,,
9731efaa3db4815c,,,,
6cc57d0aa80e1566,,,,
ca0bad3314f50025,,,,
32d769e1b5630a1f,,,,
d1586b2d37643c7f,,,,
84ca6bf475288658,,,,
d46fc9d2dd473ce0,,,,
aed306f119e43521,,,,
21bab54373dc5432,,,,
25a769c362f4ceb8,,,,
987cff3d3b0189e1,,,,
0041ec6fc3da6d50,,,,
9c3e738a395e9a4b,,,,
5fc4613623520673,,,,
0b9882571d143ed0,,,,
5b3746c58ce413eb,,,,
e8bfa863c2cbfe15,,,,
caba677d23cb83ab,,,,
d166d2af472513c6,,,,
f060ece9d7b9e281,,,,
e104874c762989f3,,,,
2dc346c32f2f1b48,,,,
dda1b36c5903ff77,,,,
ef884c35dd9cdb8b,,,,
23564fae2193546a,,,,
a852de709d2aeef7,,,,
9802d4a932240b22,,,,
b92ffe0e24ad4477,,,,
dee7f944024ad61a,,,,
59745de6118acafa,,,,
5288e19688a5853e,,,,
76d88b16d3ca1ae3,,,,
ceb71e541c3e331b,,,,
8657fe3d2c4ba055,,,,
663c9d4f1fd9b626,,,,
bda7076dfd59e1b7,,,,
03f44e071aa337fa,,,,
32c23eeccc0d5855,,,,
09a301042c9db20d,,,,
fbac82edd2c924d7,,,,
8597c4a2d65ee4e1,,,,
0a4707cce703028e,,,,
ff4dd4c08673f204,,,,
4be8a307d7513874,,,,
ca32bfe2775f8086,,,,
97063f13ade3032b,,,,
d3198f7e758f1f57,,,,
e6014c0d04a78b3d,,,,
42686e6dd1c0a10b,,,,
aaf8ba6270a897db,,,,
81d0d10213423d2a,,,,
6589cd120526d7cd,,,,
be3fd0f7a6f359d0,,,,
4f20a23293a4a98f,,,,
fb8c5b812d5debb5,,,,
2e5a09c242a11813,,,,
3b4f3fabdb8be083,,,,
3bfa10222397f923,,,,
a508b10a9bc6e56c,,,,
a9fc05fe4d68a962,,,,
0ec308bf7b6c0896,,,,
8f896b24e678e9ad,,,,
fd68b3072f236905,,,,
dcc6ef0f22b12163,,,,
88e3bf09743c3b2e,,,,
935e7fe0740d5f5d,,,,
19e19a1cad613618,,,,
1dca90733cb9bdce,,,,
10cf96083d4e389b,,,,
010bac8c1ccd1685,,,,
ef2e2da35e2183b9,,,,
e379cab4a03f607f,,,,
366be9486269bbcc,,,,
90dee6da911fbc91,,,,
8bcc2f2e6f2655aa,,,,
3523630ff3d445c6,,,,
55582cac10dbf880,,,,
02ea9ea0256114ae,,,,
79b9d7746836f781,,,,
4d24c71ba92bbea9,,,,
b184a76c9d08b559,,,,
a8332fd8be559f91,,,,
e99f8763fc106533,,,,
aa1617d822313bff,,,,
047c7efc16fffd7f,,,,
478930f146389974,,,,
22dc6be97c664cc8,,,,
c3babffd13a30173,,,,
c71d76193cfc7bf5,,,,
54ec94cde5b4ba33,,,,
5d00cdd81260a7b7,,,,
328ba0a7f9d44846,,,,
122b0ec42913a482,,,,
6b3cc9c5f97e83b3,,,,
a86ae23667070532,,,,
85941edcc07bc545,,,,
20c669fd20687abd,,,,
a2358adf0ad697e4,,,,
7866d5e03ca4d893,,,,
e7180281388f99e5,,,,
a038cd43e5373e0f,,,,
f495c2b1bf13ebef,,,,
7417857790e8e9f3,,,,
1c79374fb0d2228c,,,,
4ea9cc9f532cded3,,,,
d6b085ec0b978bb6,,,,
1996822a355ba2a7,,,,
0656c78a6f7c10ab,,,,
0c653055ee36fc42,,,,
e7918f43a27fd2d0,,,,
36c7606d89b71bcc,,,,
a59970ff9027e79d,,,,
dade7ec160d08808,,,,
595e825e05f84466,,,,
5f5fc59065375ba2,,,,
bdf30fda1b57326f,,,,
2b8ba4d9ea48e6d6,,,,
e73b0536f6626785,,,,
89a34c229917a25b,,,,
dcfdf8b7628f3930,,,,
0f7e51339aa54c8e,,,,
15c1473156af72ce,,,,
c8a9430a57366ce0,,,,
9f6f1a8381123ae2,,,,
bc4756160be5ae5c,,,,
445dd84897d301df,,,,
0b592eff69eb5f26,,,,
e1d207d5fdfeeebf,,,,
6e68e886c970a44d,,,,
c994b497de976a9a,,,,
9bf76b86d7d80148,,,,
5e26a118a672bbc0,,,,
f6b0c4a9607dfe95,,,,
74da37d741d3292e,,,,
617fad76c9b835b1,,,,
59f66c263ee8f208,,,,
897f5e7745019440,,,,
f0c13130dcfc6076,,,,
707f893428ddee09,,,,
d8783955658729ea,,,,
831779aea8a85e07,,,,
1f410b70199a520d,,,,
1da297df31ada6eb,,,,
432063ec05060f4a,,,,
603ece8e22be0c17,,,,
c4db92d59157d5f5,,,,
15a0529362e114f9,,,,
2884a1ec0cd8415d,,,,
4e9b747fdbca75ac,,,,
4acd317179013027,,,,
4e30a44a6c8b5f7b,,,,
ef3f07d9f09b53f4,,,,
0a23f7fce6aa8c38,,,,
206f8c2f088acb8e,,,,
f3d8b725fb432c1e,,,,
810f1480cc3e2c0a,,,,
4343559331cae11b,,,,
a80981303856c5a6,,,,
dc2eb4ddc5811d9a,,,,
4d2675a912ab0fef,,,,
9fb2fc92441a465c,,,,
70af577d49a14a94,,,,
a810237298c3eb14,,,,
832dd011595b5ddb,,,,
8e1c169375036891,,,,
85d09248f9b11b51,,,,
2da29def9ae3f4e3,,,,
7b5afcf53b8ea396,,,,
605cfba7689b6fc7,,,,
1750b0a004a1ebed,,,,
cb8571ba414ba12f,,,,
828f66a6be3882ad,,,,
44d121b2beff2935,,,,
137ff00b30180f3d,,,,
752444bf8e646913,,,,
f8362b2a8a6e8b33,,,,
6bd8e992da0abf46,,,,
7ed666c88a006b8c,,,,
38c865d499c0676a,,,,
6bc1738f6c26e4f7,,,,
3cb8ac37e93e1778,,,,
885f4d18bfa0e766,,,,
b9e5818c0ff6823b,,,,
9c33a1251a635c37,,,,
172c5f41b735a99e,,,,
deaccf95bff0c71a,,,,
4d3eb9693ec31cf6,,,,
a5ec28b18c6e2055,,,,
b0c57f3c1a8e53cb,,,,
873e5944e30054f0,,,,
3957dbffc117f127,,,,
d2f6e3806198df0a,,,,
19dd6898ee8be8a0,,,,
9802b4a4002b1d61,,,,
61453160e566278c,,,,
0031d414b2148500,,,,
90be973dcdb4a999,,,,
99436bcb9ca31774,,,,
7f2315ec537e7780,,,,
ce74f5f0ed0fbb41,,,,
9e629a2775f48fbd,,,,
05976563e13529b0,,,,
e636bc7bdbf69df0,,,,
2001dadd55e796ed,,,,
510ca2a4bffe3613,,,,
6e2c1ca92268d1f6,,,,
45c421f1a5685e9c,,,,
6006124a24391228,,,,
2cdf5f4a278183ac,,,,
dcb74258b01c282e,,,,
23f4df52abd35669,,,,
002ac124c0770396,,,,
e7886649707b359d,,,,
a80b5d519d626194,,,,
3cd202cf5dc5d021,,,,
1ed2d6e900ed8150,,,,
df642bc41a8cb529,,,,
11a3a8c27c648c6a,,,,
152b766a0be6d866,,,,
3ee90b2de7c734e5,,,,
3c4622ee0be63033,,,,
fc73cf02a4d23b3f,,,,
b65c1e3ea71102cc,,,,
800e1649efe7676d,,,,
9780509e4705a28e,,,,
483e31d8eef7cefa,,,,
efc2b23a9b6d6031,,,,
53a4eb6c3dfd1307,,,,
be8057f6ee1bb951,,,,
5c84a6ff86ef02e3,,,,
a902e61aa8939454,,,,
6848ceb98dd47e3c,,,,
b52c2f2d92441c83,,,,
e4792106458bea22,,,,
27e23805d9ef023f,,,,
3860cb443f02e189,,,,
6f0d72f5e65a4e67,,,,
0da85faa2f0395aa,,,,
37b2061b0f6edb4f,,,,
39b4041eb58363eb,,,,
c3ca0ae13fc92e41,,,,
6a4c489d022f5e7a,,,,
4fed06d948d168ea,,,,
0208544e2b22e839,,,,
816f275dc65925ab,,,,
aaa1d267dbc8e669,,,,
52bc581d601a64e4,,,,
e43bd0a2e823c5ef,,,,
1bfd9d116176f912,,,,
dcefa9ee04a77f68,,,,
81bf3052b3a6ac10,,,,
52e6648a5e24b7c0,,,,
2a180de9de5a4683,,,,
b7fccdf4b0673110,,,,
34b9354dccd21dd8,,,,
faa9ddcab3526da0,,,,
03172b11979631b7,,,,
340c9cb85253364e,,,,
41acb228dd964f25,,,,
9a7e58c04d1b2f5f,,,,
071f316651fcfab4,,,,
29bb862e6f81906e,,,,
8ac175ae6d70ecda,,,,
e46a6935e93a4d54,,,,
0feaa7e2ee691356,,,,
a5380ff115ece697,,,,
892db3a53775e18c,,,,
8747fa8e38418c03,,,,
df43b803408d1878,,,,
5594bfeeed0526a9,,,,
125a71e4bfb78d26,,,,
84cb7de3b7ff3a2e,,,,
e1388e997c330044,,,,
7aeebb0bba73bcae,,,,
2721a9d07c6a9f42,,,,
fa3615dbc83e724a,,,,
cd64e7cf8c93139a,,,,
3e3f0e36936e84c9,,,,
d57bff3f84847e98,,,,
5ca2e7939110be67,,,,
288eac9aee82a77e,,,,
a58ce945fda54240,,,,
60c9c50d1f71588e,,,,
105a314b6ec0838b,,,,
2c70b843544d70dd,,,,
272bdd840070495b,,,,
1fc4f1fa34e54c8f,,,,
b730a1579ca18d12,,,,
7e29c37c376a0d25,,,,
5538f99daef7029d,,,,
d51dfc8a5f3fc218,,,,
93f70def2b92c918,,,,
abee5c3a306514c2,,,,
879b657083d44148,,,,
c1bc3495d6bbf4f0,,,,
c7934b84333022c0,,,,
c8627133114434c9,,,,
18a87696a182f27a,,,,
2d953fcdeed56641,,,,
1fa2addb267e9719,,,,
51ca7131c6ecd264,,,,
828127c7c026c725,,,,
c8e9847535faaf95,,,,
d11df0aaf3754ce4,,,,
d4f1d8e4a177b6e8,,,,
a8e2ccab67b623cd,,,,
6af2de474d67cea7,,,,
104b3e1717f81c72,,,,
4a63e91bc4782a32,,,,
1ead6feb76582470,,,,
3a00743ee19c517d,,,,
ec0b45e737393f4d,,,,
bab16a25c111f332,,,,
919fca64673e76ee,,,,
b0698e0ec447603e,,,,
6ef28c17b1ba6f6d,,,,
325778177afe33cf,,,,
3a3995fa168696ec,,,,
0dd3fcba4ecfab10,,,,
086152f89cbb683c,,,,
2594b4a273da15f0,,,,
06246ec2533f4941,,,,
ff793530b90b7472,,,,
04bacebb9e7963f1,,,,
b33b272055bce258,,,,
6559344d5e3dc030,,,,
81c3311bb6282441,,,,
96ad605e3dee298d,,,,
29509ff2de9ccd4a,,,,
de0febcfae189e54,,,,
9a1561c977b66097,,,,
845578a76b34c039,,,,
1e38eb9dd5a3bb48,,,,
b78f2612c2ff62a6,,,,
429dd672ad64d390,,,,
fb75ba627abb940a,,,,
53923b52dbdde563,,,,
6069281ecdb4837b,,,,
58554d6e0039d29e,,,,
98cf352e692da89f,,,,
10d40790d94b11fa,,,,
1e30e053bc7c32e9,,,,
2d49bad4ce5f8648,,,,
ed13a659b2e1ed33,,,,
51f36129ec873ea0,,,,
c79ff1aa3cf69459,,,,
8d0d159a45684e19,,,,
efbe34a9fd467119,,,,
928c13364a34bfd6,,,,
63dc0fd155285378,,,,
8b36ac826cbfbb7d,,,,
8eb0071a22145a31,,,,
d7551d695f768a0f,,,,
4e277bd55f008767,,,,
9fa5c7d43c1afc1e,,,,
f5f13622d3aaad5a,,,,
f1346848ae49d924,,,,
5d4f0e985f855538,,,,
2dd6d2dc935ee406,,,,
a5c03a8154efc6e9,,,,
ebab6a4bfcf343a7,,,,
1cdc87f12236d802,,,,
fd6fced5511b0217,,,,
325f178a9e4474f6,,,,
fad2c14a5de31e75,,,,
12b52c5307352af5,,,,
3b4c0a37d86437c1,,,,
473b33c1da3f7003,,,,
384d12f975407757,,,,
a89894130fb9aeb1,,,,
6c36d22293b92037,,,,
1b8eae941a31ebd1,,,,
7258ac25c4701312,,,,
86eb3a7e6d7c50d6,,,,
49ffb8efc4e68e30,,,,
cc5686eacf5a1cac,,,,
52e5c4599200b5f0,,,,
ec38571bc358e5c5,,,,
e2c35c7a73c708b9,,,,
5598c41c0519bf46,,,,
deb76aaa9634b0a3,,,,
4ed4dce64348e9e1,,,,
616d75f33644e5aa,,,,
e80a53fb70ff555e,,,,
caa02892656f1908,,,,
af2184cb1d6532a4,,,,
646916bfecf54036,,,,
adecc210381943f6,,,,
6e52e0043d1d3e6a,,,,
da48efb49dab8db7,,,,
200b03873fc96ccc,,,,
64c6431bcacf2f3e,,,,
0983b35fcdf545cc,,,,
3c5605479f761462,,,,
e957490a614d04fd,,,,
32f5a65de3c8081f,,,,
95513ab51e937ef9,,,,
157d87b251ad256b,,,,
97c4388b0ab1db5c,,,,
86762d07dad06181,,,,
32e719a110bd7fa8,,,,
ebc634ea30bf5617,,,,
b261f0b9117ebf0a,,,,
0a86fc245d01de7a,,,,
80f238c9c06d1c55,,,,
98da995abf380ef6,,,,
9cec78b6d4077b43,,,,
1d3041d965a7340b,,,,
a16c37a8a19bc7db,,,,
8952946dcf50c7fa,,,,
b65061a71500a632,,,,
6d9d1c4a21f36a26,,,,
d0958d9a93737d18,,,,
92a2d79c434015ce,,,,
e00b585389d686c2,,,,
78c83a5bc11cf11b,,,,
f2f839da0e2ec858,,,,
98f0e6dd7c4d5e83,,,,
131e2b93d7210d74,,,,
8733f566de9cf27c,,,,
ff37e13ac48fe72a,,,,
04f14e3057c728a8,,,,
89b2fe78806f62ad,,,,
5cf4bb1bd93a3639,,,,
14df0df3d8e15d70,,,,
58f5c67a1a0df9a4,,,,
39f4012f994cdc4c,,,,
559ade17ae1ff287,,,,
f856357d2a683be0,,,,
f904ca5b24edd837,,,,
a1969518967923af,,,,
a8efe6434fe3723f,,,,
e2ed2f5fa7a70045,,,,
2bf16408bf1945ea,,,,
75202881cd17fbfe,,,,
d7ae09a708c9fc24,,,,
32fa7fc9ac3993fe,,,,
d0fc81be1eaa9a7e,,,,
480a828bfcb61c53,,,,
ae484a70358e7662,,,,
51141f851ffe0999,,,,
e196901241a2f85b,,,,
433c7570ce492625,,,,
91c760c596293750,,,,
7e1f47f97c548690,,,,
0aaa96e8ca4310fe,,,,
2ce4f6e3d1f7e863,,,,
8fb6cd6338e0bd22,,,,
80b8551a80902ed1,,,,
7947d8312d06b654,,,,
a68f2d117d70362b,,,,
9dd48bf630cea6a8,,,,
5b3ef369c97e70b1,,,,
8deb22ddac4a0c92,,,,
6d93d648d5a13ac3,,,,
c0c3f606ebad28a3,,,,
1a9373357e71a849,,,,
70047a102d8325c6,,,,
75d916bccdeaaccc,,,,
e0103485dc40b9a9,,,,
610eb8f8c09760af,,,,
ba974c2082b427ff,,,,
5fcfbf66ee0e6dba,,,,
1c0aba2f781d7126,,,,
a1679a83f0990cf6,,,,
4a6d024af64b9c00,,,,
34d94fdf2580919b,,,,
235de0a802ab29c3,,,,
145ad5fe8242478c,,,,
7373034a795aab3d,,,,
d0b13cfb1d5ef5ff,,,,
769331646809f874,,,,
5d3666e6f4d59bb7,,,,
cd482b60fc752928,,,,
568e3e50e1d08d3a,,,,
0d2f86c1bc88fc30,,,,
99ee0fdce20a1c44,,,,
7eee8a833d04abc2,,,,
7fe83691be01a998,,,,
642998652103a7c5,,,,
a3fc59b9c442b0b5,,,,
48fec39800ed4a07,,,,
8a6f6a9c0413826e,,,,
aef044f5fe1b6817,,,,
cd43d408fdab1f5c,,,,
4421592a84847088,,,,
20a68b2ab4845ded,,,,
ef40bbd93b473c51,,,,
b63d24a929468a2d,,,,
d4e0300674236c78,,,,
f9c4b89f15f3c761,,,,
9da30d385a58a057,,,,
b30e18b5daab5134,,,,
1a3a23fc941f7739,,,,
e75ce0b100f806f4,,,,
8150f6b2106772c9,,,,
e7ffaee9e280ba75,,,,
bac1e67e9f80c702,,,,
8599fa1b2d92c057,,,,
cfccfbf7f451af03,,,,
f8d3568162b92189,,,,
44196d4ae44573bc,,,,
fa7fb7b3b2077044,,,,
1a6dabd8f9c29011,,,,
df56eeed42a95b6c,,,,
ef169f65b30c87d9,,,,
6ba9b79b7fc56530,,,,
1389ee914905aa65,,,,
a09f9c348a8192e0,,,,
4cca7386f599f751,,,,
ae738d9b6127641d,,,,
f2903de88e5eb3a8,,,,
25b54c62d90cf3db,,,,
ce8bd47014733732,,,,
f27e30d72ea0b908,,,,
e4c312d58abb4240,,,,
e281dc2b222dfa30,,,,
23813eda0774e515,,,,
9f6d4b2b1ccea7c6,,,,
29c9e259458d236a,,,,
d8012eab72e80624,,,,
d4dc84f650409bf4,,,,
322ef3695059d8bf,,,,
341740e7c8754388,,,,
013e45d671d300c2,,,,
3ace9e01213fd368,,,,
86026646b6ce5194,,,,
5f0f88cbb6b3936d,,,,
11655c0f85cf5010,,,,
6d846003e580c2c1,,,,
8b03d634e1649640,,,,
60928e1a8d2caa27,,,,
7be5daeb7c07af2a,,,,
47901e40635f2462,,,,
0229071ad5230350,,,,
a54e431e2ef5bfa9,,,,
1aef65997e9efddd,,,,
f2171acc34a78acd,,,,
d601cb465c6956c5,,,,
e37d67e37d77eab4,,,,
0cfc0a44ceb4dd69,,,,
4902cc4f7a055b99,,,,
8224a4f87e0d25d6,,,,
bcc6133d65d4a606,,,,
1bc0275ccb9a258f,,,,
525b59ad0efb8218,,,,
bd3a16408a789ef1,,,,
d1b2e87ba0af9024,,,,
2742cca74c59b420,,,,
51de078b21b3e4a7,,,,
79791a3905aff2e7,,,,
36a87e56531a9b99,,,,
a06cddf2f587ce2a,,,,
68a094ee32faf540,,,,
90f333e40571db35,,,,
39a63c597b2a5190,,,,
f16fc32eb4d0ac30,,,,
ba632726eae98b05,,,,
b1e0972d99288cad,,,,
a830c8bd1b530b3e,,,,
3a517ed377b3efb1,,,,
3ed5ff48f2481028,,,,
95050b5108305d6e,,,,
d8db9ba2d0b0c356,,,,
c9745c1ca7dbdadf,,,,
21ccd27bb9b665d7,,,,
cb70da61c29a63e3,,,,
5206c6bbe438210a,,,,
8c0dbe55cd7df8f6,,,,
b880e182249d63f2,,,,
ca31ca42c94ea0f2,,,,
c787584b81b5a101,,,,
abc210d84ef67b26,,,,
0f86490c5dc0fc43,,,,
a4864df2e3e5db7b,,,,
d35fa4e2b4ae42d0,,,,
eca8ffe829269d5a,,,,
c82184ecc940abd0,,,,
90199e3933c24741,,,,
79be80b4d0c7275a,,,,
f82438ad81db75f0,,,,
e7cc72f13ccb429c,,,,
47962d0ab4bfc79b,,,,
bf16f9f8e9413fb4,,,,
cdc704cca3d6914c,,,,
1f748e5fd2f73ac3,,,,
0e45c8a69e6309e6,,,,
f4acaaa67a358231,,,,
d24c442e92dc6d1a,,,,
91fcae68f8019e35,,,,
04fdbf6c645fa04a,,,,
8e4f53c2f1d80ee2,,,,
178222b73be9eec5,,,,
5517d39b0f4ac470,,,,
04fbd8026b4253ab,,,,
6e1d686b5ac39ca2,,,,
0fdcf4041b14435b,,,,
bb9405bc58ff88ff,,,,
5fea9b284bf912e5,,,,
6cb04829f99add70,,,,
34d12cbc4eb15a64,,,,
d074a40650c35abd,,,,
9cf5f02ed8d27c1e,,,,
973ff7a45dfeabb2,,,,
6bd288c8bf403708,,,,
d48ebadeec4413a4,,,,
aed0c4cf4b6e9fee,,,,
af0b650a73a008ca,,,,
fefe6d0e8bbf595e,,,,
4ad61555ce417fbf,,,,
65708ad94304a1ef,,,,
de038669dfdc7121,,,,
8492b8f72cbfec64,,,,
f5c4680b8fe5e233,,,,
16e6b67edec6db9d,,,,
610c7a5d7f8471a4,,,,
7150083758007f53,,,,
10bc1e9ab6ecbe33,,,,
1c3a78307b69cc27,,,,
7e9fb0604df4eac9,,,,
d2ad0962d272c614,,,,
066f45bc2f169b75,,,,
bc2a7be01fec4951,,,,
24b9e1a160e4b477,,,,
a210086de6c75fc6,,,,
96c09c0fe412e73e,,,,
833bcc78c31c3b38,,,,
753a27c5fdad5b17,,,,
42b091fdf03f2886,,,,
25b2fa946a0df7cc,,,,
adb1b8ce26a92a04,,,,
968f066f880ff6f8,,,,
7fbf1a1e11931c45,,,,
7dc621f945f86464,,,,
af2482430b825915,,,,
4ac66cee683ab226,,,,
bad1b2411ac9366f,,,,
8d7296a36bb96290,,,,
c63d97c6776b06af,,,,
795641eb0cee1277,,,,
45ef3421ce6ae89d,,,,
2b42afabb4b7a7fb,,,,
2a5ac336c80ac62e,,,,
2be24d3443b7e6a2,,,,
3504b4b2c9a5c8b2,,,,
d1712b54d1cf87c7,,,,
92eb13c05094e721,,,,
5874bb334b4cb78f,,,,
6a1b720111214752,,,,
d64e631af1464b93,,,,
3e409b56983d5fdc,,,,
e89a1b44836472c9,,,,
902971a7bf4f3d72,,,,
b50562255e985429,,,,
b4ad447d6744ebe0,,,,
6ffecf148611f9b0,,,,
86d02b608551a1e2,,,,
2f614f83288e0233,,,,
6a237f7584098251,,,,
0b6aaed402599111,,,,
d40720bdb228d338,,,,
06de95800a87b245,,,,
9b817aa15c8aa51b,,,,
d8e26bd9c39f8187,,,,
58f54d8ca1edfed0,,,,
4721aef487d874a2,,,,
ee0d410a04b3180e,,,,
d81d615b4b1fe0b6,,,,
f8b902b65319d990,,,,
e591a239cedefad0,,,,
198dac09b343836e,,,,
98b274b4288d0351,,,,
4a99f271c5583e8d,,,,
cfa143f660ed61a8,,,,
84a35f2eae2c68bc,,,,
efb50143a180a63b,,,,
8a6a78e18c66744b,,,,
730781b7649f56c4,,,,
024209de88e17334,,,,
091d0ebc2624026a,,,,
ec576f499c9fbe11,,,,
c088a6e03e4aace8,,,,
2eec1b050906470d,,,,
f7fd5369cf993d42,,,,
b623f23d9ce741c5,,,,
f52a4362efb2f8e2,,,,
e61804fb20001838,,,,
8f65c06ce87c31ba,,,,
267e4d713ce1c580,,,,
ba8829abe560a9c7,,,,
e84735c0427d2d4f,,,,
ae6cc76d41362e74,,,,
87247830deb7d74b,,,,
7cfdd4b54a18e64e,,,,
325e70234deab317,,,,
3af3af3ab764ac13,,,,
ba64b47abaaeac40,,,,
ce9cc2394ad09438,,,,
cb616942304f7b5e,,,,
500c6aa200799ebe,,,,
c3f4fc9aed8cff07,,,,
1f40d543fdd78c4b,,,,
ba7e81b0b450305f,,,,
974063240100bed5,,,,
fed13bdc13f1d27c,,,,
e514922fb144da93,,,,
10fe3e7175b5ff85,,,,
6de665d28179d48c,,,,
3bf6d2b0eeb5569f,,,,
2eeb50035784a11d,,,,
f578a319df290fed,,,,
158142438c787e54,,,,
9f1b089512a428fa,,,,
6afde85689920aa2,,,,
2ba84498ae74220b,,,,
6338742386192fd8,,,,
3f510de94cc587ff,,,,
2724e449de086273,,,,
dfe12c51d2ccf572,,,,
f304089aa12819c1,,,,
addb87de21245a53,,,,
0a8574b9366b5e54,,,,
aef2e1b6dd581463,,,,
29623711970cbec8,,,,
0aae0b47bd4db0a0,,,,
4150c81a134ffc54,,,,
70f27e866492eb91,,,,
a21900f813366f5c,,,,
0129786672e4924e,,,,
45c1aa480a5fc034,,,,
4d1fa2729746c2e0,,,,
b03c783bd669a068,,,,
56430bf06eee4bbe,,,,
77a6245f01ce1d7c,,,,
6dfeba9e7a971a55,,,,
2a8ee6d7a11802f5,,,,
bd9a3fe6047009a6,,,,
c946137c237abd7d,,,,
44965984d82e6a7c,,,,
99701a4c4423b195,,,,
5b269422ceb364fa,,,,
fb274218c3a3a9cd,,,,
5c2c28d6bc635f7c,,,,
7fdce1b27ed666b8,,,,
374dc8924097d4a6,,,,
d299faf2dc672d93,,,,
2b2038f78c2f0075,,,,
46bbf2506594fe1a,,,,
31873b3cedcdfd1e,,,,
9207951affc0e5af,,,,
5c46e66acd296c1a,,,,
43f97774b24e4d88,,,,
06cfb3c933c1bc74,,,,
37688150be42d807,,,,
11a2bf0b0bb59418,,,,
9a9087b69573a970,,,,
326198015d56d0b4,,,,
27228dad4adecf58,,,,
4e1b23d923219135,,,,
fdf9d8e20ff0b94e,,,,
1efecc95ba2352a4,,,,
57d55c0d093a85ce,,,,
d7891fdf9b1cf11f,,,,
45d3af450cedf620,,,,
76c13198b644fb02,,,,
547420d3911dfff9,,,,
7c818385092b8137,,,,
cf6baa1fa3b39d41,,,,
960ee397f04a0f38,,,,
68b68473cfbd38c7,,,,
8a87746dba028c1d,,,,
2f57aedcebc93270,,,,
3e0e0947e4120ca0,,,,
b023678a98b8b0cf,,,,
ec0127dccf569224,,,,
a5cbabcbb8e414cc,,,,
c505aafe23e7489e,,,,
f8f7e5f7f7c83967,,,,
e6b9dce2315f03d5,,,,
cd928dec130ca8c9,,,,
8cdcdacc4a1dcdd9,,,,
4dffdf879e6c4d32,,,,
b4fc709ce20eb276,,,,
ae7a823ec5924958,,,,
b0993495946a47d6,,,,
b721666e14e72702,,,,
9918faba736f9e87,,,,
931a62b0a8b129a9,,,,
d9a35363a56332a6,,,,
d8ae8f0ce0358c72,,,,
c6425a8d2ffc5716,,,,
29f86b1920acb684,,,,
eae960cf4bfb1680,,,,
20f40166d078e980,,,,
58c512a207ce2bda,,,,
9d18739f46a20496,,,,
282e217f096625e1,,,,
6158dd4b34431cf1,,,,
479f6ad9c1277258,,,,
800d066cacf78146,,,,
dddf890a7ff2d129,,,,
ec8f36c9a771a37a,,,,
74380fd1e2dfac1a,,,,
e6b6d86ba47adb8f,,,,
7d237d4aadad65ff,,,,
5d4542265c8630b0,,,,
d5250a7a238c984a,,,,
e1aa1529a10805d2,,,,
b15c4754757d2ca0,,,,
b31446ca4c50d669,,,,
9117e2a3bbd4c267,,,,
46d9988de32a4948,,,,
52327e8bdebe1119,,,,
7d03118eddc11c21,,,,
52fce257c129dc55,,,,
f063018b5ddf5238,,,,
68cfe4b9f9cf77cf,,,,
1ae3173ac016035d,,,,
26e59c6089f33316,,,,
3ca234a2e20b4fc3,,,,
700f578f7faa8775,,,,
f6de20ad428e5dc1,,,,
05ef5c606910512e,,,,
a3ae0b990a46aeca,,,,
c324b5aec182453e,,,,
09e985cca6117eff,,,,
6f33c7135523c94d,,,,
6fb355fcc510bd05,,,,
44878ecd2c17bdd3,,,,
8eb51e61294e5eb6,,,,
22a828b46d0e28a1,,,,
ecadbbba20977d32,,,,
01d38458a78c7168,,,,
47d75210a664a2f7,,,,
a0be604028217284,,,,
80efa236fea81e81,,,,
db7d9a88ae13f192,,,,
f90b616aa6e2aa78,,,,
5abdff638c403525,,,,
77cd43bb355d48d4,,,,
f5a70259a7a786df,,,,
170743bb60d7db51,,,,
b94633d659f8b779,,,,
74b187d6dd05d66f,,,,
8d5e9ea0fc7f8356,,,,
63eee45094d66141,,,,
dfc68e38f842d9a0,,,,
adcd5f453debf15b,,,,
714b7a94f7944453,,,,
14cd0d7e005ee4ad,,,,
c80d71c3ab516dc4,,,,
71c7591866017ac6,,,,
4cd2d3fc026734bf,,,,
944f31caeb8837b1,,,,
20deb90b9171eb8f,,,,
a8fa49d3eb44e6bb,,,,
20de3b3ae48e3b04,,,,
0be4251335e73cec,,,,
1a28b88ce7518acd,,,,
114d948d35bbabe7,,,,
7a6a1ea78e31d4ed,,,,
6b958b331624d154,,,,
27990380378c8ca8,,,,
d0486ec615d4983d,,,,
76e1991a3c53a4ee,,,,
d1085933b53706ea,,,,
43adfcdd42af7c16,,,,
e428a7b7e5420fc5,,,,
5147453ee511ff18,,,,
494c1f519e9676e6,,,,
547053b0dfcca8d2,,,,
ebbfb20c26933add,,,,
1f4f143ad06738b7,,,,
639d78facdb8806e,,,,
1559a896e9e0e81c,,,,
4d2f40a921102935,,,,
b1b34f094d67d052,,,,
582f3a38409480a4,,,,
ce5f15a8453708b3,,,,
ccb1a8c8067e7f6c,,,,
6876a1bea326a147,,,,
088df8e1bac5f7b7,,,,
7cf2d7eb013a48ec,,,,
70fc0891f0f4c1ac,,,,
41d57c8a68bddaf8,,,,
f73117ee02aeb4dd,,,,
04638a3c364adff5,,,,
7da4dab9fc2f1bd1,,,,
497a1bc958f8f523,,,,
c384b268af2d9615,,,,
bc2cf6430a9a81db,,,,
7da4bd6ec203b73f,,,,
c3123db0c1a65fda,,,,
a663e60e122d109e,,,,
110faed16f10c49a,,,,
3e3f30ce1b989e4c,,,,
56b293039cdfb906,,,,
766b2463d7a97ae8,,,,
1cd4f746a39e74c6,,,,
a4706684dff2c1f1,,,,
189a3b0ec073e5c5,,,,
7ef251d749195e7c,,,,
cbbcc8429d99b66c,,,,
dead45082c1ecab6,,,,
2511c8ab678c93a8,,,,
889dc1773ab5bdb3,,,,
dd3360050784d76c,,,,
1c40ced22013893a,,,,
b278ca97f6f0c975,,,,
19107910bd738ca5,,,,
3d43816c36753664,,,,
bef6b62e223b5095,,,,
41ce2860865a5529,,,,
564c35a3023c2d9a,,,,
dda192beff8e8fee,,,,
e9a66508e6614c16,,,,
35be8cb1bf0c5ef1,,,,
0c9400e133ef6899,,,,
d605f03cab545790,,,,
a0ca31154a69b0b2,,,,
af96c8f7fec09c4c,,,,
f6660422c00e8d90,,,,
9fd34e947e6dda42,,,,
a92cbe74ca1b8f59,,,,
e8a9368bc073e3b9,,,,
397274a36febb7a1,,,,
0cf9d75bb5027f19,,,,
a26ba5a96f60c868,,,,
f45d298d860674a7,,,,
2ca4aebee27d2550,,,,
266069b3c5ecd01e,,,,
ae6955abd2b79485,,,,
ccd1d0f4409a8fe0,,,,
49b35f5f11f93298,,,,
4c9e1c3908b439cd,,,,
ac79bb5728924a8a,,,,
009ec0b4c6ec23b2,,,,
352d8229af2e6354,,,,
539a1c60ef0be660,,,,
6e2a8d9eaf547a45,,,,
6acdd004ae65ba36,,,,
87d97327804d7471,,,,
d98042b3419ba2c5,,,,
8fac7680d3c7f8b1,,,,
8cb4775fd4dc3203,,,,
8a1ee1654ed788fe,,,,
2368427c589c2aa9,,,,
df564d7fb6b7acb2,,,,
9cad7964a336e392,,,,
99d7931f7db966cd,,,,
c1b7d402c47a6d01,,,,
4a56930799b5c46f,,,,
6e9fc28fa6ff6800,,,,
7dc1900c78f58d5b,,,,
91a9111dcd3646c6,,,,
cc3f1640a7e4951e,,,,
be77a8626b95d878,,,,
4ecfa483840f87c6,,,,
fd7ee44a6f3bb94d,,,,
6070220626a1fb49,,,,
9e9be80531cf8be2,,,,
c556973759a0a53f,,,,
2a7c02bd5a89327a,,,,
cdc3402ebfff2cdb,,,,
8b0cbc49a52ed111,,,,
3a109b7c0ba5f3d7,,,,
1969adbb05851120,,,,
747935a158b4f43f,,,,
8bc248b3ba9581db,,,,
ee905081fdfbcd77,,,,
83bb5352be4a1ab8,,,,
87fef2481fbf1746,,,,
6ec5855c7fc33c83,,,,
56eb2cf125102cc3,,,,
8e6765d4d6fd641a,,,,
5e02b0fb28dce864,,,,
448ced878bd1f848,,,,
fe2d70143d2fe3c6,,,,
fe52fe339452b16d,,,,
9fc7fa98895d74a8,,,,
fd43c39e33fe2ad7,,,,
47c8f72bd630dfdf,,,,
107036384d4805f2,,,,
75869436e00944f0,,,,
3eda300c2681274e,,,,
6a6fbe725756fcb3,,,,
929a3c5020895893,,,,
809e997d2921d3a6,,,,
51f9f26e949bdc98,,,,
c38fde1670617393,,,,
1d28ad6a45048e2a,,,,
af369d763c9e95be,,,,
aa25bf9b962c5633,,,,
47b1e2abfe60b9ac,,,,
7659798a7c16e242,,,,
d85cd4fbc59174a5,,,,
fa09ae8718736440,,,,
33e3496e557ebc87,,,,
5c353f9279627766,,,,
dc280f1ae5a22804,,,,
81763b2dbafd046e,,,,
880dfaf2a2cd4c32,,,,
a0860be38512e189,,,,
0b58c5ea4365beb5,,,,
313525b41876981c,,,,
23b1e5345fad419d,,,,
240c259b46d0a871,,,,
8f71370d86dfd633,,,,
dc4c4e148c776e0a,,,,
73dc2fb7784ee9f7,,,,
03c9fb9664491bff,,,,
52bcc334888661a7,,,,
6ff28af751caa7c8,,,,
8b1a6d47ff7d2908,,,,
83aedd0bdf6be039,,,,
d7a2e32519392a46,,,,
90d724bc6c584bad,,,,
bb7b0fe9b288dc39,,,,
8d4a1d26152231e2,,,,
9b86c2a7c5d66f72,,,,
53136b1c21db6bf8,,,,
57bb5865dd11c8fe,,,,
2424bc340f10f022,,,,
17ca552c5039482a,,,,
e5ebd67e26e799d0,,,,
ff3e439e93de6a05,,,,
bd7622397d092194,,,,
00558e781635e126,,,,
dac752fae43c46b3,,,,
f61ef6faaf40bbfc,,,,
edb24581288603ed,,,,
801185eb8b334dbb,,,,
cbc0d0b0bb4deef3,,,,
de860094fd3b1532,,,,
5c23a0a38f486d9e,,,,
9e4a8eccf395149a,,,,
50c96a2763d05e77,,,,
3f2c8299ea84c331,,,,
db54c8ab5a664713,,,,
314ee07f1991c334,,,,
5ca52317836e7a34,,,,
faa4910d620c1f74,,,,
ef4e9c7cb5a78595,,,,
72a65986c5bcc82c,,,,
3caf18b798e07dc7,,,,
f651b9a938b4d121,,,,
56f97043b1318ce2,,,,
adf1acc14d510ad3,,,,
a92551131cec1cd7,,,,
2eb07062fca8643f,,,,
8ec72ae346819b85,,,,
5805a58084a4090e,,,,
7b96f29fff4d74c4,,,,
f51b0e90b2f2aa2b,,,,
5dda489629cb33e4,,,,
251bbe4e3c7bb3b8,,,,
6a9ecea257f25e4b,,,,
595b68dc209c9bf6,,,,
2f266fe30c07309f,,,,
121c856e6e67830c,,,,
8a46a034840e9885,,,,
7e156c383ec82df9,,,,
79375b8a7f06a287,,,,
34bc1009df3f89ac,,,,
9c518cd815423a80,,,,
01049a51762d427d,,,,
b3b1ed4a2e28f8de,,,,
577ed5108fe23091,,,,
4754521df4f0deb9,,,,
004c153a2d01a5ae,,,,
1ad071d6f2b77a4e,,,,
a393cf09ebec3c14,,,,
9a5ecae35f2d7ed3,,,,
1fabecedbeb7182d,,,,
bdd3d289ec9bd5df,,,,
c82c50ef127c9553,,,,
e1dc454a46dac0de,,,,
053264c67a89a78e,,,,
f2304c9a75be3724,,,,
0a4388e4b5d4e087,,,,
ec339f8c199c934d,,,,
13225b821a01ba46,,,,
a284b795a1945720,,,,
fe1756720bb5309e,,,,
11e5af65cf5a8b47,,,,
bef2362a5c6614c1,,,,
7c3a455cca96cb3b,,,,
c3bfb4ab2870de4f,,,,
ddac6b1b649eb9e2,,,,
3093c710b08990f2,,,,
c6a360fc08810163,,,,
4cadf979c91ced6d,,,,
19c023b747289f6b,,,,
573c9964b37efd70,,,,
5dea362fec15da00,,,,
2d79cef5e61fe739,,,,
c4f564d1ee7e69a2,,,,
96cd3907ff1aa715,,,,
d7f8c150512e3459,,,,
39662886f70fe35d,,,,
417e3c43147c43bd,,,,
02e80b7ce512f243,,,,
e5845f69c8218662,,,,
a5f37662dfcbe4fe,,,,
a4da14c686666bec,,,,
5687d02cc53610fd,,,,
cd0a3ee03ced88f9,,,,
c7c21b7c56ee4916,,,,
f9ad4a0d746ef4a9,,,,
a2dc59dcce37f03d,,,,
a37f0da15d4bad91,,,,
c3f15af86cb157ef,,,,
42d28e15ba8959ff,,,,
7acf213bc69eb224,,,,
2ba2eec49be15d99,,,,
e33c1d5b5e2891ef,,,,
1a04cd07f2b9286f,,,,
ffba714d4930beea,,,,
7e7b9339d6714184,,,,
0065c01af06ac6f3,,,,
7a100e9603f000a6,,,,
1424edc1d89bccef,,,,
55b7d5a1388fba4f,,,,
c7da07b4681a1722,,,,
b659f56a665f6e4b,,,,
4d346355693b2857,,,,
7763bedd90f5fef5,,,,
1698f56317385c09,,,,
38ffd970bb5da597,,,,
3c36a89bae93fac5,,,,
4309f5fff9fe151b,,,,
88a8c399722e0d8c,,,,
f80b9dbaa9d6cedb,,,,
9efe8c144612c8f6,,,,
698543bf1bebe33b,,,,
6beaa818d81a2fc3,,,,
c65372a8225839ee,,,,
b2eb259f8c316f82,,,,
1758fe7bfc6115c5,,,,
348ace6106981749,,,,
c42b231238e8180f,,,,
00b19357aadcc6d9,,,,
f56b5a4ce36d7f11,,,,
fcf32c98c6899644,,,,
4f010b6adaa7259e,,,,
dac389cf9f4ecea9,,,,
1295e543f723bb01,,,,
0a6f71f903d729fc,,,,
649d8771ad0cc892,,,,
817185b3ecf698f3,,,,
db3f461f0c251784,,,,
70fac1d5f031594e,,,,
2fdf420c9edd3d70,,,,
630ab9b98f7bf4e7,,,,
6cb48634d767e3d1,,,,
b91a6275dfa1365c,,,,
64241044ae6307bc,,,,
2083fb48b0f495ba,,,,
63b55ec54d53e24d,,,,
3a651e3b468ac386,,,,
6f88c0a3609dd9d5,,,,
c6f72fa64f25efbf,,,,
fc4bb3daa60ff2bf,,,,
fdf69e08e4ba2c30,,,,
0ef0464a1370ff91,,,,
4f42443e1f537c7c,,,,
171cf9233f058002,,,,
1ea5db109740afed,,,,
1ad1eed83c495174,,,,
d0ea7b4161695614,,,,
8aceb01881f57cbd,,,,
f164eae1358d583d,,,,
869e5b2754dbe106,,,,
060f9173eb1b9589,,,,
0e091db4cb55b3dd,,,,
e3ec44c7c782808e,,,,
c4ab15b7a80ccb7c,,,,
c76226e678a3aa03,,,,
04b437b94be734b5,,,,
a7f61e88c1a5a41b,,,,
2626f38926a497c1,,,,
72fe5b4fb5b6ed9c,,,,
57435fb0b3e1ae07,,,,
4584c5fdffbadb30,,,,
e93886bd087dda61,,,,
e3285f7ee167b964,,,,
a7d0d8ff884a78d5,,,,
50e6327a24a3a797,,,,
5518c73d12ec72b4,,,,
70c425ce4009e25b,,,,
19cb20fe80f297ee,,,,
41afed78d9cf6952,,,,
b4cfd5b23d15283b,,,,
f24bc04a4354bca9,,,,
9b6beccb093b1842,,,,
94e4da07deb57904,,,,
eca354e4aebc725c,,,,
6054944f0edfc8c0,,,,
5a53f2d1e6a95601,,,,
8e00b6f7367199aa,,,,
0e7ff6a9a5eea677,,,,
d5eb369f52c41862,,,,
85a66b81cc908025,,,,
747af546665781aa,,,,
21b7913e5f8bb804,,,,
27257b771e2f1437,,,,
e097a1f1cc0b35de,,,,
137b1778f424a743,,,,
df2e47a4c0092311,,,,
080553db96313ad8,,,,
7341e37e2dc47776,,,,
90eecd0ee1ff6af8,,,,
1bcc07ae64ec469a,,,,
b47b850dd65d2929,,,,
d34139336c1f62fb,,,,
a3e0def912f51cf3,,,,
7d77119511af7f95,,,,
ddc656d5c752a305,,,,
cb3502cba0622fe5,,,,
39cfdf9dc13b9917,,,,
70b0bfef2a19455d,,,,
83a3d2281c1e6df5,,,,
25481f748946e91c,,,,
ab3e0de77edfeff0,,,,
3ff359ee4532cfb9,,,,
896d86e6e19942e9,,,,
31c854409c809fb5,,,,
c3adf5ac9fbc48a4,,,,
98d0d27a8d8dddd3,,,,
9366024c061cdbfd,,,,
a6072f25a37d0514,,,,
04b1eadd87ad2566,,,,
c40f43b4d544e98e,,,,
72c46ec8aedcb1bf,,,,
e7292962e7587628,,,,
e7d799b465dbcbdd,,,,
329ca6ca2ef8f8fe,,,,
a25d073380621aab,,,,
78251668091f86ee,,,,
01fe27e80d026c6b,,,,
7812c7561e4a8319,,,,
cdde09607d57049d,,,,
c8214442cbaac7b4,,,,
7f20a8787383d28b,,,,
e362a75352b1657e,,,,
cb1e8012aae54db2,,,,
9853b24b10c4881e,,,,
f92978c5ff72a75c,,,,
69355a3f595dad85,,,,
8d167a0950e7f7cc,,,,
a9f4a7d069fb13b4,,,,
e171507c96c822bb,,,,
86383d302a203363,,,,
d0444d80c8af9045,,,,
de38a71ffecebf19,,,,
28fe4ffe291f13b1,,,,
15a5267cacb0f351,,,,
a3e2aebfcabfbf39,,,,
d30f8b49ba08513a,,,,
5f285dbc909a75d9,,,,
c978a2316424565d,,,,
66fcd619edf1fe6d,,,,
e1babf329d1f49cc,,,,
eeb026dd99437dc9,,,,
165c46556a9c1624,,,,
1295e2ddcd0a290a,,,,
80f0393c8061b449,,,,
8bfdde427f30a6a8,,,,
b67fee9442d35086,,,,
3e1b10d751f04bc5,,,,
d96829bbb34dfac7,,,,
202fa99357979c0d,,,,
1af93609e558d034,,,,
64ce0db163d83be5,,,,
77109a87f9b35fca,,,,
f599b49c8d87af0e,,,,
0860ea804fdc3d72,,,,
bbdfe031e9fc79b1,,,,
3c1794a40e222d9d,,,,
826451985172f1ea,,,,
98d1c21aef820b5c,,,,
ad4363d9431869c2,,,,
3481f91652a2cbf9,,,,
06abf746c9efe2c2,,,,
4e58a147c7b6f351,,,,
6d01e96f00bef5ee,,,,
7c959f69de225ba7,,,,
3055175527685cbb,,,,
684f2ed4911bf29c,,,,
ab92839797c11392,,,,
3ef3435a9c24dfd7,,,,
7c4b90a6fd07775a,,,,
ff61d8f58fadbd99,,,,
a116728c1ad80ccf,,,,
3464337d31182c0c,,,,
4f7577a67d99c685,,,,
983dacdfe3760e57,,,,
f33069b19e4f3911,,,,
699eb36ed9970f5d,,,,
4dca21b25c5158b5,,,,
c150f16c33d60a67,,,,
3cedbd6cbbe60b5c,,,,
0c15ad96d27405d6,,,,
2e50e56488f17600,,,,
a6ad565c04c5c673,,,,
b03fae043b19dce4,,,,
4670675d7efc8af0,,,,
b07974189ca3cdd4,,,,
bc7ab399a856a619,,,,
75847eb13fbd9fe3,,,,
128f85a007d92086,,,,
b12d8f073cd93875,,,,
e5c7ebae77d4270e,,,,
790bd058d0fdad6b,,,,
a5760335d5871ab4,,,,
44cbb7be35de5dab,,,,
bbfeea2a63decc0b,,,,
f578d9aaa61c3f62,,,,
8ac3edfc269a79b3,,,,
9532ae83c716bce2,,,,
a40a86b820660b1e,,,,
3ef545cbbccca727,,,,
e6659222be31de15,,,,
a2653648af0500af,,,,
84a8f7cdd0fb094b,,,,
db89e9baa03c6a54,,,,
149927ec7965a0c9,,,,
c32c3c0bec8ca1eb,,,,
4a22b4d7ca9cc608,,,,
b8676cf6cc380a43,,,,
a54ddc4d67d1d2c2,,,,
038baa74de632911,,,,
c7568be5295a842a,,,,
72aa6116dd074a3e,,,,
911673876288c3b6,,,,
17c8e62b0ad5c135,,,,
291e746b57a78214,,,,
36cb7c721fdbdbd7,,,,
91d06d59d06f0ebe,,,,
cebc55fe0c2a353f,,,,
676f95dbb7a48199,,,,
30b616e927500115,,,,
ef7ea1519205b1a4,,,,
7c490074630be645,,,,
6c4544c720414fc2,,,,
15e09da9b7f49087,,,,
91941ea65caab31f,,,,
1f62e98678d22fd9,,,,
dc0291e7a10d01e2,,,,
ce30900ae7eb8168,,,,
ebf382177d4f043f,,,,
e1bc65a1dd173a5b,,,,
989ce667e34e8cfb,,,,
b88e9a872d96caab,,,,
a7d5926b05913198,,,,
cd71341bca94feef,,,,
9812e4ab425f1332,,,,
a73d73c2193bf29b,,,,
db59842505445f85,,,,
28a045c9b744f14f,,,,
02271435cbd48bb7,,,,
45d3707df421a234,,,,
7242e64f69c81022,,,,
61fe8753aa32ae37,,,,
f44f0fdbaa84ef95,,,,
90dd4bcea301b6e0,,,,
8b6b591ba7427756,,,,
6fed6f3e45f454d9,,,,
d6d9a50b64d13bfa,,,,
840243a42928bedb,,,,
845c84156836f0c9,,,,
7f62a32498513b06,,,,
af8be6d76495ba97,,,,
f017d9ec2319e84f,,,,
4c646803909376b8,,,,
a81fe5a8ccb00af3,,,,
eaae0a9b3268d676,,,,
cce9607071786eab,,,,
a0298ad8cbdb9dba,,,,
747fa1332080671a,,,,
c17e4e7ccb3f9c3a,,,,
76337c122e46963c,,,,
19070ad8d058b68e,,,,
76de3a29d03eb7d2,,,,
84fa7031cc048579,,,,
c8ab8889af83ad0a,,,,
b818deba636466a9,,,,
9e72030fe2949076,,,,
4cbed6ca4814789f,,,,
8b948d367b6de2fb,,,,
1e4c8f4fa118d711,,,,
b51345abfef58c1c,,,,
40b44ba1e8ca38cd,,,,
f077debf389bf535,,,,
6db79751a5a30a13,,,,
7f58fbe7ec858328,,,,
70811bc91059d580,,,,
8148962baf184d21,,,,
c0270be9a9c3c4e8,,,,
45e12fd3a9e138d3,,,,
64838a52e6e5b790,,,,
e398c0b809de42bd,,,,
1f5380ec52182a54,,,,
7f6758d35a4ff359,,,,
ac4d7859e0af0052,,,,
602c44e683b8cdf3,,,,
b97c8651aa9a3bdc,,,,
adeec2fc9e8e7060,,,,
e0e0084394c13322,,,,
2b3623f64741d23a,,,,
95cc7449335878ef,,,,
d9d96e0c7eaa8b5f,,,,
8bc81286875c3222,,,,
e78765598a0accb5,,,,
981c01c9de379483,,,,
d7d76de30dd63417,,,,
d391e02f87312679,,,,
431897838464f14c,,,,
f4b39e8e9bd9a9a3,,,,
6bb7654f84c79407,,,,
1acc26d011eb9d73,,,,
d45cb9543a0e1d59,,,,
ea35225705473acd,,,,
7d24518bd7141871,,,,
37e1bdc9141148ab,,,,
131c0909a7a1edbb,,,,
d2183976a976f574,,,,
50035662fd351ce7,,,,
5bd79f9073d2c631,,,,
9de51729061d2d04,,,,
7e3494ca5a7dc016,,,,
b246fd92766bf232,,,,
f1a8a77d6eff0e57,,,,
2f59edb241350723,,,,
21a049b26e05155c,,,,
f94855f536394397,,,,
295210198f3c5173,,,,
6bd8331466ec81a6,,,,
17fb0875d267393a,,,,
38943aa0f9155875,,,,
06cb374878c86299,,,,
4b5130391064a3eb,,,,
eeedf9c5bf90c6cf,,,,
07159124360c6423,,,,
5c0605d79369944b,,,,
185070e363ff4667,,,,
cdc016a9bc3e49a8,,,,
2c3e454ec5ea8fa8,,,,
e627245578f3e56e,,,,
661bc58addd469db,,,,
59f8c003db432455,,,,
d7fd9ad9830254ee,,,,
5e6809017f7c305e,,,,
5273e081991a9916,,,,
af1a86793d5fd44d,,,,
cb88552dc74ed856,,,,
28cbac86de64d24d,,,,
2c67fc4a54dcd920,,,,
f675ceea15ada5fe,,,,
8961d7b06513b979,,,,
e1ec88294e3316ea,,,,
f759dc0f9b8f1531,,,,
bcebc61e5ea8ce1f,,,,
60e9a1107315bdec,,,,
d32889aa0a73bc0c,,,,
1039b1c420564677,,,,
873e3e40e29b2949,,,,
58d3fffecad3e3ff,,,,
b21604aacb35b268,,,,
2d926906b1edffe5,,,,
65ea4be540178c8c,,,,
0b2003c38d11c9ea,,,,
719dbe9be919d08d,,,,
48e2f9bcdc037449,,,,
ba098ecc9b8ab427,,,,
3c111cb7a7601f29,,,,
9e0a16b02a050179,,,,
6ca8c485fb7555d5,,,,
1d0a9f83fa3b1a68,,,,
d779893191dae35e,,,,
70c046d0561caec5,,,,
6a543b468e9add6e,,,,
7a7f61f0dfcf1554,,,,
f9b362922c5940c4,,,,
966c0862259f58bc,,,,
812e8fef7f0663a0,,,,
53b7bf70108a04e1,,,,
15085d7f46df1ff2,,,,
0119dbceb5aa89e7,,,,
1c77c20309663157,,,,
7e27dc70dc6e4f16,,,,
c5e00c0e72638b04,,,,
28abb832502e9881,,,,
c31304a7cd2b4c50,,,,
ad7415cdd9aec945,,,,
7e07eab6665a0a39,,,,
42f9bbf19184e886,,,,
dad578f4250af8e8,,,,
5922c4ed55281798,,,,
e18a9b5278d68069,,,,
21c7ad46929836eb,,,,
3596a8968e49766f,,,,
a3ca79d8cf0a30b8,,,,
df58d25222170a4a,,,,
68a934b91a35fb82,,,,
f1866ee27ab006d8,,,,
f409f47895a1bec2,,,,
add928ada0cd84b8,,,,
b8e471b5973c040f,,,,
f16677440e71ffc2,,,,
341a41358c3136e7,,,,
55fc17dc0dfb6a9c,,,,
80651d922e230a70,,,,
00d00e0359cfe12c,,,,
c505a3ff6c9b0f14,,,,
0779af96f1c741dd,,,,
9c3220aebb8a5fc3,,,,
736ad6357842d2e1,,,,
a5d1cec6aaacef19,,,,
5d0332e8f920720a,,,,
b3d849d132420474,,,,
c5b63c2dd36eae6a,,,,
ce4654c14163785b,,,,
bc5ea9df2cc4f416,,,,
4308ef2478090a95,,,,
b98eaae1f8769ded,,,,
579c944883b9fbf5,,,,
6553347d7b9c5017,,,,
579f8b68c6995672,,,,
364b5ca3931f0c6f,,,,
b05e6259113b6e5a,,,,
37fbff1eb45a34fa,,,,
02839877c16511f0,,,,
1ce33ceef10667d2,,,,
e5eae0d6d80b2114,,,,
0e8b43c18cecb854,,,,
35fb808db0e3c5c0,,,,
643a159d02c9ce83,,,,
67b53b43e390c5c9,,,,
0cdca805b5e7c219,,,,
906e8106bf3e6cde,,,,
835b6876e8366bd3,,,,
eb3eb9a8dc59d90f,,,,
30b80f2e4f79290c,,,,
489a683c6850ff2b,,,,
29231a14b457b6ab,,,,
54ca4929820d71cc,,,,
df863b39827878c7,,,,
d024959a86830bdd,,,,
945ac11f6f855728,,,,
6612812327ef6b9d,,,,
640741ad09f5bb4d,,,,
d6ff210211ff5a3e,,,,
47a7a3d71abd14b8,,,,
7cd53762a9665003,,,,
dfac32a070665d5c,,,,
61ce881967449b4e,,,,
886cd4ecc78529c3,,,,
990a3503f053f187,,,,
20dd6fe320b12f55,,,,
79794ee119106f57,,,,
9c005bc85792a9c4,,,,
89e6bbd2efbde24b,,,,
3b08ba655d7e8f1f,,,,
dca9c80af6db52be,,,,
fa25678a5ee24542,,,,
808cc50916fbaba4,,,,
0d44ad304b737bb3,,,,
9bf37d67621c6391,,,,
d7f1d06e24753343,,,,
b4f01a0000d777d5,,,,
2aaa4d6edca0c2e5,,,,
06a5773ae618a1e2,,,,
153159801ea35e86,,,,
aa59562f4ef067bd,,,,
5241307f3ff2bb40,,,,
8c273a0943c72e7e,,,,
a2640aa5fa535ed4,,,,
336ff2303056e596,,,,
d51bf24e592a06e2,,,,
4d5bf6235ee34e57,,,,
186130844848c2c5,,,,
67c5782c4edd4c4f,,,,
8766210912fa60e7,,,,
ffb7bc8f126b507c,,,,
2f60c14570dcf1f9,,,,
3f90819fd526529e,,,,
7e503c02ed0ccf98,,,,
09c5db8714d9ecdc,,,,
b8ecfa1f64c286c1,,,,
f045e318453a661a,,,,
3eb4e20ad13bbde1,,,,
520ca92c2bdcb52c,,,,
69f9646efaa84607,,,,
9c8495dbfe9c53cc,,,,
f8ddb053f04ee7e6,,,,
fe607c230ad89cf0,,,,
82b68e839d3b5c57,,,,
a3cd1954289ed05e,,,,
40390ff914bdcf11,,,,
785e6eeb72e6d5d6,,,,
1d8c55640e49ce26,,,,
dd7c344c8f5935f2,,,,
3f13213cb720dff9,,,,
ad0e3d3f9f3d414b,,,,
d91975d8567510ba,,,,
8d8523214e58da75,,,,
f0f67ca75c0efb4a,,,,
bdfc4ace4a622300,,,,
c4cce7206808cdbf,,,,
55e01796ee2ee58a,,,,
dd7ea815f5527ff9,,,,
11fedf3541c3eda9,,,,
64ef0529fa177bb8,,,,
623601a8277c7e36,,,,
f1fbc88a867c2565,,,,
bbe96cd9d528f65f,,,,
9f2e1910b24cc079,,,,
c2701866ab54bb6c,,,,
51ca694826e816b8,,,,
bd2f72eaf800faa5,,,,
2ce9eeb78910fb28,,,,
ec36a0228805ac5a,,,,
328148f4ab3e44cd,,,,
0116b0bcb451615a,,,,
78351a8f2cd7bf16,,,,
f53efb73dc8db585,,,,
02e578b8997fcf1b,,,,
2373db711a690e48,,,,
682da71bf7667f52,,,,
379ed91a6310595e,,,,
cdcc89f7953a7972,,,,
8b9a8e6febd21a81,,,,
d6c761b58f36b816,,,,
daa6f5161bae82b6,,,,
3e8b88df049b82b2,,,,
e9b222e3dd78892f,,,,
6958d3e1200097ec,,,,
63decc66df2d4f9f,,,,
66d1149c7cd78775,,,,
8fc2cc3fcdf42206,,,,
d3ed07284bc264ab,,,,
57577f6447cae345,,,,
6822fcb23806fac4,,,,
9cdc7614687026e0,,,,
22f3ca9b72380237,,,,
74dc0073e50fcf70,,,,
9cb805d813046286,,,,
9de0db211e4b0ac4,,,,
f6d844c70e607bce,,,,
d54042bcae9f6fb8,,,,
203373a8affcb6ff,,,,
0908c96090fe49ce,,,,
a2455b9b20cf47f8,,,,
b522d41b86a48135,,,,
f41c5c729d432f50,,,,
5a06d13085562f4c,,,,
d897afc31b67bb13,,,,
74ced5b4062f1ab2,,,,
0e4c1a0af3fca2e1,,,,
0873d846ee95b2c3,,,,
fb0e849364400148,,,,
4dccb80283b15e1f,,,,
edefebcdea2fc93b,,,,
ee3c3817b91602fd,,,,
5c589c07f2777d59,,,,
4f9e0e6cc4304479,,,,
3317558c5da8b071,,,,
91d26c74ed74ccf7,,,,
8945a49940405c17,,,,
e4e3f6e1620e902f,,,,
d2661a4a49384abd,,,,
2258341f4d79c322,,,,
da9dbf8cb48d44c0,,,,
07d7f8611a378312,,,,
0d5256e1472ce953,,,,
9360bbe8b8cc4fd8,,,,
ee3461b51ba0cef8,,,,
4595da1aa861eda6,,,,
53419c7b2c0396cd,,,,
b67d8826f0239463,,,,
03e845f6933909e7,,,,
87b42a82d7b3a62a,,,,
1ffe772d86a2561a,,,,
18982f078ee7f62c,,,,
fd9eedae7c9dc64c,,,,
fb22a728d6a148df,,,,
8869b9d4c7bd339b,,,,
9e465fb9d8d3db8b,,,,
11c293a2b9913b85,,,,
0631902e17770934,,,,
9698d453ee640465,,,,
a67c430572a5d30f,,,,
72092bb17cfa749f,,,,
0e362172dc0f9f14,,,,
98414a221b3d066f,,,,
4147fddef897f285,,,,
7e2a44f88d849e84,,,,
41a9affed31f922b,,,,
716a86f180c172ea,,,,
40e239c21c65a6bc,,,,
030e8e8e5f1f0bf6,,,,
f7fd34dbaad9e423,,,,
d48cd5cb71d0b213,,,,
958a17605216dda4,,,,
537f815cb9bb76b8,,,,
066311d96138e38b,,,,
406ed354ce49ec98,,,,
2ce230a6b194d4c0,,,,
cc620a28ef391938,,,,
58afd1bc3bfd08b9,,,,
4afe7b7a6dcfe5c9,,,,
b702cf04acbcc0eb,,,,
d19d2c3c17ce8551,,,,
a9c743885c95b506,,,,
0ba95a9b45ca819f,,,,
acaa06bca0282080,,,,
1758aa2270c072eb,,,,
73dcb5236a417adc,,,,
e0d3f7db26700874,,,,
b8b2208f91d4b3e5,,,,
a079b94cf0f951de,,,,
28746edb07997abc,,,,
06010d107df241d6,,,,
32af987b9666f54b,,,,
cb471cd58dff62b8,,,,
cdb74777de20fff6,,,,
c91f6816154fd0c6,,,,
5b90daf39b541b11,,,,
c6618752660e9b19,,,,
c91bda1daed18e3d,,,,
4a862c1821ea75cd,,,,
5224ba86a818660f,,,,
05b91d361b96f94c,,,,
b905015032be6009,,,,
c86b8fd565277b40,,,,
c3ac20a8838bccb3,,,,
850eb5f5cfab0d5f,,,,
c1cd47b29593b1ea,,,,
d3c28bd7ef16281c,,,,
9c8d83d5f1012124,,,,
74c4537449e67e3a,,,,
083831f5736daadc,,,,
dd856357957e1a15,,,,
d438dbe41a9a7df7,,,,
450f172e461690e7,,,,
2614b88417949f7c,,,,
0bde7af353f870b2,,,,
087c78d5fcde6e76,,,,
56712eb2d3adca8b,,,,
d36eb5029a18651b,,,,
032d9d559814fb66,,,,
80f67654be591b8d,,,,
250883a0d9d3913e,,,,
31ff3ecfe31340b8,,,,
417fd4165f8a4a56,,,,
f87de3867d263130,,,,
d8ad7280dbbe98d6,,,,
0698a9e0756962d5,,,,
78cce29f597e9002,,,,
4752077238ddf12b,,,,
e1901924255d3670,,,,
abe1b170075181c9,,,,
acc54020b3bdb734,,,,
2ddf7da7b036c31c,,,,
79f9c2d6f9b33626,,,,
f86eccdcff6d5e77,,,,
74cfff4e594dfedb,,,,
84c3cbf189cef053,,,,
2602cb2dd4cecee9,,,,
d463598170615d77,,,,
41870cd2c0b62017,,,,
3a8b04f13dcb335d,,,,
66762e3de46749cd,,,,
4c34a35763320686,,,,
c3e02bc64395519a,,,,
4a20c1157173e06a,,,,
c1a15486a9bb7d0c,,,,
2c75bbd298c3428f,,,,
a2f12ad7621796c0,,,,
ecac6b2eeebf8406,,,,
4cde911efe72fbf6,,,,
45799ce7cf7b3bee,,,,
7ec958c4cf7f442d,,,,
56c10b03afe0e809,,,,
8cd819eea8cf7d6f,,,,
a3e4689f90f8b2d8,,,,
6c0e13ed326c4484,,,,
ac3920cf2a986a25,,,,
a3675658f006e14a,,,,
14350417803a33f8,,,,
0f1c7e8ec73763c6,,,,
152c68986ccd8c4d,,,,
758faf11d00b3548,,,,
1f9bef0dc44226fc,,,,
cb07cf6eeed9764e,,,,
ea6f7e5855cf22ea,,,,
1d8741e3750d445f,,,,
76626f6c402bc5ff,,,,
212299a17b8d859f,,,,
df3dd2b2fd45f9b5,,,,
c58c06cbbfd1734d,,,,
7876d67ddf9fad41,,,,
7f5a3308757d3c7c,,,,
bbda3a97041e6cfc,,,,
7a2a4043cfa8e281,,,,
1e920fbf8f309faf,,,,
04d8e025c58d8b36,,,,
fde2237d55a943a3,,,,
f90adf0b27eb1db5,,,,
29ef2f6fe05f3d7e,,,,
af6672997c10c3b0,,,,
5e680b08a49754dd,,,,
92b484c658564e2e,,,,
589d69b03e27a98b,,,,
31fa1b3a8f992ea4,,,,
f44b44f642392ce0,,,,
bd8305f6d8640068,,,,
27b88da04e1b4e99,,,,
5f58cf45a2b5d6e9,,,,
2b3d9854884382e9,,,,
013dfc8061061b24,,,,
dca91737c96fcb68,,,,
53b057697f33e7c8,,,,
c3ded6a6036fc784,,,,
9425cfa2755357b7,,,,
2da1c6df4797ed69,,,,
b8fb446699e0c0bc,,,,
72333964fb27d6a5,,,,
ed583dd1b66cc221,,,,
b14a3ccb567b70ed,,,,
a3a71d16067ba041,,,,
c01e27de107e4b86,,,,
e46f774b8c095711,,,,
5db916ecbc8e0615,,,,
05e163830d778cc6,,,,
7dcd371ad8a005d4,,,,
6e2f68523231ec53,,,,
ea17187711e00610,,,,
d61060ea747bd849,,,,
94377f6530161370,,,,
2056516dcde0fa5d,,,,
7e9c88e0347b1e7d,,,,
b982f142f60875c8,,,,
bfd29fec5b1c8fc8,,,,
b79cd6b28090699b,,,,
d558c3828f4ee828,,,,
a9419f7b23acdecd,,,,
d1c6930da2cafe6d,,,,
2605557d84daf87c,,,,
a1696ae5fcc8540d,,,,
77a947b5de9ae390,,,,
30f40ce98979809e,,,,
ae8b612d79000e92,,,,
bce6c0fce2731dd5,,,,
ad360c344575e6a4,,,,
2fa052c3e69f687b,,,,
2eacd3dc69f3cc84,,,,
0768dcf12327aa64,,,,
c28323773230b877,,,,
e552734d3cb14c5e,,,,
189c6d00430399f3,,,,
759827c76f589f92,,,,
809905b62ebc5933,,,,
4bbdc06de82561bb,,,,
42068143d3217a3c,,,,
8386983fffe5e8b4,,,,
af077cf50b76a0f1,,,,
f7d104a9785bbf0a,,,,
3ac06c4ddcd2af2e,,,,
54b42cb7812486e6,,,,
25f433501faef316,,,,
ebe3c0171ebe78f6,,,,
2690746374102109,,,,
faf17bfc4124c55a,,,,
ff22da1e7ac4c8b5,,,,
7559543135f1504d,,,,
4342af3964ededaa,,,,
358d39d3544784b9,,,,
492dadf2ece66d57,,,,
b05c1f953f2546f1,,,,
1c66d85c51411daf,,,,
8c6770b9a3392972,,,,
899b230873d2e3f0,,,,
83284eb9044e736e,,,,
2339f6af58f78574,,,,
b2b2aad64c2b9cdb,,,,
85cb10d5633586f7,,,,
15eafc90a3d69491,,,,
0704b493407240d9,,,,
2693cfd124d7bab6,,,,
ec2f0b7888666329,,,,
21d3e089b04119c0,,,,
8584b2e37576996e,,,,
1969dd9be2a537da,,,,
847d2d5cf08e750e,,,,
9073b7895f37fdf8,,,,
e46f0eb9e0b36eae,,,,
87b5bef6fe39672f,,,,
f5a430b8be6d0ad4,,,,
35b6647a4eaaa683,,,,
3d1e1ac7124ca80f,,,,
95fdc8f9e44366f7,,,,
64d76ae65768df90,,,,
771659a8fe9fb3ea,,,,
a53de4eb8e1c9b9f,,,,
8e6bd994b8b0e173,,,,
f2843f9edf9206f8,,,,
8e8da7b045d933d8,,,,
8df601b9d7521ec4,,,,
729578505b049092,,,,
2526de9f7a78d071,,,,
4a57aec873865e71,,,,
5acbcb84cdd3389b,,,,
a1b812d168e4919e,,,,
e2de8ef120270ae8,,,,
410e723954d74178,,,,
b6fb878f676cca61,,,,
7fc4190adca89473,,,,
ca9bfaaa2644d274,,,,
c1ba687b78b28a37,,,,
cab97501142c0cea,,,,
15dc44577a809c25,,,,
9a2a98398f3fd88b,,,,
ce859ee5f46da095,,,,
5b58a45bbe667015,,,,
0244246fda0e7498,,,,
36e8ae95a1955b03,,,,
68c91ced3e136294,,,,
76d4ac3068c001c1,,,,
7d88ed39788f3aab,,,,
4a19a02daac10106,,,,
899f87b910996c76,,,,
cc43df5c2c77f3c7,,,,
a89b26b02a4415ef,,,,
b2dc65ff34a14222,,,,
1f9d29699c8047f7,,,,
0fe717e4de0366ae,,,,
35b4ab0f7d0de15e,,,,
2714f43916578377,,,,
db645ee7a3892ec7,,,,
c7ad6c0bfb35c4f7,,,,
0247b0d938a76747,,,,
2285f113e71be645,,,,
cc073a4d0b4da5da,,,,
6604b018d0395820,,,,
87fe2c8b6c70b732,,,,
b76e0e8a41fa9ad3,,,,
865cf39667e9fbbe,,,,
72965686ae957382,,,,
08ccf64e0330a124,,,,
13b84c90ac2267db,,,,
838d49ba69b40017,,,,
cbbd8e8a43f91f5a,,,,
2c47f9b7990d83d1,,,,
e16ce853c7c93808,,,,
21b4f87323102d2a,,,,
3b3adf8590b41a6f,,,,
138f0c6cf37552dd,,,,
cd3560deae1bdc10,,,,
dc8d59da99875601,,,,
b63c869c2a8858b9,,,,
fabc187b0f828c29,,,,
93074b6e6708e267,,,,
cb90d6bb986f3ea9,,,,
e880685ca9a49347,,,,
acdc9947012c5d09,,,,
586ba95da3416895,,,,
06ac21f315450d65,,,,
c769519647eeaa5b,,,,
1774366884426ebd,,,,
1f081f0500cac965,,,,
a8e065c9fda2598f,,,,
87a7e13ec9dc57cc,,,,
04e5aed2bfeb3e6c,,,,
4ef2d71a4045bb9d,,,,
1e991ca3cf292c2d,,,,
f4246655a7142c93,,,,
269ce1a7481cbfec,,,,
c204bfd048b6fa3f,,,,
c04e61dce1bfa129,,,,
bc36f7398760cb94,,,,
c9d8bfc98e565c49,,,,
c55362069e16f5ef,,,,
4afb40fb5b23d0f5,,,,
9e28e78027e51ad4,,,,
7a2b6e339b7f78ff,,,,
856bf37bef563332,,,,
2dca49fcdc3c67aa,,,,
2507acf0be63f664,,,,
82773ca1a3af632e,,,,
eb2df5ccd022bbaa,,,,
9ba73f4572f2cc44,,,,
21f44297eaaa80c4,,,,
4b25965de2703f36,,,,
0a56311f4ba24441,,,,
576e643e4f89d8ce,,,,
dce9c9d38b747ce5,,,,
64bc957c47491d32,,,,
b5f54b1db39c9928,,,,
8c0a8f61bc4d4355,,,,
8b8edd89103e1ac6,,,,
695399aa4fda1e5c,,,,
c2353e60b9835486,,,,
42d4fe011ac49f26,,,,
e78d6b6fb6e421a9,,,,
d54b1b4409c6b4f8,,,,
a1a685e0ef41a26c,,,,
aac6592a5f05314c,,,,
5b18111cb26fa2e5,,,,
da9dec8258096569,,,,
6b6a613d3a4d0904,,,,
d219cbbe277f92ec,,,,
835076a269bb2033,,,,
6db0874872ec6b1a,,,,
b2ccc0a8fcbf5b11,,,,
3753bd4dda98b282,,,,
07b2ed100d02cd1f,,,,
bf2aa336cd66f478,,,,
01e5aba2376e3cba,,,,
eb9c46906b15a15e,,,,
32a1a030eb99a0e9,,,,
b77f4d299348a355,,,,
a9e6f023214838ac,,,,
07875001c877c5e0,,,,
c81ae1946ffb270b,,,,
e83d0ea7512153e4,,,,
82f087d62fad4075,,,,
51c0d3aa3c5ccf35,,,,
11baaf7564e659bc,,,,
8e6aee71ce8eaaa0,,,,
d879bbd6d42f2628,,,,
5d6c7858bf6764de,,,,
953dafba89b0b683,,,,
697f60d40cddbbe7,,,,
9dfdbfc1287d5eb8,,,,
da4cc19fa19d746c,,,,
de26a9df52d1a96d,,,,
5f0a6d84b4dd4dcc,,,,
9e7b7ca5892d94c8,,,,
4bd7a2321aa375b6,,,,
4d8fc80cd76fd079,,,,
936c9d5e9d99ac9d,,,,
a2b20881b95e813c,,,,
4fd7772968182ee6,,,,
3c98cc376eaa69bd,,,,
99648d1176569d82,,,,
5ac544a2fdffe5c5,,,,
d8e184a2c95bd024,,,,
e0188ef5435b3382,,,,
e7037061a911cb5b,,,,
58bdc1345a05757e,,,,
bcd1dc3b54e45347,,,,
b48fdb8452df655b,,,,
f38f97b7ade66271,,,,
7cbd59a46be38559,,,,
2b46beee80040d55,,,,
0f869eba78ae0325,,,,
345f4f58e344e762,,,,
5e131fca2e7d7348,,,,
397f8f96f323c43a,,,,
040da69bf43aa8ff,,,,
9f582c7d92299947,,,,
5ddabbaaaaf83333,,,,
e2d60fbc94b71e0a,,,,
952bb139abcbff44,,,,
05788de280ae256f,,,,
112418906790a1a1,,,,
4e6aee5ff530a0cd,,,,
f7953d837cc6e17d,,,,
53f14e4731772641,,,,
2019b4f5de4dc553,,,,
0196183a7442573b,,,,
5571581e23e55d83,,,,
ad03c69e63b9c51f,,,,
f1a2580de28cf7d0,,,,
a5aeaad1ae227999,,,,
674ef17c649b30be,,,,
7208fe9cba5be051,,,,
7584709553016e99,,,,
fc0c7f760754a5d2,,,,
efafe230739b19e0,,,,
cd95a49cacf08e9f,,,,
2bc56494043ef3c1,,,,
66d7533afa7b25ba,,,,
2516f6536ff2ded4,,,,
e13400fa3e774330,,,,
2f9d641ff7e9f30b,,,,
6517e793fe198aaa,,,,
3c43eee03b04f85b,,,,
f9508fbe06edb124,,,,
eb438707e4606da5,,,,
d3db279fdf45cd50,,,,
4f7fbd291c9078c6,,,,
e07a7c8dc480740c,,,,
b9eef0aab9ed69f6,,,,
c6a99f63fee1cbe0,,,,
5be89ad06549ab4b,,,,
d920ecf6e2b7149f,,,,
d6d9d4f8e196c78f,,,,
1f590ce59aa804b7,,,,
f9bbd4a72c6130d6,,,,
a269370fb3f8e8dd,,,,
3b0144b5b0f902d3,,,,
c4e5054aacb3c6bd,,,,
ce79965846783a80,,,,
7ccff240193c9e6f,,,,
bc421fb1929afd6e,,,,
e653333c351aaded,,,,
975ad2f313c41351,,,,
8cbe473fd2d3da95,,,,
94cbd7c2b2c9ac0d,,,,
b02598e0a2883e66,,,,
94def9de4e8aef97,,,,
d334c6095812e8e5,,,,
b10159c23e936427,,,,
8bf559850793b970,,,,
59709be2b636153f,,,,
d82732815e3a644a,,,,
eba5462ff7d4fcaf,,,,
6755814c27570013,,,,
4ec792561717a92b,,,,
0489c9f110c1bf59,,,,
d97f70d1d9c6a6f4,,,,
e703a0cfe14d030f,,,,
89ee29e9e94450e1,,,,
bc11d02208ca5208,,,,
dc85960d74c74759,,,,
b7d3922cf161139c,,,,
91663864c8d525bf,,,,
de4019b72f36448b,,,,
002b923741cb7ee5,,,,
e5ab03f5d10e828c,,,,
b9be4c7baeba77d3,,,,
8b2f07436093da7e,,,,
108215670b943931,,,,
0ba66ed6f5de0de0,,,,
13b337dbf7cc6430,,,,
f33c257c14129e9c,,,,
135e3dc6c847fcf1,,,,
eea4cd0c988cb770,,,,
0fe7114682ea5f3f,,,,
8fb2a8622b6ea046,,,,
c8d4f12d24a75fe6,,,,
c0685b4e795ac2af,,,,
a08af078ec90fd81,,,,
ea98845b62b4a913,,,,
82df76173adc447b,,,,
50cc6d74973af717,,,,
3d6ecb294987fa9d,,,,
a6f30860eaacd6ea,,,,
eed82b476231fc59,,,,
d0ae7408b6f4b577,,,,
1b9f3b07480a11dd,,,,
aef9f1610965f9e1,,,,
08ba30c07b3e0094,,,,
a4732894f5e3031a,,,,
9506bc590352e22a,,,,
f8f85557f804f5b7,,,,
ffd62b49ec35958c,,,,
02ef9cd91eb38563,,,,
66011a231cab1b2e,,,,
cc392a1ee8c896d9,,,,
67ee2c02987f02c2,,,,
8b6f41fc2a0290a1,,,,
0183e081e83e21b3,,,,
e22bef777e3d4507,,,,
a4d177b5f549f6ec,,,,
496f00da836a90c3,,,,
be1730b7b71fbac2,,,,
49a24911aab4c855,,,,
8d2e010364c61a0a,,,,
fc7b10dae36bc7af,,,,
c550179cce93387c,,,,
f92521b6c5f39f9d,,,,
7961ab81569e5271,,,,
f544cb54af06a6f0,,,,
68b5eb3a56f079f9,,,,
43528c18a47fd095,,,,
1b7043fc3714de81,,,,
9d1bae7530a03e8d,,,,
7be73374132ea84e,,,,
a060777c5c777ee9,,,,
49d4bba4ca7fbed6,,,,
fe2fd6c7bff00acb,,,,
ec716f64a4a2a201,,,,
88acc607589c16d9,,,,
9690a7b9da187645,,,,
44c38f260a9814dd,,,,
97e06af2e55d7aec,,,,
78c0549e2a81811a,,,,
54d115a1c7adfcf1,,,,
6dd72172933c1494,,,,
9be53b431c1aac9f,,,,
77fd95bdbf099ed2,,,,
2ffd6ff4bf61de2e,,,,
1086e9a9861f2bb6,,,,
fdd10fe51a59c613,,,,
f6394c2106e7a6b8,,,,
841b26b17df2477a,,,,
74949e7cb96d109f,,,,
7dc1edbc29bbfb45,,,,
720cf013a1ec0d60,,,,
621c71d2e530488e,,,,
86bce685cf96be73,,,,
c6e4026c6242c4c3,,,,
68dce1d015f6be68,,,,
61e6e3c366c9e09b,,,,
889db09948cf9293,,,,
c686c3c601580efe,,,,
8af49245440c7e18,,,,
45a5710ee01a0028,,,,
734e6f8927abfa36,,,,
483e025c7aee1ed5,,,,
6fff689fc00e34bd,,,,
02e54df6d95a6ff2,,,,
04722927de9880d4,,,,
581bd948cdc1f88a,,,,
df9ad2c44fa0ebcb,,,,
ee12f328a228ef3b,,,,
bb035de4f540d90b,,,,
613cd06ca5938832,,,,
0b0cbec85a99fdf1,,,,
05e7bb686813cf1d,,,,
55e0fd58b6732fbc,,,,
b9614709fbbdeb18,,,,
6f0d4d7766a7d74d,,,,
46cb5ce4cc649cea,,,,
8cfe166f72e293e5,,,,
e18407dab1beb5f4,,,,
eb1e00c1874f4316,,,,
88f9fcb6971e1e03,,,,
c2f122131f8741a8,,,,
ea75d30de6477772,,,,
3d6e3d9b500456e5,,,,
728bb2953d3805cf,,,,
23d9a4f809c69795,,,,
b18e89c7b67847cc,,,,
742215ecb1381e7d,,,,
4d80f3af4c41dda3,,,,
e4f60a9bf4f7cad4,,,,
e764f49364b8ed74,,,,
26df97845ce1d25a,,,,
2e42c44b68dc8795,,,,
f3e585849f7213bc,,,,
70ba497ef50d28a2,,,,
19c7b70270317824,,,,
f3a07fd447996959,,,,
a347b1fcf7dbaa78,,,,
1ca7a3b1c65e5b8c,,,,
98f0802207233483,,,,
d7030537e40891f6,,,,
93fb1a099c849507,,,,
a0828854597fb955,,,,
d5f8ecd146368bbd,,,,
2e36caea80cc7dba,,,,
0e7c81f2a17f1201,,,,
e7db14a169cc93a3,,,,
c8d2a0f96dbcc601,,,,
338d94f0bd6c68c4,,,,
563c900f5251e377,,,,
027f8113687c9b5b,,,,
349152c79ba29b9e,,,,
d85bb558d2d0784c,,,,
72ca3b139f053f11,,,,
a49928f2c1192604,,,,
a35dfe6d6c5ddcd4,,,,
ebd76e38c53810c4,,,,
2dbad486cc90628a,,,,
177260f8cd4db2b5,,,,
fa7cd784fbc4c3f6,,,,
4fd396de201f8a27,,,,
5b3d31f9dc03db12,,,,
d8f2b378fd64388b,,,,
f9d18cff294e37bc,,,,
09b38536c5a8174c,,,,
b3f6fe8d168ebdd0,,,,
cd319197a6b27d22,,,,
153dd16e9d5fc2cc,,,,
066335842225cbd5,,,,
63b11a9aa5c6f51c,,,,
6e3a7582f3efb33c,,,,
85d72dbe947b67a1,,,,
3d23ca5d87b62b69,,,,
89a918068d452fc3,,,,
f6eff6dffbd93e55,,,,
be1d4c19302466b2,,,,
3281dcde0b513a8f,,,,
01765272e696e046,,,,
517d8c548a1dfc21,,,,
0810f6c2a57daa8e,,,,
5b638eeca6eb5163,,,,
ec7d35e625a98789,,,,
86512a0acfe3e69e,,,,
36b81ab2c0fa355d,,,,
888ef9b40f422b43,,,,
389c61a223827472,,,,
6c422acbb813e90e,,,,
3d7024a44bebcdce,,,,
f3b7e35dce63d700,,,,
a7d986fc0fbd18a5,,,,
5974043e34017f86,,,,
743a46963492c195,,,,
17332c829cbc03d7,,,,
cbeb32785ed15553,,,,
8a3c783ad14e4e72,,,,
da94e8592a1b5b6e,,,,
adc463fe5c082216,,,,
129b5a7c89e45b7e,,,,
b30d16115bbc3c5c,,,,
36303ae9cd33ed26,,,,
2413315147630b9e,,,,
35be1981391d0f56,,,,
3884e6d3ced4430d,,,,
652b1d51f3267d45,,,,
996950f29660f35e,,,,
197b15e63e974876,,,,
f2388633fa63201f,,,,
810e3ec2e0fcf733,,,,
a5c1361f0d28cd9f,,,,
59e34700d1d8c9f6,,,,
fbff28f5cdb1d30c,,,,
f30782a7d0d8c921,,,,
ee6e35f045945338,,,,
912e0776d65d80c2,,,,
c6cb471730636bc4,,,,
eb964394c32bd5b4,,,,
1055176299442ed3,,,,
3490e142df7c8850,,,,
28fb34af308cd0fd,,,,
b1a44919ac74a4a3,,,,
cfc2f94adbd9e2d6,,,,
ce5d0ae273ef2323,,,,
4f7b1a15f21febe8,,,,
147470b1783277d6,,,,
4288dd0e1e5d01c2,,,,
3295d24566b17fc2,,,,
6c1c2d9eedc82252,,,,
f730242a95dad36d,,,,
e0104d5994a53f42,,,,
8763a6544c4d2450,,,,
18f6b3f91ea14b37,,,,
fa2f7fc31f749d83,,,,
e3d6020a9f5834ea,,,,
191a6e3fc26480e0,,,,
340b430513c3823f,,,,
7d3a0bfa405ee349,,,,
a18aa982acb95122,,,,
31863b3ad6f9f440,,,,
1dceac9a95b2d662,,,,
9af60c8613f7552e,,,,
cef95b3ac9b0627c,,,,
2c8173791d091259,,,,
a1f813b698bae915,,,,
d8a8da275eff820e,,,,
6d9649c346fc71c1,,,,
e5c9e33c703ee38e,,,,
a66b016b371cdb64,,,,
793553ac57c337b3,,,,
1f53ef5539cd0351,,,,
d0ab51669c905f75,,,,
8c9fc1f6433f6a4a,,,,
fb371e61263fe5b5,,,,
83483126d9d49840,,,,
9dcb4ffa4bc4fe65,,,,
a9301df91efeeb18,,,,
dcd21cc357648a4f,,,,
5813aee51864229c,,,,
543ef5e9fb4238b6,,,,
2aabbd30edd785c8,,,,
b07a51a33a5ad25e,,,,
9529f8e114f87581,,,,
6c5fd284a00299b8,,,,
bfa870c249255106,,,,
fe2b70a7d8d87145,,,,
5fd79c0619cc307b,,,,
0dad50acb4ebd4d4,,,,
7236671c4566d549,,,,
c4ec664111467ac3,,,,
e105333cc3872d49,,,,
1b7d66d14e61aa07,,,,
66521e4755719de2,,,,
2d6eb775a1991098,,,,
654c3de4f2640bd8,,,,
6d6a3c61bf6f8365,,,,
6967c628a2c7a1e4,,,,
4267f34de578df29,,,,
dfb272e29f347f22,,,,
313ad6e5e96e1e00,,,,
d253e14fb325f204,,,,
c5c2ef8cec8e4272,,,,
91fffe300cbbb528,,,,
f19cdd3bab66f153,,,,
ef02f00ee6099847,,,,
ed466ed2ceea9eb2,,,,
6ff65fd063e81db6,,,,
02d7eb467c49e01c,,,,
d2c70134d5f3b54e,,,,
4db605848f6ba9d2,,,,
d4044e48d17921c8,,,,
09c7108d3d2ac822,,,,
8315cd081c4cf235,,,,
35f88f9f8cac4330,,,,
a4f49c429e22d169,,,,
a4301c182bddacbf,,,,
5e7fac2c8de8e082,,,,
97b69a7966def927,,,,
05bd4d04c8698fd6,,,,
95128c7b8e2d66ac,,,,
60f16a68a9dbf40b,,,,
e0b8bfa6d8578027,,,,
b35762524876a641,,,,
430e99af2d103782,,,,
3d91235611fe7fcd,,,,
dd445f35f879a811,,,,
0f09ec00d1753f5d,,,,
e0b1977e984c4e6f,,,,
f4016284f27b3b1c,,,,
c369a9bb1248d9c6,,,,
6402e13b063166c8,,,,
70466d4c035d8869,,,,
a94a9b7789cfc653,,,,
3b119aecf830b294,,,,
1849b6296a1a508d,,,,
3249e5d1e2b49780,,,,
2dd8da721b29433c,,,,
178c60c3e0fe27fc,,,,
5fab4455b50f0a72,,,,
0e6a721efd0fd1f6,,,,
22ff56a400ae662a,,,,
5666d0896c0ca679,,,,
84ecbd481fdb3740,,,,
6e1b81c28c02e2f3,,,,
4f3c840659b8e00d,,,,
4703fdb343b8a6c8,,,,
5f33dd5caf9fa8f2,,,,
4f39a17c59464cf6,,,,
5d23ee5c9e42d8a2,,,,
b94a8149ce7422f6,,,,
72b94bf1ecb557d6,,,,
a2ad85265b342edc,,,,
294a0598faf2abf4,,,,
576fbe2988a67f2f,,,,
a1d637d5af4af99c,,,,
db914b7d647bd575,,,,
8c804eff3235a720,,,,
579f93dce31a2f7a,,,,
0cbf6da16cf2e0e0,,,,
ffb151a38ab4b818,,,,
283b97dc8a53829b,,,,
3621cdf8fcc829c5,,,,
a785929a708c82be,,,,
a88313bcbe9be7e9,,,,
06337221959ff548,,,,
d4466513dc312697,,,,
d855263b72f6a962,,,,
dd2f662a0b53da93,,,,
e119698f625196ed,,,,
e1f5cb5dbcdd8ebf,,,,
8a561eff5de34494,,,,
b03ca229a8d67d76,,,,
330d7197f6cd95a9,,,,
ea4f9fc51e6f2012,,,,
c051e7fc069cf641,,,,
33be2cfd18b1edc3,,,,
1906d5c84dc6ad76,,,,
c8e19a4f77611f53,,,,
e0b387af4014d4ac,,,,
d1bf59643881923f,,,,
7fc097a38175305f,,,,
bcf6c0f55d2be497,,,,
03865ba510d63f4c,,,,
6c4b642645689684,,,,
d910a5d420809c58,,,,
0b0a3a2cdf4e34d1,,,,
cef55e13b0e6e0af,,,,
f3517c45cdf5ac76,,,,
fe0d0c93fcc75572,,,,
fe8400ce22d8f394,,,,
cbc310713b001933,,,,
e78b3998aac943e6,,,,
32967855fc5b2c09,,,,
966d6b9f1046ec6e,,,,
45386b5ea234ea12,,,,
1479fcad535b3e04,,,,
9d7938c7d4c76867,,,,
1fa960b2751a9491,,,,
504b3e9f4b8dd68e,,,,
f6e5b313c15f5a76,,,,
bb6ee4c69bf377e0,,,,
0facd6f2f1dc40d5,,,,
92a0293ffd3b666f,,,,
5744a3185332a40c,,,,
ba70a497a1b3aeee,,,,
63cc999fdf4957d9,,,,
03c2f148a10b73e5,,,,
0e52b812d5c33d58,,,,
68717e13ff792b6e,,,,
e49d11cb6710c945,,,,
09cb6d93afe1def9,,,,
a711de441ff08837,,,,
8da07967c9a6b5cb,,,,
cadd84c32588c7b2,,,,
2815d067a34d1532,,,,
b6a701ac73f6913b,,,,
b90517001e2c43a8,,,,
d2a6c97d2a07d5fb,,,,
4150bc16d8371a01,,,,
b86929824863ca0c,,,,
08b5dcbb91c0ab22,,,,
4ebb0db637450e31,,,,
34cd6044a2c00734,,,,
30f36b90785b8e7b,,,,
2fa1627b9b60625f,,,,
573f42f75bee6fe7,,,,
92b547ce85e75c25,,,,
5fd0d01116e2cf24,,,,
b8012ddda4ea4099,,,,
0421a943915be387,,,,
14818e469a7f57a7,,,,
5bb6439cea9f8419,,,,
60606d6bdc169e3a,,,,
ed73ca59b5e37566,,,,
f4786fd717e4ebed,,,,
7736af528b41a59b,,,,
5281dff0d2a57064,,,,
b7d1bb27da9fb3a1,,,,
bd852fd241bcfc7d,,,,
1a460d2f5626f98a,,,,
baa0c88d25272cd7,,,,
dad19283d8d07db5,,,,
58b2afb59f5d02f2,,,,
0af130a7274c7ab4,,,,
336df2d370f5ad39,,,,
db3e298ec91f279c,,,,
6be148119831c798,,,,
11af2ab6596bf327,,,,
b0d103de030dfcd5,,,,
3d15a54faee51a84,,,,
a22d7a75466c7225,,,,
b55b2dd269a245e6,,,,
a00399eb53cdddad,,,,
a59902befc576ece,,,,
d6b995c51c8798ca,,,,
1cacd1d2df41c505,,,,
f80649fbaf3f7215,,,,
be30ee51154f5bf2,,,,
f4eef2539c9e7632,,,,
a83bfe115e23b343,,,,
389060ef61009c62,,,,
19bcd2b013f0bbb8,,,,
5485414a8318b7ca,,,,
814f5135e302304f,,,,
b1339fddcb7c82d6,,,,
7a79d4f61006e22e,,,,
4bca47042006e1cc,,,,
a06af06156ab54e0,,,,
82d0a3dee6a52498,,,,
d0f89cb9c3da192f,,,,
e7846a949a510042,,,,
eaef666ee090807f,,,,
a048f5fb24229bb3,,,,
22a2e4fec2eb5b2a,,,,
7bcd14ef1d26d2ca,,,,
3681ba8216628943,,,,
822b498da4577947,,,,
debaaa24cdb84054,,,,
810177c15d627506,,,,
5339542676f98554,,,,
fe1bf9f5b72f6d82,,,,
517bd9581c2de39f,,,,
958caa9f4339247c,,,,
f567ce4510725434,,,,
deb0da7d5dd6f9e7,,,,
c4522d46bebe7c5a,,,,
c52ef17faa1c8973,,,,
23b6cbc6bb8d2de0,,,,
4a24f84215d9debc,,,,
4a07862609f002c8,,,,
9f10dffbaf570255,,,,
1053f9174fb10e86,,,,
6423e909270ca488,,,,
c599c553e7ea0359,,,,
e0b692d9ee3a61b2,,,,
82801def92e4b1ee,,,,
71e3b58dee4279ad,,,,
c543631a7a90bbce,,,,
ee4f3759b41de7af,,,,
a01e415f7b0a4f8e,,,,
674ce745cd3b2098,,,,
f5f79966a9b60fc3,,,,
3f17f676ed00a792,,,,
eae8af01ef10b39e,,,,
cb1cdc06341e1e95,,,,
51b8bea946ffae89,,,,
0a772b6d82360855,,,,
d87cb429f89ca845,,,,
1ce9155ebf4c8039,,,,
625e5cf3023ea50d,,,,
c31a9df8f66cf7c6,,,,
c91b5eaa9e0dee42,,,,
6221862f5e103dcd,,,,
f281bb9ba6230bd3,,,,
d6b990b4cfef8012,,,,
247486bd4aba9a48,,,,
0c2d32190ddf2221,,,,
d796c4386cc60c0d,,,,
c75cf4a4684f9a82,,,,
9d66c723acdcf596,,,,
be4a2ddf4ff75f7a,,,,
3648c0e7c38c4c69,,,,
efbd65503ce8f6ef,,,,
d73828b94ed3e7f8,,,,
b80b2f2a04f8ac69,,,,
67c6afd84cd58355,,,,
2b31411bae87bb5a,,,,
6175152d429adda3,,,,
700f623653b0fa20,,,,
5d1a760d82f76f4c,,,,
aa835082564d3713,,,,
e636bd9f4c04011a,,,,
0d94bc26bc1834dc,,,,
4f67b741d86cda8d,,,,
bbf43618d965dda3,,,,
0478e993d8694a43,,,,
adeaecea87cd8663,,,,
d90e16ad17131f4e,,,,
e5c7a9a0347d3246,,,,
ff785e49ff9bd416,,,,
938dc109dd367644,,,,
2467846a6d3754fe,,,,
d905e74393f97e50,,,,
8e478f9cc451413c,,,,
c7314b442162c2f5,,,,
1f3a1f91131b9951,,,,
dddf1860c269c721,,,,
81d31af4ce71beef,,,,
f4eb63137fb1f8c9,,,,
ed84b31dcbc30d3b,,,,
86f38349c013a489,,,,
c86408472f754dbb,,,,
4c713edae1477a8e,,,,
5f5245e9c803cfd7,,,,
205c311ff1d6f2d1,,,,
b8d72ee916a0625a,,,,
8082be65c2c98560,,,,
a4bd044e6e856f82,,,,
4c914d33290b72cb,,,,
f3f519d03ee1a6fa,,,,
ae4ecf46186aad8f,,,,
3095372471ed30d8,,,,
06c592f31d92586f,,,,
e57ffd9850f339bb,,,,
ef404c43303473e3,,,,
a556676221bcbac6,,,,
709440dd596fb5b9,,,,
7211c1a8c4a6abd9,,,,
2337fe4e09b29768,,,,
6f6f40d8004d58e6,,,,
65ab769f3eb615e7,,,,
48e4ca76e0866dd2,,,,
b2c79fb40ce70dd7,,,,
443af42b48e06c8e,,,,
a6b0853e19cc7f9a,,,,
b5008b61b1a2f66d,,,,
b8197bbddce3ea7d,,,,
4a5114bd2484d9a8,,,,
556782fdb434b909,,,,
028c7313be968b04,,,,
fe9219fd7505b53f,,,,
a62ec46d12f83ed6,,,,
264bbeb6c3cb63b1,,,,
7a765f1bef8d84aa,,,,
97d3c4829609b096,,,,
9d9f187ea3b72cc7,,,,
a61b46851624b695,,,,
7ede7212dcd9f0c2,,,,
3e53eabf768ef869,,,,
82defc11a77b4b5c,,,,
c016ff9a8a7a55cf,,,,
ae79e8edd44b41a9,,,,
721caf2a9b974ee7,,,,
9032b8050fbaade4,,,,
ced5cf6f7091ffbe,,,,
f5f4cede3771641a,,,,
81fd8bb45f96b0ba,,,,
660a3c37520c967d,,,,
d8b27b3b42880ec4,,,,
8dc3c75c6a16a29c,,,,
978c954d4a61b637,,,,
8d536f539459ca22,,,,
26cfbc405d89b82f,,,,
dddc57ec1a253220,,,,
5c8a26ba4c00846a,,,,
27592feca743d7f8,,,,
5f427d96f1e100e9,,,,
9f58b88772a791ef,,,,
03213f4810787e75,,,,
22b482587dee7f8f,,,,
6b3bf7cba9ee68f4,,,,
e202ccc698d4ca78,,,,
e8b02f1f93a27e04,,,,
3dee413bd2f9f047,,,,
c673419d94fc4f32,,,,
e7e01a1d9b8b3176,,,,
535664c98f3989bd,,,,
a098616fc39321e4,,,,
f45eff2f66c08272,,,,
d337a5b5856e7b94,,,,
39afdf4cc1e19637,,,,
86e83eaa190d9a42,,,,
7257db61905d0453,,,,
41c94294b238c0f2,,,,
0c266f9c275e7fbe,,,,
a346c9371ab24731,,,,
badcd8a88a0ae017,,,,
a07ba5a661e78ec4,,,,
c9881884b92d3ff3,,,,
4709dfe03cd92829,,,,
adee5111a2cf059b,,,,
ee7d943d1b91c478,,,,
e2ac9f49738bfa73,,,,
0585094c0eac4253,,,,
db6ecf7f738d3bbe,,,,
820037570fc3dd2c,,,,
346022e4d0b44b2e,,,,
f7d06f807e7a8ff2,,,,
19b00283b72aa513,,,,
0e229802469a7630,,,,
56a9dd4e3d209128,,,,
fb1ef85233845ed8,,,,
5de4ad5a81062032,,,,
9ed030967f727c03,,,,
1e0bf66c30d64585,,,,
7a856603e935e024,,,,
15d5c891e58cce7b,,,,
6dfa856d6009584e,,,,
bcdca65aa66f2d2c,,,,
2533762fa8666b40,,,,
df21a1bb5b77607f,,,,
e2a15b77f3c38071,,,,
cfcb0bf06b5f8f6e,,,,
5efcbbecf4b7c8d2,,,,
c220bf599474b715,,,,
438264ce773df25f,,,,
322e4ecb3c32be24,,,,
ebb14c4a88668b38,,,,
88d2a08b78816846,,,,
f2dda395d778295e,,,,
1884f62fc747f20b,,,,
5f3628f0b88bed6f,,,,
58aa056438e8898f,,,,
02228fd2b59f4fd5,,,,
f3ec0afffa942a5d,,,,
489c89cd5bcc076c,,,,
ab9240fdb88d3f96,,,,
9c386d88d4bdb8cf,,,,
6521ddfefdbe1c8d,,,,
7e3f34df45284a51,,,,
048c951d69f80cbf,,,,
32ed850e3dec8cdb,,,,
09a3866bef48e2c6,,,,
04c5b83b929071fa,,,,
8a1a06f39b3a2140,,,,
0cd243cc7148e4ee,,,,
3632199f60e3e12c,,,,
0de06aee102b743c,,,,
a7a41e6f92426557,,,,
3f0c6233bab2b62c,,,,
854e14f4a0816ec3,,,,
7b644984702269c7,,,,
0be76d9f5b56b0b0,,,,
a7025bb1d99741f7,,,,
f8fddcb9e1a1af9d,,,,
5e3c27d8c1e605fa,,,,
aec4544404ede4d4,,,,
1b991ff4677d0ba5,,,,
5fe1755cac4dfdaf,,,,
dd5dce3ff8a8029c,,,,
2328c265a595cf50,,,,
a0f69346e1b1fc86,,,,
218a69f6679163da,,,,
39b68ee84824d2c3,,,,
cbb2271ef8adf960,,,,
726a27fcd81a9484,,,,
74fac01eb4647631,,,,
83fb0a95a42566cd,,,,
9b2cce73e31b6e53,,,,
9992ceab4c5dbe42,,,,
4f061c59f559f837,,,,
8fff91cc94b73ed4,,,,
d6eceda96aea8b14,,,,
1f43e90788855811,,,,
1fc299c5ee64acfb,,,,
86ed7d1e96293dfd,,,,
eecdf8033951c666,,,,
1df41e52757a3a47,,,,
91db51fdcb48eeff,,,,
3af3300d0fd34f15,,,,
a40bc716eacb731b,,,,
0a693f7427f7a57e,,,,
67ab6e901d8cf8b0,,,,
feb8a579969ddd02,,,,
53bbe09635c9c353,,,,
9c45c71f7f18080f,,,,
6699357e8745bac7,,,,
cb39cda287abd710,,,,
fe8cf1c32a0bb287,,,,
2c649c2b02197804,,,,
20acdbceecfdf0c9,,,,
c9d09e758d6d1ee6,,,,
09035956f30ebe66,,,,
99157f6aba25f5f2,,,,
3a81579ee2032968,,,,
62a241884617d652,,,,
dc0fab64d27b15a5,,,,
c4e68712d412bb4a,,,,
6b14641bc331beaf,,,,
98499a259e1a042b,,,,
84cbe614e634c74a,,,,
52fa433a3d3a787d,,,,
cc9c0be33a50cf2c,,,,
6c2713be2eb2895e,,,,
7ee38666af0338d0,,,,
0bd5d513248a9d96,,,,
03e36932ea3d671f,,,,
41c4eef71b238d93,,,,
5268727b216e941a,,,,
28c79aadccca3039,,,,
f330f61fc9657e84,,,,
b304e66918447151,,,,
2cc837d45c21fe38,,,,
d70f6b6efebd39a6,,,,
1f920a16d4adc54a,,,,
cea1155d97fd4557,,,,
740f7ec740a6c03b,,,,
55343d7d8f61053c,,,,
ac13c14257f13f3c,,,,
feae766c3a5ee8ba,,,,
373749666fdc059e,,,,
725b99140de020c6,,,,
c5ca1834e9bd7e8c,,,,
b20df844b9517f1a,,,,
5ef20fa482ef2cc6,,,,
761be315191a159c,,,,
e510a0057498ec52,,,,
e0a770924d3fcb51,,,,
f681802e6e94fc12,,,,
33b8dcefa03dfc2a,,,,
644ddc7bd2b8207c,,,,
4c8054b24322579d,,,,
9e442f97326ce5c9,,,,
c3c0f49a4f91c64b,,,,
261e1a4abb397b01,,,,
cf7d5585f3b62244,,,,
741d79ff763fa2cc,,,,
55bd1b0677250416,,,,
c416c511e444ab3c,,,,
7762c99edb181235,,,,
76c96fae57a9f08a,,,,
24761b34d9764851,,,,
e72caccdf3d13c86,,,,
851821fceb41d768,,,,
83d57c69a623aac7,,,,
64374e90c106dfde,,,,
59e90bffdf723dd5,,,,
589bfb99abbc14e8,,,,
bc68393f98a4be3d,,,,
56481f77d180ffb9,,,,
9531336feed69c52,,,,
48b890a6acf67dd9,,,,
a1a8e2b291879f47,,,,
9b3c518e7f436a99,,,,
b07e37fd7e3d6633,,,,
b37b2ee60229c6a1,,,,
1a575703b0a3f22e,,,,
0366ff39000da238,,,,
4c8224f64dce46c3,,,,
560abc40554e6a41,,,,
755161bc07bf03a4,,,,
e256ef11f75bc4a0,,,,
0a8283fc98d8787f,,,,
79e318021a14b441,,,,
895becbcd57c9067,,,,
003ae498b2da9773,,,,
5ec2e0bbcf4f4ae0,,,,
d4eba15bcb14e2ef,,,,
c3520c84449859d0,,,,
1f8aa095b116a794,,,,
dad1ce729f19c2d3,,,,
43cd57f2d6cad42c,,,,
0238089e3e476b6e,,,,
fd260514b87dcfc8,,,,
1932b58ef1f3bc2a,,,,
86ac50e304e71949,,,,
f696929ee26724b7,,,,
e1ca4e7a356a99a7,,,,
9fd09bdeafedff21,,,,
f0796aa66f849788,,,,
76dce6f2ea6facc6,,,,
04a3e1d3f6793cbc,,,,
3b004018df0edf14,,,,
e350a62ef2dc73e3,,,,
0ad70ca6b9be2a2c,,,,
49ac2c3ddac683e1,,,,
c2b38e87ff8c7301,,,,
d9ef225217888b66,,,,
82ba9b56ee423930,,,,
39a1113fb48c6322,,,,
14d29dce92d5511f,,,,
92729dd8e45a29a8,,,,
64c9b560272cd988,,,,
f9e21ebd756244a1,,,,
8b09b35698dae77f,,,,
f2e6cfd5eb14ae6d,,,,
6d156d5d3e3d9c53,,,,
f2520e04d139b60a,,,,
871cfa2a76997111,,,,
4e2aabded3d907ce,,,,
2c5d84266781208d,,,,
fa67b6f1367a5847,,,,
a50c5b485d999749,,,,
d020a1b32afe8b02,,,,
5e819b405201362e,,,,
e47ab08290b80143,,,,
0bdef71f2c5ae13f,,,,
3316d4381f1816db,,,,
b582812bfb19cb7f,,,,
605f11f0ec1b4fcf,,,,
29372a9595707e9c,,,,
9db0eddb690c84c1,,,,
32dc451f699501db,,,,
28cc735e304efd56,,,,
2a99f003d7d0a7b5,,,,
8d58645c2a1c8fbd,,,,
eab036cb584ac0c4,,,,
9d297a5e05510c03,,,,
6e249daffffb9953,,,,
f0cc1d5b6055d5d2,,,,
564d9bcf78e58298,,,,
0e6e39d0c7d0d7fa,,,,
616b1d72dfc1ec22,,,,
fc6062ef692a9385,,,,
3e7e95802da24a90,,,,
27fe7112068f65a0,,,,
ca1ce0bd36a937eb,,,,
f410dbed1b4db238,,,,
8821a9c795661810,,,,
9ef71aa14e3878de,,,,
98d994ee4b4f58a7,,,,
cc7963a9b3b8a733,,,,
9ecc1d2e41383b24,,,,
6d302c6ad0d693ae,,,,
8e5a0e128ee99cee,,,,
594f5ade9934a140,,,,
a1ff0fa3c1f62563,,,,
f98b480fa3cf1cf1,,,,
ca541c92d84ff813,,,,
5418c3e138897704,,,,
90d7246939d01cdf,,,,
4dc12c3720ba23d9,,,,
ebaf43cfae99ac4e,,,,
a9c3c20831e736f2,,,,
2c636c632d344f86,,,,
7d45a8ad9d9cfe0c,,,,
de545123ece65a28,,,,
6693450d35cadd6c,,,,
5c859fe46791e9b2,,,,
d272aad5154c4a6a,,,,
5cfb1a20c4fcdaae,,,,
ba4fd62ecaa31879,,,,
72a53d3a0d00b290,,,,
62d62ef69b2c0d69,,,,
c87ed74bc3ff06a1,,,,
5d6eb869d1db13d2,,,,
eb2840b21b58ca4a,,,,
ba56be4623e99d3b,,,,
3d4e33225355c15e,,,,
69ffa125990507f6,,,,
fd90f4c72c8ac02b,,,,
d6c31f48ca79990f,,,,
768779bf328bf9ea,,,,
39fc467435f66a92,,,,
78efba1ac44dad69,,,,
16660d21a379776b,,,,
a292781f2987d85e,,,,
8bc2b783d09ad2bc,,,,
29074da36f034b8d,,,,
b2d513db6171c73a,,,,
68934ea96dae3e0b,,,,
532db5c06f217c5e,,,,
d847ba2ff45bc46d,,,,
263a055d1dbf0c2c,,,,
b83d84935fa4bf05,,,,
c8d112e349f5d9d3,,,,
1e82389d11623538,,,,
4a68c6d1b854bdf6,,,,
32b4cc3f1446f732,,,,
ad8bc6fbcc88d88a,,,,
603603af976f58a7,,,,
6ad599456688656c,,,,
fae4a648c8425879,,,,
87421109cd30fc1a,,,,
1083c30635a1ea4f,,,,
4d4461ebb0d1fd32,,,,
f6defd5891f3c548,,,,
e8cc023aa0371651,,,,
ef3b84d2904499f2,,,,
b64b41fd4a6b4b6a,,,,
26ada9ef7667f036,,,,
aa8249854177703a,,,,
922bf3c3a201e841,,,,
45176c99a9de102b,,,,
a6c122c2f7caa9ec,,,,
4ec34424d1b598ab,,,,
c6eeee51563cbe26,,,,
98f052c73da2b067,,,,
6385c89eb28e5c86,,,,
f7d0a36fcc838b2e,,,,
10cc2c394bafae38,,,,
17c52a39ff03f9d7,,,,
57ae2db9b629c300,,,,
38e06a69c44d46c4,,,,
a718bc6a21b579ab,,,,
7974f98bf3e9331e,,,,
1b915e4080a63a1f,,,,
dc5239c401ed3a00,,,,
d075d9c619088086,,,,
8656f445c8802f97,,,,
9daafd59f2170648,,,,
83a1511a1b57eadd,,,,
5778a5fcdb6b49fe,,,,
ca50718e88a3b7cf,,,,
feaa32ec929de980,,,,
154abf25b215a35f,,,,
b178b43e52b8b13c,,,,
d6c2364513e95a96,,,,
c84ba5e3dfaa777c,,,,
974d8c7b21b1f572,,,,
9482470b8356a814,,,,
f4d1a8e47bc0f511,,,,
ba503ddeac5a9848,,,,
13fb3f3a1d80e8df,,,,
32157bd9d919ee9b,,,,
87e4bf350d2e3c22,,,,
02152e17c6451ec9,,,,
88d1e68f0453db6c,,,,
95b92c2ae6be2965,,,,
ae8f541702ee221c,,,,
222d4732ea522cd0,,,,
87afc8c8a17a8c6b,,,,
32db97b920126ab6,,,,
03a106cf1545dbc7,,,,
cae8c0500c79768f,,,,
ea2367c70f0ced70,,,,
8eec37f6af461879,,,,
31ec470f662d9633,,,,
80b9ec29a8059fd4,,,,
e5188288870e869b,,,,
0f60d1f594812483,,,,
c3335533b74e5c92,,,,
d7364c6507f0e1c2,,,,
e890168667b0a582,,,,
011e8dda1e3476d6,,,,
2ba6dfc925e28901,,,,
5a2d7c19b5cbc80f,,,,
669a998a25902ceb,,,,
fae0ec08983a95d3,,,,
22252fced159bce4,,,,
c506641aed623d63,,,,
f615d560c466359d,,,,
c9140b926e49154b,,,,
bf408e0ffb2c864f,,,,
5d6c56fee75c25d4,,,,
1a4b263d5023cf20,,,,
a495b7de132b1c74,,,,
d782eeb19cce4a97,,,,
39c5ec00ea394949,,,,
1a49dc7ede91209f,,,,
b0a9c88390fa1198,,,,
07136900e378c76f,,,,
45ed051715be6d4c,,,,
da184531599ca9b4,,,,
2e9455c103e2e843,,,,
fde0e427058d6e5f,,,,
e7873bc770640291,,,,
05cf201d76bfa901,,,,
2c8b219a12a8b81a,,,,
36912cc70b99d863,,,,
d9e8f86e915611de,,,,
3d9ad5e50f172585,,,,
7c16a0461bc1f4ca,,,,
f6b37a7ab021903a,,,,
913ce51f0a6f74a5,,,,
13cd53c96e29a5f0,,,,
e20eace0c053f3f5,,,,
7dc7d9e18b67341e,,,,
030276ef2139ee26,,,,
4df4a0b1b0f8491d,,,,
56992bd9a6efd3b4,,,,
046500cc1c35581b,,,,
62e3e96d0b36d9cd,,,,
685f65ffeedbc331,,,,
c5c7dd13f3ae2458,,,,
b255e44c0ed10d3d,,,,
1789ecfd6685c6ec,,,,
b1f7eb0169140f9b,,,,
7dae94e1368cfc47,,,,
17c4cc65740207c0,,,,
ff1255cf3819996d,,,,
e76368a1a92a39ee,,,,
b3baf82898e087bf,,,,
87c64ece54fbc1f8,,,,
c43d9c96407cf36f,,,,
0ed0612392095396,,,,
86942c9894eaa798,,,,
fc15694f2d663ec8,,,,
1322eb718d72f1bf,,,,
3e77ae260358f253,,,,
2841f24adbe6c8d3,,,,
3f0200f7262410bd,,,,
c75082693db38bc9,,,,
fa06465f955bc274,,,,
81cee0032463645f,,,,
a7836611dfdecef9,,,,
43fba8981a9b1aea,,,,
134795405e4037aa,,,,
33500131ced9246d,,,,
a0e6f48a53080cc4,,,,
17b2bd805b2f7444,,,,
9063c3a782b1dd9a,,,,
45b34a0bfc8ff6f5,,,,
5fba42602eb4006f,,,,
015f7feaf9f5c377,,,,
10174a98a5aea301,,,,
6b07e19a4310eebb,,,,
f6d496216074197e,,,,
2887ee175144ff87,,,,
9e48bac78ab7979b,,,,
4956db6f2220c7b9,,,,
0fd58c4fb25e4182,,,,
1bac8d7d7a49040c,,,,
5fe9784437744881,,,,
9f03a387b59f0a09,,,,
2b3a697ae7bee14e,,,,
307a7bf3afb2eb04,,,,
a6fe512308bdb075,,,,
b844dd91517f2b08,,,,
0bb413d2d602671a,,,,
2fb11476882e1221,,,,
2e78a5978db28118,,,,
2c69c3740c6dd147,,,,
91d8789be730fe71,,,,
e7b948a64ca7a43e,,,,
9d630d04c8f6d4df,,,,
04b0c350caa918b1,,,,
46da46d5b3dd27d7,,,,
252609095200f58d,,,,
5249d258865551c1,,,,
b3b4f6441d36c081,,,,
d3220486002d75b5,,,,
814ad3640f2765ff,,,,
138a1fd762a81811,,,,
d2980df71ca7a863,,,,
c541ec40a5fc5119,,,,
d9eaa572f5755f4d,,,,
44ff2467c859c4ee,,,,
d185d16e9fda66fe,,,,
4e5a42be89010e39,,,,
3a5ef98a0f09eb86,,,,
d88e5616cd026f9c,,,,
ab72257a3b7f8950,,,,
3a57bbdac15ca57f,,,,
3745779f95a14a74,,,,
ca227228602b5913,,,,
e7e53acd67f82278,,,,
e411682fe3e9e427,,,,
c47fbe61369b5727,,,,
0d446ea3cd32cea5,,,,
dd0037359331605a,,,,
14cc99d5d47501ae,,,,
1e768db774eb0115,,,,
0674f03000435d45,,,,
57775d881a1e831c,,,,
4d89c7de39858a65,,,,
6e043428d36e901d,,,,
be270f8e68afd438,,,,
32186bdf0e657fd5,,,,
930a5fdb443eddb7,,,,
a6dd56778cfcc76c,,,,
1cccdf1e1ad06bca,,,,
3495585a2a7964eb,,,,
8af72adc89269412,,,,
bf273ec29de607f3,,,,
97cb6ddc1dead5b1,,,,
d8872408b383e554,,,,
f33f6877dc88d715,,,,
b09583d90b30600d,,,,
c383242b1b0250c5,,,,
3317ff30ee2b49a7,,,,
d0e95796e3a30928,,,,
a5183cf2f0b8152d,,,,
031e3e2323667f87,,,,
8f37ee5f248bfd71,,,,
72c19a9c142923da,,,,
6be3c086fde39adc,,,,
1c905ef71142d75f,,,,
12f0ab3c1a8c2361,,,,
fff74bfbdf130479,,,,
752a715147f4eae3,,,,
29fdaaf7fd954b2e,,,,
8736acbd9431f5e2,,,,
77092e10668a1d24,,,,
405ade8b9ed43c7f,,,,
348aeaf480ce377f,,,,
319966234c3ac101,,,,
a102388961f1a2b9,,,,
7437571e42611f1c,,,,
a3c0aa5c48ebce61,,,,
24ac615a6a54232d,,,,
c103e48e64d3180a,,,,
b38305224b94cd01,,,,
4fc3cfea54c9a140,,,,
a6bdc5f2c7cbc335,,,,
b7f107c1ed78b3ad,,,,
95a9a4b59aef3741,,,,
9687c28fae4e3b38,,,,
8544dcd38c73b11b,,,,
9a5fa4861b2775d4,,,,
a118a4d4769454b8,,,,
9e23d26c26b5c695,,,,
b519e159e8f78941,,,,
bc9677736d72def4,,,,
734c82017afb7595,,,,
2a441061360904f8,,,,
eed66d3b6a14d249,,,,
8f805de8a24484b6,,,,
ab775a8b64a6d566,,,,
fa927fe23411ddda,,,,
0b18d3c06ba00dca,,,,
363836555cc5253b,,,,
b092d85343769f8e,,,,
dd0d53e7c8f3a01a,,,,
29fd503837f99428,,,,
216c3f931853a6d3,,,,
aa466b5ef90b2e73,,,,
c0b1c7d8b92ca10c,,,,
904b93547953ed6a,,,,
b5e1ddf0cc5d68c5,,,,
75f2cf3cfb1c8202,,,,
37272d4972a3630e,,,,
b5e7f180356f35c5,,,,
5248355cbaf03d92,,,,
58e1355b2dbb0bbf,,,,
540e61ff2f3f9f98,,,,
38c0f08b39268d02,,,,
ef1e22af2cd537ba,,,,
33fece56a1a1476e,,,,
0100c987a6c80d5a,,,,
6cebb558110ca99c,,,,
91dbe0f5b2ac05b8,,,,
a01862c277ccbf4b,,,,
e56d5be1a62adec1,,,,
077d68120c34403b,,,,
434ec906f6f1a2f4,,,,
b9dbed9607c92f04,,,,
70326bf1f35ad940,,,,
e5d0417ddf5dc48b,,,,
60178794bcdc2c6c,,,,
095d834ca7cfecac,,,,
6f60ed7add71bf53,,,,
df0bb53f8179623a,,,,
b20081e33b04ce5d,,,,
233df72decc639b1,,,,
bb91a30fcbf7645b,,,,
5d8632107351c73c,,,,
18d7e171a3a81f3c,,,,
631c732ea812ac74,,,,
ed16368d2df00485,,,,
d03aa7d5ca28cfc1,,,,
19c9f4737c93537b,,,,
d72c5b460b13b99b,,,,
82c7967f60db93cf,,,,
b480bcd3d9c9631e,,,,
03bf365a9201def9,,,,
735aba7a8fc25174,,,,
dc8cd0135d301a10,,,,
da3489502fc0b770,,,,
cead426870f51597,,,,
9d4bd72fe242ab33,,,,
87924b25d648b119,,,,
cbe1f09948040ebf,,,,
38caedd65dee8578,,,,
a1b6d40f4627942f,,,,
cec76a5555ec11ed,,,,
222a6592d0cae271,,,,
90c441d4618b046a,,,,
0957a458b33dde6d,,,,
e8f966a775da8dce,,,,
cc6ce91f8a5073c5,,,,
78a757efc9c857d4,,,,
be387e797c6807af,,,,
82b34608e8834d88,,,,
6d9bbfde71c518d8,,,,
2c1eb428061c1f7f,,,,
d16ac8d2ff1c321f,,,,
502f68fd9ccc8d8d,,,,
d5597b5517363526,,,,
107145f6c22b51d5,,,,
7eb5ce755b8dee67,,,,
abfe118754736809,,,,
6115e27c6f5d187d,,,,
498a78db0ee768a2,,,,
5fde079c9c533658,,,,
e5ac3200478f8405,,,,
1fb6c0fa5325af0a,,,,
50d39f3680cf2c65,,,,
ccb6a5edfde353b2,,,,
44552d2f272c033f,,,,
32675d726bc27890,,,,
185b11d3b40bb89d,,,,
91b75e2f239dc91d,,,,
6978dac6dee37f33,,,,
d029c5cf7b1caffb,,,,
e233a9c4ce18d3ee,,,,
91952aa47375ca95,,,,
6cb6b58eb37155ff,,,,
463195ec6573d50d,,,,
e7e98753b1fe701c,,,,
bfefe46474f44745,,,,
4691acfe30028e87,,,,
05dacf57a29f6222,,,,
3b60992e4ebdcb1d,,,,
6229e99bd7ea59f2,,,,
e59f4c366deb90f4,,,,
c977169dc9fcd4c9,,,,
bab62d80b6b10e11,,,,
20f87ae03676e9ce,,,,
0fd228782632904b,,,,
e8753cf90cf46863,,,,
d4f5b70801ba6e05,,,,
6359a622fcb58f7d,,,,
802df518cc862d36,,,,
1b59efe3904ea415,,,,
6a6d033b29d41dc9,,,,
cc895f5e009a2b03,,,,
8d5b5566c4fdb4bf,,,,
554f6ee9c8f78f32,,,,
24c80e0d25b753f1,,,,
77eca6b081a3f59f,,,,
4626b7bedcfae38e,,,,
9e309574f26f56ae,,,,
dfabffeb5f659f1a,,,,
794b2bca43d53282,,,,
938af5d6f08ad415,,,,
dc2af56dc362f2d6,,,,
55136ee9dd8b2e48,,,,
e779da819e0c49f4,,,,
f91af4e65ce86c9f,,,,
fdad4cd83aedfc0c,,,,
15a5844b9c6fa910,,,,
0c36f96f7bb2657f,,,,
701520e2d3809c9d,,,,
51af7dce84ce5a07,,,,
e1d0baa7c61c3cb5,,,,
12c5dd327e3a006a,,,,
3bb28bed080c2d70,,,,
10f6a264763d7d90,,,,
f931dcbfeab0efdf,,,,
8c1dc2dee51818e5,,,,
2b2ecf61215ffafa,,,,
65460bb1044fd405,,,,
3d67f72a42e254d1,,,,
b81e47e9892d5c8a,,,,
9b1eafbf16f7b8dd,,,,
57ea9448802bf13d,,,,
eaba52aa7d03ebe2,,,,
7b94c38603dca08e,,,,
8ac27589d655a222,,,,
57c89089128742c1,,,,
38e1c7f8ac7aca1a,,,,
1bd4204a84ffad9f,,,,
f3cce3ddb5c9a565,,,,
bf0892ae045d53a0,,,,
c8a5448f0c2519f9,,,,
af30c2cae9524d31,,,,
3943b2071493c8ff,,,,
1e866c3b4ac97ad9,,,,
99abae39035ac074,,,,
e841cf3e4c33817b,,,,
4cc441e5c942e8e2,,,,
dfac48ddad1e9589,,,,
c5383b504a611e8a,,,,
706b8ddae7b9b665,,,,
4fba9cab2c5595d2,,,,
62171a557cfab747,,,,
6a31b3df9d34a0d5,,,,
176dbd543797c741,,,,
a6f049efed1022df,,,,
2926d17519fb8134,,,,
55b524f28c6938ba,,,,
2d5594515e915ea4,,,,
97232db7dd8dc351,,,,
6efe4a3e9aea092d,,,,
bb925164143a9268,,,,
731692e8cd87fe49,,,,
51195c1f766a98f2,,,,
2655cf15cb0a24aa,,,,
236bca8af95062f2,,,,
8fd87d79719a25ee,,,,
f40afe7594dc2a52,,,,
6b30c60d7df7b7ee,,,,
b9d81d263c1fb9d8,,,,
ecac1d48236e4e46,,,,
601a242cb0db39d8,,,,
075edd032e013635,,,,
7c6618bed4797f91,,,,
c84cf302240c1dc0,,,,
cb2fcaa873ea9a0c,,,,
f43c0fe65c1ec2ff,,,,
b35aaafdeaa6b86d,,,,
5f626ee2379f5088,,,,
4a39937a251f615c,,,,
1f98221ea5c60ce1,,,,
04820f93ac1bcb1f,,,,
51a1794e1b756a3d,,,,
3afa1c861747e6ea,,,,
24e5453924da99e5,,,,
235cbad50771ee07,,,,
0a1d80b15697b928,,,,
7bcac9e4b135021e,,,,
30885817a514d18b,,,,
b396ef0d10ce4d93,,,,
a74a0359486bca3b,,,,
75d9a5e3b7660911,,,,
c1476d1e3c974f95,,,,
e1b16a44bbad083c,,,,
ced705ee66a123ac,,,,
f4f1990c33480851,,,,
2e109560fd94c33d,,,,
b41bb61a6ddf40ba,,,,
9f9b369f0fe4d6d5,,,,
bcd05d28276dd8ab,,,,
8a830c3b03a14a52,,,,
9da2dd5de7d80587,,,,
98b95d7f99bb304e,,,,
a8184a86c7783417,,,,
76f27a482dec8f42,,,,
754bd3ae98664e41,,,,
7d4136f40b3d7f16,,,,
e9953c625cef0254,,,,
a327966ff6986ba4,,,,
54f27e4ef0b51d31,,,,
acabec0242ab29a5,,,,
e35f274b88134aa6,,,,
be77ce8d77c71624,,,,
bcddefe1a61b6110,,,,
ffab6b04a42ae542,,,,
6d15a2d9f39f13b7,,,,
932dbc9eae091057,,,,
5d45b367f9889bc5,,,,
80339470ae269eec,,,,
03a1f174888d35a2,,,,
210a765741b01e4f,,,,
06baa5007700083b,,,,
f598293b0537e279,,,,
8ea01500c6383530,,,,
3e54475b2d46fa6f,,,,
3a9391824644333b,,,,
3d19b4b60a7e1fdb,,,,
35b4fe056e6acc20,,,,
e4103c5ffcc82f31,,,,
6bb9fcd78cd543df,,,,
e57628c33142b39d,,,,
e87900a9eea2d930,,,,
ba39e18cdcf852b6,,,,
5017dbee8b613080,,,,
63c0e0d9484b43ab,,,,
47759b97d86f1a69,,,,
19e55fff33ee5c50,,,,
d64e40551b8c9f7e,,,,
4bd6debb2843bf90,,,,
ebee20a081bc8196,,,,
20fa66e70092f8b3,,,,
b144fe6102e6f5b1,,,,
8018ed0ba9def8f8,,,,
3f657fa33d56ff6b,,,,
e8fa9e42ac460a5d,,,,
bfc9f198714f8f86,,,,
95e16e3a6032e0d2,,,,
23b372fdd8dfd540,,,,
f8044ecc4ce0f079,,,,
79242c5e77c0cf26,,,,
17f23273383cb4e7,,,,
2a7edfd673fa43db,,,,
e38c29ab659bf424,,,,
1467c339781026a1,,,,
a8b9fdccee6e23d4,,,,
235914fd9a122d8c,,,,
16dc3ef940254fc3,,,,
3057bab1f7d8c0fb,,,,
4dbecf317a24fb70,,,,
02b7bfbc33afa97d,,,,
d2a4b3052d1b3a13,,,,
d65d484ed3f53d7e,,,,
d7230ac257a88ada,,,,
06be5fde56667ea4,,,,
b8bf295cffa77835,,,,
900b739efbc1d253,,,,
a197fd1a889559dd,,,,
0dba053bbfe4e162,,,,
2331edbb43b89d69,,,,
82a1fa09971e6d08,,,,
d1a4fe1dbecdfe58,,,,
5270dd046ae31151,,,,
021e70ce416cf75f,,,,
dd3b2553bb386ea6,,,,
3050d94883fd0cc8,,,,
6190729a7e026bfa,,,,
62127145afd7ecf8,,,,
63956a80e0c6cdb6,,,,
14f65114d7adbde7,,,,
9c501dac7ff64bd1,,,,
0062742119c418dc,,,,
21e1601471f55797,,,,
1633ba15bf842ae2,,,,
8ff027b8bc14124b,,,,
45d4e8b9e3d7cc78,,,,
352927c45ec6cee7,,,,
4a519013fe915285,,,,
309bf9bbb4b804d6,,,,
f6a07e10d3c86156,,,,
aae62e90fe683cc5,,,,
9b5828aa924d59dc,,,,
6a8961fedc4eb1de,,,,
b6af884014b58eff,,,,
4acf4ce9711aa574,,,,
f1a0c599c37338e3,,,,
19f5f3f5b355c7ec,,,,
8a7e6e71f05569fa,,,,
ddb559c8eb352384,,,,
f5c8cc7ad4fa0560,,,,
f4e409b902b383c0,,,,
8752f2bf3dee3709,,,,
8bf1cbe3532c7f98,,,,
6bdd25e6372fc37a,,,,
7ba0ab1dabda7dbe,,,,
2ea3f34b0852299b,,,,
e53e6352cd0c1ea9,,,,
4d39420c1f1f8c14,,,,
7666c46411ff158f,,,,
674bb3e7c63bba50,,,,
bd467cfe36d5e273,,,,
cc6c76189b22ba3e,,,,
49b7217086451545,,,,
0265ae489515c3a3,,,,
93775b62a7bb185f,,,,
68ef40b327c48d32,,,,
02d812d702712cf5,,,,
446e84db59532ca7,,,,
a2069a13451d9c06,,,,
d77621599e051b11,,,,
cc7349063f546ca1,,,,
02ed8da170088c1f,,,,
63423b2f829780a7,,,,
cdeb267cd24397df,,,,
63e22c9d980fcebd,,,,
b21f0fa84e6c06fc,,,,
41a18342594c1817,,,,
b7f269c12d753ca3,,,,
a6e563379ae9aef6,,,,
82d4e3cb7e7ecc09,,,,
b409111273c3d98a,,,,
2b66a298c31d1a2e,,,,
334b5ec4bd3c8970,,,,
8bd46ffe164296c5,,,,
65480022b6e1a159,,,,
5cc3d469299034e7,,,,
c64721703cd5d7d1,,,,
eed3ca6119b75cf9,,,,
3540957d1480ee35,,,,
0c21eb199f3ee91e,,,,
e57b0442fbe35f6c,,,,
2aaadf738cc1d445,,,,
32e826c26ad0a809,,,,
1004fd704d856a42,,,,
6b44ce4da94e621c,,,,
e449999bc57946a9,,,,
2bdc4f47e0b08efc,,,,
04a8edd0e33b252a,,,,
f645cf91d541065d,,,,
f0636e8f13ee11b0,,,,
2478e2bba231566e,,,,
4022d0fcfbac4fbb,,,,
d79003eb39854a83,,,,
854556c8856f253a,,,,
b88b3c2da39efc38,,,,
b1a98f7be5daf8ff,,,,
040f92c5a93344b9,,,,
9ac9ae898fba91d4,,,,
c139b110231c1011,,,,
558be0c64912be9d,,,,
a36cb1a7dda5a654,,,,
d58afce8e89adfaf,,,,
83ae0ddd1b841e39,,,,
c870b6945a23e066,,,,
863c2ce1f849422f,,,,
ac7d162a5dae4993,,,,
5703a7f92754d7af,,,,
67043c871956e126,,,,
03c6c2134db8b836,,,,
adfd995fd2359369,,,,
69866553ae33b32c,,,,
c9b952eb38344a39,,,,
2d7742832b6e572b,,,,
c461d8a2a59a9954,,,,
a47f42c8f9472d0a,,,,
c1599004a429d83c,,,,
4208c8a62f99890f,,,,
05ddbe4d0c85b5fc,,,,
34441c4a4c03a732,,,,
c99aa624459edeff,,,,
bd0046e0960327a2,,,,
4db2f7f978e7bf11,,,,
0ca6f6ead9e23bb1,,,,
fbfcef2f15e4ee60,,,,
86a9f6e716555847,,,,
6800d5e58432cb1e,,,,
3bb8d00c37af0cf9,,,,
eb309c970532f7fd,,,,
41730854d1e2e29b,,,,
b45e1105b6c130fc,,,,
0c1cdfc92ea05084,,,,
4f955ac01b30ff7f,,,,
51d82e0ac511519e,,,,
eaa439cca4c17651,,,,
8d325b778d22187a,,,,
669ee3595fb867c4,,,,
60603b02f77c7b00,,,,
40fdf25410921c31,,,,
dfcf1946deb17a42,,,,
2c46de833e599417,,,,
d681c335a1521d7c,,,,
b49da8110cca6030,,,,
3902356a000193bc,,,,
ded1c3de2cce283a,,,,
c13f7d64cfa51662,,,,
fb054ffce2be68c4,,,,
fa268e43f4e6a0c2,,,,
bf5e6850e6256cf9,,,,
068a665c6263ed1e,,,,
47f1fec19d0f6d62,,,,
e00798a52973f192,,,,
8358bea90de806a2,,,,
a3fb389f2327c52b,,,,
005ea58e9c3c12c7,,,,
f4a258d7c823aad0,,,,
c6554519413b4799,,,,
58a8018d9b9c480e,,,,
df8973f473823ad6,,,,
a512fab9375abe89,,,,
a5e694bc5c9bcfce,,,,
08600d51c08eaf32,,,,
93f27e3758b829bf,,,,
7bf9155b2fa5d2d1,,,,
3ca0485676ad71dc,,,,
86aae0b427ea2c50,,,,
c28b6d496ee28b81,,,,
09019d16b7c856f8,,,,
5ca7ddbc7e0cac39,,,,
f1f983883b69c7a4,,,,
4e48bd1a59f0ef03,,,,
07e5f4075374dd5e,,,,
650ce0300709ce11,,,,
6518b7ca8a1e74a9,,,,
9004f4cd84f84d05,,,,
91431e4b86480bd6,,,,
4c13922ca0f4ef3f,,,,
0cbd4771523876b3,,,,
58568ca866a52c01,,,,
7e718a0111f68117,,,,
049ca5a38961ba06,,,,
9939e1911cf0f34f,,,,
8fa2b01e38df531d,,,,
a9ee21ed1daa732e,,,,
ba7cfe7658eaa7d4,,,,
82137a2caf2782c1,,,,
ed4a1e1fa2e62225,,,,
04ac2b5092c954bc,,,,
5f75a65a5af7e73d,,,,
0557d5b7d8d9fab0,,,,
ab447b1f7de37c89,,,,
fff56583e9e095c7,,,,
b542c27a9237cbd1,,,,
44dc516ce56bcd30,,,,
3c4a709f2a9cc971,,,,
36ed01edd996c708,,,,
a97c21698b411e36,,,,
d7848ccc6d20d3fa,,,,
400f88511ee02dcd,,,,
b29c321233eb75ad,,,,
cd117a58e9732589,,,,
ed32734b5f88b1b7,,,,
30738d35f9d14c3a,,,,
cd64d8963d842dcf,,,,
2e221e26a39d4663,,,,
476b9ef76ad1b144,,,,
d37e84c5fcff5856,,,,
ecc3f62a62f08381,,,,
0c2e90b241b08656,,,,
eead8f80919b44d6,,,,
42e8fa56120f2b2e,,,,
5794eea0cb441b0c,,,,
b022d29284023944,,,,
84339c93bcb571c7,,,,
4b7b35300d23de92,,,,
0e951cf35c97898c,,,,
ce4d9e5087899ba5,,,,
804901f4f0b3d092,,,,
7787ad6b6761b8b4,,,,
51cca9a02a6bb2b0,,,,
8478e92a7de5d4bb,,,,
3d6ed7ec718adbd6,,,,
a0240b8be2231431,,,,
15b04c70e24fb283,,,,
4adc60ffdae13408,,,,
98bc28335f7031a7,,,,
5986f0a364241247,,,,
eae56249e1265b91,,,,
18471f715ac108d0,,,,
13ef9950a47b25e4,,,,
b025424cd6616309,,,,
9d03e491b08fc741,,,,
4a338578257114b8,,,,
0ecb1279e55de403,,,,
a275794d2d752e74,,,,
31ee9435bfdbccc8,,,,
5f812c239cc6b077,,,,
757682db831f0ffe,,,,
b6d59aed271bfc64,,,,
d4e55c1e4de3e1e9,,,,
a553326cb1a4cc37,,,,
fa7dce1d669ad686,,,,
58d82ea5c7aeaa34,,,,
06a89e7f74c0d5c3,,,,
9ea394bcf068e69b,,,,
13aebcccf7745516,,,,
7af58e0501be4b10,,,,
b39340cca8f4de21,,,,
ca40343af26f6beb,,,,
b01bec82fd7df4c0,,,,
69aad5cb6c9cce01,,,,
c203074e4fa12596,,,,
511548d715da6b1f,,,,
93c2b0f90000fa02,,,,
6e6bcbe47c4aa183,,,,
d1d3c9dd6e774f6d,,,,
0b884ed1ccd257f2,,,,
308e4f9846d3416a,,,,
d85963c3c85297a4,,,,
d31a78c755913d1c,,,,
fa67fbc8a4fb9255,,,,
ffb221f916732e3b,,,,
76191b02c8d5ee54,,,,
86bed2577ba3b8cf,,,,
a9e9d64fa78dddec,,,,
ff472ec1fba741da,,,,
4182d89ff319ca6f,,,,
0e0a069eeeb89b15,,,,
d60ee8f014e6950e,,,,
e9c28e3eadbe8386,,,,
a478a18c8b4229b6,,,,
599a014f0d5681c5,,,,
59ef4d151574986d,,,,
92e28fb5f7960076,,,,
b8505b9b04dd4fa0,,,,
f8aed697c7bf7fe0,,,,
23dbb9831784f4e7,,,,
37c4ae40a1ff1257,,,,
3ff582fd93fe1150,,,,
4c5b6c2fe46dbac5,,,,
d12e5729168053c8,,,,
f44b9f6403f1f3c4,,,,
da8310f30cb6fe64,,,,
49348e1706e109b8,,,,
890c5d8c13e04628,,,,
0187eecc28cad47a,,,,
c9ab38383e578391,,,,
c064e3c8f2b43de3,,,,
fec780638b19f6ae,,,,
d40aed0c63d05ea4,,,,
1bd90ef9de48401d,,,,
85491dad539603cf,,,,
bbfd790d3e09d6e4,,,,
ac339543169ed191,,,,
3f12133e897d8889,,,,
a6ed97a27b8832af,,,,
3a783144b6971973,,,,
eb93822b696acef3,,,,
b597db5c95b1f08a,,,,
90f1440ef57baa06,,,,
a7c75a9dd6a4aa1d,,,,
ead211ace12a8ee7,,,,
3fdbdb2ea3953122,,,,
62c88f11f46df78e,,,,
f0a0e6dccd06ed23,,,,
27a2c771309da9fd,,,,
15993be9f086ffeb,,,,
4920b05ed5d75713,,,,
7440956d44771e65,,,,
ea695be0ff7a978c,,,,
6ba890448ea107d3,,,,
3d884338f835e98d,,,,
3e1983af63b29f7b,,,,
5ac1170836f0e8ed,,,,
9001158c6c799d5f,,,,
c649721a4e25ae65,,,,
cb5f06e56bd0ff82,,,,
8df8d94c997f9e4d,,,,
b464bc6852763f35,,,,
ab176bfb4aa1ddfc,,,,
c9238ccbb9a4f8b3,,,,
c751bd5f1f77b535,,,,
0c43563a198f1ec8,,,,
8561f2283294bdbe,,,,
37fd4ea5b697a24a,,,,
0b818575b71f91a0,,,,
ec8955450df380af,,,,
200ed847bb1c2973,,,,
cc0853c087e31c6f,,,,
fa80e422dd608eff,,,,
2197d4a9dafb289c,,,,
e12d57f471ee279e,,,,
06556f5d469f432f,,,,
0f2c740e22f4add7,,,,
8d569568c605a017,,,,
9d9092254b4e58db,,,,
28ac804b015821bc,,,,
93ab6d85bb0243cb,,,,
9d34015611ae89d0,,,,
1d74647eda1a4ef6,,,,
7024f5ef9a89ba69,,,,
066f04f23a610ef1,,,,
6075caa99b321142,,,,
314149dfb6c61733,,,,
6b3c0d66436cf806,,,,
5080705a66d2e907,,,,
9c02bddbe41f832c,,,,
556d13924c028707,,,,
4e49047a840fabf5,,,,
c3da54757e0cbc1d,,,,
c811b52ce4f19643,,,,
b1f5a294bf41cc21,,,,
f2e35e7d832caa24,,,,
fbd5edd9fb308077,,,,
a36610396194c361,,,,
933592afc2d0d63d,,,,
1a1ed6fbee9836ae,,,,
bbd25689713a4743,,,,
a62108b41b15ec63,,,,
49a94afa42da5887,,,,
48665a4ef5746196,,,,
7cda73015c6fff3e,,,,
1afd77743f549d67,,,,
c09bd205ce1bc6ac,,,,
70855155993479da,,,,
094dc435f81cb83a,,,,
c794bd2c0d408310,,,,
8425e5f95caad636,,,,
93dac14520d12677,,,,
0d39c25c6acb8e00,,,,
b38fad1e3d7291a2,,,,
3d783b502615a9b8,,,,
37e857e76dec8381,,,,
fdaf0d247cfa7d59,,,,
6442672ff596b887,,,,
204ac2531979f196,,,,
a6e7a6c7f9a22a94,,,,
1b576846193eb252,,,,
3c3937d25db326d2,,,,
94f04465c005cdb1,,,,
ba230913511f6a18,,,,
13dc5da0123a7832,,,,
1faac31c5b82e68d,,,,
72d3be4a4958c4e3,,,,
f8fb2bb0525f6ca4,,,,
812785732d189c0b,,,,
8794e01241e284ae,,,,
a94e96a0cd6c3311,,,,
bffebcc75c3c80a7,,,,
91a85d7a807e2966,,,,
9a99b334077edc27,,,,
832464fe6d5420e3,,,,
5c15d1c28b063885,,,,
915b412c1f0adc5a,,,,
b648afdca0aa5374,,,,
3c43c08610736334,,,,
b4a85f92c97e55a6,,,,
5c8a95f71493b9b3,,,,
980b08801b7eb077,,,,
6ca3545607fbcd57,,,,
f06a937ad2b2fc26,,,,
7c2688f111bfa215,,,,
e2dc8573ed433f9d,,,,
661f86c9eb09564f,,,,
04fa14f75c2e2a4d,,,,
1a183662216d7a41,,,,
523f9481c8df5220,,,,
ce4a5daa0a290922,,,,
1cbc5e092c912384,,,,
2590a08e68d70f61,,,,
e89690f8701c8971,,,,
df2004996a9530f7,,,,
544ee0cedd828790,,,,
3dbc2deebee2c876,,,,
28bda8ffdfb63c7b,,,,
08cf610f19fbb6cc,,,,
3262f42ecb2e73e8,,,,
2dd344be45f7a560,,,,
9da46f281712c872,,,,
83acd39682ab3144,,,,
8328c10eda0a671c,,,,
44add98df5704764,,,,
f4c5630eaa1427bc,,,,
0cd3ede71f4fe749,,,,
2f5823afcbe86648,,,,
5d4ccfbed4ead9c5,,,,
fa6f9fe716e25ce3,,,,
00ccde34eaf37ba2,,,,
67b16de8684b1a94,,,,
47bb77af51f905a7,,,,
137dc3284e4cfa8f,,,,
c7951c66db5e94e3,,,,
340c07b9cee4aeae,,,,
a3d270288153d02e,,,,
abd8f8710f3d916f,,,,
628dc1bb7b11faa4,,,,
3abd897b5f2ea286,,,,
7523d2b4c844aa23,,,,
d118ec8053fe23b6,,,,
b2e8a86d0ecd5605,,,,
6062ce5c1f8336c5,,,,
b6cc8795e55b5e9c,,,,
e0f2ec0602f3216b,,,,
90b198891f9673c1,,,,
bfcefcee8dfe8c97,,,,
b0c09d58e31688bf,,,,
134463fb309c648a,,,,
6d3cd46207d1b58b,,,,
3fc8555b1a314d6c,,,,
3fe76a5df647586d,,,,
0daa8c4b7a0a7e32,,,,
8bf1b760dd033fe7,,,,
cba3b9571c9af39d,,,,
c59eceaea6529600,,,,
7cb4761a2a34bdf7,,,,
699b04bb823f0a75,,,,
ddebf1c729e80ec3,,,,
e141100dd04920c0,,,,
088a7c50b24ba6c9,,,,
a4ab9d96d8b4ee14,,,,
926987e50b7046fd,,,,
0c6722fd993a6451,,,,
1e81de6ace4e8234,,,,
76bf76b32db19616,,,,
c0a4e08a6fd54ac0,,,,
6fc12bc08bdbffc7,,,,
5849dd64a67ed862,,,,
ca403485d22c0733,,,,
1fffbc886a61832f,,,,
6385d800b77915ef,,,,
a200065170a3addd,,,,
021566ca98b8a31e,,,,
ae4e2ae455f8b9fc,,,,
4cdfde79bf86a0f9,,,,
e03c670c61a006c3,,,,
5af0cb3166e86557,,,,
97cdd053a67bd3b1,,,,
757e0f9159a15468,,,,
4a253f964db2e70a,,,,
2943bbd78170b364,,,,
31bed4743f636692,,,,
2e1dd0b32bfd617c,,,,
8c21c1206544f599,,,,
a2b231bd15d46106,,,,
c7f95572523a336f,,,,
5f4ccf4f45454c31,,,,
fc9ccd6fce4389aa,,,,
61e5a36339890baa,,,,
ced9f72f0057ade0,,,,
0619a1fe5f17de89,,,,
f807c8f8182804a2,,,,
92cde4ec9f362b95,,,,
e61e7e28ac28f759,,,,
f3148674fef1d736,,,,
18e92eb342b0dced,,,,
d811ec68a72b0a1f,,,,
6692863432721808,,,,
fc4fcac91da16c14,,,,
1631692df51ab1b3,,,,
c017b117d6fedc44,,,,
3c78ecd9452d6cad,,,,
ab2e6ccb17242617,,,,
0b6b743dee7dbb49,,,,
d3b41fb0686ce3d1,,,,
34b603b131448124,,,,
5fec801a85bb0c94,,,,
8ca779d34aa889cd,,,,
6e9f8e17c6c18589,,,,
69b911e68943d291,,,,
e9946e6854c23e81,,,,
4d38d57fd30f77a9,,,,
ad4038d089aa1799,,,,
b751493144f1f143,,,,
a32f62123a7d5bb2,,,,
890208351fc4ee2f,,,,
49f8f3cdcf94faa2,,,,
98c1f8af4d4e1a3d,,,,
d31555b1c8eb5c64,,,,
c83b59bd81bed13b,,,,
886b822005b8f82e,,,,
99fd2fba9e592ae1,,,,
f9772ff23b6ccab5,,,,
4f508f67768b9627,,,,
656754f1c0e1400b,,,,
220eb8ca744dc596,,,,
6c4c50272b70acfa,,,,
06414ba106c4cfdd,,,,
e9093b69a636a5d8,,,,
efa0e9e92b16eab3,,,,
91c702bacb582289,,,,
a074248f870859f8,,,,
ceb8983b959add92,,,,
22621900968599e1,,,,
e361c98928fc79a3,,,,
70201fcd8d7a9138,,,,
c7cbba172c083edc,,,,
8a4055ad73ea0d4a,,,,
7cf2925128ddf68f,,,,
e471a6c94d441d15,,,,
542a5d3c79fbad4e,,,,
92b5eb071a505494,,,,
534fef9c345c25c3,,,,
40a9b80f3a5a8d4c,,,,
204c7c27ca0f0d42,,,,
a793edcb4e27ab69,,,,
35472b76999cf492,,,,
cf68f13b9579da55,,,,
53489e91fa5e1932,,,,
f0f18c101d5ec21f,,,,
d86b62842b4353ad,,,,
c0a774909e37ac45,,,,
5b63c482eb14274e,,,,
a87f583313558798,,,,
f9a0f5d0700a6c60,,,,
4e74abcb286676ab,,,,
1ae702944e867238,,,,
85cf668a5d70c3ba,,,,
d4b0f77e231f3846,,,,
86c7c71052e95b2c,,,,
6e46def7a4ea6ab2,,,,
13d962052869b576,,,,
54a5588967957571,,,,
459d55a88a947673,,,,
af74bcd27ed3c899,,,,
db40fb77f41b199e,,,,
db79ad08f5503704,,,,
e8f058c55ac73cb1,,,,
12a238eb4d125a6c,,,,
4aa00d20ad3d64fd,,,,
a4b96792879aa012,,,,
692fec4eb7e95a7c,,,,
4433088477d66d11,,,,
572ea60fbfd80bc9,,,,
4d1ccf90bea4c66d,,,,
b92e0103aa58fd27,,,,
b46e098eb448c8d4,,,,
c6725fe40592ebea,,,,
fa9e44cdd221d6ce,,,,
ef3cc3c5dfa04b21,,,,
d537938f178040c4,,,,
ab4de34fc44e1fa3,,,,
5c49e0d73d15585b,,,,
5ac28b993c5be476,,,,
4c811d85692fbc31,,,,
6b7f528dc4d094da,,,,
53eda8d5c7bab460,,,,
59bce05b44e4e417,,,,
ff50328c082bb6b1,,,,
65d638b023841f40,,,,
431f56ea79e0b788,,,,
8e8b2f8c5557713c,,,,
1b4fced13d67b9f9,,,,
061ddda6409abf87,,,,
1f5d5601a0de433e,,,,
5f9639890e372d02,,,,
dc72bc01aea91c41,,,,
182afe22fae26fe8,,,,
6c28230dee1d35c4,,,,
a7186eb5a5ce7c50,,,,
6a099ba2cc275059,,,,
24be90620a085b25,,,,
36988efd128e8ad0,,,,
d2c30b616b7e7de2,,,,
80ebce3be301288d,,,,
3abaa2dbaa554e6f,,,,
e0dd5da0cbb2e6c6,,,,
10cecb0ec9dda3c3,,,,
01145bb1c04fac64,,,,
efbf308f6a68bc9f,,,,
4abbf58013d4e93a,,,,
95b19eb84b1b5137,,,,
2c004be3e9ae3513,,,,
c235896c89a3009e,,,,
63196df04d16d58e,,,,
b51d1859a96bbca0,,,,
9488fb02324ed210,,,,
8f5a150715b38777,,,,
52dd39ad703cbbbe,,,,
a183a0fe5df47f0b,,,,
9c033b4459741d95,,,,
66311014ade07369,,,,
7aa9a5fe1cf3c530,,,,
f370656d462d066c,,,,
3b568c4819b95c4b,,,,
f8ce17f1bcef38ea,,,,
d0e213c110356906,,,,
e1d55e678f55d02b,,,,
c899525cf2fa6315,,,,
02eb07d54c310e34,,,,
f74b4fd81146c43f,,,,
d67e978d5413db0e,,,,
f60c91a6d59ddbb3,,,,
2865a943fe168810,,,,
11b8f4ceaab07d43,,,,
a5481b8ea8f9606d,,,,
34427daf7b13272e,,,,
ed2980b785860a17,,,,
54fd6e8222600f50,,,,
d46b316be04639b7,,,,
33bfb2f9d38f2006,,,,
4dba57ea82627a14,,,,
32d2f55ddd18dafe,,,,
bdce472f3b25a9ca,,,,
b439d9dcd2d9efaf,,,,
d0d5aa8c40264ed6,,,,
ce227da43dd16b47,,,,
0f3186a44c5fbe6d,,,,
cb86ba9f13c747d3,,,,
2869238811a9681f,,,,
c912fa279759ac5f,,,,
d11211023ebad465,,,,
645d4df1acbd6bc1,,,,
ee9cac39decc2b43,,,,
7896c2606fe7d8fc,,,,
0b41e2124251e47c,,,,
167bd804acd349de,,,,
15b4afaf1473faf9,,,,
aa1cd9469f19d2cf,,,,
a64a8f73788ca195,,,,
ed82080170934865,,,,
8d9a915bf1f78a47,,,,
81c7aee94224517f,,,,
b738487d0622cdad,,,,
f3cc1e41e6e2bc22,,,,
c3673d581958db87,,,,
41f079861961e339,,,,
06900180d63db55c,,,,
b4e29a04828debad,,,,
5787511ff1b7a8c7,,,,
b0262437a631ed5e,,,,
9ff2450e9c6074ea,,,,
e24969ebd43aa225,,,,
f4e16c5cb69484a6,,,,
a7e107baf71f5992,,,,
103f02ea2b4a1ca0,,,,
9110a5f28fd82d26,,,,
4fd39ca1df6b1e94,,,,
fcbf8a8251e20ac9,,,,
5322b30e4c4669f1,,,,
1174aa37005e2fea,,,,
be12c0cb76a17d55,,,,
c94d62e48d4cf715,,,,
bca230c2adae5317,,,,
4751d9e26e98f154,,,,
15bd5c8107aad3a8,,,,
8281f6261fb2af99,,,,
50082ccef5a8bb93,,,,
2ee77b748d98bb3b,,,,
393da47355886297,,,,
e90698c830005a41,,,,
fea0ee1677c85560,,,,
d27a26dafc0b7a55,,,,
28646a8731806265,,,,
17ccb18ba01bf773,,,,
5e8b29fd0195876c,,,,
c4fcbf061a14b8fc,,,,
1331e21680ac7d49,,,,
418c9ec77d572d87,,,,
e55cb4fcc7301903,,,,
4d10bdfc3682a868,,,,
272a0e3767e159ae,,,,
f532734bea490f7d,,,,
f0df7fffe20a056f,,,,
32896b84ff508a79,,,,
68969dbd9b955ec5,,,,
d3bffce51a477df3,,,,
f648d39c7244cea2,,,,
34b51d4f2def658c,,,,
433efb52c862916a,,,,
2ea239c6f3018938,,,,
7564654631b451a7,,,,
8714aee681ad0350,,,,
46595f00c64c5dba,,,,
146bd1e0e0fad8b9,,,,
b8400e27b1e2b85b,,,,
a5bcfe2e5fd95864,,,,
94fe7c9724d63b4e,,,,
2bb56c2b8547faa1,,,,
da99c97357df3885,,,,
e736f9a65df7ec32,,,,
e5d6340b93178ce2,,,,
fdc8ec21e77f96a4,,,,
9a242caf216377b1,,,,
09289500e24275c3,,,,
b2bdc745569f1abc,,,,
73ea44c953ef5ef3,,,,
1d02139a6200837e,,,,
0692a2a52fac37fe,,,,
aee5f1044c2f98d3,,,,
7004ce1d20d24e4a,,,,
e4336d7249db62af,,,,
887d93a9ac2073e6,,,,
711bc2d40797e032,,,,
2cca079b3df9d239,,,,
0e10f59af1446fa9,,,,
b428b4d0c34a7557,,,,
035c9ceb606bb0a5,,,,
a9f0fc6686f96225,,,,
fbb9a6192664e3c7,,,,
189c5915bb48d460,,,,
1eed5d722b5492c0,,,,
3d3b3acc70c47556,,,,
85df142649b7355d,,,,
7449d401ed9ce1d1,,,,
b8553669e6b8fc70,,,,
43080c3ca6658679,,,,
93825feed45a65f0,,,,
13ebb0e8623e0bc2,,,,
260d94ff9ceca79f,,,,
d23cc5809b070844,,,,
1a49c0f1aa91ab57,,,,
87f94d2bad20e753,,,,
fda61aea60533440,,,,
4a61e641fed371ad,,,,
c8406603c68b0ad0,,,,
716a384bb0b0936d,,,,
562c45f6cd0921ac,,,,
4ecb0bb624eb27dc,,,,
ce5e3e8e9274707f,,,,
cbb1ac55ba3393f0,,,,
f4c27ea7425b8693,,,,
313477f103444b2d,,,,
9dc3054e54156433,,,,
9fe152c5c44eda2e,,,,
8fd5597bfd8ae3da,,,,
d7a463a7ad6b05ef,,,,
6e05291fbc0b6003,,,,
d40429bd1d19eee5,,,,
2d23a9f658fdf80e,,,,
6d38939b2f043580,,,,
228b3b5e3a22a6a7,,,,
7bbf35e027538c43,,,,
2fe115252bca6096,,,,
3bc30798a58e833e,,,,
e7ca87d7cf3a5f67,,,,
5afd3df2e2244ad2,,,,
ede583a70d528f4d,,,,
0103fcf9b0f48659,,,,
b10b4b0479ee9cf4,,,,
2fcf7fe1327cbf06,,,,
87f38e4ddb1d6bcc,,,,
03e5b7ba55f975bf,,,,
df428e6413067357,,,,
b99ca77c05a349b8,,,,
7067548d7226ff5c,,,,
c8642c8ba38cdd99,,,,
993cc87cbc9724c1,,,,
f5e1c8108bdcdce5,,,,
974256da7bb4b00a,,,,
fc97d2d978e041d2,,,,
ce00303c0e5c1290,,,,
a00a7a40075290cb,,,,
54440bf51304cfae,,,,
0810cb38861311b3,,,,
855eb70e2538d8cc,,,,
aaf8ec67395261ee,,,,
31114534cf07e01a,,,,
19369ba76e4dc8dc,,,,
f4a1bf4c2ddc5851,,,,
fd17cafa4a29614f,,,,
6b70de1df6e593a9,,,,
965b4d17c24d53e6,,,,
9708c2e401c19f7c,,,,
e325b29bfa22f653,,,,
784af1f62e058b6f,,,,
b44bec7b902a49d9,,,,
2ba3f52502928fd7,,,,
1dd1f403b406d4ae,,,,
fe867785d20b02d8,,,,
0c7c2b605ca74b03,,,,
a9ce4d7549caad91,,,,
25dd935e1e36d1a7,,,,
addd1f7927527636,,,,
6bc2656a47b0503d,,,,
da2cb44f52f4d7f4,,,,
2eb555a3cc40ff9e,,,,
f27ace72a406e5d8,,,,
47c8ed3de48d7da2,,,,
10074acbd300915b,,,,
08b5db3d83550d15,,,,
526f64adb573897c,,,,
e7b40e5467ffde1e,,,,
5c52c03c757c97e0,,,,
8c6bc5bd0480d707,,,,
89ca34e196c41e71,,,,
a9874d48120e3533,,,,
c444f09ca5e944a8,,,,
b34d27a8776c5ba1,,,,
c2fae80a77da9221,,,,
709906f1f9d4c2d4,,,,
e9ab2090f4178002,,,,
64ca74bc7355614f,,,,
d13f10c9feec58e1,,,,
ab47f10c41763aa9,,,,
fd1da14bbb8db8d1,,,,
9fb0d87dc1f232df,,,,
4a88e811f0eee91f,,,,
e6f71611279a60aa,,,,
05f6868f6c33c941,,,,
919eafd23d3b4472,,,,
3aeb641f256f4cb5,,,,
ca9681f73821b53a,,,,
5ea3bd7f37126eda,,,,
fa6b03e28658725f,,,,
463ae4fbbc5e6287,,,,
ba42015a3122764b,,,,
8732b90a5cb90728,,,,
eb6204c4ab2b210b,,,,
c53764eb2a55c0b6,,,,
f6f89000a96a1746,,,,
e4072bae2d16280b,,,,
649736c2352b55b9,,,,
b05dccfbd921c623,,,,
eefdde58bea67c8a,,,,
1038f6c49908d3a8,,,,
eec26e06d89a6408,,,,
c1a4d67869b0b7c0,,,,
6bfbab826c2bb508,,,,
2caea4445398f185,,,,
ced51ed1065a4db3,,,,
579ada5634ebc66d,,,,
0a062aa37d1e8991,,,,
f7c9e76222adb89f,,,,
bed93a543d88c7c6,,,,
15a14fe7537b39ce,,,,
11509ecbc361a702,,,,
9713ac1bcfd9d1d0,,,,
ec180745e043559b,,,,
e2b5bf87ffb47757,,,,
e924f87813f4b931,,,,
eee9cbb21b5c70e0,,,,
6108e270b2c7db14,,,,
9d40cdcbbba93213,,,,
a60d9f3c61cec2f8,,,,
fc29e9386f603bc1,,,,
61b603377d0448d2,,,,
ac8d8542960fca70,,,,
2289564c8a78d509,,,,
b3e364e1988e0cb1,,,,
2daf16260c7bfd59,,,,
5f31d5f9ce1d0d60,,,,
e363bc434d5bd678,,,,
3b9cfdf4305c4c15,,,,
61ab501c796740b8,,,,
cdcc4996a4f797df,,,,
a74d30f837c830f7,,,,
07193212e96d0f6b,,,,
610839444ea5a12b,,,,
53179fa67090e652,,,,
05237af16d5b4973,,,,
b2bddb6cf6d64b6c,,,,
bba5fb870eb74d24,,,,
9c9508114458534a,,,,
364e7d2eeb17609b,,,,
5dca944115318e45,,,,
da7f5afe06737cdb,,,,
f30991cc1d52e8ff,,,,
71f5ba69ae7c55af,,,,
e8e7340470a62614,,,,
efd707f3616a32b4,,,,
36d23e6d98a8a38d,,,,
f248ffbe5f0a55c5,,,,
b0a9df6b3b009409,,,,
84e461805d838620,,,,
064f236a828e598d,,,,
782497892cebba7c,,,,
f61d7813a2fa3bb1,,,,
3144b56ab01ee99f,,,,
85506d273200967e,,,,
52c9781e4c11e3ad,,,,
5f3186dffab7e91d,,,,
f2c2840a42a82949,,,,
b5e1b1bf8162e4ba,,,,
259139a3de93a218,,,,
3baba3a3677f06ea,,,,
c28406eb6d642504,,,,
f8b71e44212c7eb7,,,,
e7d0c79d54c51bc5,,,,
a4bd722d17a73d3a,,,,
61fc9aea8e154eaa,,,,
a181892b8a60e2a7,,,,
7c040929dbb9e262,,,,
fbaf0f1a650f4c9f,,,,
f2390a4dd836c3d3,,,,
800c69533cbbec2e,,,,
c59260a9452227fd,,,,
688c7aa4f2e15ecc,,,,
bb81c51cea271e8e,,,,
bd1eba3b623903b1,,,,
adc3f843410e8b8e,,,,
3bed0e2191ff16bb,,,,
b5a0aaf64e7ec1ef,,,,
de4b65f1db0ab56c,,,,
40a4c49d3cfab29b,,,,
e72d8b07bec6c95f,,,,
58470feb36eb8529,,,,
19a8c9aeed84cfc2,,,,
50b8c62aa6c4e2aa,,,,
4931a68d138bca9b,,,,
6b49855e2041ce02,,,,
306cf5dbe968c8b6,,,,
2b4bd5907eb58f2a,,,,
db9b3f39bdc17c63,,,,
f6811186c0d3ee0d,,,,
ffdc892f188d6f02,,,,
926abba3a169512e,,,,
4d917b63356b2bbb,,,,
572856dc3f59a219,,,,
15563f08712d2a4f,,,,
370c5fdf521f12d1,,,,
142d067b860f6d91,,,,
69ea3f91fa5cc67d,,,,
3e4cf1522aaa3112,,,,
ddd193d9bf5a5d60,,,,
c275079d9c0dddb7,,,,
a19f955305c4f017,,,,
1ae5b69055ee0407,,,,
121f74c3780916d8,,,,
ecc54bfb75693b26,,,,
23920f809a74e193,,,,
2c38c3a5b0467a62,,,,
1b3dc9efde8a091e,,,,
7b5c2cb9743bf585,,,,
883d6875cdac09aa,,,,
4917805a750e1f2e,,,,
65769daa6d004799,,,,
d1f5b795b25b3dfd,,,,
08a0cdf91222ad3c,,,,
9e2f55cd67d9154a,,,,
244e0bf4aae3b6e5,,,,
c15779275fb40517,,,,
4ccbc2dce9385106,,,,
046952ef640a3f31,,,,
1dc92d534f567f26,,,,
cec1cae3687d2b29,,,,
b599bfbb0ed2d4f2,,,,
876b90d7f49cbea0,,,,
6c959e42035c5699,,,,
992442dc1a5bb5f6,,,,
e4d79f15ac75e692,,,,
98dee641e17c3ab8,,,,
9b24a5f3dcb78e4a,,,,
9468d0161ad62394,,,,
d16455cb49defe5b,,,,
120c5778671d2b77,,,,
d61ac054a4a37656,,,,
8a62170220eba97d,,,,
a0de923b2d7566cb,,,,
6622ee7ae64de912,,,,
2733cec4005d24b9,,,,
33e082eaa2760f7c,,,,
fd397bc044214174,,,,
a255992e57bbb606,,,,
758b464c9d2f9790,,,,
ae766c0a41abadbd,,,,
d625c52874a648ad,,,,
8014af3ccbd09718,,,,
8d64341b70cd04fc,,,,
fbc7f32383bec5a5,,,,
5b84e42445624d6c,,,,
5630f64d2564c0de,,,,
590195a2faf9ae0a,,,,
4582833fe1e931bf,,,,
6338084b6ab31db2,,,,
c6efc4bd6459bf79,,,,
f7157444eee64d8d,,,,
a9c593c18ee4a01a,,,,
a9a0f6ddab6471da,,,,
cba2f3d0b8e5dcb1,,,,
cca4f8ced3f76c7a,,,,
675a3cf26403d1db,,,,
fc0a86d188aaadfd,,,,
a75f04263494c366,,,,
6c2382c43e5a8acc,,,,
6bfe83446a8559b5,,,,
c46b1c3a0f358450,,,,
575d86566efda981,,,,
4f2098d25b1edda2,,,,
68be6c56808c9176,,,,
87b4fe5c18f8c4cb,,,,
460cd0ee56c9a6bf,,,,
ddea7efd9a6c1318,,,,
cf26a750e31c904e,,,,
dbf881ea15a9c505,,,,
55aa6cbb9798e144,,,,
c26953d1752dc76e,,,,
27ea631872536ca5,,,,
efa30a92593c69d2,,,,
ab99ade6cec23b74,,,,
299e210d1ab49680,,,,
6779794a9156456c,,,,
c718431e51e734bf,,,,
bdc2a88d3be0bf9a,,,,
5e75ad8e44c2fd55,,,,
d0627334ce74b48b,,,,
e1048db606a1cbd1,,,,
dee255b024e1b6b9,,,,
1ece41bb645361c6,,,,
a387d8ca276f7b06,,,,
87b07e009b40d3a0,,,,
6127176788560c9f,,,,
c767c8e8b446035e,,,,
de24c7fa2ea36187,,,,
fb2817e571bddff3,,,,
d0be1968c8133dd4,,,,
2564282a48170f80,,,,
63e75fecb057ca10,,,,
dfa085a899bb28a1,,,,
e456e808b76e33a4,,,,
e3fe786df08ba79d,,,,
6671bbc104bb8491,,,,
4a5e26207e7b356e,,,,
c185e521a788a73e,,,,
ccd60fb3624b47bd,,,,
3d89ad86a351edcd,,,,
eab4213749916da0,,,,
86b5c8fa6306d283,,,,
cc815187b69cecb9,,,,
8bd5a8af04aa2098,,,,
d8f03ba6ef7a299b,,,,
0f2b6011b3c53092,,,,
3b2a20c870e6981d,,,,
0810ee2eec94faa5,,,,
609d0ab10ce0cdee,,,,
09df21f0c4ff6f59,,,,
4b70c39db2119b58,,,,
5af63162ce786dc4,,,,
9bc58e4c85283637,,,,
dff13da55118cd0c,,,,
ad3d43edb034a3de,,,,
88a581a5a1c19445,,,,
3d79cb48913806ca,,,,
2d461cecaa3e0f8c,,,,
6af0edb037f71b67,,,,
346c79cab247bd4f,,,,
8fa3d0e4f1eb214f,,,,
83282cd01d7af473,,,,
b8579790f735b75d,,,,
ddd284745d39f2ef,,,,
670ab86bf308bb15,,,,
c48dd5a74009b5b2,,,,
3d9d1712c9db081c,,,,
def949d043d36518,,,,
54ff73407dabc82c,,,,
b85d9077487d3b8f,,,,
2c06a303b845bbd8,,,,
392cbe1169ce5938,,,,
768fdf88f55df1a5,,,,
05b93b35e7032642,,,,
7ffd5f35f356cb9f,,,,
b232125ba032a622,,,,
746a67cf544eb88a,,,,
3224f2605d3b9159,,,,
9c99110a44acdc53,,,,
38dc33af7873803f,,,,
3e625c7b6ab98ca9,,,,
f3fca20dcafb9460,,,,
42aba0b7d91e01d5,,,,
cce26902ef2ddaef,,,,
d2ca9930ee61d6f0,,,,
f22f699c9bdb6615,,,,
dd6f5e69a17e6fe8,,,,
6847d0e33ed47935,,,,
1045a4486d66c5a4,,,,
40deefa18386892b,,,,
d75b6eca50c1c3f3,,,,
f9e38b9bfbacfb3d,,,,
839586abe5a5db7d,,,,
87cdcda2009eea80,,,,
d52650b2defde886,,,,
3dc8bedd0a544c72,,,,
b08e62a9dc5f0320,,,,
e223e4786d2bd479,,,,
0f8ba83e6353d606,,,,
8ad44db930ea1da7,,,,
b90b05e78dd32392,,,,
2967b080ad48ae98,,,,
77b6f52fcbfbc946,,,,
78a655b27bb9f1fd,,,,
d5d29c7cffa6ef34,,,,
0f4b46665825c8d8,,,,
1d628d1f492adcc0,,,,
50d654cd818f6083,,,,
02ef2ee2ab6aef86,,,,
84d436b4698cf90e,,,,
1f88e1fa2e8af62c,,,,
1e34549d29cd3cf5,,,,
75c11c9980a0cb8a,,,,
9e8cba72413c4c96,,,,
85709cd5b930d6a9,,,,
191156d649bae5f4,,,,
d5666a7fc9870dad,,,,
29ca15282c2d8f5a,,,,
38ccc26008245ab4,,,,
6b53d08ef925fd08,,,,
4ccd4fce74b10e21,,,,
66fe6905c8692b7d,,,,
5716bc260880888b,,,,
1d0508bbb08a2126,,,,
c325b6a2341a71dd,,,,
193da613826a6592,,,,
e5b390ad819e2ffb,,,,
841b6758ea5c6d30,,,,
bf5655ce2cf3c308,,,,
ddeed92c5922c580,,,,
7c05da29a0b1b748,,,,
948db98203fe5b8c,,,,
b31268fa8324cf3a,,,,
e0492e3b10572740,,,,
b7fe62e01ed7ddd5,,,,
ce428f592036faa8,,,,
1de4981cbe98470c,,,,
9b621294522336fb,,,,
d67978544e206c09,,,,
ad545b23a5c8bf42,,,,
1c14e0d512c1158d,,,,
c78f61f6db474bb2,,,,
e291d852b834880a,,,,
0205ecefb3ab3451,,,,
55998c78c2552277,,,,
2489c32ce6ef0980,,,,
f4bb143fc7972a7b,,,,
7b4c7b057c4c8759,,,,
53bd0f00973e4d41,,,,
7f888a023f58fbb2,,,,
d812f2bfa84e7a67,,,,
6a23b5cdddf0b802,,,,
a7c71fc753ab049c,,,,
f06dfdf332ceb6da,,,,
31be6e8c0670f519,,,,
e1ee3ff8dad9347c,,,,
09495326c3a9daf1,,,,
bd8173dc722f9b61,,,,
772741fbaba0ea48,,,,
b4335339ae54de9a,,,,
93f5b3d7fb31ee60,,,,
334bbf13b73f9ed4,,,,
e4f01adb3c753a3e,,,,
e1e25fc54b5213c3,,,,
9e3cf86a8f60e123,,,,
a141bece0cadbdd0,,,,
2495dca8f794b74b,,,,
17aa8942a018f121,,,,
bce0d282686e2faf,,,,
50dd641e8af488d7,,,,
94528d4ffa0d7e6d,,,,
852ac7b1b96c989e,,,,
d362e510b0d423f0,,,,
00f1637af5e62176,,,,
b281f9ff92a4cb64,,,,
6d90c634bcd8013a,,,,
2707d01e23b48662,,,,
6027cca3122aed5d,,,,
d33b9c709f079395,,,,
5732ebe85358c922,,,,
848f3a482a5e2646,,,,
a6c08839f091230f,,,,
4a13740cc881235e,,,,
18c01ebbe2ee97ea,,,,
6ec1ea3e9637cac8,,,,
97c52747169165f9,,,,
d4f1ebbd0d3e76dd,,,,
a9801be7d573bb12,,,,
230018814243340c,,,,
8b254bf2ea8c35f8,,,,
8725b9042c7b42a1,,,,
e8a6acb86281c46d,,,,
5888d3ff55f1884f,,,,
fa08dd6ed120fa81,,,,
05f90dd4ba54214d,,,,
e27ce37576058add,,,,
0e3b03ecc600b19d,,,,
0cc4eccde008d5de,,,,
77f958ef45f811f2,,,,
8e8f55137f017c9f,,,,
1f83cb9f8dface21,,,,
e439aafb8820dc66,,,,
cc73672a0947145e,,,,
549398744fc0eab1,,,,
90b54423d7fc094c,,,,
ba0a378d4f8669a4,,,,
ffd8b459e123bee6,,,,
9ef6e77c96be139a,,,,
eb84a8de5533f3be,,,,
bc9b130f589897f6,,,,
45b40a1add9f38d7,,,,
42ef1e641fce6b44,,,,
712521febcfe2bd3,,,,
ad21b62118352569,,,,
a49d6f06321899fe,,,,
81173b5b0077ff8f,,,,
92e000ba76263fe0,,,,
1880c657ec6fa156,,,,
d3c77380dc94cb88,,,,
f5c28e8626b7b0cb,,,,
5f573a6cd13a88cd,,,,
b0e329bf96655569,,,,
9fef7655c83758cb,,,,
9ea753af3e0c3232,,,,
23921f08192caf0b,,,,
24abb30ed0b72b02,,,,
846e2e69520393d6,,,,
bb66be8cc852dfbb,,,,
b315633fe4416727,,,,
1f82205f915138a8,,,,
d50b4067fa7c6ce6,,,,
d23ff2ce0b5809cf,,,,
215331ea384a9dc8,,,,
0721bee16547860e,,,,
153db7cf591e9c81,,,,
79e9557a068f428d,,,,
690405fce4c546c7,,,,
f740b68e02158a92,,,,
ab7352789348d156,,,,
572adc20459f500d,,,,
45afb90e56c34da1,,,,
26b47571f0db73cc,,,,
3582ec091db8c085,,,,
cf3246415d93ca8b,,,,
775d66ed781facfd,,,,
343c8d3624f66b94,,,,
c5bc249dfc491b6d,,,,
b664ea7d4811b966,,,,
39c1f224ebeaf45c,,,,
656d1651f968af74,,,,
473eeb127ff0ec2b,,,,
9d8417c649079f9a,,,,
9ccbf718ee94cbab,,,,
0b44a288a5122c3a,,,,
221e13f14b19a0cf,,,,
51dbc2c757db8187,,,,
90be7e580cee0020,,,,
86f72c2176a78481,,,,
7f92a813931aa4bb,,,,
633f73ebd6d5020a,,,,
58720b898f5300b1,,,,
c3349e80a52756d3,,,,
38dd6e85ac4333c2,,,,
bca8736705e53c14,,,,
ecdb70acd0ab0808,,,,
68c09ba3f9e9f90b,,,,
ade5e551460527a1,,,,
9a243909b64a8676,,,,
d8b3ebca766f7657,,,,
f57dd35e6d9957c2,,,,
7a3d68bd50dc6713,,,,
46a3ff58326440c2,,,,
e0e7361feac4b149,,,,
84876dc689268aec,,,,
f7e64d68dd299532,,,,
54970513e63e5ef6,,,,
3ace0949107c595d,,,,
ae21876f1b1585a1,,,,
3131c4084d28fdf3,,,,
0359cceee47750ab,,,,
1295dcc32a5e6243,,,,
b98b35b0d273a763,,,,
03e950b6929751cd,,,,
97dc9565144c24fa,,,,
4821166b12f50103,,,,
c171c88ff9c85014,,,,
f346e8623b282231,,,,
5f5c03f0672b540d,,,,
3f8e20291e722024,,,,
ae4d04368464d0b6,,,,
8b17db9f33124906,,,,
63e2faa7aaaec4f2,,,,
ac0001194f9f61f0,,,,
62083788da662163,,,,
dc8a5e1a54edc307,,,,
be79bbcc373827d0,,,,
4439c79c4a8607c5,,,,
61d7668c0a9de978,,,,
5d525918fa2cedf7,,,,
63e92a22769a1068,,,,
56d6c96a4bce342d,,,,
d3365c5d3528e8e6,,,,
c4b17e9361d0a576,,,,
68c44dbfafc55b15,,,,
abe34c1058dd6b56,,,,
c5191f79f32bee19,,,,
a1d2fd5431a40ccf,,,,
ef52ada29506180b,,,,
0cace7720421f8aa,,,,
12f8825be418baf5,,,,
354a0ac6ee6c38f6,,,,
60c7b227f8fdc7ad,,,,
f37c19cc531f4ef0,,,,
053680a168fcdf43,,,,
299f17742b8241b0,,,,
ae75666e25bda2fa,,,,
6b0a15470341cdb1,,,,
7a7aa77d6397e04d,,,,
77169d2124e80d11,,,,
efa0370ad1d98d70,,,,
ec5f2c24cb9cdd0c,,,,
68b525296cb5f9b6,,,,
48174deb8d9129a5,,,,
48bc7ffa51e791af,,,,
3f949ddca02bfa38,,,,
3196809f771bef02,,,,
6cfbdd46a6424d26,,,,
0691f0178c2cb991,,,,
b78479d8dbc6a7cf,,,,
cfbf03492c55a8e3,,,,
1f7b33efac39a293,,,,
68c1f3acb8e5d86c,,,,
43f096d64c2bd794,,,,
1fb887b418956830,,,,
f0b4b07b3253aa8e,,,,
a0e3d363241fd025,,,,
8d70efda30cbcac3,,,,
8990a2affc099a31,,,,
ac10deb9279d7a10,,,,
58a9cc6c8c01db5e,,,,
74f15f49c512029e,,,,
ce06bdef1bef8a64,,,,
4e2e0db06757bca3,,,,
7b474f5d6e1f78d5,,,,
147ec682b4bca4a3,,,,
d0514ef68644c6fc,,,,
8231091002323084,,,,
dbc4ccdab2994262,,,,
30a67fe9f8259867,,,,
5eaa5110285b3e20,,,,
ece619518ddfa47b,,,,
7f356a9aad9c5a49,,,,
291cbcab8c450d53,,,,
be5e81f834a0bc9d,,,,
7545cb3fb31405da,,,,
ab3674ef40ef7ddf,,,,
805f1bcc58e766c7,,,,
b396f958c9ad1737,,,,
353965d523830407,,,,
58aa964088b3f241,,,,
5a92c27240ad8f5c,,,,
3914a373cb89aac6,,,,
f2c1ddaee6a89059,,,,
4d0b75dd9d06523f,,,,
00b6c19980b88f58,,,,
d9ce9b32d7577875,,,,
1c88332b384a69d7,,,,
1d8054df123db1d1,,,,
fb94fc1a913ddd5b,,,,
4019b387af1234a9,,,,
754e537a34a42b0a,,,,
b03f9bdc17771d89,,,,
a22c4bbe2f0a64b3,,,,
9b2de09650b2208e,,,,
28e9d383d71ddded,,,,
ed829323da2747ef,,,,
1d55d8cc3ff0dd67,,,,
1a4374ff94f6cff6,,,,
c02bdc18fda9fc19,,,,
063da1f6834d2fef,,,,
a0f059e24f0034c4,,,,
af733f91190b0bd0,,,,
d8455a56505b902b,,,,
4d88ca9db1f945f4,,,,
c89e2cfe9bf08496,,,,
797994c77891c4ab,,,,
711ce31b66e5af82,,,,
efad497d56ffb1f3,,,,
038c10db94ef11f9,,,,
4c06f4e736f212d8,,,,
6f70a104353622db,,,,
8654962883dd9ab7,,,,
589a15abe30da74f,,,,
cabef9712809f19d,,,,
687c11f0127a2f18,,,,
721ec9d72ea5d4a6,,,,
f237d6e823c4d6af,,,,
723dc035793585e1,,,,
5b47afcca984a051,,,,
f3097b238ac2306d,,,,
66193aec3b5719c1,,,,
dc86c6d4eca4ef45,,,,
8a1260823826f8a3,,,,
46f993cb00b7952c,,,,
0942b29afda61350,,,,
1bbb96d013f6088c,,,,
3845e56519c86c8f,,,,
87c5eeaf43c57a08,,,,
0a02ac0c8e66b174,,,,
f536de81e1d9ce0b,,,,
2bddba3b3c23552c,,,,
146485d8b8d812e4,,,,
3f6ad5a5bafce8ac,,,,
de124f0032353870,,,,
920f108c59b13414,,,,
145a8723d38a85b0,,,,
db63871d87fbf4ec,,,,
1d5cfe82b237a29c,,,,
1304106223d8f514,,,,
330b9e69c38ea333,,,,
8799c8a957998fc2,,,,
a93b9172bc5cec83,,,,
6248a44179ded37f,,,,
dcd0ac9494adf1d4,,,,
21775ff7246be232,,,,
5db2b002fe14b577,,,,
f991c78638729d19,,,,
54587211c5d199e0,,,,
e912972bdcd120c8,,,,
2fcad788630de968,,,,
e3a43625d0838192,,,,
1fc1d8bf8d0cc50e,,,,
ef82c503e7aefb32,,,,
e8584f749485ee1b,,,,
c841adf51c55b9c9,,,,
c4d684e6ab110d72,,,,
1da2d9d0ba8924ad,,,,
3bf7b3839f58607e,,,,
dd2fe0055dfed1db,,,,
bdea51e93f2c913e,,,,
fac91413b6ec78e3,,,,
18654d3d3dfcdaa6,,,,
f539c625f0e81302,,,,
f17a40327cf7ba3a,,,,
037ff3a2236df695,,,,
845987f0e7c04ef8,,,,
a8f06ab2f496eade,,,,
b2118a14ad8e8983,,,,
bcc9f6d326c6faf0,,,,
fbde4389de4c9a61,,,,
508fbdae20c433cb,,,,
46984004710933b7,,,,
274b1a10928b8af9,,,,
14026aadcb7c73f3,,,,
4c17ba51f2dbfc02,,,,
7af751a434daaa83,,,,
8a33da1be24b9c5b,,,,
7bd4d4bfdec28d64,,,,
7e0e6880c139ece0,,,,
3d0777a59e2aac69,,,,
6d57bb5195a015b4,,,,
67a3b8556d0ea4f9,,,,
07de4ad7c178c4ac,,,,
3e8ed2cf22446487,,,,
e05562597171396f,,,,
54c6dc6d68339a34,,,,
bbbe9305d0ae8d22,,,,
f687aecbf086b494,,,,
5dd639b512a3ed19,,,,
c145a16ac08502ab,,,,
ac8caed7513258fb,,,,
6b45ecb51cafaeee,,,,
12b348a88d86f11f,,,,
e795e0da37fa628f,,,,
cb70ea0c0b82fb9f,,,,
8a09f9a0f4f2effd,,,,
532b365c98c30b7d,,,,
60cdef21c7efcbbc,,,,
83b686b5a6a18d78,,,,
423b6506fe283a8d,,,,
5cd6d3b01bb2080c,,,,
a782a3e56a323962,,,,
620e321944853b61,,,,
d9e5d3b5983b11cf,,,,
ee8261d58a36cd36,,,,
d3cf2774f8705804,,,,
d7289e0532fa1f17,,,,
e1aaeff852265fcc,,,,
623230e43bbbf837,,,,
d0e51497ad73a8a4,,,,
2e20e66799837e09,,,,
f0d4290cb02d0c1e,,,,
620610638b0c452f,,,,
965a8ff940ea55ed,,,,
1b79e8b567900fbc,,,,
eb60db1a30e2d42a,,,,
005df49fef2b5fb0,,,,
814cba3c018717a0,,,,
c4102e257e222709,,,,
8c59976360620038,,,,
cbf94136b72462b6,,,,
d0a60c7e87d9349e,,,,
2be02af850811b42,,,,
f9cabe37ba8b0f87,,,,
c5adf9481c8f0f6c,,,,
b0c23682965b397c,,,,
3007d7ee64cd4967,,,,
90a3ef336078c90e,,,,
72721fe44da21c4a,,,,
9fd546a74346fdf9,,,,
bb1a6a976f249776,,,,
e6a51fd961596ff3,,,,
c03ae573e40d3e65,,,,
d65215436e40cae8,,,,
3b6817c96f20b8df,,,,
407f062e868d3da6,,,,
669c4b207513c308,,,,
0e7d2214f0d88145,,,,
3ef1529d24a82ceb,,,,
781373984a7584cd,,,,
f54023426798e20b,,,,
40db249277108503,,,,
c2e1706d73cf9e04,,,,
7c716604426dd46a,,,,
733dd3c1f3ac7d55,,,,
73b44240c527c1bb,,,,
aed60e6315cc7990,,,,
28827841def81d0a,,,,
44ec5376bbd41823,,,,
c8aac07ea04e8d54,,,,
37e8e98023736217,,,,
f34f02eb798db13c,,,,
d519def1dadb49ef,,,,
6bb3b1dfea30c3c6,,,,
9c320909d3fed884,,,,
512613ec3ee9909a,,,,
6c0beec6d8a76a01,,,,
90045f061f3c958d,,,,
b0bb858c4a3d2d7b,,,,
743c6ad2be596185,,,,
7c35fcd54e1ea3ce,,,,
7862906b4e214da4,,,,
86633f444cfa15e7,,,,
f3fe73c7f0256009,,,,
557a0fab2e46d2c5,,,,
2a5871ddc83ac64e,,,,
8be83e7f9f51cb35,,,,
f10c0c20102bc4a7,,,,
b01eda55cd6042e0,,,,
a7e067987298d690,,,,
63357263764b90d4,,,,
9f471da4acaaf7e5,,,,
f9fec5c5ea957f95,,,,
91c8749189aef929,,,,
e1c9392ab9d6c15b,,,,
464e05a9b5e57d2a,,,,
79c884240c111075,,,,
5d6ffa6078a0240a,,,,
9a8d81563ae261f8,,,,
c683db05f25867a2,,,,
c83cf2fee1d2399f,,,,
6e7612c3f026e02d,,,,
6173d52a09994117,,,,
84f2a30529fda19b,,,,
35768482011da9c3,,,,
bd61ad8a6087f7fc,,,,
5f4937087cad3ffb,,,,
9b23747d13778217,,,,
728ae89f59a2cf01,,,,
b55f3cfba372343b,,,,
58990a54662f4ddf,,,,
66fd19c2437cb1f8,,,,
279e1029e4129732,,,,
4544a3be70f83274,,,,
78aa29cca542a568,,,,
6ec4a5a4057f3bc6,,,,
57330c5397c72a8a,,,,
fce955114cf0a245,,,,
c1aa1e4d77013cc1,,,,
7432788389482d33,,,,
ba315d2a3ac27631,,,,
769b9c230eb77c5c,,,,
3464e86ad99a6878,,,,
acfe3a82202c7ce7,,,,
4c484c8b11079109,,,,
8dce610dfe7ddafb,,,,
b02b06c44891b9d9,,,,
cc4e23bd41db9f89,,,,
8f0bd3de0b32d2f1,,,,
c609eefd922de4e7,,,,
a4026ff37eddb6f9,,,,
4d554e4b0345b2a6,,,,
b9216209c301622d,,,,
563c7715fbc88760,,,,
9d68ee33bdd4f16a,,,,
093a8ad37873da8f,,,,
fdfe35e02f0be530,,,,
a7e42401d980d729,,,,
afbba3cca5d667ca,,,,
d86c84e91472b03c,,,,
9baa267961c489c2,,,,
bfa5c4f185c79416,,,,
c56a609d0728bce3,,,,
ff2c99d3092b7a22,,,,
2d9e98b59b3bbf47,,,,
e884844b965091f3,,,,
9e5036483204f543,,,,
67c2c1d37ed3b5f6,,,,
c80c899384c4650d,,,,
1d04c38f1a71d3d0,,,,
124811109523e04d,,,,
2cc8d261ab2c84f1,,,,
d0418f27ce1b1fd3,,,,
0114eeab46c7d40b,,,,
50be4200d6ef7361,,,,
8da323712e26da1f,,,,
94248c08491b710b,,,,
ad9451b5e40b140f,,,,
c5a60fa3c8906a69,,,,
09aa5d5a0ca96fa9,,,,
d81ee1f3a1dc12b8,,,,
dfa4ed757280b3fd,,,,
cb9e0bbaa1ac7611,,,,
430f316edc9881cc,,,,
851c43f87d88d105,,,,
c1e94ed9699b5c00,,,,
8ca8d5a5e47c2ea2,,,,
342aa78223c5c672,,,,
7b062e52a9569057,,,,
f56faf79aba8672b,,,,
a0f6e7a26b702ee5,,,,
0d3d552ad8d02aa0,,,,
6eb3d9ec8072c126,,,,
983f0815e30ee042,,,,
345bca44813ff9fe,,,,
ca0cbef0e9a9a896,,,,
b958939f14f5102f,,,,
e7510328c22aa6c6,,,,
cdd7a3483e9148e4,,,,
3bc1779b38238718,,,,
1eb943682f0a9cf0,,,,
2a8fa15b6c6c99e8,,,,
43a88039d7bde7d6,,,,
47bd90e0ea555614,,,,
1b4302ec9f8aa8ab,,,,
6a403f58ab912ec4,,,,
3aa2d1ae2037b83b,,,,
a691a4b8b0c5d43e,,,,
0d9a3e9d97f25eae,,,,
02839561c3dfe20b,,,,
94883439eba2fa9f,,,,
b8e722880062a303,,,,
c6750da395f378dd,,,,
df84d2b867182248,,,,
f499ea1ea49d4847,,,,
b405c768d3c4c0b5,,,,
5c44bab4f06f5fce,,,,
89a21f8dd937e27d,,,,
6db7797c4015aa2a,,,,
b976fd2c083f31e4,,,,
d56d01348688fca4,,,,
eb2d05b13dd77b01,,,,
4e46269f597eb3b6,,,,
da457a626ca9565d,,,,
943656b58b0fb4fc,,,,
faf88a455e6c5209,,,,
ee2fea93ee2495be,,,,
849fe0107f3dcb14,,,,
f13e15fc15984f7a,,,,
8070ce13335e6af6,,,,
e3ab05c78037b492,,,,
06d7849a30f8da3e,,,,
70ce0cc95e8d25a7,,,,
9712cbaa326bd741,,,,
e3eeea0a2559c42d,,,,
1022a8861c949309,,,,
d6ab4dfe04052fbc,,,,
a7678b5a35307d30,,,,
442222a3d1ee0675,,,,
ce6d7f6893dfdd47,,,,
ffdb80727fb2044c,,,,
4b0c365ad173f97c,,,,
2697c4944e3df4a5,,,,
fc3ab8a2583457e2,,,,
003d2db4b0263871,,,,
048c5a305b59ca24,,,,
ad7f3887ba39f244,,,,
3ad983b58239879a,,,,
6f64ba4ba12b95fc,,,,
457434908c5e0637,,,,
01d23117c295933a,,,,
9b2f1c45dde2ada2,,,,
67b982c945419349,,,,
ef80ab43e69126a6,,,,
604925b007cc2da7,,,,
ed21f20c6856b070,,,,
b645cfa941c3a3db,,,,
54847c839ff3824c,,,,
ef089f731082dd2e,,,,
7de74629d01611d1,,,,
4e2ddaf59d43a505,,,,
a1f5c01a01d807f9,,,,
cd1f78d8d2952ec0,,,,
52f3c07eb2305d57,,,,
55b67da75c253493,,,,
be13ac78f64ce7eb,,,,
8d9d8d9a08fe5e53,,,,
f51f75ff8182899a,,,,
4142d31e97788d83,,,,
54f6baf89416feff,,,,
a5e926cf54d33dca,,,,
057cf4564f6a9756,,,,
9188dd14c5261073,,,,
99132c9acb74aa82,,,,
25f06e7d0b24ea89,,,,
c11a3e7b25f763cc,,,,
208b8430cd151595,,,,
887fdd01a26c9955,,,,
2da23b03c157f2a1,,,,
4b3df9fe159e1960,,,,
7e7194666fa74800,,,,
793dc1f0bc97be90,,,,
61b3f0edb8bf7b2d,,,,
8c9d74488ee45ac9,,,,
e5775d843a5d76d4,,,,
5d9b85cd4883f0e5,,,,
080139bfa4fcc984,,,,
ed218bf678c1bb29,,,,
315ea858b5b0cb88,,,,
0c56e9c1c2ccbbbf,,,,
ef9c46fff9cf574a,,,,
0e65238b933288c8,,,,
98253753b00fdb05,,,,
db07683102acc8b9,,,,
8eedfa92ea82dea2,,,,
e8def5830169bd3d,,,,
ec6345a80990e690,,,,
f59bc70e6fcfa9de,,,,
e175d3b2894d93fc,,,,
4f19679fcdf26c2f,,,,
eef0d97279af980c,,,,
b4a7ef968683a2e6,,,,
380d8296698a4977,,,,
b9f7618faa5db47e,,,,
1d7d028dc1041390,,,,
bc9392f289483f5e,,,,
0897da0d1a57adda,,,,
181611d206d6d400,,,,
ae1004f3ac0b5e41,,,,
4d5d49089f09fbcb,,,,
8848d801ab35e84c,,,,
77d659f303ca2990,,,,
7e19ca417f4167bd,,,,
bd176ceb2e7d3f11,,,,
1db8b604c8830d29,,,,
948413c5f4e21019,,,,
458f1b5b5b03bae8,,,,
2411d191493d15f6,,,,
95b837c93a7569d2,,,,
97b4db3c7c96d755,,,,
8fcf037ea59f8057,,,,
27e893741a13900f,,,,
63eabfa945613be2,,,,
46a5da0ce3906c59,,,,
1e81042a6b5ce8ed,,,,
af2b4ef3e9a27d78,,,,
af995c75bd80f4e8,,,,
4eb99bdfd809b049,,,,
d002a987b5353d7c,,,,
02af2072ee2239a5,,,,
a88ef913e59eeb1d,,,,
ba8ea61bb8e37ecc,,,,
cf6d23649fdb7d4b,,,,
692729514fbe9981,,,,
875c7e53619d9c0b,,,,
4071d0e320756320,,,,
e0641c023b7eecab,,,,
d2a0b99b8020b974,,,,
d0bb83c9a97ee426,,,,
bfbe2ca054b20ecc,,,,
b21acc460af8698d,,,,
314e54693841a30e,,,,
843ccafa223ce272,,,,
f2d7a24411e595ae,,,,
bb7279831db2d96e,,,,
97b0f89c55e3240e,,,,
28de1d3c23da8f78,,,,
aca431d574289428,,,,
cdc2c56e35b28559,,,,
4ffbbe05689b1105,,,,
14399417090caaa3,,,,
7aae428ebaf9c042,,,,
de3fd2d7f8aa35bc,,,,
9b86912e31debf0f,,,,
4aff5a0b1e9a08d4,,,,
b9b8817831cc2797,,,,
6e78da25dc4fadd9,,,,
f763f4763cb97976,,,,
f889556f9c01a42e,,,,
84a2ed8397fca4fe,,,,
17c94c282a252479,,,,
56c0dd675820d024,,,,
48a5ae65e9852ae9,,,,
b3454f47ddf9156f,,,,
7448bb99bdcf649d,,,,
2890e8ae457a66aa,,,,
f7d86181adc2ef3a,,,,
2a2b965a74b187f9,,,,
d148a1cc4ba28f04,,,,
8648f463ee39ea9e,,,,
0e20b66e1304aa99,,,,
017abeb3f5484741,,,,
5f5d5dea99bb68ce,,,,
3465e37f1418e3a2,,,,
1ca1e40226ad23f3,,,,
daa0be49e887e7e2,,,,
267e880ff452950b,,,,
2bfd79238f92f36d,,,,
c3858fe514f69600,,,,
e8f8c3e603863787,,,,
ac50cc6222ac1a0c,,,,
a82913f71e499450,,,,
41eac1911a913141,,,,
df1b078d686c40d0,,,,
f839d3f347cf5484,,,,
a97dc7f7c0c9ea1f,,,,
877178f77bc81836,,,,
a77b9cef64d5136f,,,,
ab52f307d7014f1b,,,,
000d56c30ffd2ff5,,,,
09239fea7d43010c,,,,
3a406524796e3f9e,,,,
b9b05bbe6ca1399c,,,,
458ef2d559031a9f,,,,
68d55c36fe207496,,,,
fe4fd5da2f2c5608,,,,
15985dd113271a4e,,,,
7bd4533c6d9ee4fa,,,,
5261ffee9485c17e,,,,
fe8c1b3a8ed8c490,,,,
3aa7c977a4fc4e3d,,,,
ec91b78d2f3f0b8b,,,,
227c52c9157e5044,,,,
a5422530ea275689,,,,
d48c3a09cc9c04d9,,,,
c3dfff4bd594b870,,,,
7d801662f4acdaf3,,,,
eaec9a031bd33fe6,,,,
18b58386349ab934,,,,
ac6ce683e5736ef1,,,,
40d2a1f4b1b254a4,,,,
ee94e412605c7d76,,,,
6341857466859546,,,,
053975eec9155435,,,,
82d041c1be1a3b71,,,,
5138e12b0f1cc99b,,,,
3590de0ca8ab884c,,,,
8d2d425bf62d3f1d,,,,
31ad23a1bb1446e7,,,,
54f2f39f84391c0f,,,,
344de69f554daf0b,,,,
09d7990e7cc225d8,,,,
b5cf45ee7fc1bc7d,,,,
212c802c4db62913,,,,
9ad7c1cc57950b06,,,,
63add95a941f7b44,,,,
4faa916be56a0e61,,,,
4ac9c757d5618159,,,,
0587d597e6a25295,,,,
b4a9aaf548efe71e,,,,
6ba9acb28c612f9e,,,,
eeacc3e02cb3bcf5,,,,
45a1bd32420c687f,,,,
d8930d7804c150ef,,,,
704341fd835aef8b,,,,
3d5bc095431b5f44,,,,
bc5a54df95a1822e,,,,
650e987e8d4fa366,,,,
56ae859513ad15d8,,,,
08042e85c1155382,,,,
611706d357ae3148,,,,
aea5cefc7950855c,,,,
2d22dbea43a6813a,,,,
11de80143a97aae8,,,,
dfc4588e9272270b,,,,
d8c3061db4f54543,,,,
fd333ac4abff5324,,,,
79ce0ccdf2019fa0,,,,
141648fd1473e4de,,,,
5e3abdcc7473f499,,,,
135f4bffbd6522f3,,,,
55e6d0ecbe8c5c9d,,,,
7c41ad6d63f69ba9,,,,
3ee9c001f990c8f8,,,,
2320ca4b6ffa17ce,,,,
d06631d32c66a6d5,,,,
4eab3021fda13d73,,,,
8682b8301be05def,,,,
5d3625fd251125cc,,,,
b3020d5e73cbdb0e,,,,
11ee92591ba12c4b,,,,
209a93705bcc5a81,,,,
b51bed6a79d9f420,,,,
f4a345f03c5aea17,,,,
1efc9d8d89a7d94a,,,,
0de57b765428445c,,,,
9ead1cdc0e99a664,,,,
6198cce29647e914,,,,
9e0b856a529e1a60,,,,
43db7450a4b65e8d,,,,
b372a027188b44d2,,,,
943d57dee81d76be,,,,
9a5608dd4564bf28,,,,
8dce7d1a4e1d3e95,,,,
83af7263e6765a2e,,,,
7252734a59e0f2e3,,,,
da899dbd48b088de,,,,
c1d5e76dad16b5fb,,,,
8ae2a4d1b9592d9a,,,,
dd0f58c5e128cc41,,,,
1abf8095d5f72557,,,,
e25f39e6699693b5,,,,
68bfc313cde3c241,,,,
2548120973b77163,,,,
66d9dd30a811434c,,,,
68a8ac9b012780da,,,,
fbdb71475ea40d52,,,,
8e5f8fa7f0bc6ac9,,,,
2307eb19872bcf27,,,,
1f2606b2cf6ee686,,,,
9097b9611db04839,,,,
3d2676b4a3e860c7,,,,
333bb8a139633679,,,,
5c74e1ca1177f945,,,,
5c05f0ff06043abd,,,,
0e0e4f4432649092,,,,
d702c837f16bf36b,,,,
9d34f836e7a46b9f,,,,
b68b0ebc6ab88454,,,,
d0e292fcb0cce9d1,,,,
a96bfafcbe61b73f,,,,
d6123d0c80b76470,,,,
307a9035673ee8b5,,,,
5ff6d88c46d8d812,,,,
ee0fb0a44d8617b2,,,,
0ec476bfc1eb8a3d,,,,
c3995bc4558b6031,,,,
6dfdcdc92d802853,,,,
a0d466a3e157f66a,,,,
58d55e85d3048019,,,,
a1f67f745af3dc8c,,,,
3a2aef154df86b09,,,,
ff2497122e641686,,,,
fcb80998c760199b,,,,
85a6506ffb68158d,,,,
b89750a9a4d78b54,,,,
c368b158edb9414f,,,,
f83add3c5ba1e160,,,,
3d2e7091ab76cb14,,,,
c04cd883f073bb31,,,,
e0d8a0d07a2f08d0,,,,
cfc546e5b2f2fef9,,,,
9713dba28682d88d,,,,
7b3d60bfd59d7a3e,,,,
45ba2ba11f89847e,,,,
bd534c95c1e4a3d4,,,,
97d32e8814231ca1,,,,
d3e2b9c3dc625bea,,,,
04ab46e4f57564ab,,,,
72a5f0d64731243a,,,,
dce4dd893d49a11b,,,,
3a9b60721355eca9,,,,
8ddba14940f3ab92,,,,
f08ff755ea491bce,,,,
b887e21499696dfc,,,,
94779a1200faf3ad,,,,
6c9124c5b752b1a7,,,,
7e083695146d8d50,,,,
7bc165178bfc4348,,,,
4cdd3cdda175880c,,,,
4710680c9991a1f3,,,,
72e4ea54e5ae1999,,,,
b0ee28c726ff32de,,,,
41edc54bf2d7f8cd,,,,
f83e178f774a0090,,,,
b47bfad8bca823f4,,,,
23ae0b71e36c9c06,,,,
a27c5ffad49670bb,,,,
59ea6e3c125f4b04,,,,
cdbeda66f1b4cf28,,,,
9be411754f5bd91d,,,,
3a50aeedc6674470,,,,
ca60d2f662189f95,,,,
923d2e1021621009,,,,
9d158ddf0dc6114e,,,,
9bd173094191870a,,,,
bccc948fbbad0cb6,,,,
b61a5dab5979bd08,,,,
a7b2befc94eb8dee,,,,
b17717d751238523,,,,
ce5de01368d84546,,,,
7c814df02b09f9c8,,,,
3c8b2528636f21fe,,,,
11b3a47381476304,,,,
d72edd7e8713e67b,,,,
d1a1aebcf3dce074,,,,
0ac1937554c0f0af,,,,
5d41f1602a583c2a,,,,
a8e328dd9ee8c70b,,,,
9a21d23aa8772d35,,,,
16608b8319fbfef3,,,,
82e9bc649bb0d912,,,,
9f08dffdb6eeb1e0,,,,
48fd476649b593fb,,,,
6c116d0011f822b4,,,,
d78db7792cda5c5f,,,,
12a25b57a680ceb3,,,,
4bc45a27892d8b43,,,,
9818cc02753bd9b7,,,,
e48ee60f0c947d5a,,,,
8c7514bc0cb55e4d,,,,
4a808c4033618c69,,,,
8a03a8dfde7a324f,,,,
e9c0904816cd4709,,,,
022bf7bf2a41cce9,,,,
03fa4d8b4534759c,,,,
15ae2e719574c19c,,,,
b41faa4b2469340b,,,,
a65eb1330571d923,,,,
ae266027e3d76b39,,,,
64eb3982919dfe92,,,,
404fa823d1fc5986,,,,
3d54d71da9eb26d7,,,,
89f9a8be7fe9db3e,,,,
4732d559fec9ea61,,,,
7d8fbc69391629d1,,,,
24db2f5a2444d664,,,,
4ad0e2320e9c3879,,,,
18f58fb3c23fd460,,,,
c22e3b0d78c61b72,,,,
7233ca664c810fe6,,,,
e42b37b865a2bae6,,,,
c8d6348676a33308,,,,
bf30e2aa6980cc07,,,,
26760cb409a30738,,,,
b61394b2928737b3,,,,
bb74ee9a43bd86ea,,,,
4daceb5c4d5d0c05,,,,
039b098fb3ac105f,,,,
b8a384764a93e642,,,,
20a58bb9f14a20ac,,,,
37486d63dcb51a5c,,,,
3601d668b3bedf59,,,,
82d2377635c36a78,,,,
381948262b33ec87,,,,
39d5cf006866ce16,,,,
361172bffe1ca3e2,,,,
4c321b6d962bb6a6,,,,
3f5d5c1327afff0c,,,,
4e75e2cfbf5609f9,,,,
ac1037c2c2d67b43,,,,
ec81b50bfe1466ac,,,,
634b302a368c4ec7,,,,
3113f057199cde34,,,,
95bd0db9e90b3a39,,,,
a5e2189675529e9d,,,,
764c4d296f3ddc2e,,,,
5e8522cace3ec91d,,,,
0f29c68cc12a1f80,,,,
7a7e897bd7a967cd,,,,
067ab428a1a0a800,,,,
ee7d02fd440cb608,,,,
f3cf10eaa1db8508,,,,
44b79b5d0c213761,,,,
1c591a4d860163b0,,,,
271bc381e04dc1a5,,,,
68e5d7c1c59ea769,,,,
8e7e1712fdaf45bf,,,,
361199e2bac8b8ab,,,,
067b106ed0a5d3f3,,,,
57d23c6847fb4f0c,,,,
b1441549052019ba,,,,
79e86796bd6ee6b4,,,,
8b6923aa03844c1d,,,,
8a38b64b4f8e2aa6,,,,
9fc057e3baf38211,,,,
f65a02c4cfbe7655,,,,
8e9b23890922ee35,,,,
b8f6c56ddd0ad996,,,,
ca7a177404638935,,,,
e8373497f4871d10,,,,
ea33ca18b4cb5601,,,,
0945de49d114b628,,,,
a57ef5866497760c,,,,
97021f7ada00fd52,,,,
537caaf07c1903a6,,,,
52fb49d3b70c1342,,,,
1491417c28912df5,,,,
121d498c9d549adc,,,,
1c8baadde6173d15,,,,
e6e25ee5b8286501,,,,
a999267fe124c961,,,,
43529ad4bf35987b,,,,
b500fbe984a5e4d9,,,,
344cee53910d37be,,,,
c2aff8185b32b4db,,,,
53bd272718264172,,,,
485beb5511f04956,,,,
00c4c61f34311309,,,,
e85cf1f7e735d0b0,,,,
b503cc055a36f09d,,,,
a338d61c0e7ce99a,,,,
da37001fbedde483,,,,
3e880043b7a393ff,,,,
081cba294368d868,,,,
6760ad337914e364,,,,
53465323e5dcbf85,,,,
1359bb981444a4d8,,,,
7aa38a3238df005a,,,,
99a7206588c9cb16,,,,
5e59ac79e14f1d0a,,,,
3fcd186c38bda4ba,,,,
dac25e29e2bddacc,,,,
09d01a403078bc30,,,,
ec67ae5a1dc171f7,,,,
5b2472e20b817bb2,,,,
f726e803a4855bb5,,,,
86fce942b192ba0d,,,,
661003835b8bc785,,,,
6c4e0ce02520304a,,,,
1e6fa8d51c2eca3c,,,,
3e8923b26a72c80b,,,,
c4a577bc70209d80,,,,
c2b50305a0148d14,,,,
af05cca1bca415b1,,,,
4c2a2b8958c06199,,,,
cde9181bf8ea015a,,,,
805331460a26b8e9,,,,
54a300bd9e21aa8c,,,,
f6f79c842cfad443,,,,
0224acbd21cfed6e,,,,
3716ca2a5fda58ac,,,,
79a8cd35c0929786,,,,
31cf2f8c967661ed,,,,
9d411ceeb7b00237,,,,
911877c0812fb9f4,,,,
a38e14d66aa45937,,,,
2037598468dc5473,,,,
21092eb79086964b,,,,
ba0d7134c1a5de35,,,,
bc0d56793b90d6e5,,,,
9763a1c84e23c38c,,,,
aa40a66e27436c6d,,,,
824b48a9950b5f60,,,,
00f426e68ee9f834,,,,
d560707e1fb15e6d,,,,
715aeac64cbf427a,,,,
e2dad64303a6c337,,,,
568d4d8cf4091732,,,,
4269bd2c465e46c1,,,,
da6eb1ee7f98df78,,,,
fc182fd7457b9637,,,,
728cd2c5ec926adc,,,,
fdf7405f761ba7cd,,,,
ed14a344049743e2,,,,
453a46b6fab28249,,,,
144f165205ff4751,,,,
0d51c53c0c716199,,,,
0d4381c5dad2a856,,,,
4a781255ce571048,,,,
aa866043e3b46528,,,,
50c67087742d8d93,,,,
80b943cb76bd0466,,,,
df00ec99513eeca2,,,,
a42b4677ac15749e,,,,
9e108bea76ec70ae,,,,
ce59fe6a62b0e912,,,,
1456c8685b320ba8,,,,
aba1a166b806fea1,,,,
a1c712010535bafb,,,,
60b0bc4333b453a4,,,,
b402b630c552a339,,,,
0409017b8a363578,,,,
bad0b956956e66e4,,,,
dc6b766634e6fbff,,,,
a20b5a2d98c4dee8,,,,
db3e972bf6be7464,,,,
3a54f90217af3a2b,,,,
17b49752e2af2e9d,,,,
70318ee14b807b52,,,,
cb8f9a0de2212af0,,,,
dd018e126453e966,,,,
47ed8e30bd92f713,,,,
c52c6870b9927dbb,,,,
568a17f967dd84a0,,,,
bceae16156ebe1af,,,,
cb89199ad1616f0d,,,,
2201e11cb002b745,,,,
538f067068f773d7,,,,
75d641f161a07871,,,,
560e1e09d5a88c67,,,,
9e29ba9bb1021441,,,,
d8a511aa37fb7578,,,,
c179efff99e4d33c,,,,
eeaa0c68a7f0d416,,,,
d3c285df66a7a48a,,,,
d95c07b75d3eeaee,,,,
b48b3b504081e006,,,,
5930931cb73d1db8,,,,
ea9e303f1ac54349,,,,
83288e1e7dd06646,,,,
8576b959fdabf88b,,,,
ac54489749704dab,,,,
fc49f7d3bd9664a0,,,,
c89183ae55c9679c,,,,
fdad0182a62620c7,,,,
07cd8f93236df3b8,,,,
185ef63a0ff00b6b,,,,
f7662bef23dac362,,,,
718d983c20c1050c,,,,
8ec00c61364652da,,,,
c204520982263918,,,,
7ce54875111a45b7,,,,
9152f1a979ddb32d,,,,
3f0527ca454c6da7,,,,
fae31bd704d8143e,,,,
b7265411f698870a,,,,
3112581e155eab55,,,,
1b6e25e6cffe08e6,,,,
c6c56d3a60877c85,,,,
58a81db0c825b1e6,,,,
4682caeb1b2f84e8,,,,
ae0d98122e95dd81,,,,
80243c877d4be4f1,,,,
b6981bf008c1b54d,,,,
e3840f61696b820f,,,,
3e9fe87589893647,,,,
55cfee9f8d04f7c4,,,,
7a7c57ba18b31c21,,,,
285ff126ced9e91d,,,,
8c209d924d3878c2,,,,
82a1231555480140,,,,
4f6a0c429a6fce8e,,,,
9c886ed432ead72e,,,,
a1ca912550407c92,,,,
d016aa95e4c57490,,,,
f859f35c33f6e931,,,,
12288b939abe1592,,,,
9ec160f922334646,,,,
ee96c7ca67b8c831,,,,
32c129decfc2be99,,,,
9372650fc5a0880e,,,,
036ae28b56876c91,,,,
9a547ecce3706c59,,,,
b901eb1218499f0d,,,,
cb01a7cebe2feb10,,,,
c765aa931fce6587,,,,
d896e6fca157a273,,,,
5fa2d7ab42f70adf,,,,
40b24b05a646d864,,,,
3c73c44832ec1a4a,,,,
daf171d340a0c867,,,,
80e3260e2b6dcf77,,,,
80b2d0eec779fa6b,,,,
05769d90bb58376a,,,,
b3002ab78bfe80f9,,,,
aa32996d59e87317,,,,
1577c54c14ad8292,,,,
82ac98092365671f,,,,
df93a384807dd740,,,,
6932666b8eb13d35,,,,
66851ac2169573ad,,,,
ec238e2bf287615e,,,,
c7e8702f5746f908,,,,
5adf4174cea1f4a2,,,,
c2ca441153c14328,,,,
1a54add0d18bad81,,,,
078a94a6e34a8de2,,,,
afa730a8b46ef59b,,,,
2a285f6f113fa3cf,,,,
bb66cb84b750d3eb,,,,
db810201980476df,,,,
2acd5ca9052038f9,,,,
aa57b9e83ef913ad,,,,
eb8f10d4623259dd,,,,
031c5ba2aa2fee64,,,,
7f9c071cbbc08e73,,,,
d07cad107676d836,,,,
cca71ddeb23b6597,,,,
3ffab5ab96c43779,,,,
4a2c8095edb11d41,,,,
41f7c17de4b440ca,,,,
35c17ed695b1428e,,,,
ca0336c83c56c8ce,,,,
d4a0d8593ebfc0d3,,,,
16174887821d105a,,,,
f8209b4a0f86e7e5,,,,
2254e2c8f0ef1bfb,,,,
947ca5debcd17e23,,,,
d6479db733d8bba7,,,,
09c5f144c2eb90a9,,,,
153cf0d1c08cf212,,,,
1dd3d48d52a203a8,,,,
3b27ca958e9c7eb0,,,,
68eb270a43f29d5a,,,,
8b6927823f9f0a22,,,,
92bab08849d3e84a,,,,
44d9c3d6b9dd4b48,,,,
ee0b964b81377d66,,,,
62c1806d52647777,,,,
ca098226e8c0b8a8,,,,
3dbc953b83a5afa5,,,,
222774cf86c2335c,,,,
c4a117238b59ef46,,,,
6a54ddaae293e9d9,,,,
1677aa0e56c9c827,,,,
ee5d80eacdd5b1cd,,,,
9376b3433699bf92,,,,
9e85c1f3093b1608,,,,
f989a60f5e9e8a27,,,,
e97adc0876580a89,,,,
38c0e503a4e6dae9,,,,
fb47c13c4c4c66f0,,,,
a377c77b2247116f,,,,
6000d0b868c6ca1c,,,,
998ee701e0f69115,,,,
8cef7ee0b69c6a56,,,,
9f8a07e626a5f4e2,,,,
74c2346d82ad7e9e,,,,
812d9bb33488ddae,,,,
2e8bff4aac6b90e5,,,,
6bbe43a5f36a1ff5,,,,
e87ebf8dbea88f72,,,,
bb595cd63c2a2e23,,,,
b476296004dac1a7,,,,
1ce0d213bdbc7efd,,,,
3b13b13e3e494f43,,,,
3380cfaa4c918514,,,,
6496225440c4d077,,,,
24d3cb13818552e7,,,,
ff489fc4375b6551,,,,
7ad36802fe545eb2,,,,
e0064913f53d69b6,,,,
658fa72e5e742581,,,,
4c551afd7f186414,,,,
073e129cda8a5e2e,,,,
f3e1cf4f026d30a1,,,,
24168b50825260fa,,,,
1d6f1896b12b3489,,,,
425038deef440424,,,,
03b277cac3f7ef1f,,,,
6490cc40ed1eef1f,,,,
d8f3409095538043,,,,
7de972d00b0e8bfe,,,,
5af4a662bb2721f6,,,,
df2e62b0f565e940,,,,
004b3f5455d70130,,,,
b74a79b6b9f5dd51,,,,
64dd009aac09cdae,,,,
f7c6a417cbf94515,,,,
1b0e47b25f55192f,,,,
32f246e6bee69673,,,,
bbe8145ef0bf60a4,,,,
6f6e429c2a5af7c6,,,,
5c5d02d2d0a6f1fb,,,,
b3f9a165a890de6d,,,,
125242222dfc2086,,,,
a6dd7e4e65b409b7,,,,
1cf4b1c81f33beec,,,,
e921f64fea695c3a,,,,
c2a39a5c621376d1,,,,
5dee27005df57e33,,,,
05a3fabf415445e3,,,,
19adf50514551fa9,,,,
9987b715947163e6,,,,
4973d14202092efa,,,,
10eff2533586cd18,,,,
ab55473218b21e50,,,,
3eed16c66b420cbf,,,,
4e663febcd08ad86,,,,
e71698b8cd069c14,,,,
7ee6f35d06e496e2,,,,
d298067d919e6cb8,,,,
8f93038b15c07fa9,,,,
e7a1da98bedcdbf3,,,,
ba12ed28a3d247b7,,,,
e4450efb1a02efaa,,,,
191a8db77a45f23f,,,,
b85ba762ec501070,,,,
a4847d62453256cf,,,,
4dcf3e64c9b49dbc,,,,
68770896ea936708,,,,
82912056195c101c,,,,
97fb075bf133aa70,,,,
209b4231cfb5b917,,,,
1d67a8683c52971e,,,,
c9298afa1f486eb2,,,,
0a46fa589b60ebcd,,,,
bb9084845b775882,,,,
a0c072f3f8a2f9d4,,,,
eb35a0f97618f315,,,,
b2870992180334f0,,,,
e94a4de334320e63,,,,
74fd62fd5d36389a,,,,
f6e6222d898b6d9e,,,,
7c83005b72435863,,,,
e9326ac4048f35fd,,,,
35923e7db067e658,,,,
68381a0d35d607c7,,,,
c09607dbd57b182b,,,,
d505300482ec2e32,,,,
5b463ec4f51d70b5,,,,
f5cba78c8a152aa6,,,,
5a3de8bf809f4ee1,,,,
9e6046cf259e7334,,,,
45c18617361e731a,,,,
7bcd705dc2e2fb3e,,,,
6bb4c7c41200e007,,,,
131ef9b5e4039732,,,,
536e160b2f8f169f,,,,
4746fa8b6e7277fd,,,,
0fd3456530da7869,,,,
f5f1a73b6627559a,,,,
fc61eadc79fee2f6,,,,
35d84f61f64f0575,,,,
0707e04f0123626d,,,,
860cc49182bdef6d,,,,
d789e6ca93f564ec,,,,
4ecad223249190e1,,,,
14a1b5edc4333f48,,,,
2ff49c6e43ec16f6,,,,
a7d936f0124e933d,,,,
0a7d0687e0402346,,,,
9f133a3f8820dd9a,,,,
01c297bcb4f364e1,,,,
cd2fc95743f6d1fb,,,,
c4972ac93769a154,,,,
8135492dfb1e9c67,,,,
a193807862d77714,,,,
34758256eea95e36,,,,
04a1381318d19497,,,,
fd31d4754460f78f,,,,
a332e3fc4e0c9b2a,,,,
3cb9e5e6bfa6a5a6,,,,
30e00c2d4b58ac50,,,,
66ced580391add13,,,,
38d99ce37d5b34f3,,,,
3d388d0c9b9cffcd,,,,
c47a5936a433a3d5,,,,
26800679b191a1c6,,,,
55e1f3c51ff09de4,,,,
b2725d2dd7d45144,,,,
f52c0ea1c2a15300,,,,
40c09ea735414cbc,,,,
a1e07b562fb438e6,,,,
47b4d1e1ad7da35a,,,,
8f1b7c4b35839994,,,,
4a6c2983341c3887,,,,
15b907597af29db3,,,,
7e75ab7a0c1423a2,,,,
0147d8cfb148baf4,,,,
dcc600166f29adc7,,,,
9a34b41e7a939303,,,,
15506750f9f80a62,,,,
4dc56bde25cb84be,,,,
13813e634e9db7f7,,,,
2784184799536e31,,,,
3e7189ecee46397a,,,,
e3fe01c25bec666d,,,,
2cf8a6a6fdc78fc2,,,,
ed743477e762b71f,,,,
2a357ab72ce54bfa,,,,
d1e07b1cefad3f38,,,,
e7124f343db53dd9,,,,
89fffe8cd75a5a38,,,,
b126811009d9dd9d,,,,
a8ec5ab52be6f9d3,,,,
733ab8bf7accdab9,,,,
780c6956f0f626f8,,,,
133aceb101dd00e9,,,,
745b499dab62c474,,,,
b2bfcdf2492eb2db,,,,
73d89afece4e4f45,,,,
b1d033fae8b439d1,,,,
99504d7a82af5584,,,,
ba18d39fc1804cf0,,,,
fc422fe7979f8067,,,,
acdf1f9618dbed0c,,,,
3c874483801c83eb,,,,
ee5c2a994b44d344,,,,
5a697380aa54a715,,,,
5a043a91c9099e6a,,,,
0b5c12ecfee35cbb,,,,
a1b7dc25cba5e2d3,,,,
6e68b6b2595cd80a,,,,
dc0a356f46cdd692,,,,
915ff1e45d4e9ef4,,,,
fec043e9d6e68b70,,,,
e125ea901e1c0fe1,,,,
c5129f1df991d20d,,,,
5729d5b7c0a5af86,,,,
cfb40817e9789266,,,,
4514ed97c45c33ef,,,,
ec84cd59400c6eba,,,,
5eab77e930fd0e49,,,,
01571a87fcab2259,,,,
71e06177e280038d,,,,
59757db3f1dbc97a,,,,
6d88cf3ff46eb5a4,,,,
0ca0b09e3885bf6b,,,,
c9f72e8bea853f3c,,,,
a0173bf99e4367fe,,,,
c2f2a9af037c2820,,,,
3aed5e879484cf86,,,,
a35624e0db7c2c40,,,,
09a0d0e92202f830,,,,
8adf5da703ecb0bb,,,,
30b1f5e3f4dc4ab2,,,,
c8e2a2bd6db857b5,,,,
7d87bf74ba203f52,,,,
835fa7e2ecc41b4c,,,,
49e03eee39e7003f,,,,
0f97f43485d9c123,,,,
48f3dda19404b672,,,,
e09a5667fab694ae,,,,
1a68c15f69b44e62,,,,
9de0f14c6ae4e18b,,,,
def62df1f3827a12,,,,
ba973426d671eed6,,,,
7392afc26894ce02,,,,
bb2b35b079db52de,,,,
efcb015787be6169,,,,
993047e939fbb04a,,,,
a11d44206934e1d2,,,,
0d5f8f4400b17f99,,,,
59d9b82b8bb132db,,,,
de6852ea412b94b1,,,,
49560e78b1f14f9d,,,,
58fe0c75ffe255e0,,,,
72836e3735e39816,,,,
7980ebb2af48b181,,,,
4d6a55809af966f4,,,,
e77e7e8d4fd440a0,,,,
1a413c4addbdadde,,,,
f47945314f930156,,,,
b23bfd76671d05d3,,,,
937098ca37505075,,,,
f507ff560e547da9,,,,
d7757952a0e9fbbc,,,,
86546043cd5abed3,,,,
76b78da12d7d8051,,,,
8277d2f1b437861c,,,,
63b8391c9797c1bf,,,,
9e9651ec3cb98aca,,,,
954e943e7a88a48e,,,,
39af1d1ef6d5a8b8,,,,
233cbc99dd8163ac,,,,
186ded8fa12dbfea,,,,
8240ef4f4f74eae8,,,,
f8cc317643a767eb,,,,
b49948542716c197,,,,
21e335d4e1c34e26,,,,
45a9c49b32365e7c,,,,
92bc38c8cf80205c,,,,
84e9144b88cb2c2d,,,,
dc07c26953d7a683,,,,
73dc23fce13e8dbd,,,,
a298e71be4047e70,,,,
128c611e0b908346,,,,
7abad24515f70f95,,,,
34434d90951de1c0,,,,
33959d65ecb836f2,,,,
dfe85931d313d3b3,,,,
cb2441deeefa85c6,,,,
966d5acda03e3dda,,,,
29ef364ddc0ee7a8,,,,
2f39f3450330da89,,,,
d10e0f46f6d67bce,,,,
add02378dacc9a93,,,,
5df1ec5a14a6d024,,,,
dfa2db85863192df,,,,
b9437bf825fe63ed,,,,
5e7dd908bd6fa66d,,,,
443b3d499763b5a9,,,,
5de3cc037db53a4b,,,,
820a80d17e108500,,,,
4f38d26cd00da400,,,,
5a5396d541c4f6df,,,,
2d3a6b33aa62a8ce,,,,
ab31eacd8ceb6609,,,,
81d7ab4f235c720f,,,,
2492878da62d2226,,,,
04a58c0d21edefae,,,,
c209cb4a30d44a78,,,,
d2928fb6273c3fc6,,,,
57a3ff49d248d306,,,,
e28f775e1ecf7bef,,,,
638733a9ec1f4a5e,,,,
952f7ab5b602ac06,,,,
ca23669ab32f7abd,,,,
911b9e29af8581aa,,,,
bec53d3bf45f2391,,,,
40a8a6b479f8111c,,,,
d016297a6b4e2ad9,,,,
c67add1e9305701c,,,,
419c10570de143f0,,,,
db68d5d041425416,,,,
78e60a93b36d9fed,,,,
8fc0d70cca70b1bf,,,,
d977e1d3ef66fbdb,,,,
5663b677fb4d5bbb,,,,
bf809aa7b1a1f6b0,,,,
b9c32c81fac2e6bd,,,,
2dc4ef7f6c21aa8f,,,,
57767f2ca85e3215,,,,
27b638a813b3a197,,,,
a1e3092c1f17e708,,,,
e45f199a8aa8bc27,,,,
f1842de10ffd85bb,,,,
d9e155f764fa4903,,,,
9c531b0a442378df,,,,
cd51b959143e03c9,,,,
88f2a8ce3d68b9d0,,,,
7dc0acb6376d2860,,,,
956381ad86435ed8,,,,
0132b06ee2465096,,,,
8793e17063855fce,,,,
afa54148135b159d,,,,
24f3b94567bf27ff,,,,
63058b7d49a38209,,,,
fffe69382c700626,,,,
ea4f69d868a743a6,,,,
6b5a3c2e00eb0ad7,,,,
5fe96202166d7623,,,,
d51d7d0d70de7724,,,,
60f5ae71802dac39,,,,
18ba7b82df70bece,,,,
1b3584f638577b8d,,,,
5c100f3bf69b086b,,,,
1737d39f49e0b7a5,,,,
e9e1d0aef7d34adb,,,,
15ec021cc10b75fb,,,,
bb16a340738162d6,,,,
9245384cef1199c7,,,,
07366cd8b46f4493,,,,
68a9838f102e505c,,,,
f4528cb60eb530a7,,,,
9a6cee7394e7c621,,,,
e4fb110221bf4813,,,,
4bb1fdeefe7d30f0,,,,
956d64d32a096184,,,,
dfaf8a51c2a97d4a,,,,
0481bf4d94fc7209,,,,
538ae0ce57108f9e,,,,
f5a77ce9bc401cae,,,,
e02b15fb22a244e8,,,,
68724d3d263b9d8f,,,,
6b20f90d16c0ac95,,,,
fbf57efdcc2ba579,,,,
66938490c0abc8d6,,,,
1759c2b42d34703e,,,,
ef834a8e30f8dea6,,,,
293350a2abc8c6fc,,,,
2435bbe6203d20f6,,,,
de68c25b3a92263d,,,,
b6b1bbee8cbfce50,,,,
912e88393502d389,,,,
6cc3df463b3f0258,,,,
1f0bbfe7e0e09489,,,,
edcab3a2924eda57,,,,
e45c4e2226f1c6be,,,,
92bf60ad9026d7f6,,,,
fe9b102295d8e573,,,,
edf885e77419e9eb,,,,
7db02748beea7943,,,,
af19769241e3377e,,,,
90346d2208304950,,,,
efc067438066dfd5,,,,
92d556d00d25d3a3,,,,
f45b7fb4cafdd7f9,,,,
b2599cf3f2eadc2e,,,,
08ecd09069f701de,,,,
d85ef8304ddca346,,,,
16597f1282d09b3d,,,,
ad17d4fe50dd697b,,,,
ee83df92509a0209,,,,
1db30cf42fdd8005,,,,
4ecf8b1163b08c87,,,,
4dc075fbd1c2dc7c,,,,
7384062d98d22243,,,,
dd8252cb54a899a6,,,,
8fc381e7aa129901,,,,
6af4de9822569e8c,,,,
acad9c1e199db336,,,,
8c59ee8d4b34db04,,,,
a9c97dfede28f71b,,,,
c74788d487e75e6e,,,,
8a8960db9fc58fca,,,,
ea8e56b314a7a04f,,,,
46a4d35bbd0b2322,,,,
9ad59b8a4c329380,,,,
a4f39953ad3f37a5,,,,
51ab21841aa42a36,,,,
6f6b98aaaddd93c4,,,,
500ff441a4a30cc7,,,,
8144f26820086132,,,,
b7df34036145ecf9,,,,
c87b94ee0d1ab5f7,,,,
78bae63af6c08e08,,,,
f2e8e1d91062be93,,,,
79e11aeb703a5bdb,,,,
281ac79e5bba9908,,,,
cd9820866eadba49,,,,
5a3ba7fe126e9f87,,,,
2bc46c160d3cad0b,,,,
3f120572c52db670,,,,
6c9b472367a77ed9,,,,
1f4e1f45a310de49,,,,
463e0140b24e797e,,,,
677c5f35e78d2e36,,,,
16afa14fc8404222,,,,
822ebdc52b6592c1,,,,
9ed4a6b4d8621175,,,,
d6ab9a4e8d07312a,,,,
29c45845a4cddfd5,,,,
c6e73708552bf0cd,,,,
b888f33163911a08,,,,
9f9c62068fb15a11,,,,
0ccf6aa0d125f8df,,,,
e21bd4ceef640dac,,,,
44814a3a8a806525,,,,
40afbbed462e6eac,,,,
e513710e21546c62,,,,
8b50af710eba9334,,,,
fdfbc5eed4079dad,,,,
4ad82e1c96cd30b4,,,,
440cd62e3c766220,,,,
111d745ef90dd110,,,,
444fc1e752f8c0d0,,,,
39d9b01e53574d0b,,,,
a73b7835687b0f66,,,,
410693c277666c91,,,,
c4b1f249603ac4bc,,,,
3d2060d32f3b9305,,,,
b821df68d395d770,,,,
13851d3fb2d92411,,,,
ac16ac46facbd0b8,,,,
b5f42131258358ef,,,,
b7e29b66b44357ab,,,,
8469d5cb352af7c6,,,,
720e7ed5e7721a97,,,,
8fae209c4b3e4a87,,,,
04df8a8c2fe66bb4,,,,
3d4e581baa097ac9,,,,
53efc097eb0b480c,,,,
9a71446c755a67a3,,,,
b8401b5057a1b15a,,,,
75bfde2999fa2cee,,,,
759457490dcc25d4,,,,
6a0077c1b7b5f1d4,,,,
c6fb535c7a1980c6,,,,
513f416d8882aa6d,,,,
8c5560b10640f5cd,,,,
46e90ebbb53bd924,,,,
17d28d8db8c9f960,,,,
07223244ac24ce77,,,,
bf765e08450d7cce,,,,
499ef4736043b6a7,,,,
d1cbd5a702712fba,,,,
69da557fe4f6f47b,,,,
dc9d3448a8da10fb,,,,
8b883ec53acf63a1,,,,
0358e3873e060129,,,,
9604c03924a7748a,,,,
d55757e009b058de,,,,
eb1bea2a95f38edd,,,,
517d609b790a5483,,,,
cc097a3f7ffcd997,,,,
bc9ca38a7c4edb24,,,,
b0638844cf38f8b9,,,,
967bc7a1ce74d3c5,,,,
eb5125ea09d679b7,,,,
fbe591842a08244f,,,,
c59c8bc8358750f3,,,,
569e7a34058293d2,,,,
7f0e2c86811921c3,,,,
3d3f0ff50526b16a,,,,
b27b88dda7850439,,,,
06b88f99eb6ec6bc,,,,
c40d2090eb900f93,,,,
82cbaac37cf2ecd5,,,,
cc7869d2e8ed1830,,,,
7a55bc6bccaab03d,,,,
50bb54eb76b97a8e,,,,
95f277e0412d7ad8,,,,
26fa0a6cd1b7e645,,,,
0fb5fd4810133af2,,,,
9a521f0f6449cfd8,,,,
917657b266e8ae3a,,,,
f8bd1b8cbadfc15a,,,,
8fb42cf4094c8d75,,,,
7c44f909c4af3ffc,,,,
80acee1f0a78d43b,,,,
363a76075b536aa7,,,,
751ca4650dbfd90d,,,,
2d576e64df32839d,,,,
9aa7c758431949e0,,,,
926b42248d952b47,,,,
0dc47ac1646c122f,,,,
85c6168f42b405c7,,,,
42748e831e62b7e3,,,,
065eae4403d3509e,,,,
a6beb1464d3d5b5f,,,,
64cccd5eae7aac18,,,,
244853054637d930,,,,
12838632a9e678ea,,,,
6a15bc3333582ed3,,,,
4863d58f9db8bd72,,,,
220f54f80a7c59c5,,,,
0a03c8cd0b65f450,,,,
0cd60bdecc7d0204,,,,
e32bad81d1aced73,,,,
1989335ef57c4d52,,,,
e43bbefdca909231,,,,
f74804337aa685d5,,,,
3d7ee2bdc3414443,,,,
bf3fd20c96d539bf,,,,
1fad1dae345e653e,,,,
8b034411e027a1f1,,,,
dbd1195335409b96,,,,
a4918f37fadbc7c5,,,,
d93692124e72d048,,,,
a8ce917599571d8e,,,,
90e713eba85f5328,,,,
1e33c50e6368acab,,,,
1a71de73e49280a1,,,,
26121f89b6774f61,,,,
778966fcb9159291,,,,
0332bf50256a1db6,,,,
4bbd42ed1fc3ef59,,,,
82f7be11c28ab17b,,,,
9d20bcde26bd0249,,,,
4d5407b8f8153f00,,,,
3e65bca59d7a513c,,,,
832988f1debe4b83,,,,
e7ffd55d0e140b16,,,,
dfb1e370ab2accec,,,,
1866a7c062e0057b,,,,
a442558526cc2acf,,,,
9ef9cc13e542939c,,,,
f23246989a0aa2fb,,,,
01f455f2726c20b0,,,,
231352e1b09aca04,,,,
caa5661599d23d9b,,,,
8588c557215e8d8b,,,,
5be986fd78e9c289,,,,
1e2fbcc1ee7021ea,,,,
56c61a934d213c5b,,,,
eba94bc79fad01e0,,,,
9cba3df8ad0c0222,,,,
e9a9e19bd44a22f9,,,,
243411281b134820,,,,
c56ad90d6b8034d2,,,,
2c88e42866777803,,,,
6ea709c4f8aed365,,,,
b07c5bcddde61308,,,,
a3f7629f3b8f7cdd,,,,
07965f0387b3aae3,,,,
720915b937df0aa6,,,,
18956120c532557a,,,,
92a5fd56d7d0358b,,,,
94b7e148fbcf475a,,,,
2f6f32e406925b49,,,,
408ca35048d1d2ae,,,,
c8de628a8f5bd072,,,,
6cca08e6bdff7b24,,,,
60cbcf0ad6a7c278,,,,
846e9526397bb27d,,,,
a1e9063153558689,,,,
a4fac90ef57a724d,,,,
802c5001591f70d1,,,,
38c84eb4b5227a7b,,,,
c7ea914e7ee556fd,,,,
ec71437e7d789080,,,,
869eecdd97ba0e52,,,,
d6b695d65668063c,,,,
b2975eb6feaa6217,,,,
ad78f122fdb1093c,,,,
8c657e9f4616c477,,,,
c31ce6f6929b42ac,,,,
da6a53c4622e51bd,,,,
aa7792797b4cf7db,,,,
af56a589e18d9f3b,,,,
817a15b6f17b4d5b,,,,
ff56083458ab79bb,,,,
de0cbe8141b34943,,,,
272865468a361c5f,,,,
283247f7a31c008a,,,,
18baf2c29e093827,,,,
9146ff59898fd2de,,,,
2e76c4ac4fa5b1ff,,,,
5e72ae5eb214b9d5,,,,
41a6927e9079ad85,,,,
2584ab067b9b0433,,,,
91012cbee03c9151,,,,
61a7375eb0b655b6,,,,
c50a287559e74e39,,,,
adc389aea023b842,,,,
bc6ccc7da6115e3b,,,,
b6b3f07a846a2b17,,,,
59490b1b5d5b63eb,,,,
2cff568a0b800ba3,,,,
981e7ade06dd6e9f,,,,
5df98446fd7c3898,,,,
c936c54bd81abde9,,,,
6e177add1a44f681,,,,
bb85677af1043608,,,,
f8676d817a9d1206,,,,
09d481b4cfabd9cd,,,,
6d52bf21e9d6a041,,,,
e39b095bb09ca2b0,,,,
a8b83989127c44bc,,,,
b6bec4066cbc30f9,,,,
85fa71a9b969c66f,,,,
cf85f069bb8dab40,,,,
b6a3bf3c03c4c5ee,,,,
e8e8d8d2f413e5fc,,,,
99d933c0ecbea917,,,,
d5d04035348c6e94,,,,
35dae993999b7a53,,,,
d93714cf9e6a63a7,,,,
0701869c289b18c5,,,,
5cfcf6195a631b45,,,,
0f70476dc959287d,,,,
c823eab1e99fa60a,,,,
5036fc3d6a54aa89,,,,
101f31bf0a3eec74,,,,
4450b54ed1d1c864,,,,
1f4420ab395112ad,,,,
0f203757f098f849,,,,
addd8ab0ad81178f,,,,
7555120077898ff0,,,,
b1a6e696de159dee,,,,
38e2e627d2f4cc80,,,,
f35d36f54abf0c0f,,,,
ac245cb82cfef769,,,,
c92c0d58e70ce503,,,,
32dbd41844161de8,,,,
35efd720e347a7c8,,,,
87a32b3ae64a7bd5,,,,
9213aebc3405e5ab,,,,
eacdd5577d35c7d1,,,,
1fe0b234213976cb,,,,
600a03786eb6b6e1,,,,
ea92f82ada7a2665,,,,
1f91b6b198deb084,,,,
f09d5d74f9addd85,,,,
24dafc08943b55fc,,,,
b7962bd02e01e448,,,,
964296c60ef17531,,,,
10898beff4555eae,,,,
309076d2c5f9a3a1,,,,
0f54ee467ab60920,,,,
03bf8b103957f4f3,,,,
b5b35fb259d9f2a4,,,,
a6a9313b46d06e65,,,,
299066ab60cb81a2,,,,
3cd118f3eed0f4f4,,,,
e534d4d1a2b3ea9a,,,,
8a59a03da606554a,,,,
8b5b67472a7501e3,,,,
4c38b34c92f87f4c,,,,
30ccd517b333e5ab,,,,
8a6b1ab5e133734e,,,,
8d4d10f96a4ebbe3,,,,
cce805e6d07ef53e,,,,
8aebca57aa99c491,,,,
9c7a0009123099b8,,,,
9997704f8a8e5737,,,,
87c5f613817a3fd8,,,,
e834cf45474a079a,,,,
e37e2405d92b78f5,,,,
12a6947a740307c4,,,,
7c3a7ad561dbb028,,,,
7db2be17316ca93d,,,,
94766a1f2af855d9,,,,
3693f594595d30a8,,,,
25860fc2a62b55b7,,,,
316285d864bdb8a3,,,,
b565a15e2fc38dff,,,,
5891df5f7c834822,,,,
c61d13ac12b1af19,,,,
76263c33dfdd8b3f,,,,
fe84ab95a6b02d4b,,,,
83e17da962ee3f1b,,,,
8d52eef6737fd237,,,,
291611cbd04f690b,,,,
1f33f2f52a0bc09f,,,,
6774eab5c314afde,,,,
1e71efede1458d3d,,,,
5be9c39acbe98447,,,,
adda4b6dd9faec71,,,,
52d594c5ae54358b,,,,
08f6b0bc6386d6d4,,,,
7847809b09862c9a,,,,
4b76e248779b295f,,,,
b730c602abdba65f,,,,
78f95ad6563791de,,,,
678f25ebc959a3e7,,,,
43d7f5f961973ae8,,,,
b5da9f6226e3978f,,,,
3afed11495c97bb2,,,,
e7ce0a0e8896e4c0,,,,
31401687aa1fd1d0,,,,
1dbdd93bdbcfe46e,,,,
04c33da7a9ef4845,,,,
613b5868f718d8f0,,,,
47c48cdce16d3df3,,,,
28318ea51722babd,,,,
3c60e42a38c48972,,,,
984174297ceec5a7,,,,
c209428a274ab5ab,,,,
1a220f0a68f8efea,,,,
e2683a2b31c433b3,,,,
d32eff757b3fd2ab,,,,
7ab7295bfc286c88,,,,
b13e1c92f435012c,,,,
063b0568e1d8e60b,,,,
6132d10e6c400cfc,,,,
d45038bb5083dedf,,,,
0dd43bd23fa8b9f3,,,,
fd0dc3365ae48a92,,,,
bbf3d51b15c480bb,,,,
cc24f3626664f318,,,,
8262f5055de22770,,,,
ce96e33c2f0ac83b,,,,
9a9e146da5615380,,,,
2d325872f583ff43,,,,
76a455221f02d573,,,,
a195b801a89f1c32,,,,
6f53e98d6c192835,,,,
407c17db1d283f60,,,,
258f00b2840f271b,,,,
d4ca6e46dd1a66dd,,,,
8b80a6429f7e1555,,,,
db5ca7d4329e0b31,,,,
b1c5b3fbf5e5014c,,,,
23e91b8c10edbbd2,,,,
57e4bddf1e784b2c,,,,
a6abc947d572719b,,,,
bc58f4235f52885f,,,,
9ed3bfcacb2045e8,,,,
34c618c6703bff4e,,,,
ad6ff90e7752e63e,,,,
89b37d2e501858e7,,,,
f986cafc2b054ff1,,,,
e83df53c33ffd035,,,,
50bed5309883c64b,,,,
ebb22abd8b6eac7d,,,,
d4c3a4e33f4a053a,,,,
80a05e34d69abaeb,,,,
31c8ed84bba84e41,,,,
072bb3cc817786f5,,,,
4b319107e07e3bad,,,,
b0d907ece14dd1bd,,,,
8e3557187b9973a8,,,,
c02f6bc97c7cdf67,,,,
0c26f04fde804cad,,,,
aafcf1b59422aaee,,,,
9a5ab0162a32fd9e,,,,
68509c11b1da4e37,,,,
b30ec893c8ceaec1,,,,
290df977c7be995b,,,,
3a8f7fc72fbe67f5,,,,
4120f2062f549470,,,,
c14d25d4b12f5be5,,,,
4c64459e64e7a933,,,,
b697409776f5e6e4,,,,
50b6cfc9ca3390bc,,,,
e92390347b859b22,,,,
314094449c911659,,,,
71e822d46e35f864,,,,
bed6da0fd7d89e99,,,,
2dbdc7afc78ee5c8,,,,
f3505b43f816d7eb,,,,
3e69b9fd4b310b8e,,,,
8282e5ac8f4b9650,,,,
2bd82168e4129584,,,,
a790ef4651600670,,,,
89d3a9cd644e098a,,,,
7d42c803d592ded7,,,,
ceec1b184f9f2db3,,,,
9a2c558f47ba1d14,,,,
7bac29aeefd08d58,,,,
d04e300f1405291f,,,,
77afc83fa2fbce2d,,,,
01babdc5196e1239,,,,
8eec7a54fb99db31,,,,
9c5f4bc23d1a6079,,,,
d07882831ebf5f33,,,,
2cc05798d87bd9e5,,,,
f045e81a4def9847,,,,
7f8d4abf461b543a,,,,
d7e79b93b3e99177,,,,
1e574ad6f4fc54b1,,,,
a4ba937d249c1af8,,,,
e1c67438a161f617,,,,
645dc80ad489390b,,,,
813f0f335adaa886,,,,
62849ed14fcac0b9,,,,
ee1a179917fe03f0,,,,
2a75516a8c897c37,,,,
2e074ff7892e0229,,,,
872198c44eef585b,,,,
c05da0819436cedd,,,,
42410d8f0c67f903,,,,
ee605b7f8620bc95,,,,
70f0fbd9be063c20,,,,
dbc70098ef816937,,,,
4a07703f3154503b,,,,
ad0ddae7b94ca59b,,,,
71086fbb3bdb5045,,,,
5c98ae9b3fff9e3f,,,,
ca504fb3b8a25d6f,,,,
93570dd6b1771200,,,,
dabefd1a185aa15e,,,,
703f47ec7001ac0d,,,,
9043725a9b5132ab,,,,
81b30f65b065bced,,,,
ed671f95e69f9f06,,,,
d87a67aa0ff564ba,,,,
2eb63263607109a6,,,,
59f77c748163bce5,,,,
ab23ba088b8cc40d,,,,
5e4c4900a7020032,,,,
380cabfcc5fccc7a,,,,
7b6c5646891b6e5e,,,,
5508cea8aa3b4484,,,,
cc56ace74c405ed6,,,,
eb8d481d129a1904,,,,
43df938d4aacebe9,,,,
eb390f5ced46efeb,,,,
e5dd04305fa3c420,,,,
851fa5fee4e59562,,,,
659b8d2fd37992ed,,,,
6fe45e81a88eb3a1,,,,
30166da25f52fce9,,,,
39ed6e84582af68d,,,,
755d898ae96a1943,,,,
b8e063a83001a424,,,,
7501ed69aa7b2c7d,,,,
14adc936270c6c5d,,,,
39488347103c8c3c,,,,
99d8c653760cadfb,,,,
b40447865732bbd5,,,,
db999e9a28e91191,,,,
4175d742b185f694,,,,
88bdc8d5f50f6565,,,,
42136c6b0fc8ac48,,,,
fcee94562b26c34f,,,,
fddb961d4006b848,,,,
1a8284d83ee8f3ba,,,,
b129566519f81942,,,,
0dc3fc3f7b368fa1,,,,
ae5ae24983beb070,,,,
baef178247062860,,,,
7da43849a4c5c440,,,,
c89bc5d5a18232d4,,,,
ea5e6b7440a06508,,,,
332db9b300afb711,,,,
e6be5f687ef8cd3d,,,,
47e3ad906cc27e2c,,,,
57071e5f201fc614,,,,
6c08a479bd872833,,,,
dea3d940a5d5c886,,,,
b02c941ad83bf2af,,,,
8fee70aba0039811,,,,
bd0f8a21a2fde0b4,,,,
001bd0c89148c8ee,,,,
e9437ef253a8806c,,,,
96d8fa0c4947d3f5,,,,
b128e4437dc0911d,,,,
352bad92c3cbb12d,,,,
1507e54e5314a1a6,,,,
b9af8a7f32731b5e,,,,
243364dc3514b99d,,,,
2bb161c673a1b73e,,,,
dae93f180138751e,,,,
31cd623d2e7359e0,,,,
dc709575362c37ee,,,,
8882ea8a46f3c519,,,,
4f5482bfe69d098e,,,,
efea25e85a7ef424,,,,
b9c9229395d86c8c,,,,
04cd0bf93363c29e,,,,
f467f9fe05e8a621,,,,
ca13b89c44d9a9cb,,,,
460bab3bee7ca640,,,,
9003dac21a3d4967,,,,
8727494a56354d55,,,,
7e324ddd54d1a2cd,,,,
88f0748cfac00dbb,,,,
834095326d5c4430,,,,
8345cb3ed9fbc175,,,,
c2d8b5935b6e0654,,,,
68425152f58f3499,,,,
7322edd1aa3e39b9,,,,
91336ee9ee263231,,,,
c113e8ab16048a2f,,,,
044a24f4789af60e,,,,
fb10311fcc61de19,,,,
0a917c04809b9c2a,,,,
4968c15178cf9a27,,,,
fa7d7bf0280e6253,,,,
4546d7dc3b58a541,,,,
f829cb6495bd5abc,,,,
e8be50868807a013,,,,
a7a23e4337c61632,,,,
3a00e90184f1c772,,,,
de9c1f647f3c8077,,,,
1e3f913590015e87,,,,
11653bd1578bdbef,,,,
db3fe87e43d0f8ba,,,,
a6ab6ea561696677,,,,
e1a8ac64b74a67f0,,,,
d71d4173d2b8944e,,,,
4a8efcd3508ebdda,,,,
cf36a98a2ebd86a7,,,,
aee350142fd28884,,,,
e39299954a83002b,,,,
4245b4e5fed25b07,,,,
2df0f52771d1bf68,,,,
b1a03ff8bee948e9,,,,
f73df205a3d5178f,,,,
b2b171ee09d31500,,,,
43802ef41aeffc87,,,,
6b3e0646449ee5d3,,,,
98f7374cfefcf65d,,,,
02ea689f9f640e3f,,,,
4219d2366cecfc58,,,,
018598caac44e00e,,,,
b10e09f86182653b,,,,
2e30a00c69cf81c8,,,,
9e3ee27763ab6a49,,,,
0e9c34b297a55796,,,,
e65f2b2b5e0b4730,,,,
29a67d4062fec3d0,,,,
5f08e3c4132e5856,,,,
1b0d4655159fce09,,,,
92426da6ba66bf8c,,,,
aee57e571a359f2a,,,,
aced5f8c1ab48f2d,,,,
75ec0afc1f844a8f,,,,
533c0558e8d0baed,,,,
5754dac1a14e0c0e,,,,
5973dab210ab1fec,,,,
b28ea283802580d6,,,,
2e30166b1c171e42,,,,
1e6375a6b901426b,,,,
8c896aae368ee15d,,,,
63540438e02ed771,,,,
a7e5b1ee81ff0f50,,,,
9b0a8f1d0ce28e28,,,,
72155714381cf126,,,,
c49c5c440280f58d,,,,
92677558874414c7,,,,
cd097bdaaebc6ca7,,,,
b869e251407e72ec,,,,
ab3be708d2442f54,,,,
9ae5466e4a2b6bbd,,,,
f84e0293c3cb7c6a,,,,
1756c76f9f4b5ce7,,,,
ab253d447c928d9d,,,,
547a19578f1d9b7e,,,,
50d116e4ae4eec14,,,,
e9f626dff9592fb5,,,,
c7015510c71528aa,,,,
d3afcf2009a35bad,,,,
3fce6e2b9a799e74,,,,
8dc0e8ac55f9468e,,,,
e6ca8f93692bc53d,,,,
f4925d7c6006d948,,,,
c6c36ef279aaf585,,,,
34e19f35f6df37da,,,,
ad21274b9fc3c8c8,,,,
12fe0d74c9c4d650,,,,
3e90b9ff99e26d5f,,,,
2df22b7d97d191e2,,,,
0ec55dcd46b3877a,,,,
fef16f321056abb7,,,,
1cf6be3b8b0cd54f,,,,
147b2aceab668417,,,,
01e101f5ce86dc8a,,,,
cb1148bdc249ac99,,,,
5a64f65d945b109f,,,,
ccdc5f959e6b1e97,,,,
b04f16e658895f14,,,,
d2b6418dccdb75e9,,,,
61b282546bfa40b6,,,,
785bd973a67a4782,,,,
e0c62c32232f890c,,,,
74be959e491b906d,,,,
0849e2c98a8965da,,,,
933e80c11dcab96d,,,,
c714838670a5251d,,,,
b7db8bb84fb96049,,,,
b2996db9d797d803,,,,
7161eee2321d6109,,,,
94a103a6acefca22,,,,
71ad77bb6338d2a9,,,,
c9b6a1fec70e86bc,,,,
c7433e7bbbbc84a3,,,,
fe7d0d1dc087e3a2,,,,
a25ebf0c8af71451,,,,
1ed005263ef53394,,,,
d6a8dc6f4110fe57,,,,
876dfcc5a6098e4c,,,,
f96ec55631224c57,,,,
80126af4bbd55cf4,,,,
76bf666f167f102c,,,,
899239e2b8f897d4,,,,
db2642e784115dab,,,,
cf9f07fff5441e64,,,,
fb4cb2fc00df6c68,,,,
eda95220985ab79d,,,,
83e5a7fc2e2c604e,,,,
d8191d0cbdef856b,,,,
82e63c95e50e9273,,,,
b2e6e169b78159c3,,,,
1977379ea9b2d221,,,,
636d573c18746e4a,,,,
69c210e064f1f9fa,,,,
e30c3babc59d4774,,,,
849afa40c52153d0,,,,
86aa5ccca1d4d7cb,,,,
cc0e1844556f8259,,,,
89dde45b8fa35aec,,,,
43f0b8fa3cf851f7,,,,
bd03a6837af2c565,,,,
1310d5042fdde9cc,,,,
af562e695a014861,,,,
5c3afb5e7f29493e,,,,
a32ee04fb57b1e05,,,,
d160ad4e12502437,,,,
412c7617bc89bafb,,,,
12a42e7c38aa6ab6,,,,
9b8bb1e06c0dd7fb,,,,
21b405da4b17c9cc,,,,
76cf1a820966b0f7,,,,
08005362219d8e9b,,,,
a094bb1982950ee7,,,,
d55c5db8da14efd1,,,,
fe27d73d7d2beec6,,,,
d73e02c3aa03b88a,,,,
85b2b82fc1b0de09,,,,
8850404f6058408f,,,,
f0666339f5339145,,,,
007abdfb016a3778,,,,
04276e8be55644bf,,,,
cb1a7e469d083b29,,,,
811aff2766df332a,,,,
16d70410826eabf9,,,,
eb6c19928a757825,,,,
e89edb72f79b3d46,,,,
b41dc1cf75a8cd7d,,,,
592c39b7d74db2d4,,,,
981d18815ff2972e,,,,
21b6a51f34a4efc9,,,,
219ec719c96d5f3c,,,,
3a7ba18289c947c8,,,,
b5c4cf8471ea28c5,,,,
074a3fbb8d191afe,,,,
f1e7aba99f522264,,,,
060b2c7663b38211,,,,
39bf8585481b5c45,,,,
7d33f6bafd0e8892,,,,
794be187a11de3ed,,,,
3bf9c9c2f89cc614,,,,
4c7e3f251830f0a3,,,,
82bbe16e9c4e3458,,,,
e07eb66037e37f47,,,,
21ae7ce117ec9e1e,,,,
dd11f2224f074035,,,,
534f0a2668708b19,,,,
9273dd586e090ec4,,,,
7fe6c3781619c576,,,,
076af6fb902252e5,,,,
377db34d30714cc7,,,,
0911f45c8f45361d,,,,
6346e224271b9358,,,,
9e750d1930e4326c,,,,
9cf68ac44e811291,,,,
8f5ca6b88652da46,,,,
4b919a179cdfcbaf,,,,
8df2d73ba0ddd23e,,,,
187ee8444ad630f0,,,,
ac2539e583f03765,,,,
7efc643929566d26,,,,
6a48ab293acd6926,,,,
e52b59ba7f1c23c4,,,,
8c4292a844b5d49b,,,,
cb9b7435dcb91fa6,,,,
15e4d8dba4469f16,,,,
da55e41b4e608bf8,,,,
efa403584a9bc036,,,,
33393d0881b21922,,,,
7d1adf5e72fc6f06,,,,
837100dbb122beb7,,,,
be04864ab2a22087,,,,
15e800a4d006fcaf,,,,
f5cd7599d997e82e,,,,
f4d09d6d95c16782,,,,
7ea08fb200454e89,,,,
a7f4bc0d62086eb4,,,,
1737cec249cfb09c,,,,
f03409f301bc9c01,,,,
7a15300984e87b49,,,,
b55a111e42369d60,,,,
3c03087bfdf77dec,,,,
87e92e77fd61cdff,,,,
bb0f614d901c6a10,,,,
e3d8a0ede736c13c,,,,
4e84f396416f9787,,,,
b04f6d193b2b2fc0,,,,
890e4bfa6fdb50d7,,,,
5c28b8cf54d6c482,,,,
5ecb4daaff35ff7c,,,,
5ac103757597cf6a,,,,
b86f802d017a7cd1,,,,
318ef50c6bdd017b,,,,
713f0529e3e69470,,,,
8fd8f85e47a0cc20,,,,
39d626e061498742,,,,
19caa83a4f4503b4,,,,
5947b9ec99dc7d40,,,,
387c054874ac2d0f,,,,
0e10a2a88bbb379f,,,,
431500a0d75f521b,,,,
203b7803f8f38266,,,,
ef8b0b8be8a88322,,,,
8825a2af017d706a,,,,
6b9b9efd3579d85b,,,,
1daa658ed7fa1242,,,,
62849013c9a3d28a,,,,
72ff05b9f0461e76,,,,
f3142cfeecf76792,,,,
22b2a822716be454,,,,
ddfc1039272f1174,,,,
63fcb332981748d8,,,,
2b3bb8d0cda58516,,,,
f6a1e95e56c65538,,,,
2272de8ed4d1a7f9,,,,
4bf7d0f79cdeaf45,,,,
146269deeac746f3,,,,
52db92993c37c9e1,,,,
3f98972bf5d0c750,,,,
f353e5711d8f4993,,,,
fbd0c422e5fa5122,,,,
2e2da8d63e00d202,,,,
eb3d7c98577d268c,,,,
1c59e62475a09cc5,,,,
e7391041e6cb1533,,,,
ba774117222b6ecf,,,,
cc058802177e5444,,,,
e550063f7bca9b2c,,,,
407a9a063a6f0f98,,,,
df06e0845f92d4ff,,,,
ad792291d2b51325,,,,
adc55e0fc41de952,,,,
d559f53079d9cad2,,,,
2c4d4e4f128181b4,,,,
7b9d1e9ac3ef62db,,,,
ac4d1523a3b087c7,,,,
39cad482531ef7f2,,,,
fac4c06c88448cfe,,,,
ce77262c008fce75,,,,
c8c8c3b4514dd57b,,,,
5a15965ae823fc11,,,,
a7a952481de95e1b,,,,
32d253b7d87201cc,,,,
72490b61d8834f55,,,,
67c5a4c4f1dba639,,,,
b7cfbe7680cc8265,,,,
acd3fcbc3c535a8f,,,,
8881dc4009ee3bf5,,,,
61f32c034fc6cdc4,,,,
df60a82d586fac1e,,,,
c399a1f42008c35e,,,,
d7c2f9d40aa36683,,,,
7ef3de6e61c9767b,,,,
38c5df25a6fb69f2,,,,
41ef7ab3d9f687da,,,,
58ec1dbd95928bc6,,,,
b4264e7b9095a6cc,,,,
cd89e160099fb476,,,,
03ea13c8aa9c0cbf,,,,
42ec4096e70ec07d,,,,
1edefa4572aaa5ab,,,,
d4a41cec86472644,,,,
cdaaa2317d664e99,,,,
d4a1da863b8fa7f0,,,,
c2dbeb2c76cfd7a7,,,,
2f5ca986505dba96,,,,
b26b449366eb45e0,,,,
4adbf27f2cb8b62a,,,,
66b9d3bf2a1ed493,,,,
0dad627eb4327451,,,,
a074868b769e4b48,,,,
22aaeb89d727f06b,,,,
5343c09310bf428e,,,,
fe971bf84ea909d5,,,,
7d41f7d7f23957c9,,,,
a5cc0b1ed10c9520,,,,
bc8ac43ff0656a6c,,,,
cb3e3b9a026f6812,,,,
c62cdfa1bc517a6d,,,,
9d18031fbd53afc5,,,,
5258c88f34c52521,,,,
7af05d50078fe3bc,,,,
32975902cbb4f52c,,,,
4d1e08b8603e2045,,,,
a9b34c375cce61c3,,,,
40e0d8115406a825,,,,
a82644c07b6f419f,,,,
e2a60f7b7e1686cb,,,,
af9fe933faf6b1e5,,,,
3691434d0c803e92,,,,
c0cebd226b6a23d3,,,,
3078b838ec83b4b6,,,,
3fc2de70222304c4,,,,
22e8931c032f5764,,,,
0bfc3396cad9c6d4,,,,
722d6e6462389473,,,,
8385b3efa57093f1,,,,
eebf84104c152657,,,,
db92db2a0b3bb98c,,,,
55e72a3d0099d204,,,,
549c55c053fd47a0,,,,
eac5c741520db6be,,,,
77f08aeb1eb8ef10,,,,
8ef9266c940dc374,,,,
caf8310720381eb6,,,,
d548eb7cf25a8ee7,,,,
dc7e6c79d4509524,,,,
8139157c911af778,,,,
a29dc36d996f6f97,,,,
abe3928340c50351,,,,
c2c0764649b4e641,,,,
ea86b0e9111231c0,,,,
f4847cd7e13c8272,,,,
f7faf31875c1c0ed,,,,
5837a22a8fe55f83,,,,
039299de8b8f9a99,,,,
39b5dd5618d69349,,,,
5d2861e20185a78b,,,,
1a16d742e0d67f51,,,,
167f34ea97666d26,,,,
3a9a701dcc846a2d,,,,
e51aad0e317435cc,,,,
6ea3dab35b43b1ae,,,,
ceccaf6ed80d3867,,,,
af1f7b91be40d4f1,,,,
a259da01168d4994,,,,
bb247ac7cff94122,,,,
993362ce18dd95e9,,,,
0258a89f18da9f64,,,,
5fd92ee7261688b2,,,,
135294781feb7fe4,,,,
aef0c84684c7cec3,,,,
d134ac3d978f8e2a,,,,
a34e32a480c20e3c,,,,
beace8919ff71049,,,,
15ffa121797ad710,,,,
079df73fed5731ce,,,,
db0b610443ee2cc5,,,,
885072626f9dcf31,,,,
bd759cd5116e395d,,,,
a08af10a42044b0c,,,,
e07f379e532f41b4,,,,
b360e281cae8fa55,,,,
6f9db267261e5c78,,,,
afaa11c7a615e427,,,,
3a223359851755fb,,,,
677632eb6106fb97,,,,
58a0bf7afe9fc0b4,,,,
f840203c3213dfcd,,,,
38798e5fb7cccf66,,,,
94a11de1e7f1fef0,,,,
40425fb1d05a8d82,,,,
35db1066b2f55cf5,,,,
d2b78acd0176d8bd,,,,
f89b06a5057010d4,,,,
e8c38397ed7e4092,,,,
22a6b74c247eb132,,,,
6935341bf60b0b6c,,,,
e4131991456095c8,,,,
ebdc6a348e7d2dd9,,,,
ae07c0cf782f7eb7,,,,
806279dcb9adbe1a,,,,
7acb19e729fda1dc,,,,
69f1bc9981ab6777,,,,
b7e8948a18a2e71b,,,,
e9b377f41a1388e8,,,,
3e08427bd4c96034,,,,
fd7273ec76f4ecf6,,,,
789fd0c287330185,,,,
6935d7d425620a91,,,,
ecdd4ae29e6828fc,,,,
ee2a765e8621c4a2,,,,
fe7460abc3986f86,,,,
60bd2c8a5e982ea3,,,,
611c70b25b6b6d3b,,,,
1767b95b3b0f002f,,,,
e60cffbfac0a6446,,,,
c8c23ec09f61dfe1,,,,
636765a31dff6eff,,,,
06c0c20b4f133913,,,,
a71808280710fc48,,,,
a2f8c424b8ba4acf,,,,
d0a5a0d523a7b73e,,,,
6ba4fde412e3540f,,,,
875f4832b5fc70c8,,,,
5065b7247647b4de,,,,
b8df1664b90104a0,,,,
4f4a433d758954b2,,,,
c827f30e130edb25,,,,
950101b6f3a6aa3d,,,,
8ec7da083d1d51d7,,,,
afd764e77e2c2628,,,,
ae83cd6fe95c7776,,,,
65deadf4cf339080,,,,
1fe9d1e8d34a17d7,,,,
614a6df0c9cdcc79,,,,
747ad4f9c993cab5,,,,
3ffd5a04b74ce93b,,,,
2f1f8bf55266f483,,,,
f80b929a4ea62b93,,,,
228f1ef498c361aa,,,,
aa1d36c18429ef51,,,,
fe0317d80433a5de,,,,
ea82973383048c13,,,,
0a4af1262f0b9696,,,,
d8b72416e77196ad,,,,
6dd7862598980271,,,,
01700b5d0e00fda7,,,,
70e00b3a88f88366,,,,
7723d1f0a9c36b4c,,,,
a6cc1150527f8364,,,,
6c372889bfe6263e,,,,
7e907fd578073b01,,,,
3ede384496dea90a,,,,
7bc40805183cd0b5,,,,
98a8284537c78e59,,,,
5c880e83b77ec444,,,,
e8a2ccc42a68d019,,,,
35ff2789081fa969,,,,
7a554bd25607a9c4,,,,
65c15b92415684a3,,,,
8b09ca14814cfa0d,,,,
c120631f19ae9beb,,,,
5f6e38044cac5300,,,,
2b3d80947a9b80cc,,,,
9b9e0114d44031b1,,,,
e6a7342cea4bd58d,,,,
b663a7f3c476921e,,,,
a2dcb357774ee681,,,,
6743b050c1d98c94,,,,
fac4d67bb29cfab9,,,,
34ac0eb20541f6de,,,,
c9e9d0a0bf7efbe3,,,,
4c3424541a4404b2,,,,
3af7dafd100b8aab,,,,
63c7f9ae9088863f,,,,
459783b34ea08610,,,,
a992c8b296a7a4a3,,,,
46a9427ee85fe382,,,,
7a0048dbfb0bf02d,,,,
e43f406d72a3517e,,,,
8479dff6d822f781,,,,
bb9945de5d9b47c6,,,,
e08b8f48bc4deb2f,,,,
5c288d05a1ba0bac,,,,
0c3f84385d9a2311,,,,
dc83515eb1fee4c5,,,,
3cf5a26d9fd4324a,,,,
1749a0c065977338,,,,
be832c66ff085bf6,,,,
a8323dead209bbdd,,,,
42ce95b72c04b6c3,,,,
b6143fca88d92147,,,,
b4c1579b1dab1ec3,,,,
c95c426e825d1ec0,,,,
b88cbb2355375053,,,,
98b147fbd67ac284,,,,
3dad2ed5744f7c6b,,,,
6224fb60b400b3ae,,,,
0753fe914fc03c21,,,,
2e616aabf0074932,,,,
413b415bff949617,,,,
a96efdac6562c547,,,,
25117c7b5262f2b3,,,,
7a39cb8700ba1225,,,,
d8f3958fff25a112,,,,
99019007ae1c3f5c,,,,
b0b7cccf5fb4feb3,,,,
9df8b6d301fd4da8,,,,
33b8f7de82887597,,,,
a1c94d6978d36926,,,,
6517a5d0842979ab,,,,
dfaf680725d9c9f0,,,,
fe615dcb6399661c,,,,
b265db9cbd6d5d20,,,,
b5846385c80ab19f,,,,
11304ce9b7857c7d,,,,
cda676356e55e47b,,,,
19ced681f5388405,,,,
e2e90ad9ffe3fd13,,,,
1708bf94ce5ca939,,,,
0c071d6492cd5402,,,,
86eae73440dcfeca,,,,
3716f267702f4913,,,,
1bc3f3e066c5ed5b,,,,
dfff4cd60655f866,,,,
e7f1f1cd07a5077f,,,,
caf729edad822e8a,,,,
549a355b15fcdbaa,,,,
5d6b2fc07c236ae3,,,,
c0d24edc1dc3d4f2,,,,
757834a18be52b53,,,,
33bfb87bff2768eb,,,,
0ff86dce81e80ecc,,,,
7df23078a45f59d2,,,,
91b3d8e4455d776e,,,,
0c26a79075f029ee,,,,
675b58d0933ef4a4,,,,
958fc352690a6564,,,,
bf1feb8d186411ab,,,,
7c2b123fdff12e7d,,,,
c4ff6bdfe684c5c2,,,,
fdabd3a4be9404d9,,,,
ac7406a87ace9128,,,,
3595a8ded4ff04f7,,,,
6c5bbc66867b799a,,,,
88c60e6a25f46112,,,,
084b69974c0a89d4,,,,
ff04574d605d6e41,,,,
fec4d713674f8db1,,,,
aa0cb8ec00148d57,,,,
e3f5d08d04c9b05a,,,,
fe98a51f2879eecd,,,,
0b46a0623fdb6de6,,,,
a3da9103eb61892b,,,,
de57883da120f3d8,,,,
fae4655befc87f7f,,,,
38d53f3567678a33,,,,
53b3f9b1471c060e,,,,
56087335483e8935,,,,
90700c0542dd7334,,,,
44f9dc6d5463155b,,,,
30db1aa44546ac8e,,,,
5535c41ffeb642e9,,,,
30b6b4d0f96421f1,,,,
18a53a0a72b328fc,,,,
7d85a2c25102b64d,,,,
d8b69eb12096fcd0,,,,
6e935432c63a049b,,,,
3845807ab765e5b2,,,,
d77f7a86deb1dad7,,,,
89bf8db8d9966db5,,,,
e1311406d7bb8fa5,,,,
3987df4f6a347b9b,,,,
2581e126fde5e76d,,,,
67bbf8c7d6b87b5c,,,,
59c21792f2f99304,,,,
13f76a5ccd44c2eb,,,,
bea61a447110ec9e,,,,
1e7f80eedbaeb001,,,,
05fa23d76c4c2efb,,,,
a839df7b2d383e3f,,,,
19c61e4c4d7c3f10,,,,
6cf32050f145b777,,,,
5871c8d61aa57d23,,,,
67714f74cca2d320,,,,
e30e0f3829739f9b,,,,
b4626e2f4805e537,,,,
d5c383f6910c8f39,,,,
ce97a668b7b83db9,,,,
42358ca88897b39e,,,,
a03e536a12cf054a,,,,
a84ca1833f4d9c96,,,,
0efcdcc04cf17326,,,,
6c4d55fd06d898df,,,,
eb9d3da56933ce43,,,,
bc92b6cf10f1a721,,,,
46266f706528d441,,,,
b5b74ea40ff00eab,,,,
ca08bec18d91c5d0,,,,
46469243ffd1bc1b,,,,
eb01fa95d2056f30,,,,
5b3cf44ae0d95fda,,,,
c318c923bdbfc1c6,,,,
516f40fc30e884c5,,,,
04d160e6130d5fce,,,,
f662375b427c10a6,,,,
39401661d6cda180,,,,
9b6c2cd6d83713d7,,,,
e37c0c55b3139a6f,,,,
6f6f879edb3e5e80,,,,
47ddae7a2ebebc59,,,,
6713826a3c501d9c,,,,
d74a016f8b149c5c,,,,
6a8ebf6c234f4e96,,,,
d10047291e3d3f71,,,,
ccd3479cb28a8974,,,,
9784782b23d2740c,,,,
9e0f7693e997a89a,,,,
40cf9dfadcd6b52d,,,,
5c796cdfdec095ad,,,,
c45250bf724cd8e3,,,,
8abd9bb2923b6557,,,,
ed5d0df1d388bb1c,,,,
d18af314bde5ce56,,,,
4ad67385d8d15a46,,,,
902467d69550b6f4,,,,
c0f9013fca2c92fe,,,,
e8d450a19d02c632,,,,
e9ee154a17ec6c90,,,,
60b9353ea77f24d8,,,,
dc3546e57b49bbd0,,,,
e51e5c09ae06b30c,,,,
f51cf3e755710cb7,,,,
4a7f4b5ed47463ca,,,,
a8eca91bb13e2ad7,,,,
18b23c5b1c732dfb,,,,
6881d3ffb6254169,,,,
c9d2d33e7046777c,,,,
4e168d56269c7e6f,,,,
22b5040ff73e1fc6,,,,
ed87566046cfed39,,,,
3a2c053f0e04f78b,,,,
e373e823c9274f4c,,,,
bbf481198bc5d7f1,,,,
01d5cc40649163c5,,,,
57201851b0e37951,,,,
0c3f429c70507fc5,,,,
61c085569a1b26a6,,,,
ab8938bc9e536fbb,,,,
25e941c8b6454f17,,,,
d5776fe2e7c51e45,,,,
96dd7555500a5f36,,,,
b871a197663694c3,,,,
5303212952830295,,,,
c0552b2d203c2e19,,,,
e402d02913ed7eeb,,,,
6905ddc740dc139c,,,,
b4e69bc5133f4189,,,,
036605daafeca4a9,,,,
57281c7f88446a7d,,,,
56098ea4f9c35758,,,,
011f4ddab4bb457a,,,,
384f57fb61b8e284,,,,
2311863a1ffd54e2,,,,
187ec534898a0887,,,,
4cd72e0fc0149f97,,,,
772144338228c004,,,,
784cf14671bd6217,,,,
037dae93bc34654d,,,,
a7f2d779f5f279a3,,,,
61a3efdff1b7fd88,,,,
4ed97827289c8d40,,,,
6c8a5a9f78938229,,,,
d3fddf99667e6e7f,,,,
7ad35012866c903e,,,,
e3130411ec818f43,,,,
accc4b95e36616ea,,,,
7e253c8b78828112,,,,
e10df4379770ce43,,,,
cfaf51be83953f3e,,,,
8f2012aa88c2a8bc,,,,
9dc88be059e56aa7,,,,
b87634b95a87c2af,,,,
0890f59d5c101b30,,,,
0acb86ea00bb55b2,,,,
d237c035203d5a60,,,,
0c3d4ded44e8019c,,,,
01b2e78b4fbcfa7d,,,,
921291af0038e651,,,,
a9eb23d871e0a880,,,,
a6025fe8b71649ac,,,,
c5e64fa04865a0e9,,,,
f836145e5353a3b6,,,,
58a6d82b7b2008a4,,,,
0463fd9391f538fa,,,,
fcba6c9a65dc6495,,,,
eafa1c49eae40c28,,,,
4f0adc752f31b409,,,,
f98288ef97af4435,,,,
419d960a85154859,,,,
acde419df82785f7,,,,
bbea505ab318e3cb,,,,
ba31aead57d63ea8,,,,
2e2f66efc40afa12,,,,
66a7a1c931d3ee95,,,,
91e9c7d2ab1d1870,,,,
852bb6e8a35abe8f,,,,
5bf44fa630ca2719,,,,
4a3765d5ad43b846,,,,
f59f641587b9376c,,,,
5906ed307963a010,,,,
018a6ec67e51b1d9,,,,
839eeb29429febba,,,,
e2459012a605a2ac,,,,
4689c94e40000b1f,,,,
6cc02e07b0924fcf,,,,
39146260767418e5,,,,
aa4fb3ece29a2aef,,,,
dd2dc94e26c530db,,,,
b686f23f4a86859b,,,,
7156ae66a7375a55,,,,
0657800fcbdba7e8,,,,
7c46e9646c1566b3,,,,
b2fca905806dade5,,,,
94fc25bbeca4af94,,,,
945cd8fa7b0c4455,,,,
2a326e2c057a7dba,,,,
0bb3037b16661d78,,,,
831b9feba2530ac7,,,,
283020dfd6d2c802,,,,
7682ace5d50c1f0d,,,,
614d9bab2f785d2a,,,,
755d72dacd784e32,,,,
09ee0fa970bd3ff1,,,,
899c266520eba339,,,,
0bd72320b9f59661,,,,
6fb379bd69ebaeb7,,,,
1b2b5ad86e698daa,,,,
1d2f423003958d97,,,,
48563da509193ecb,,,,
268b50b297e88200,,,,
6c24e63658144f25,,,,
227e493c1876f856,,,,
e0b5034761c52918,,,,
4918a21212580ff0,,,,
02ee903c6726e7f9,,,,
4beea97515791d69,,,,
bdd6889f9e5b00a6,,,,
59274ee2c228cf1f,,,,
d67c41ae3fe3794b,,,,
afa9a7edbe04b886,,,,
5717e26766a8bce9,,,,
05780f38c9fa9370,,,,
586bf735db2500b3,,,,
e99be613c24dc976,,,,
5a88bf3b91009cf8,,,,
29e18ef6c8817765,,,,
7ae8145766193632,,,,
b2730221c7cb0985,,,,
3461f8208930cdf6,,,,
43b76ab2a5cec730,,,,
21184ec0e60137b7,,,,
6148415611ca1ca3,,,,
6dbb4247a8895fda,,,,
f0b015096d4f5e5f,,,,
60fc578a07bfba50,,,,
a3f5648bd55328a3,,,,
a1b81f871fb83518,,,,
9f74232ec3dcef3d,,,,
e115074e82656c72,,,,
cc0abca9b82b3845,,,,
3a066988c2f77204,,,,
fe77ccf35d6842c2,,,,
7775b7d8ef76c008,,,,
2ead6ca9685a6e55,,,,
864577ef42e06f5f,,,,
1e3ec68799dd9d42,,,,
9848e91c9e84329d,,,,
8e77b3fed444d0d9,,,,
1bec8463131c972c,,,,
60af97339956ea58,,,,
336edcc69fadff58,,,,
32120a8e920a250b,,,,
170a472378d9d512,,,,
47af51d1d0d7c5c6,,,,
12fb5a629dee1db1,,,,
a47d8219f3c50859,,,,
5d729e9d373c538e,,,,
df9519f2d1186070,,,,
01c10abca47ba944,,,,
683fce04a2ad66c6,,,,
a68e995c3b84b4ef,,,,
cc1172b2388d9dec,,,,
153ade3f60910226,,,,
9fdaf6af45ac46c2,,,,
ccad19fba5e6e9de,,,,
88beef9c373f5f57,,,,
0222cfc238e82028,,,,
3f485ca9f641ca0b,,,,
bbe5811b2e640a58,,,,
1267c146ff1bed4e,,,,
a03d976ae19f2e36,,,,
ad02ff2d3a7ddf20,,,,
1782c3dece0aff1b,,,,
96a42a811d618aae,,,,
f8eee9ba4b8a251d,,,,
9074d01a9235d727,,,,
ea024f70f78942e4,,,,
2677c605629c5c9e,,,,
9a8865fc25efef9b,,,,
1a46233b0156979f,,,,
e2530bf74196f37d,,,,
4c5aa54b1c4a2ff4,,,,
71f376b36d55485e,,,,
0728917185b3b607,,,,
84458dd9b9bef9bc,,,,
dca1ccae36a5426e,,,,
fa5d114787fcdf05,,,,
19d294bbc3bda4f8,,,,
6b8f34b64406e707,,,,
1facb9762fd02fe8,,,,
cd99f5d22c3a9d23,,,,
e79f9e83ada225fa,,,,
f51eaed525b6ed45,,,,
4650c309b894e8ef,,,,
6bf8df0d30d2cdda,,,,
829232fd9a8a9917,,,,
6d972e8a0155d275,,,,
ad685d3d1c9c557a,,,,
5fa959d0edf77558,,,,
0175b612f905a180,,,,
1115e9e94a12a5e3,,,,
8922d31423fd10f1,,,,
40a0e69e5fef1ab6,,,,
4b3031b7395f959c,,,,
3d33b4f113cb03e0,,,,
81f1c2d2d9ad99d3,,,,
0e664efb3fa167b1,,,,
8e5a303e5c56d533,,,,
0d75d06cbc06f167,,,,
678571d54a783eb1,,,,
888ccd6dc6d11e02,,,,
ebc11717a9de3b31,,,,
9c7f76f751ed4ccc,,,,
d432c1ac7fd0307e,,,,
735f1a614556b577,,,,
433fbade0abf12b2,,,,
fb45349998d28a84,,,,
1a49918daf63dc2e,,,,
c5facda74583f070,,,,
d60c6c3d96ff9c8d,,,,
565413d0dd55e12c,,,,
8430c0893fc55c79,,,,
e4cd79cff12414b5,,,,
a281f0336fa308d8,,,,
2fa93bd1a8059a47,,,,
d3e47edc3cc9971f,,,,
589d7493355b33ee,,,,
582af4e099e60021,,,,
0e8a96e7cf765332,,,,
1ad71f1b44f40d10,,,,
76ea810915b0d75a,,,,
d198a222b2e900af,,,,
ce8a42d667911324,,,,
f861f3b47268f009,,,,
5700ae93477cf329,,,,
43c823c578e4fad2,,,,
fc8e5352d3a6d9ea,,,,
fbdc4a94dc18a055,,,,
3179ee183410f399,,,,
c78e2708ef3a2683,,,,
8319c8e2d45cf7b0,,,,
71539d95039196d9,,,,
54c3f6d686403c2f,,,,
1a6bddc678cbe8f5,,,,
77d1c36efba7f890,,,,
f830a2cd9b115349,,,,
1f0add86f13da710,,,,
15131e2accecff62,,,,
4488a6b3b9bfff2f,,,,
a8a00c286a66acfa,,,,
44fbefff7ac3d940,,,,
f6efa73f1c3fb722,,,,
44c7e98bc9f65156,,,,
4f09815f94fc8303,,,,
867e6d792018b303,,,,
9d0eec6e38a6886b,,,,
0d7670e7af0eeae1,,,,
5631d6a052b01c3e,,,,
a7c97bfb1dd9d94d,,,,
68e764ccb39449a3,,,,
b4d23edb5dc57bd9,,,,
a5b156145e7690da,,,,
273b356f240ca48b,,,,
6464f511687a3dcb,,,,
1d289a50a268686a,,,,
a88074a0c268cea1,,,,
07dc59c6849c865a,,,,
eae6b300ac207da3,,,,
0114af93e4468e7b,,,,
f63dd40000e51cce,,,,
4cf00837ae33a473,,,,
ee4e8e6044a84ab4,,,,
c51a8a8c2c6c412a,,,,
e924fb9b45a3d49f,,,,
3be3e94aeda19d9a,,,,
6c9211b8b5bbd6a1,,,,
4ac753c58cfba00f,,,,
317ae3f377af4743,,,,
61a5a53abdefaed3,,,,
83b5adfa79eae453,,,,
4510267b6debea95,,,,
79b61526bd570368,,,,
a7569cc043d3a3ff,,,,
abdb7b4704fd571c,,,,
c15975ebaf5c01fe,,,,
a58d177829ab93d2,,,,
f3ec46226d4508a0,,,,
042440fa505ce71f,,,,
d29b5e4491682e96,,,,
1b2670ddc6772f6c,,,,
4ebaf26022a6abc6,,,,
949009a331e1b8f4,,,,
f1eb1abc2179845b,,,,
f62a0f64a9f8fadc,,,,
bb94086dea779f80,,,,
76b1fc0cf3a6d3e4,,,,
0ab30f10e57e1ec2,,,,
f86792724b8587db,,,,
b55f099b166a7804,,,,
1b84d53c31f5abaa,,,,
e8bf727044926e7a,,,,
14204ef14f61fe55,,,,
d8759d3979e463ff,,,,
e13c4dacd4439b02,,,,
38d610017bb64257,,,,
fc05d7cceee33495,,,,
2cdad1d981410374,,,,
544158e6df9ee0f0,,,,
cc668e3989570565,,,,
a897b9ff60b78707,,,,
5e7617169a059642,,,,
c2bec3eb215bef41,,,,
2ba1c6ef9be85818,,,,
f0a2f2ac7bc354c9,,,,
5e89da6da8d49202,,,,
17ef14693e34bf78,,,,
0a5600130d8807c3,,,,
c23c0242066ceadd,,,,
87c692857221caf7,,,,
ca13bb6af01f2d99,,,,
ebfd84462420ab50,,,,
a463b3d4832f5e64,,,,
b0887ea5c78b160d,,,,
305d98b27cbaa3e4,,,,
5a37f0325e5490c9,,,,
55a5abd7b4c202d4,,,,
2b33ed44be267ed5,,,,
f9c62e0d3b5d451b,,,,
2c118431de1842b5,,,,
a87535a9be0881cd,,,,
d13ea09f031e6b79,,,,
7b0ae94907ac3e4a,,,,
2f773ba3c7fb3aa0,,,,
ac9a7007dbb9d119,,,,
faf50a9e2c017f9e,,,,
01d5a3101acc2c66,,,,
9cd99a6c00ce120b,,,,
bab81d1d4a87e7dc,,,,
1c98fc325634b973,,,,
a260176e27ec4a64,,,,
40c9892960c02239,,,,
9682795f032751bb,,,,
5410b9a49f3d270d,,,,
96c277bf2b37ea52,,,,
36dfafe73aae5d01,,,,
5ffa879dbb48cbeb,,,,
0f6ed9b3e5f2d8db,,,,
c46e057fbd285f6c,,,,
fb3c1342509f61a6,,,,
c4e5bb0c94b047e1,,,,
02d9f968748936f8,,,,
752c7aa425c30134,,,,
2827c3d99a56b2a3,,,,
ca03396ea0d26e75,,,,
de03a54efebade93,,,,
464103bcf9736bad,,,,
a4eec7298361af95,,,,
a870bece1f8c4e81,,,,
9a24a8c0edd47526,,,,
ef1c84a1d9ab56d1,,,,
d272c2946b66f44f,,,,
8df51dccb31ec9eb,,,,
8743f2193dd7e04d,,,,
a7a6831375d991e3,,,,
5ddf6b0afa4678d9,,,,
896d4adb9b3ebc6e,,,,
d4cff920f07004f6,,,,
e182e6fd73736b59,,,,
7a4908d8f6ba7621,,,,
ecc4eda82365dde2,,,,
0f6e66fa1839416b,,,,
db64b36d85a41bde,,,,
3f2c751fda262199,,,,
728d7744477b371d,,,,
e0e1900262e6f4c3,,,,
e295bf408428d8bc,,,,
acd0ef597710f456,,,,
128055d6ffe9c514,,,,
87640aa6c04bf53e,,,,
f6323be151d1d5e7,,,,
f89008b6cd907d1d,,,,
14b8dfac01799688,,,,
16cce1f2bf2e198d,,,,
fdd3d9552057d948,,,,
f9a8ed0bc80d5472,,,,
0779da483b530aa1,,,,
345c1bf3644d25f4,,,,
4a85f51c3eb5c95b,,,,
0e62644b31886756,,,,
83eb2ddfd5befbff,,,,
3d2c850de7bfd089,,,,
013c5c57a864b524,,,,
92679b6731906e45,,,,
c39d546f65d7e9d1,,,,
1759c9143fb917a3,,,,
e2958f2e5be5aa98,,,,
1eaeb723b73a610b,,,,
ea78895ac07fd491,,,,
c002c9ad8dc5938f,,,,
973062541dd436b0,,,,
080936637d62d0a8,,,,
93eb70687cc00610,,,,
7b4aeba79389b47b,,,,
f7ccb93a2a9be29f,,,,
23cda477697c4686,,,,
b22d9900ab65ab1f,,,,
65b97a238fff733b,,,,
f36506c05b869992,,,,
d1ae859206174a6a,,,,
055ecf47cda1756b,,,,
51f33534abb5c05c,,,,
027d6b6609c87d81,,,,
b12202a1bd676c65,,,,
2155adacbc384e51,,,,
4e14034131794d7a,,,,
0da4104187fa2788,,,,
dbde67893d2217a8,,,,
e9bee1f0328f819c,,,,
69f795e8c6636d9a,,,,
6b3569f5e7c2ef58,,,,
26a0b68009a4ad62,,,,
2556f466bb83ab10,,,,
ebbcb09ac29828ea,,,,
14529ec8d3ab523e,,,,
5c367483f9375a47,,,,
ab8c164a61b09aaf,,,,
b41216671355316f,,,,
47165fdf57aa420f,,,,
e9d5f6b87120c360,,,,
dd566d76c0a42c63,,,,
e56fc98c3c49ec34,,,,
855e1e7a6cfc8dd0,,,,
a2af112731f52baa,,,,
9508284b7f1f1307,,,,
d767eb8191c2e3de,,,,
c10c879a8df90992,,,,
e76a6022c5742a86,,,,
06fdcf5be7dac3b1,,,,
045feaf064f2836a,,,,
9f186eef19b34618,,,,
6e0498bda620cf3e,,,,
3edb149d5d75921e,,,,
82b3c7d00d4762e5,,,,
a65a80b0c27c0801,,,,
064070dbc8f0f603,,,,
5fe5042d8ab2358a,,,,
15fc533c7f9b1a2f,,,,
6a1cb10b9500303d,,,,
ba053cc88c4c87ef,,,,
52410a1e1ac438bf,,,,
4c38fb0ebd7f5cbf,,,,
d5cf53fd474570df,,,,
d140d7b601df4f7a,,,,
e62ef24caa87f8e4,,,,
deb97862700f0f67,,,,
9479bea5df252b89,,,,
821e768259898e30,,,,
4643e60e0693835a,,,,
ed4ce93445669bb8,,,,
bef01ceef2b20ee5,,,,
88479df5b3c2eb02,,,,
7f21fdc3d8e74955,,,,
f2e7bc70f083a5a7,,,,
8e8204454930cdee,,,,
8a9bb589a38b375a,,,,
1abefffb65d5b61a,,,,
624425c752f83580,,,,
f8a8368983898fe6,,,,
245033ef8eff1cc6,,,,
8bf878e40029da80,,,,
9d19c22ca3334025,,,,
f09d11d2f8a73d05,,,,
aac506e240ba3761,,,,
ff657f0424a8af9a,,,,
c5a38070d47ce10b,,,,
9bdf4357ea538a16,,,,
95d0ccd17b33ecfb,,,,
28f2bac0a1ad1357,,,,
bbbe64d7018f8c40,,,,
8005c8042756d426,,,,
3b5bb3bc54f401d3,,,,
9d65bbbe4c1519ac,,,,
89a79204d3a5bcdf,,,,
f002afb08c17f9c9,,,,
d17cbb1e4ffaf254,,,,
ba64754ea97aa786,,,,
550b76355451667e,,,,
f2e607bbfe2eb36d,,,,
5a0504ec24a450f2,,,,
84ed3e5da0bd0847,,,,
7251a677d8b4247c,,,,
52bec99a714b3bd7,,,,
db41590d0a680640,,,,
be5012b546872757,,,,
6ae7319f49bc479f,,,,
207ecfa074ce91f7,,,,
11364683861300de,,,,
af4b777f1454fc36,,,,
77f6f55ddad30c97,,,,
145360940db63f17,,,,
9948cc155167e095,,,,
156199b95c2dc208,,,,
3abfd7d36f1540e4,,,,
f0178921247d3615,,,,
f60351741fcd6503,,,,
6a6042393fdd26ea,,,,
be3fc514255536db,,,,
d83a346b5b930401,,,,
d970fd4ae4550d2d,,,,
a7ea9d2afe587ece,,,,
41de5e6ef3440e5e,,,,
7e6e067122b487d6,,,,
32c7c5c24636fcb7,,,,
d6b6be91b0f97a36,,,,
5d87d1b0a4084b22,,,,
df3a5d608af4e8b8,,,,
1fdb20f1889f7366,,,,
2e68e81355227ed7,,,,
07e4dafc52f55462,,,,
a9f0794a1a2eb1ee,,,,
ef3a7dea6bd4887b,,,,
5e34ab95ddf0385f,,,,
25ea555076c4dff3,,,,
cef8e3249ca69c0a,,,,
e6d1fd3ac144eba0,,,,
00b7804df8f12c9a,,,,
246f88897d2ccd15,,,,
d712ca1991bc8c38,,,,
beb11b1b8ad53df6,,,,
258f9812c0ac3f91,,,,
c8e78800af01aa08,,,,
9920e37c88917272,,,,
cf145b9aac2e8845,,,,
4df24a412dc14764,,,,
24d8d69fc8505c6a,,,,
01e464319b1e9160,,,,
504cd9d3b92af43f,,,,
5ea7ec05d1ef8f21,,,,
c081b95d00ff088c,,,,
6671393df605d7dc,,,,
85633705f66e05db,,,,
a154c2da35bf8dc3,,,,
155ca4ae32ce1ff4,,,,
587f07697bec357a,,,,
52ab20df49d889f2,,,,
b801e4329433239e,,,,
535ab99050626b52,,,,
365c802da245242b,,,,
a7fc37f688c61f76,,,,
a6ee297a0e640af2,,,,
268b6ea11491abf3,,,,
7723b4a090752b93,,,,
cd177ca32d2be0bc,,,,
b4f57332247fc750,,,,
af5cf9f03490fe9b,,,,
75778528166df63b,,,,
f3a042f19c62df33,,,,
ec77fed8f5f2e781,,,,
9715763414c467f0,,,,
778362610bd2bd5f,,,,
22113a4e6f2ee006,,,,
e761395a40e4cac9,,,,
39db67eed316db80,,,,
2e10d28ad32a44fa,,,,
f0acacf48dd9518e,,,,
c76230a7f7e17363,,,,
a30e5a644579cef3,,,,
6524584e14f73857,,,,
bbc9ddffd6f5a995,,,,
7ba33427e9a72717,,,,
e481d4af37cb6d95,,,,
505a3f9071ad2a97,,,,
65e7ce12d07ffd91,,,,
66b79b721a98391b,,,,
380386f8593ea714,,,,
70181f601aeef28a,,,,
1082bc22eae21780,,,,
fa5d4eb2d2b3f0f0,,,,
7a58cf05db0c0071,,,,
406b470455cfeecd,,,,
658644c3e2a35bb0,,,,
ec95d46de9d6a19c,,,,
6f82cb4994e5ed2a,,,,
51c31dab62ba19ae,,,,
9231ae86b0c826e4,,,,
399682c53b4ea4e1,,,,
f09daa5bee8f432b,,,,
177abd1ce477ca81,,,,
21f0a69452d25ddc,,,,
30574ee2897355b3,,,,
e10a3b89e58ac4e1,,,,
466815779920bdb0,,,,
8bc95ebf9f11aeb2,,,,
36965c53554684c6,,,,
95f8bdf0c817d120,,,,
e2dffb3f3d80feb6,,,,
31736afaab03d3f3,,,,
4e750a7603cd7a95,,,,
2c683e173ee0cebc,,,,
d52565d166833c2f,,,,
333db3ea1e100765,,,,
f460061bbf488844,,,,
0c7b372fb488eebc,,,,
29c56d9ea58acb01,,,,
424e1426c3acb4a5,,,,
f90dbbea4a10672b,,,,
01e7ed7bd6810d91,,,,
b5ffee50079661b9,,,,
1253c20ebbec0b1b,,,,
6fc36a31b3535384,,,,
47f2e3b784a48981,,,,
c40ccf06855e2a1b,,,,
1f8f9c5074fbb127,,,,
15af50992bafd844,,,,
87ac10b7a1468ba9,,,,
0e893061b93d56f2,,,,
6a4eb18919bec721,,,,
3dd2ac2b1082749f,,,,
ac093ebcac95f337,,,,
524a96c700a9c3e1,,,,
a6fbff0e2a7c5413,,,,
162b1900e354c1b9,,,,
b158ec6812f5f054,,,,
c1356d9f4e53099e,,,,
44826e7aea356e38,,,,
cbf5b2cec232c9de,,,,
b6bb55e11e83aa80,,,,
b9ef62fbae940a7d,,,,
26cf3fb1d8f6386c,,,,
56422b01a82007a8,,,,
9dfd215749a64c72,,,,
86a33a4dd7f65ebe,,,,
e309dbdd858d0d78,,,,
588eeaeb8034d4e9,,,,
ba53f4983f90dd67,,,,
32cd9d6ef4528436,,,,
da58ccb0fef091c7,,,,
09f7b9aaaaa79554,,,,
1bc9435ece243b5b,,,,
de9046df7ed82394,,,,
defcba8faf80e6f5,,,,
890aa724a8b3d449,,,,
17f60a2a6c4ba674,,,,
6b82ceba394c454b,,,,
484a71c207a478e9,,,,
9d32d99740839b12,,,,
42758f77b810ef23,,,,
44dd94568836e022,,,,
2e6ff5df30e44a87,,,,
7f3b4323dc9286b5,,,,
7483dd7338567c32,,,,
b72cbb3107d75f4d,,,,
c8f30e21ec6dd4d8,,,,
9a5eb71de27d13bc,,,,
24c0d573b3c50af9,,,,
ebdc1de32ee9545d,,,,
895a9c315b4078ac,,,,
6089f6305c8d0c89,,,,
1cfb9179eb18bc5b,,,,
cb8e2aba67604335,,,,
96b9abe574241ed0,,,,
ec6672f508d5beae,,,,
50ba361f05929aac,,,,
5ad058335e8c1dcb,,,,
4cc74b70641951f6,,,,
8ca665c3248d7957,,,,
2d4100ce7fc2545c,,,,
0c7e2541531b4841,,,,
3605e3e58c2895f1,,,,
a784b1903dad9e78,,,,
a69d2625e8bc8270,,,,
d498e6fbff03dc0a,,,,
22a0ea3501ef6d2a,,,,
c3831b1445d57256,,,,
5d50cbc9d4c14f5e,,,,
30a6b49d346b3a1c,,,,
389da1228d6dc87f,,,,
69c742ab9f3e56d1,,,,
b663698eaf4c71e7,,,,
58068fb9072c6d88,,,,
216907d2cf542535,,,,
8583be8489684003,,,,
8a26ada7748d883d,,,,
a790c501bd3d07c7,,,,
bcb1cfcdeadee8b6,,,,
98e1f94eae4146c3,,,,
683a08ad195f01c2,,,,
1046a07a93cfa476,,,,
9a8eb03fd1e66815,,,,
e76c5c905d5ed60d,,,,
f6c039102b23f05f,,,,
bd1c4c33b53dcc04,,,,
95e9c5af37b2b910,,,,
dbf56353051898d6,,,,
f29a1e8547e36722,,,,
9e7ea2a48e82ca48,,,,
7d006536ea9cd6cb,,,,
474ba3e1c664ef4c,,,,
e8b6f15fd3c64fba,,,,
3c5ddc223eb683b1,,,,
0df38d36fdd024da,,,,
36181691272f90b5,,,,
56b114f0fe29dbb7,,,,
a5697487c02ee126,,,,
693e043aa8d3f902,,,,
60d4dccba208ed0b,,,,
e844a3de49ae4426,,,,
18fb05038fd1a843,,,,
40f974e2234616d1,,,,
46772545ffa712c6,,,,
8faff6ac2c7ab700,,,,
b7090049a4d58ea6,,,,
9ecc0bd81792630b,,,,
12f7b1ac87ba8282,,,,
2df974500729fdde,,,,
12655a3003dbd0c0,,,,
0ad8a2d1f09bf7d2,,,,
e17005c14e3f9077,,,,
6965fc2bc1074c7e,,,,
213c786124cdf034,,,,
e24aac732c333bac,,,,
a20ea2f93cd5ef7a,,,,
e687103f96d61621,,,,
b2492198e4eef040,,,,
abe0dc36e4e53188,,,,
e6bc6a7524a2b851,,,,
46a3c4566e69eac5,,,,
a6d9a3dce9471aef,,,,
c03cb4f30791a9d7,,,,
91b9960bbf9e2703,,,,
f08d2da7cd493d3e,,,,
4f9a694924f1abb2,,,,
03e837a8e624f687,,,,
1ab90305c04dac64,,,,
01a5ec8ed082dbb3,,,,
e7861a2c4e5dcb12,,,,
e0639c828f63b501,,,,
8f4795be34f4eda2,,,,
0cab30dc516f687e,,,,
84180d4001da4805,,,,
12e08a38215da926,,,,
390067f885de1be5,,,,
afbf3d2ff13a1b6d,,,,
4bfa208e99ba284e,,,,
44bcd2f39ba448b2,,,,
8a083cc218c503f4,,,,
4d0bc30e1c231323,,,,
1d5dc9cb915024e4,,,,
10a14a09b6072d6b,,,,
481da983d022ed05,,,,
6f40d376b7f053a0,,,,
c9cd0e0633188518,,,,
18dd276376e6507c,,,,
baec267beaa54b33,,,,
e9abe4237f5ba672,,,,
3e3288b808171592,,,,
d2c259d5fbdd391d,,,,
f48b62f96090f8d9,,,,
bed53ca535a0382b,,,,
4ffc0eea00b757ec,,,,
da01af1b565b56d8,,,,
435045fc150eb63d,,,,
e6487483bbf48128,,,,
6e1613200102bdcc,,,,
d7acc76922148e88,,,,
73763eff692640cb,,,,
3a1ce16d0bef6680,,,,
cd726d38365eec96,,,,
62c89f788918539e,,,,
fd3df40cd4475687,,,,
b745eda853614fd5,,,,
a3790b9e0c9d9cb7,,,,
4946664fccf30b8d,,,,
05ec69a683d0e711,,,,
08fc458eeed5e34b,,,,
41d58d1832fe834a,,,,
5b83a09560719064,,,,
954b6a4ffaa325ea,,,,
8c18a705dfdd2a62,,,,
e15e20737ec34f94,,,,
5b858a6ed1fc9e7a,,,,
eb32e5ffa7033692,,,,
4761e63d34d9701e,,,,
de7c49d56c86756a,,,,
dc9cb3d46c313a96,,,,
8ffe75afd6e2be53,,,,
44366ca412604989,,,,
4f1cc1aed80ef1b1,,,,
95b182abd75f4339,,,,
3586da2554131993,,,,
a080ce350dbba616,,,,
2b2a71026de186f0,,,,
102dfb562ddb1a1e,,,,
349e0fd873f64241,,,,
7bc285e4c93886f3,,,,
45decfa1ec19303c,,,,
bd9c8096f2605649,,,,
558b86121444afbe,,,,
855cba5fe2725759,,,,
f2b5352b3f31e7c7,,,,
5b8a3d92a05e68f9,,,,
55afdfccf5a88f2c,,,,
0246e34d79bbea5a,,,,
ce2e94cbec767713,,,,
27e6a6b784611a4f,,,,
b3407a66aa49bc14,,,,
93346c54f03ee113,,,,
e1333de0d90c5c7d,,,,
6cb0af41d19a9ebe,,,,
d0c62bd921524834,,,,
1996bcffdfb06565,,,,
16d03d1b3fd3ff82,,,,
fc2bdee9fd90edbb,,,,
de9c85458dfa3f71,,,,
39d0d567da433f0f,,,,
dc4dc2806af864c9,,,,
e7499f4743252dd3,,,,
21965cd2bfde074e,,,,
3dae56d352a3842f,,,,
da1a0fd66f11a293,,,,
c79bd388c5918d99,,,,
0b94a90862567f8d,,,,
1fb51000d7be7a76,,,,
6276a9b91048dbf4,,,,
66f35feb0c02790b,,,,
2c8e363d585257e7,,,,
b9e8510ed8261d41,,,,
b10549614dcb1bca,,,,
96ea29aa35090f26,,,,
83a3bd34c1d2c5a3,,,,
486a4d26dd14a5ee,,,,
38688ba8359c7afa,,,,
8989f9f415a13d8f,,,,
c4a2e577562efe1e,,,,
0a0f2cc0dea55e47,,,,
60629cb2f7f9f649,,,,
beb80f1d0972702a,,,,
5a51816fb4830cd0,,,,
6a8089936a2d8c59,,,,
38a013550455e279,,,,
e56cb87b24d3f5ae,,,,
1eefdbaa2e212b0a,,,,
cc3a5c89db730d0c,,,,
8ecf6641c3243306,,,,
9a9947c0c4dfd20a,,,,
fe36215f6074580c,,,,
d0b22d70a7291328,,,,
a1b972b584bd9728,,,,
ea8f12325d5d2aa2,,,,
8b9709bd789aaed3,,,,
2b8189e394406f7d,,,,
3b9991bd226fa168,,,,
1014298b331741e8,,,,
1a824978786a19b4,,,,
1bffb33de2d6e08e,,,,
20e1a5aa4d997174,,,,
2710e50ae9b6f2f9,,,,
3376c5ae0147e542,,,,
74677262c54feab3,,,,
d2478357dafb9a5b,,,,
f0439500813c2095,,,,
f964237c34611fc5,,,,
0047ce0f6552f07c,,,,
23c0de2317d36c20,,,,
1430c217ea757075,,,,
7c2eaa6d7c5645cc,,,,
dceb63b80ac08b37,,,,
3c392ff01345c9b3,,,,
fc86a959778b381f,,,,
e2659ef21a211926,,,,
20e788df94853599,,,,
298769167e2784c4,,,,
b082a10fcb5fd40a,,,,
49ae105959695467,,,,
2f53fcffa5ad43c3,,,,
0825b288158590be,,,,
43d476d96a8ddfdb,,,,
da8cc61c416b6379,,,,
559d737dc281ce2d,,,,
5e4b0bbdec9f15a1,,,,
71c087dd8896714c,,,,
4949d60af68cfa15,,,,
43a13220f4831444,,,,
7714e4b1c8fb1cd1,,,,
583d02cbd0783ea1,,,,
b3921f7190eddd9d,,,,
cd729d50c6da8981,,,,
df9735c1c098473b,,,,
d42cfa652da6cc87,,,,
8ae56d1a0a472bbf,,,,
4c8348f8534f60e1,,,,
96cf89d49d223675,,,,
8f60bce3fa1d4740,,,,
2e232bd3dea8d92a,,,,
5d836a713efab245,,,,
5b4c8fbb91116210,,,,
975fe86aab55ea55,,,,
36138be1203309b0,,,,
c3917173938c6409,,,,
128945196051ed73,,,,
2cb121d8f618bd56,,,,
042862c7e17e03a6,,,,
0a08f96dddf92dcb,,,,
fad5636757ccfb5b,,,,
86af72336993ca29,,,,
e8cfe8314c90ce34,,,,
460bcc8397033b27,,,,
5ed84f3effb51a61,,,,
e86fc53657f7c742,,,,
a53e21c92e6933b4,,,,
66ed901013406cd6,,,,
687d44bffec882ae,,,,
a6a856476905dbbf,,,,
4d17a049ccc2cecb,,,,
98b779c8f136087c,,,,
34e7ac6315623308,,,,
1484eaadc2bb33a7,,,,
1b44625b62f14175,,,,
da3f0396b28965f6,,,,
193e96cc1917d9e6,,,,
7175c68a40ccd97d,,,,
ec36ddbd25f4a5e7,,,,
7acef35ac6f28264,,,,
f2e21404506e9d5c,,,,
d718e81c0801c994,,,,
f3aba5ba9ec9f4da,,,,
28b18a1a1b02d6f8,,,,
a493ca132298ff27,,,,
3e1c44781ff0cf51,,,,
2428845b3c803ab9,,,,
2b77e3d93e3d8d36,,,,
7bd054959fb1ca1e,,,,
fea153748d54e747,,,,
fc797ee7d0add37e,,,,
e75c4aa795f6e054,,,,
3155f1372fbd700d,,,,
f00d8905d1834767,,,,
097bd06f530d67b1,,,,
cd419267d05cb9ff,,,,
991b53e26afa2e9c,,,,
be2144f77e4d1c04,,,,
14c55fdd5a1fdb50,,,,
17913b7267c42cd7,,,,
bfe740d585eb6365,,,,
cc98153627be2425,,,,
8b7a583dedb526e1,,,,
ba8cf051efefa2a9,,,,
2ac07ba81cf87b36,,,,
ef5990c9c912c169,,,,
229d86210963276b,,,,
f74c0ee209179716,,,,
a3d9d6d66f8efa28,,,,
c3f7dc5653d6d136,,,,
aabd829c7cab8233,,,,
cb2221546aeb84ff,,,,
8393fcf1305f3571,,,,
a4223e9b7a41780e,,,,
87228b71c0505578,,,,
691284e738476438,,,,
405bad22d6764a5e,,,,
e34d6d1be7ceb068,,,,
e02ae8c73c9c9218,,,,
8a929af720735294,,,,
2bbfe55a6795fddf,,,,
4411abd6c6d5cbd2,,,,
8b7f089eea23c25b,,,,
a7a2c524b089ab90,,,,
5449820bdab78d55,,,,
4af43e46a3c67fbd,,,,
62eaf0569d6c1a95,,,,
3e6b8e45c2daf387,,,,
f7646b10ac5ffe34,,,,
34711411a1dceaf0,,,,
6db654a3c4cee4d5,,,,
f35cd0a74641ca67,,,,
a0525e9545c2d0bd,,,,
05bcb4f1cbbea9a7,,,,
4a9c190bceaec66f,,,,
a1893dce9cf04238,,,,
f072a234453346ff,,,,
394a1255e7876213,,,,
ac881d8196527a55,,,,
5cb441ae07db018d,,,,
cff51ed48bc458f2,,,,
a105bc910bccf912,,,,
c3eff1086188a835,,,,
068fd0befa70d63d,,,,
2989a6dd0131113b,,,,
93cd373066875edf,,,,
65f5fc60f076f2e3,,,,
fb5be52c0629b8e5,,,,
5db1173830c2a995,,,,
ef729624542b6fc3,,,,
c0a1e9dec2aea4d0,,,,
9549fc31c530c398,,,,
11c160d8e7ecb79a,,,,
595dbeb900ac67b7,,,,
8a29e2f07e493c0c,,,,
75ef432424f8bcfe,,,,
767ddb8c77f80b2b,,,,
1b0113eef996766c,,,,
ade6b7dec99f1f6c,,,,
8e12d2f0cad4abc8,,,,
02103f53ddec88b0,,,,
0e2985d8f39e4bfd,,,,
0c7152d17661ff51,,,,
7650b6171cde2326,,,,
f4d1031a566098b2,,,,
5349a751a3fd12ad,,,,
12586fadeba1f63e,,,,
d39dac67a8c87c1e,,,,
8cb6897e73c7f432,,,,
321d4178d435dd64,,,,
2eee01514f49139e,,,,
860de45a67f7d78d,,,,
e1f2093f7c8ce297,,,,
15bdfa899cda8c86,,,,
c8c172898270c953,,,,
b3f37e9404916214,,,,
4000100c73d75255,,,,
8270a7369c6e30b5,,,,
c451bc1b9a25895f,,,,
269e4aa416e691c0,,,,
21032889e7594adc,,,,
bc11e21ca76db714,,,,
e838b85248710fb9,,,,
418bb8ea91d9779d,,,,
ec6c4c20229e3e44,,,,
1acf19d0a8e79eae,,,,
cf1e05422e397f5a,,,,
86e770db6b386e59,,,,
ea032eed28abe3b8,,,,
b03e144a289437a8,,,,
c42f2f7671d3855e,,,,
587e0fdf67ec5f70,,,,
5b94972849fe4b47,,,,
72854d9768948960,,,,
9b121a0e75ee4b2a,,,,
d7d447821e7ce844,,,,
029bdf1e81a48623,,,,
df87a6c6ded1fc56,,,,
d8194414dbfd5415,,,,
015011cd2fc908af,,,,
d7cb73d1642c2681,,,,
c1115d1e09853e55,,,,
505fa49a854f494f,,,,
316562164a60a2cf,,,,
27968115131bb148,,,,
1866dafc479e958a,,,,
63b4f4997001838b,,,,
c2c0cfa3a74612d7,,,,
ede98a638d031b71,,,,
1d761edbf96fffe7,,,,
954af1e21490d5d7,,,,
dcfb6bb66c8305ad,,,,
61da8959ea33754f,,,,
442bca1bf6f9fdf1,,,,
3e370f7187903f87,,,,
eabb578274684622,,,,
7264757c05eebb1e,,,,
afbcdf83f587b840,,,,
ccbd76c309ab19a8,,,,
54811e8ce8da25ec,,,,
61fc76b5f485bff8,,,,
ab8d57844115be66,,,,
8810516344ecdc81,,,,
c62230e0bfb6631a,,,,
f4501434df1def6c,,,,
f6cc8aae0738991a,,,,
1378bb6a7470e2a5,,,,
c07da0a4020f5d49,,,,
cfd18f6114ac6fd8,,,,
38b691ea2818c1eb,,,,
472d2f2fddd85bf0,,,,
dc34150e2feb87d6,,,,
de04f1c9a3a4aa5c,,,,
9395a0172d9174b1,,,,
26060e76748e7f36,,,,
4fae0c5851b9f5f2,,,,
28f80b63364fc1c0,,,,
d6d2c73e0c4cb99c,,,,
be641da61eaf5c36,,,,
3adb8e8e2366c157,,,,
b6da3800efbafded,,,,
903e1f59af54fc95,,,,
17cb31d649fc2f73,,,,
70ade753b7d610eb,,,,
5cd0143155c3daf9,,,,
284e32a6afddde3c,,,,
fb023338b6edd227,,,,
e5da7b1c137a3563,,,,
bb46cb44eb551903,,,,
df72514f0be96687,,,,
9ce7ad413f2f56ae,,,,
dc68342c093b08fa,,,,
39e6b21e1d17a535,,,,
2c82be2e0743467a,,,,
b757ce6336700b2e,,,,
8e8874860d25b3a5,,,,
286fce9f57e4fb0d,,,,
438cf4162853ad37,,,,
d6e75aa3c73a4eec,,,,
79ef4b089e120e87,,,,
c1d3bf2e3f20748d,,,,
6e7ba4fd0f27719c,,,,
c9ff2263839d0ed4,,,,
3a87cd0396a9c7fa,,,,
38ba24c685cf72e8,,,,
27b338b9933ec0b1,,,,
f74f9115148e2416,,,,
d4aa3d73ad82d03c,,,,
5b1a457d037bc038,,,,
7bfb56fbbfc6c65e,,,,
546aea1249b0b30e,,,,
baf24a3179e25f94,,,,
90528149ec8a8331,,,,
d1e3989b5be90277,,,,
0a35463c1ff9adad,,,,
e1c95ad3d0931d27,,,,
71b2f000d8e431ac,,,,
32c34f4d15cea2b0,,,,
6516b0af8c59df66,,,,
f9730d92d1351dd6,,,,
e50641dad3a49d66,,,,
05bb9c1506a1c25c,,,,
4d77fc02c027b12d,,,,
184bf05d4629a9c6,,,,
7e846e3480524b34,,,,
f5ff4accefaf90c3,,,,
3af752d478d6bc3f,,,,
43f9a3cc4370f7d7,,,,
ec72539664a5311e,,,,
d2bb7f363f39fe01,,,,
76d9d87e420e7de3,,,,
73f2affeacfa019d,,,,
425b111e21e78d35,,,,
d2d93636f809136c,,,,
80281978973dcb7b,,,,
0d0e7140c6fe7fbb,,,,
d5e543ef02ee4e5b,,,,
56de85f1d5e957da,,,,
048f70ec7717c8aa,,,,
260ba7faf234a2ec,,,,
19aa1e603d03ec41,,,,
0864323c925f8d61,,,,
4abd6aa2c229746c,,,,
ef56bc6aec109e1d,,,,
1e9ca5b717b19340,,,,
cfda34025228116f,,,,
19ea92ec67ad76f0,,,,
bf22ecd9f21ab0aa,,,,
03667c1d41d4a3cf,,,,
b97e1240bc03f1aa,,,,
8ab766f4731683a6,,,,
731a595bb9ccfaf4,,,,
ee0cb0b4c07e9c92,,,,
91c3f14915440d6a,,,,
96f269a60d14fd7a,,,,
fbf8f336b948ab59,,,,
52331d22c06d6a5d,,,,
254c975fc1e10397,,,,
4e7ac7fd74609eb4,,,,
5c8ee9598500366e,,,,
e7faedf48f8c54b6,,,,
6e14204a680a8039,,,,
b0d9305a2b408a59,,,,
64dd55e9e57513a0,,,,
95be9dc5b7493147,,,,
7888fd7542428c50,,,,
d2923884fd5694dd,,,,
151d22b827dcef0e,,,,
0b957686b6ad3e51,,,,
09e4bf15c6b41d81,,,,
96012080ef72bee8,,,,
4a04a6b5ae361171,,,,
9f7c2ae8dced5cfd,,,,
98106de36f36bcd8,,,,
7342002d9058bbf3,,,,
b86c70fb026c2308,,,,
31218212e3c3e22b,,,,
790a382c53511e07,,,,
601378aeace4fc3a,,,,
a62133e98e8c58cf,,,,
09c4d8977543d11b,,,,
14e586b8451c7165,,,,
6beb2acb5365eb01,,,,
79c29254d483dd6c,,,,
2cc691107b2d54ab,,,,
adb9f62516043054,,,,
ad2a71a2ce458390,,,,
3aa34e5fda1f20fa,,,,
0b095ec9c65fc2c2,,,,
51ef5772feed62d3,,,,
94d14935f5b33c2e,,,,
3492b3895c97d60f,,,,
90c9e8de53d3d298,,,,
aa6ad42e12972c36,,,,
1bde3ec2e05ba78b,,,,
f77e191359121896,,,,
04438a4d6c34b1b1,,,,
0300a88f355b3abd,,,,
40b11afb63691e9f,,,,
cf847412e845fc20,,,,
bea6c4688bc4e612,,,,
8f24bde12c52aca4,,,,
6150d5df39ee24b9,,,,
9452a32a7bc25ec1,,,,
f9c6499c0d73df35,,,,
ac2bae9b3532dc09,,,,
b3f90606801e9797,,,,
1b0330fbc56e032a,,,,
4e919b88c8b4db79,,,,
3ee55999974929bf,,,,
eec71fc2254b93bd,,,,
09ef5651ba5a1ce6,,,,
2d074c933cc65862,,,,
1bc5040b0f9575ff,,,,
d34ee0ea59959d87,,,,
63c1fc5583dc1bf2,,,,
b7719faab752f4ba,,,,
40ab646ec64f41e7,,,,
1777aa9e0f1b7c43,,,,
01f0d6fc270c05f6,,,,
d386b50e96ccc389,,,,
91c1c3a74b4ccc44,,,,
86e738e4b6beb92c,,,,
30fe7091e01deb67,,,,
3d6031132b2fbef6,,,,
388974c332f837d1,,,,
16d9abe9d939ea6b,,,,
0406d37d5539c2e6,,,,
393d1b6c67c465fc,,,,
75129d55b7c275ff,,,,
f5d8ea286098cd52,,,,
c875136dc2b12e34,,,,
8856324dcf800048,,,,
97e368a3c91de13e,,,,
41c0ae2e1b5f6c84,,,,
8f045fffdbbc7315,,,,
f5ea05dd245a633a,,,,
617eb0007038feed,,,,
c5f490f1c95ad0cb,,,,
c8e35d566e56d489,,,,
e5ec2d425921810a,,,,
fa345474d1d1c54b,,,,
2b7d7749ac6a70d8,,,,
e43a5d9924913fce,,,,
88dbffe751b1ed9e,,,,
8f297b82fe421598,,,,
699299864fad34af,,,,
c8136765c47666f6,,,,
bca9a38ff5710cd3,,,,
d3adeb5fb2e5ab74,,,,
a766f51276407d5b,,,,
2e3fe6746d8fc94f,,,,
5a9974232c3698c7,,,,
9a255452514e867c,,,,
9266007d7293d1a0,,,,
b172cfd625408f4b,,,,
121edcad2d7845ce,,,,
825388ca36772383,,,,
8308ddb996a09781,,,,
933e93d2e05bad36,,,,
0baef853ffabdabc,,,,
2dc03397be3653e0,,,,
356ed61206d876d1,,,,
1e3cbe7cc8e1393e,,,,
559a0e98506f0bb7,,,,
d7b5d32d103cc3f4,,,,
84fe37bb1aacea51,,,,
af57f2bda1307484,,,,
ccd1335145107d31,,,,
71964db1306b2916,,,,
4c879d246c7042ed,,,,
64f90aa4e137c053,,,,
cf56cc6e0b67a6cd,,,,
85bfae849d8c9deb,,,,
b283fb0f274dc2a4,,,,
a42115aa7bead8f2,,,,
036912059caf973a,,,,
6ea6cc2ad50b5c9d,,,,
14ea10b3a617f4c9,,,,
07cc7ea8f65166f0,,,,
947974799b2b4820,,,,
a0cf86603b21bb0f,,,,
c70259b24942e82e,,,,
ae0c8255fba4b425,,,,
b8b4f5059f75c89e,,,,
611c799429f6db27,,,,
c9d4b30eef15eaca,,,,
3f48d5fc4a15d875,,,,
9f621d138baf2188,,,,
93bead4458530562,,,,
f88bfa8554570ae2,,,,
156cef27a104a11d,,,,
5603099fb2848852,,,,
7e2635c07535d9f5,,,,
3598d8ab992b1c0f,,,,
bc7b8503b45a9176,,,,
eaac841e6e5146b7,,,,
e450af85a4c2663b,,,,
58e030b88b66cf64,,,,
93881794252d675c,,,,
94f2cbc486200cb1,,,,
8c1265636140aa4c,,,,
b6fd3d471bedfa65,,,,
f0ae450325e851ca,,,,
b5efbf84b8a6651d,,,,
9e31c12a088fd23b,,,,
3d9edb62dd7993a1,,,,
50c0766c074158fe,,,,
c2c26d917797bb9d,,,,
09c565a5cf78d2ea,,,,
9a6f2630f202a43f,,,,
4e1d614a6d60d23e,,,,
ac03dbd64f67a2d9,,,,
df41d81b3f3f1751,,,,
e7fd7034c7562d71,,,,
7705062f551e9a34,,,,
cb24384262d64671,,,,
d57ac178d78fa0fe,,,,
0f1a28e9324a674a,,,,
4272d49f994c3f47,,,,
ff47188853addfbf,,,,
8831426b9789d898,,,,
1ac7a115e954a047,,,,
ecd061ff6b837d2a,,,,
8ef30c2e724fc7df,,,,
2140da2c9fb4b56c,,,,
a7693d8e721f36c5,,,,
0cd3ad79c9a52718,,,,
a8afbc000dea063d,,,,
bdd70406aa19104b,,,,
3cdf551f187863df,,,,
5d63e0aadfc94993,,,,
254659d181edcee4,,,,
7ab07a9354ca2e4a,,,,
86c3a5a7deb887f7,,,,
9e0ddb0bd33cd06f,,,,
614dc29eabd657ad,,,,
33c8f171cd39a359,,,,
5e964e8cb3eb4944,,,,
f6d997ef73b02c54,,,,
9bd8cbd25a9d9f0c,,,,
25a535fcb5f0309b,,,,
8c43a83934f0cb69,,,,
a12c923a5154c6d1,,,,
88ee62e2499a274e,,,,
96b318c32e40fb1f,,,,
8efc6536ac5162cf,,,,
1ac9e84d730195a4,,,,
f26483817ab5d83f,,,,
40cf5729795f8a3a,,,,
072d140bdda412be,,,,
1bbafe96832ba68a,,,,
1eb1abd616b3853b,,,,
59de6b145a9278fb,,,,
2e0733a5e717b491,,,,
0fdd20e2a7b2917b,,,,
7e07f7431b29135b,,,,
1f36010f6f44487d,,,,
5cd2009f82c53147,,,,
76e21121e84c22e8,,,,
25fe89cbd4923d9f,,,,
a62168faded471b7,,,,
23507fa287b1e645,,,,
57f93cf588cd74b0,,,,
a5e39e39f624c2c5,,,,
b00de9d3477068eb,,,,
795ee2b13f03cd9b,,,,
0dddf98cff0e107f,,,,
466c1e339a8cbf6e,,,,
1a3141a07e27ccd1,,,,
8fb3abe531dc4da2,,,,
44ecaac44ddc7cb9,,,,
1104258f5e8fd5d9,,,,
3af4563ed2314edf,,,,
73a243ab434889cc,,,,
f8190b4faccd16d9,,,,
a3f88a23d4dde6ed,,,,
36c6c5feee7d5e5a,,,,
67e07e8d2ed4dbf5,,,,
142eb996ed1ad8fd,,,,
8843f0c898f97bf7,,,,
955d6b592c3871d5,,,,
1cd7f4be0732cd98,,,,
91be732f8c5d877c,,,,
60e4a4a145ac6397,,,,
58918f5586dce209,,,,
06c39b3c04de3be2,,,,
1d575e37db1e86a7,,,,
0f357a9c4d9bf499,,,,
82c0ed0c8dc8665e,,,,
5fd445d840379ba9,,,,
d23cc73433db2125,,,,
cccc054258b44f38,,,,
d2bfda585a8ee829,,,,
cd80acfce956068d,,,,
0c1c8434cca17da5,,,,
b8459a51682713ab,,,,
82d772b1ca29bbc8,,,,
d57c3f6db7047e33,,,,
1c18cf8f3f500bb9,,,,
905b8cb39f8985fa,,,,
872c725e0fe48de5,,,,
1e36d5c15948457c,,,,
7807df1b13897740,,,,
9f171137c28d7641,,,,
c3b57689c512b465,,,,
e3339fea2e70fbdb,,,,
eae82089bffa75a7,,,,
4b36313c89db8b57,,,,
95527f745f980997,,,,
4b5057ba398b1658,,,,
f563e6fb15771384,,,,
6e07d7511fa7ee8c,,,,
c5de929fb8571d21,,,,
50a387e3c1a5dbe6,,,,
ab1e63a6733eb3fb,,,,
436f77b2718520b1,,,,
2848a5af36b54d06,,,,
cff14a3288df236a,,,,
8ac6291fc1707fe2,,,,
6f4efef4518935f8,,,,
e98272e593315a43,,,,
30ac25508e263176,,,,
3cf18809fcceaa1d,,,,
48548b56439ba41a,,,,
7071660c8050d38f,,,,
e2d6d301efc40c2f,,,,
3cc59c6fd24fa157,,,,
4e50bce4ed50428f,,,,
073e02bcae92ad82,,,,
069cc5beb3307d39,,,,
51345594a908bff7,,,,
31c12e1d6c7511e7,,,,
4eeb08873ada5241,,,,
cb134bba9e8970b7,,,,
3c17e464b56bc6c2,,,,
cec2010a85aed66a,,,,
c66386d0ee2088b2,,,,
0e0ad5c174702353,,,,
4a6dcbf719e1bfcb,,,,
231175d278539ccd,,,,
5517cf087a3de41e,,,,
3fa40eae8997a216,,,,
b84292a747ff7c45,,,,
5e2f8c1111be5d5b,,,,
c569962ce7fe186d,,,,
92d66987f09a6077,,,,
faea3f9e4ba61fbb,,,,
c7370ed1f93c10ba,,,,
e869036aac253e6f,,,,
743b0180b307b36c,,,,
e406818ee31bb58d,,,,
c7366b883280425b,,,,
70ca1db851b691f7,,,,
d65bba7b67d5fc2d,,,,
6355815d1db22651,,,,
cba3d20f8a3aa5da,,,,
69aee4a28d520190,,,,
5ed2cacfa9fb99b1,,,,
f69ef1059f6215b3,,,,
8f25a7cb03dab716,,,,
99f87e4bb801c720,,,,
3675c8e0438b8ef1,,,,
b1a3d22b23682767,,,,
e0757531cc901d10,,,,
8944ca0d686a8994,,,,
3cceba264472bb97,,,,
8896f64dd411077d,,,,
c628299ad6f5d84e,,,,
727938e0e95b2e3d,,,,
8cbeb49964c21687,,,,
9ed0d702b4a29bdc,,,,
9423756b4effc8cd,,,,
1cbe6e5317b8463a,,,,
b1477b725eb70755,,,,
72eb4b3b331473bc,,,,
6c58eb1d3a515620,,,,
47567b56afbd510a,,,,
8b01d017489641bf,,,,
07f92a66bc8c19be,,,,
89b15096291b5658,,,,
8ba2cfec41d7dc38,,,,
49973896933141d6,,,,
d88f6d1d35212672,,,,
8841e75850b8f82e,,,,
3cae646c069db89a,,,,
3bb743ddbee3390f,,,,
c57c91f91213dc0d,,,,
b01ac40df3edde08,,,,
3e66cec6751d6cea,,,,
1608553c9f3ce238,,,,
a788039c0f3db491,,,,
47dcdb8e1f7868ad,,,,
e2e2a33e448f318d,,,,
f5c085c9c3f2cd0a,,,,
a79a29c04a1a1ee4,,,,
d9505ee8592eb487,,,,
ed6f958e21d0987f,,,,
b86db1f460525eee,,,,
221183236fd95745,,,,
3652e5813692172c,,,,
f29fd410b81bc9ec,,,,
c0777571e763d82f,,,,
35cb0277b13ea68b,,,,
afae56c11f59464a,,,,
2bf87d47f88ee7e3,,,,
c45367daf0744edf,,,,
30e6b95aea7f36c7,,,,
2cf598a30460b137,,,,
781ad5c9d9366530,,,,
eb37ec7623e845fb,,,,
3d7c7ef4c43e6598,,,,
f2c2c1746cb97d64,,,,
747f9f5b475a610c,,,,
c589837547d4317f,,,,
96ade9a3e84d2677,,,,
d6448b55b5720502,,,,
106b9e8bf5353c00,,,,
9799b491317edf91,,,,
60b71994aa478b7b,,,,
5d0969c90e7d543b,,,,
723552a31d211162,,,,
bd4d9f7b71bd455d,,,,
d06aa2ca4fb4ff5f,,,,
ac14e48fc1334854,,,,
f5ca9eed3cd6918c,,,,
8104eeef49536d32,,,,
cfde0c9a29027a27,,,,
e0e8cdc62d740289,,,,
cf8967c281f108c1,,,,
34845fc28af3b1c5,,,,
e52379f2df285595,,,,
bff410600dad488c,,,,
ff34eb3ee8376f1b,,,,
5b7ce07e79d72a6f,,,,
18305f6a02415ed9,,,,
1dbec361458a3f57,,,,
d6ccc70bef6f777e,,,,
cf3ecc3a1e182d93,,,,
a9f20ddf30720800,,,,
9c646a294b3d5df0,,,,
dddeec7440084359,,,,
13d4506d55b094cd,,,,
0011d7b99a808264,,,,
c6d22c5b888f3391,,,,
ef34ed676bca981e,,,,
02a9ffeb83022cab,,,,
a06768637e20a295,,,,
8c3f5764178a3e7e,,,,
80a0840b2ec904fb,,,,
5606689d90000474,,,,
93c6a9bbf4a7b6c0,,,,
d83a854f8c189b4a,,,,
c8a79ae58b8beef7,,,,
a699c96f64ef2e5b,,,,
bc1c162f7c332ece,,,,
0dbc420c3ed047b4,,,,
98d4e49ec82b1e74,,,,
a1df6d0c5c3b7b59,,,,
1f9035a66f53ba8a,,,,
62019955daa03882,,,,
686cb55877079a76,,,,
c5f4699089ec45b2,,,,
350cb0448f45766a,,,,
5c08acd9174ce65c,,,,
3604a8ef2460baff,,,,
2b6de94b34864281,,,,
74e0c654270994a0,,,,
bb7c7d874f975b9b,,,,
bcbf4c68f7b0c0d2,,,,
698f561c98ab740c,,,,
667273dc6f2f3697,,,,
be82d4a5f8abc983,,,,
a3454ea83a44cfc5,,,,
f43be42e5b8c9258,,,,
f44c0fe4f6aa6cfa,,,,
300db43c4f0f0c50,,,,
7559648b5d2828f6,,,,
8adce4181b59567e,,,,
697c9982aacd2c9d,,,,
3aaa4977a52dbd2b,,,,
a940d65960ceadb5,,,,
c088f4ecbeb1ccf8,,,,
bdccbb774fffc151,,,,
66776982ed1f88ad,,,,
5a3894615b2020a9,,,,
daa6d5da117986e8,,,,
f5d5b844f8e20596,,,,
976378a488836f66,,,,
cd9f37005ea06b27,,,,
da61bb3ad22fad7b,,,,
2639513b6cb3e905,,,,
55f83e65035a0cae,,,,
38862cb112da1552,,,,
a9945be5a355df85,,,,
290d1126939a59f7,,,,
b9e062da38f58e16,,,,
bf06ffd5dbdc1845,,,,
a904fe50b0e98d5d,,,,
cca55d0e241f7884,,,,
0f476a5005bc04a3,,,,
f8c97faf8a452936,,,,
eac8d50857594dad,,,,
251ce240c415bad2,,,,
6335e793362f02a0,,,,
609a185f571e39bb,,,,
24515022a2c99cec,,,,
4b5af58f879afb81,,,,
9e2680400debd111,,,,
f336404fbfba66f6,,,,
c58a6117646644d6,,,,
d59c36d3c1597254,,,,
124fd04df4492d0c,,,,
5227c93bd470fb47,,,,
aad6d8f67dba679e,,,,
30aa9345dc4cf932,,,,
557220f8c4273386,,,,
af383edce8ca1cea,,,,
96bf198b30842f91,,,,
e8a05a2ad3fcf65b,,,,
0d6e7c49759293d9,,,,
87f995eb1f42c681,,,,
d6458d72d8476dc9,,,,
5b0eca97cfc8a6bf,,,,
9f78ea273b5aab94,,,,
40bb66b53df5ceab,,,,
c73ab274112040c4,,,,
3a65634a6ac2a599,,,,
0f6818697fb617e8,,,,
50a4cdac988cbcbf,,,,
d05a877c164e515c,,,,
a904443401969894,,,,
d243ed9619e15c3c,,,,
c72dd2c4e493f5d4,,,,
5267b8aefb558ec5,,,,
3e285de38a35fecf,,,,
ac611eaab7332078,,,,
8bc53e0e8b0d6a46,,,,
df3a6298e83b0b21,,,,
ac7a3efe68960af4,,,,
245b7b94cb1ce5aa,,,,
2f1cbae5d993cd3c,,,,
20f98a295c990287,,,,
25c9ff4dafb4b918,,,,
8be28f0ef9532026,,,,
150bf82b00b6e7ce,,,,
1b7defac6c1ee6d2,,,,
f2840c11065640dd,,,,
273523f2021814ea,,,,
d71e72b0c7c5a4f2,,,,
bc45a614c1e8c86b,,,,
e3e1550272a14aa5,,,,
c7ce75d41b1ccd2c,,,,
c1f375b2f6b848cc,,,,
d054784106a55ac1,,,,
b62569af30fb2688,,,,
d34d3b9a200ae6a1,,,,
24099f301ae40948,,,,
9c6037a34258bf8d,,,,
bed25e6bc018a409,,,,
7a345a470d666e27,,,,
ce9fc1802ece2810,,,,
6a19122d7066098e,,,,
ba7734877b781a96,,,,
695e08b7dc6e80a6,,,,
a8e0022effb7f823,,,,
1b30d6b5d6dbd48f,,,,
9d991a8dffdb7fe7,,,,
21df14768f619a87,,,,
4e770407f46dd66a,,,,
49723bd97f7e83ba,,,,
a567411ad86fa0fa,,,,
060c313eb326399c,,,,
215e8106cdd00f08,,,,
6ffd17d6c97893d9,,,,
1c0c5abb5db7ccd8,,,,
6f3fb2c8b9daabdd,,,,
831fb23ee06fb999,,,,
41b354e039f36b14,,,,
79afe0a60e2c7240,,,,
447ed788bc206f2b,,,,
8fbbc7176b86aee8,,,,
0d3ba3eb44d8175c,,,,
a3167168d9c4959b,,,,
00cbb3e84c44240d,,,,
bc0aa06b681a5ce8,,,,
fe091b5b60158db3,,,,
ec999d217d554d4a,,,,
9069d76d702875e4,,,,
d6243f2053219f02,,,,
9ef703afac80ca25,,,,
203ca0f706581c4a,,,,
3a52c0bc443063df,,,,
1596615d34f8af1f,,,,
6f1dd23c2fab17ad,,,,
f19cbc1724d73788,,,,
276dfd0a13c2793a,,,,
8836bbe999860eaa,,,,
32e53468e0fa0c33,,,,
2d9efe444dbc4c74,,,,
f9ddf7fd54a166ba,,,,
c3031f165c8ad17c,,,,
db497072e73dbbfe,,,,
41c4694bb438dd69,,,,
41c12afd2d00fd80,,,,
0fb7291d0aef5f85,,,,
37732ccc9d52f98c,,,,
472d339d51163df4,,,,
10fba78171c925eb,,,,
8bcc6737e499e7ba,,,,
3aecf45d7faeee51,,,,
3f10ed879e013349,,,,
a40ca75c0665822a,,,,
9438aae240fc42d3,,,,
71b0f625213044c3,,,,
31eb883a969db421,,,,
1c523a2f84226f66,,,,
8a93d8ada82e6a39,,,,
5d2d75e41dd7c22e,,,,
05fae03a5f154c20,,,,
6707d80a2032bc96,,,,
2b3cdb667a3bbe14,,,,
b1d78ce74879e7a8,,,,
9be36af4f9f016eb,,,,
cb7a1f0b13735a51,,,,
7f1c69538f1efc57,,,,
c4a869ab649883ca,,,,
4a90b5f7d9ba1368,,,,
3f8621a5a9cdab7d,,,,
70aa4225163d7cd7,,,,
5403339e27ed0469,,,,
b7878f0185b82505,,,,
01be23a6c4e2f023,,,,
12b1f2485859b2e1,,,,
2d2c1bc0f3376702,,,,
4d06e08f62346395,,,,
57c87e48fe451410,,,,
7fb4873d048a2455,,,,
eeda4ac0e2ce994c,,,,
5a2ef937b11d8053,,,,
8fda16e3dbed4085,,,,
3f416f6e850e0626,,,,
a21963416797ce31,,,,
52563e27636a0d72,,,,
4c043e3409d62199,,,,
75c14461e29876e5,,,,
ed9df8c2ff93ad2e,,,,
01ff560428b5b22d,,,,
d59bbd38eb3778ae,,,,
04f41ebb6e117862,,,,
5a38617ad481abd4,,,,
68ea3e31e7c5545d,,,,
573294c05c8e82b7,,,,
4c9121b74f10f9ce,,,,
5c6064f93902892f,,,,
a17f3d39bd00c247,,,,
4f16349543970e75,,,,
7e0760e94d8bc26a,,,,
8934b8256d135e26,,,,
9481854b07bd53ab,,,,
dda2e94242f443ec,,,,
ce37ca5a30742a66,,,,
4bc864c90a9e7fbc,,,,
3f086eac1840d942,,,,
ede7c72e4dd5164b,,,,
a9c3c9159ef8dff0,,,,
3f623032942c2b1c,,,,
95536c46fdb0a488,,,,
ec9e6ca3a2d5e93d,,,,
e6998af2e4aefcd0,,,,
f3d6b0b4e10a2653,,,,
e28f712998b6b17b,,,,
d55e5bc349b31dfe,,,,
be70a37ab97885af,,,,
dd515ff1f98d14b8,,,,
bc629b507f573c2e,,,,
eee191b5571955f7,,,,
bd26d8b3ff2f069a,,,,
e8164774641dcdd0,,,,
687df144a89011fe,,,,
6de285aefd46b984,,,,
0c648e82752694a9,,,,
35709b18fc954fba,,,,
3778e3bace6547a2,,,,
8084fcc636ff389a,,,,
beccab707013224c,,,,
7894cf2b55681023,,,,
b0ec858e362706f8,,,,
21f2ac9bf7b2475b,,,,
7623ec7169f1eaaa,,,,
8d140638687d03bb,,,,
268b9d43e17e70de,,,,
41e0b3c8d4861e3f,,,,
9191b8e6c0781614,,,,
8069c2902b0194d0,,,,
6b001dd5aeb39c9f,,,,
1c0f624f4f0e79d1,,,,
ff21f83801b88066,,,,
5f7c09eefee10ad6,,,,
af7092940d8fd9e8,,,,
8a9811105da6be22,,,,
4407346f0c148b8b,,,,
42be95e24988981c,,,,
d83ddef3ecda821a,,,,
1b166b5e2c371211,,,,
73c203c5d0302191,,,,
bddf15c1ca93bab3,,,,
c93a5693929e1146,,,,
f85599d96a9cb5ce,,,,
a15bd62baed662f0,,,,
9620fa8456a7deff,,,,
e3cd997410411e72,,,,
105bb0fbeaad866c,,,,
72bf0bd43d0003ee,,,,
c9735a90819db815,,,,
23f6917c3796e5a1,,,,
6e9ba39b636203d5,,,,
4b478a3a480bbe7e,,,,
f66ebd660cd0e354,,,,
51a2b0ae22083e41,,,,
f4207b1300ecb37b,,,,
0f5eaebda1ae0282,,,,
f9e73abfac31c602,,,,
451f850e1a14b3e9,,,,
f33c026732df229d,,,,
15c2b521cc96f966,,,,
5eb6cf57fd1ef210,,,,
e3934ef09b4dc453,,,,
efc707baca8680ef,,,,
33a2444ddc8e2012,,,,
3fe3bede8a7ef2a1,,,,
f3f17250e86d4d6a,,,,
f265f343691c7e4b,,,,
69f124f7a33b0e4c,,,,
2dc743e94db93cc6,,,,
4d6918f2226594c3,,,,
6ca3e6acecf748e2,,,,
adadcf5a54ea14b2,,,,
b1d03365a8371480,,,,
e4ddea2813029947,,,,
e98c1184da0f8f05,,,,
75e7e90e776a44a0,,,,
abf5ceabb236dd29,,,,
5430bf8c58d0ac8a,,,,
db88697c4f4256e0,,,,
fba4e181e5942492,,,,
5a25065cff4833eb,,,,
5594fef49b0f15a3,,,,
e372ddabc6428bdb,,,,
950842f3d2c30a73,,,,
eb6fd6a6731afa16,,,,
7868d0ca51bd4bf4,,,,
fc8573c4b9872de0,,,,
d8cbad1be0d383e7,,,,
529fa49fff0940f0,,,,
f6993242ace5f836,,,,
99ac12ef6c1621ef,,,,
c9054d98ac8c9ba6,,,,
36e8807c6aa3263c,,,,
9ee709e8eb7f9694,,,,
127eb5ef2c6ff4dc,,,,
40563679f880ebe6,,,,
de7834c1ae907d18,,,,
6467d326ff886b4e,,,,
f30e03bfbedee2e1,,,,
ec04648f7b48474f,,,,
a9d41061b1d9880e,,,,
333fcb63100d5412,,,,
946240c29268ada6,,,,
12e81b42592bebcf,,,,
de99b7299ad0ca1c,,,,
39f883a9e679910a,,,,
deb43609a9343cac,,,,
2a066ce4ce074c54,,,,
941676404d237de4,,,,
32cb211b7fcf1afa,,,,
c4d75f49e350beb6,,,,
0dba365decdbf48d,,,,
5baffb776f503f24,,,,
2db6fdd3a2b9b93a,,,,
d964ec7d39f930f1,,,,
a4a723a43175f25d,,,,
7e9a94cf9e7da76d,,,,
2b6d9ac2ca0c5a6e,,,,
5e9ed876022dbb2e,,,,
3d0bb9f50492bd3f,,,,
d978811711af6391,,,,
91483c7d3e33811e,,,,
c7cabc325394553b,,,,
b4de648856e4b326,,,,
b11b845652b2ab5d,,,,
86032dd724129532,,,,
74022935ffdab101,,,,
63711e87f60abf88,,,,
7e64e4caa45129be,,,,
70aef78e9ba18f8d,,,,
bb3e95e5f40b8cd0,,,,
754714516316e6c1,,,,
d91a3ace4f607299,,,,
ab3f2b3a6da3ba2e,,,,
256047e73987e4d0,,,,
cb9bf8570bd2aa6b,,,,
d011c321e84ac75d,,,,
61cbbe1b47db571a,,,,
cbd0014ed36292a7,,,,
5ebd1fa3ece67ef3,,,,
eba0aaee2ceb505d,,,,
1c7d7b62e167e333,,,,
f25ea0ac39f422c4,,,,
05ab01a5ccb53bfa,,,,
2df02fcfbba72dec,,,,
c3544ba6b7147813,,,,
407c8da752294ee4,,,,
a3625cde8c28b2d2,,,,
8ee75ae58ca3f4a5,,,,
4f10eedea5b0a4ec,,,,
ea1b17e23b45916d,,,,
f6f982719d9ea021,,,,
9c42e7d166328c49,,,,
2612d4ed819774c4,,,,
971c1c20db5c68e3,,,,
09109b4e6fbebd54,,,,
c0645476f69b63eb,,,,
71c0d4ef3826ee20,,,,
b7e47406be9c18f6,,,,
bd5f7369f2d25d2d,,,,
47b6ca3e242a5478,,,,
4185ab67f0e3ccb1,,,,
3d685d445dc797d6,,,,
24e65576801d61cc,,,,
d7c5710a38332fef,,,,
24e84d5b4cdc5227,,,,
607e088412da2e92,,,,
2c89b2b18abaf140,,,,
9803a8b0373780ab,,,,
63c9edcbae329c8e,,,,
5edb0c32b0d1307e,,,,
0ab329657a62c2ac,,,,
c4f4b5e783c9e048,,,,
7dafe14bc026f2c7,,,,
2605ca2be6e48608,,,,
56da45e7d435f33c,,,,
8400adea338e85ea,,,,
36eff806aedb8e4b,,,,
b409f0ffe94e67d9,,,,
1f4d556f1e73b9c6,,,,
3ced32df55a806ce,,,,
72271bd104b12494,,,,
ef1698ab85d421b1,,,,
6a6c8fe3740fde7d,,,,
e9e8885e152248cc,,,,
c262a12b2f2d2e1d,,,,
e85be5da7fcdd89f,,,,
8385ca07db772e05,,,,
8369f68411617a58,,,,
d33af2d0afbf763b,,,,
9aa994e9972b646b,,,,
b8cccb9d294f847d,,,,
d4970ea2920b3ab7,,,,
152503c9c12c20a4,,,,
ebf470009e9b8cc4,,,,
b93175f2c533288e,,,,
3994aeea3ca565e2,,,,
cbc07300ea03a0bd,,,,
1bd341dcd4095118,,,,
4b450f1e06b368c0,,,,
cf8de93bdce8ccaa,,,,
7134dd4cd3c119d7,,,,
92212a667be23291,,,,
e7f263e6c9ad088c,,,,
44278dfc5d68b507,,,,
3ba118fa0695cf4f,,,,
7048a11106b98c47,,,,
6ca9cc632450c40d,,,,
f60fca0ab627d5da,,,,
36af9cc1f4453dfa,,,,
8d97d1db2fcdae1e,,,,
e1294c6cb393818f,,,,
72b915f24355a2e4,,,,
10393830279335d1,,,,
dfe2eb6b1988cbc6,,,,
3a7dc1e85b005637,,,,
0924c1cc06d8c26e,,,,
2952e71001612102,,,,
4bb201d6d34bcb0a,,,,
291ac60b415b59c4,,,,
046633a394bf50f7,,,,
4d403cb837465997,,,,
8b36969e69e61027,,,,
bafa14f5769ab49b,,,,
e413cc6ff0d9c4cc,,,,
4ec0078601827bfe,,,,
1394a4231b716310,,,,
9150787c3ceedce2,,,,
5d2bc79723c62cf6,,,,
a3f87b2e51f68d54,,,,
9541c502fb5b805c,,,,
96703292b8b9e5d7,,,,
d1bc96bfd411e4cc,,,,
9ca26173dd9aedcf,,,,
fbdc7dde3d67c68e,,,,
a27c084f350d470e,,,,
ca61095d539ebe23,,,,
977995602c68c292,,,,
e81dc017a5848730,,,,
f98d5590f11727d8,,,,
2d280c3d489b22da,,,,
870fdc48f1cc7f62,,,,
af5d7e0a95a7f870,,,,
6d0b4fb3caf39279,,,,
b3bb051e7ad1fb6b,,,,
7c833c8687ef99c8,,,,
d7f39e252ee7e55e,,,,
d26a9576df6abe96,,,,
05dc0cc02c45b174,,,,
e46c6522b1872e7f,,,,
9696389f2146bf21,,,,
e7baa2088d5c2172,,,,
eb42a0e83513fe5f,,,,
9a13b3b451d2af85,,,,
c42b8cb9ff23275a,,,,
8e60dbd0a4894a04,,,,
91332897f605e08b,,,,
bfc67b2a0e9647e8,,,,
e73a0f22156fdfab,,,,
28ee74c22d3b20f1,,,,
7579a6697cbb177b,,,,
383bdb3b666e3272,,,,
b44f0604cfa9a07d,,,,
9dabd124de10c2fb,,,,
a28073319dbd8838,,,,
581e1b498c3870ff,,,,
dace767fb6451087,,,,
faf43923c49e5148,,,,
54c97080875a9e5f,,,,
2594b0c378394679,,,,
124bd5e8d7508331,,,,
17f5fecdd351c9ad,,,,
cda7a5fd5919a723,,,,
cbe45898250d8036,,,,
a510d09290330967,,,,
30487492e4ae433a,,,,
9c4041b3bf599557,,,,
e914d45de99df0bb,,,,
86206a3353185e37,,,,
fcbc68e9785bdd4d,,,,
7b729b1ed0204ddd,,,,
a0e3ce7b6253eb0d,,,,
0c435ecbf118366b,,,,
74e503423dde6915,,,,
e5e3259fc0854327,,,,
3696ed9a4a1b3579,,,,
98515883679a9a96,,,,
afbf108a67393c1e,,,,
9e2cd2585a4a9339,,,,
6e502815084ba923,,,,
591d797c1cc93823,,,,
0cf903441746240d,,,,
9e63a34eff1fd8ec,,,,
a184fdd9ec8fd253,,,,
86c5267d17257442,,,,
33a0bc961d2a617e,,,,
dc1204a515e0ae7f,,,,
5f12a1fccf77271c,,,,
5330a341463b9436,,,,
2f6de517e7a514a4,,,,
2dcd587792a1b66d,,,,
86d6ddc779787298,,,,
1d0059117455d289,,,,
61923658ca2ce3dc,,,,
4267ed60353c6143,,,,
4148c51a6d605392,,,,
7720470e994ee23b,,,,
df7ca6fd199e9bf9,,,,
490e44037ce4b3c5,,,,
cfd755c8c44257da,,,,
5cf540afaba81b2e,,,,
5590704f29b7ff83,,,,
e4839628984629ba,,,,
556221dc7559a973,,,,
32bc08afdfdd361b,,,,
78f6328bd1a7e5fb,,,,
0b78b2304b5e77df,,,,
fb9a69b08143d3cb,,,,
742d6ad4006cf073,,,,
645b7888c32feb52,,,,
3a046a57923c537d,,,,
050a9bc8b573f352,,,,
b942089a02d6c20e,,,,
230acf3611c96839,,,,
f9572e30c03a0d63,,,,
01d8c8c38a1c22fe,,,,
d64610bac65c07b3,,,,
a09c6ecb6e89fe39,,,,
2c4ca8fa71d4b82a,,,,
6ab212e127e7afd6,,,,
451f4587738b2e13,,,,
b6930308cf6b90ae,,,,
3a4ac6b7f5ebfcf3,,,,
dcd2cd1c6dfc22a8,,,,
5342d68e3a0c88f2,,,,
89c6de910d3bfe4c,,,,
27ba791b60b4d81f,,,,
c6fb3c5a20f58ac9,,,,
a49b23f760a356fb,,,,
e1cd28765fa9c3e4,,,,
ebb781cc9aa4bbb1,,,,
9a5f708b5db48d02,,,,
b6859f08e0fc7bb6,,,,
9db14561ff0b2e01,,,,
93e16c8f1e8cba12,,,,
4d9ce67840e7ca56,,,,
8335799322c9c395,,,,
d481c604cb90ccbd,,,,
bc6f1660ecce3f9c,,,,
4ad7257d0c433e87,,,,
fd127093ede84696,,,,
f3287f823dac9c9c,,,,
fc2f88f26241dd46,,,,
1e3f34497c08a925,,,,
0a373d204229f5a2,,,,
734ba9fc102f90da,,,,
821a74b91cc8fe42,,,,
1ff0d58e15e893e3,,,,
0c52895d9221e585,,,,
990a0aa3548a9a78,,,,
dae2b3c1842c197e,,,,
c9f23d52ae0b1be9,,,,
0511f1a5e46bf5dd,,,,
23ba9a2ef92140ac,,,,
960545d9bff6b7af,,,,
047494c9ec78daef,,,,
badcaf548e6ad064,,,,
f2381ca56a2e25cb,,,,
b96556ef7e332192,,,,
8f181626a6aef7a7,,,,
7b38e0003db58910,,,,
55a4ff2767448958,,,,
5d03110ad916ef2c,,,,
82854bb8ad832960,,,,
891318bdbc118a81,,,,
2b9f58103df7dcd4,,,,
06197a7a4ba059a3,,,,
fab59d59b0df6bda,,,,
3c054da7ccf0eb4b,,,,
ca8a19eaae0b7b77,,,,
b5db376a48778320,,,,
1cd714aa9e811dc8,,,,
c2d2d7bc7883bfaa,,,,
7efb15b99ff77a38,,,,
6ea950ec94d2fd1a,,,,
37361f54b6a566cd,,,,
84511f030a8bfa14,,,,
95eafe94d4f3b2c2,,,,
949a643b98e7f9ed,,,,
94d2dc2c24dd7d3d,,,,
ecbdab6f832daf6d,,,,
ed0921b40b343f17,,,,
be32485d227c3952,,,,
26667bb385780c3c,,,,
f3bca6f31f126759,,,,
30153dd5a84445f3,,,,
ffd743a27fc44529,,,,
e2665f98b71435d9,,,,
74420dabd38dd3eb,,,,
7423e041aef53d99,,,,
740ecc72880a0b5f,,,,
d39aad1c9068e2de,,,,
0d8142b1b226edec,,,,
5a5ea4e5a751a2cf,,,,
6f6ad52bac87d7b2,,,,
9f04ea295b57d92f,,,,
434aebc18d524730,,,,
996a2e55e1321105,,,,
2c6de69000a69a7b,,,,
4828bae33c66ed58,,,,
2bbad8be142f73b6,,,,
a96da976756bb16d,,,,
ae45a131c7771423,,,,
4f26544a84223437,,,,
6519aaeeba0baad8,,,,
589262c65854a51a,,,,
cd6d60b437bbfe21,,,,
6f1d5e2c4836754c,,,,
93eb1aef21b5390c,,,,
1bab484d8983cbcc,,,,
0c25984897061129,,,,
f5e1128a8d6f145a,,,,
8074b1f2b9d4f0f1,,,,
c213a90c43d696b7,,,,
2e32cf9c489b56e5,,,,
daa93a4353902e9c,,,,
0a5e6826995b58ff,,,,
156291816e0136c8,,,,
52a0b339b1b3ebf7,,,,
6743a401318e1e1b,,,,
3dfd2c5286f2724a,,,,
578c99cd7f2f7383,,,,
9daf0b428c2be3dc,,,,
609b364fff99e889,,,,
818b72bad1190f89,,,,
ab2b7b54c845ded2,,,,
a81e8adddaf49550,,,,
fceba703c445b9bb,,,,
7179580117b77fa4,,,,
e210deb62d2263d5,,,,
9402ae6b2968c033,,,,
f0e3bdf3f26b6d8e,,,,
1d9f7b96ee04a90b,,,,
7e2bfe4e62f7c18f,,,,
fc64eee102c5f647,,,,
d918f706c41509de,,,,
10b4147dae5d9034,,,,
9a884cd9a8336cf9,,,,
c95c66ad3a8bb255,,,,
b043fae6ed32cb5d,,,,
05265b62accb1d9b,,,,
402724df4115c9a2,,,,
09b4cbc58feb5cdf,,,,
b9c599d9b906ebbd,,,,
1643caefcd2d3406,,,,
2fc261fc23301347,,,,
94b365b391a827ed,,,,
6602ba6d2c30f89d,,,,
d3cefd78f4939e87,,,,
2c066bbb3a060f7d,,,,
12e8f836d7466dc6,,,,
58b8e2999028c4b5,,,,
8c14076ef2aaccf5,,,,
09bbd143b8690946,,,,
64b3c049968f06fe,,,,
db3f0244091e2752,,,,
a0a2e3d0072417d3,,,,
916cb8ef052a4a4c,,,,
17a51c4b9895dac0,,,,
4eb10eaf6c534bd4,,,,
3da1b3a69dd5658b,,,,
a7f97ef5e1b964c2,,,,
9d3027b72206c637,,,,
1e956f266e465e06,,,,
ef8b53aded3824e8,,,,
873bcbef57b704b8,,,,
f604522bab8501fe,,,,
655960c84e145d14,,,,
8f540404e189ddb1,,,,
3fe6225a67b02f0b,,,,
9f7cc0f65dfafd6d,,,,
c98e5f1da82d572b,,,,
14f60d86690c2b13,,,,
c37df5117c1d4526,,,,
cf45752f837c605a,,,,
0e862d327d04bb49,,,,
292dc33b2cdd04ea,,,,
6896835e5fc14a28,,,,
5db5ae89781c8cd7,,,,
cbcd559252e66c33,,,,
2a13e4d4c6bcc268,,,,
56e7eb9f599d895e,,,,
192921b20b87fcb3,,,,
fea88f3e3e5f8a34,,,,
6a92ac68be29360d,,,,
4218a69922ea3dba,,,,
6c124cdb7d5b5ff2,,,,
cfe1013fc9b73b1d,,,,
43fa86cf4c102850,,,,
49a27f9d6f8d420e,,,,
24330693906b6998,,,,
66e6a4cc0f6b4555,,,,
163ba6f8f75baa00,,,,
39db98681d140806,,,,
8461c1e650dbf0c9,,,,
98983e52987461a5,,,,
5d038fe1e2beea22,,,,
2bf8064380060c6b,,,,
0a234cf65d35b131,,,,
e06273a4271e926f,,,,
9fdd936c46ed3de2,,,,
aecc0139571120f7,,,,
5adc5d734080f385,,,,
f27de19bb3ea8c4d,,,,
f999b96d4a0b6dae,,,,
769f3e2214681024,,,,
18e6d229237bba68,,,,
4de773dd3e338e1f,,,,
1bbb21267f0f6627,,,,
a9965b618c597790,,,,
d8e058bfca86c409,,,,
4031827aa45dcb63,,,,
73d4a96a468e9462,,,,
12e038fed5314b4c,,,,
a270ed875e38cb68,,,,
6e7a436d4862f7fc,,,,
ff6989e9d60a595a,,,,
1ca9565b237b84b9,,,,
d600db8c4dd28bb0,,,,
478de5f3c988b084,,,,
dd1fd3e6a68c77f7,,,,
83d3499b1fadf02d,,,,
ff9fa8152adc68c7,,,,
471318d63ebb2cd0,,,,
493e95ffb283eaa7,,,,
bef2f69bf71a2bae,,,,
4e058861f7373635,,,,
6f1b1f9aec06b67c,,,,
836a2148468be861,,,,
87484fdc4b0e978b,,,,
b0a78d745104fd2e,,,,
f0d117e0e2a4c953,,,,
6075977ac62cac1e,,,,
3fd1672583a0858b,,,,
382968ec31962996,,,,
ab6bd95e6d12b050,,,,
0952f8db9236d671,,,,
0af8253eba3b34e7,,,,
2ddb3023c9f52aa8,,,,
b14c2b45e250058e,,,,
305ad8e56ada8dff,,,,
042c97743a1f3068,,,,
13a9c6dc8d121686,,,,
0ed8bf3c95e0409c,,,,
acc24eb702e2c7d0,,,,
675171f07236d0e7,,,,
62050ce6f92654ef,,,,
0a96afb93365d944,,,,
3ce824db37dd5e04,,,,
8f0d7c627b24367a,,,,
38ebe8c9305bc78b,,,,
36c83c0194f2e4e4,,,,
b2928f71755237e7,,,,
771c1c53df4b7d76,,,,
d951fabab02c0944,,,,
ea09205ac9106e69,,,,
7eb23d25625bf072,,,,
1838dd45c6e518e1,,,,
1558b17562c6e501,,,,
28eada5b366c072d,,,,
5b0bbe90a8c5b04d,,,,
d4e31a1b81e9c922,,,,
96114798b8b553ba,,,,
d335a45c50ab2b02,,,,
6c2ebcc783f24430,,,,
c71ac12e62dc470b,,,,
48bdd9697f3cf554,,,,
066d13a1bdc8b43a,,,,
b72ef4af6e274db7,,,,
a435bd17f4ee23ff,,,,
19ddd7ab9045ff23,,,,
1e004fc4bd902f6f,,,,
446621b4d51e2497,,,,
65577f5ee631ae0d,,,,
2a4f187603e83786,,,,
797b0039afda88cf,,,,
53d8dd515d6c38f4,,,,
646b5557455b129d,,,,
00685cb4bb051988,,,,
6af11b940c2dac70,,,,
842497a5c1b8be4a,,,,
9db400b7e0f6204c,,,,
d0bef0e2847647bd,,,,
dccd67a25186f379,,,,
d1d40adfefd336d9,,,,
fe8390a594a089e1,,,,
3bafc18b4e6e8806,,,,
6319ad8754e44bd8,,,,
6cffb70da0d7e9d5,,,,
6c075aa776387462,,,,
f6012a0a7577ac89,,,,
3ea1d9997683c17b,,,,
d6851053003c128d,,,,
f7d50b6ad29c6bd4,,,,
46deee6de2258cf5,,,,
5b734059fb477c4a,,,,
9846e81aa81a688d,,,,
aa20df5f62aa7265,,,,
d77a668ff5fc897c,,,,
81a26b2ba63afabd,,,,
8a6f1043459ad6af,,,,
d209c600ea6ec24c,,,,
29e897210cd44213,,,,
7eca520f5cd6db1b,,,,
6d57547f847f03ff,,,,
faca75322600b803,,,,
3a8f0d86f64aa24c,,,,
dc40e232a03a53ef,,,,
9cc4916d3fbad978,,,,
56fdb83455ea7032,,,,
89f1ea5e8f20f7ec,,,,
ea78e6a12dd88c36,,,,
198ffdf5dd94d08d,,,,
b45615c8ecab92de,,,,
7e744dd01cd1ac05,,,,
1c044f448a2ce94e,,,,
6cfc5f31848c9e9d,,,,
9c733a1d14ed8204,,,,
b3ccdf09eae2f0f7,,,,
63c38932e5932f6d,,,,
7e003ac02cfcfe50,,,,
4cc91ffaf1d22fe2,,,,
b5d0bb3962f11317,,,,
a31c1ac710cde30d,,,,
fe6b97f60b1e7557,,,,
ec3cfb62b687259b,,,,
b9d1a4aac4da22d3,,,,
dac90b7159452479,,,,
047548e2467b78c8,,,,
6686d6d6b60064d0,,,,
96b3f886bb9a2854,,,,
5883fec4b28d9144,,,,
e99727b461aef48e,,,,
d76ddc3d9a291e9e,,,,
fae5cc150b8681f0,,,,
daa0d871718beff0,,,,
0cd64fc22d93381b,,,,
90fcf98e804e74bd,,,,
48b73ceffe7117b8,,,,
38c2c2270a9c27f9,,,,
b91b0ca2fa329cfa,,,,
e12ee927eae16b59,,,,
6648630a1a43b6f2,,,,
3f97c3ec13f6c850,,,,
007069b6935aaa53,,,,
0aae12b2308d697b,,,,
85b511bdecc49df1,,,,
3798c08efc61b49e,,,,
a1677df2ab854fe8,,,,
e27911ba5e7ce12b,,,,
ead60b145a022d04,,,,
e8c7b691a6522fd5,,,,
beea2d55688671ef,,,,
16ba446f7c1c0b89,,,,
7d184c2ff032f365,,,,
33bc7bebefc67d9d,,,,
37a0c3b56422c32f,,,,
11a3e75e3cc3823e,,,,
2a1080750e9975da,,,,
18333d57e96160b4,,,,
0cd7235a7f069153,,,,
35067cc532de3425,,,,
3c558703e1a05ff4,,,,
986980a2b35ca530,,,,
7139ccb6908bdc12,,,,
3e9e493e6d680cec,,,,
439f206f94644460,,,,
301c65054463862c,,,,
158203f8ee43da81,,,,
b69c82486f56b70a,,,,
f2f5c18055b1d8a1,,,,
40e065e396ca8719,,,,
f27b144b7a511191,,,,
f6bf376e58f6a6ea,,,,
0af7153e629d45f7,,,,
8736b3917a37a7ab,,,,
04ad5d4383a2c61a,,,,
f4f0a0d361e8e0bc,,,,
f2bd8318b78f6a98,,,,
38e7f1bbd19902a4,,,,
17bd63c55cfc3967,,,,
681d4b674cdb3b01,,,,
3e784fbc8455e1aa,,,,
45c79b1b35319d5e,,,,
3aa52a94f71edad4,,,,
ac6986cc22edf960,,,,
c9c420a1560d0bba,,,,
ed2f4bbbe2aef26a,,,,
64f8897bc6bea604,,,,
2d771d07dd90d674,,,,
5867003671233266,,,,
bb59670bbf62c500,,,,
b429ce751e708a70,,,,
f2dbe7b55948e4ff,,,,
5ae24f31f6842d4c,,,,
e504927475445807,,,,
a89e90e5e3c7a14f,,,,
956831493355f189,,,,
b037709d0101b6dd,,,,
d20a62539bc52033,,,,
700e94a87ba5d109,,,,
7aee6895799fab1f,,,,
41ae430d107dc94b,,,,
48e2640f4c41031c,,,,
ba92e42ac07001c1,,,,
fe62bf9623c947b9,,,,
473f4e377db312c9,,,,
ab3d6cdbf6885377,,,,
027e3ba36b55556e,,,,
a4159794ace256d8,,,,
3a223bc8ce208259,,,,
8a23edb006793071,,,,
071f8e55c6e7b59e,,,,
a8901c3160f3c4c3,,,,
9a2c12f963342524,,,,
56c3cc4063dd702f,,,,
cab430ba6f6d1945,,,,
eac66d04309ff24b,,,,
4f10abd2ed5b7cfc,,,,
f3955c12d4693478,,,,
2562c351ef611f08,,,,
ffe1908b2f4a2a9b,,,,
e1d013d527f13a34,,,,
3cccd34f10137dea,,,,
0c95ce09c7277878,,,,
131a4e7b2f9515e9,,,,
ce585937fbc7ea41,,,,
92ba706d2641a69d,,,,
32add73a9c8edf82,,,,
626f10a52aa8c3b5,,,,
db4d689f38d72772,,,,
8ba00737fb8d2b74,,,,
86f13a79226709f4,,,,
4d772cfb89aff233,,,,
98f1474d88479ba2,,,,
79e6b01a302d861a,,,,
5c409c9634b4746c,,,,
182e35bfbfeebd0c,,,,
ce1e1f3b55151e7b,,,,
b471150b4632de15,,,,
e76a20fd2279b47d,,,,
c08da8f4be09e5ba,,,,
379c844539ea49ca,,,,
a590f49edd091447,,,,
bc965974a8c10350,,,,
7cc06a84041f59ca,,,,
f13d8fe697f987f3,,,,
b7d355565790c5ec,,,,
02b125ef75ae88c6,,,,
416a67838a3d6e55,,,,
3941a11aee247541,,,,
9f15cd77fc77351d,,,,
72b4f554ceb29cd3,,,,
9f2757133f00f79f,,,,
d6f95f796bb22dda,,,,
590033798d5a1bce,,,,
be087255f07eb554,,,,
4e39fe00ffb2998e,,,,
1d99731b35950576,,,,
a09d56172e2ce694,,,,
f6c091c1b074bbdc,,,,
ba6b97ff950b6eb8,,,,
ab69ec89fed023b3,,,,
37743e1056314d0f,,,,
b2d9ce239402d915,,,,
5ef237ba6d37dd08,,,,
d3b1a96cde74b854,,,,
c24201e22945bab3,,,,
90db3b64a7b117b5,,,,
86e840c32d56d586,,,,
bf40e3e1df79c9bd,,,,
3f453da3495a1589,,,,
56806c3860e3844a,,,,
01f3332316fe933c,,,,
c8efb71505ac9bc1,,,,
b1b1ce04ca04db3d,,,,
585bfd8845d95d7f,,,,
ef268241e2bfb41d,,,,
a5b33005011b043b,,,,
c605a0c774519781,,,,
25e1157bfea50155,,,,
1a1500a9e939f94c,,,,
16ee3c7f41852457,,,,
41f79a30551ce22f,,,,
c61a2b088d646b2b,,,,
1cfd0411b9c950d0,,,,
f401225053644c03,,,,
aa2dd2c05da04703,,,,
46f6711187528a2e,,,,
977732325e219228,,,,
dcf24925dda86142,,,,
805169bae1ec0208,,,,
8903bc2710b2aebe,,,,
5144ea52c041e39d,,,,
1cf30adb3c96cf8b,,,,
4d0e0e30ad1324c6,,,,
d1cd9f84c89f3b5b,,,,
29d95a88d58d3123,,,,
eaf5c5c42b6ea4ba,,,,
4c6fc1c2c1f3bf14,,,,
c152046bdf7654ed,,,,
73bbf0c0c83f91c7,,,,
8d74a3a55f2c86a4,,,,
578ccbd4b033ffca,,,,
f46ea9c4221ac549,,,,
535b6cd3e07b8494,,,,
3b5fbff266aea407,,,,
df9803a8aaff2fd2,,,,
f50fdf3e89b7c189,,,,
7a89589f893f2b74,,,,
414aee9d4e88e647,,,,
facaf9eb341941d6,,,,
56f0ca4526294f18,,,,
e15c6264dadbf619,,,,
86ba20878e83ff6a,,,,
b1836bb85248cb75,,,,
b80d8880483beac0,,,,
9e1c13a60c9e05b7,,,,
6837d37126e69a42,,,,
57f751a57d469334,,,,
7e7f7ddbdc44c784,,,,
c07f179c75ed51f6,,,,
070802a36eaf73bb,,,,
ffbf1a34e64940aa,,,,
3ac1b7328337f149,,,,
f678cfe41e20065c,,,,
ca7ffa73c9f1e2a5,,,,
317ffece0a771b51,,,,
0304d9bcd9a4f77c,,,,
311dc69a52b0162d,,,,
47e260206ec55bac,,,,
ecec539174b2e2b2,,,,
d10c6e24b5c9bf52,,,,
a2431325375d516e,,,,
fb0cc699a78c4a69,,,,
c80d2b1f84efe9b8,,,,
6b8ba13ae1ad7a23,,,,
41e1a5b0c3dc96f0,,,,
4341bc09253943b2,,,,
e3f038b6ec63ba01,,,,
3ba43db46a342887,,,,
5baaf827ce2de0d9,,,,
a4075ed7e5c52078,,,,
2ae95969e49d137d,,,,
0a44bcce6f1f072d,,,,
97f08fe8c2141b60,,,,
f0f88d824e7680b7,,,,
eb84260885e1b20e,,,,
3751a52cfa4a6fb3,,,,
bb4945e9f709fe33,,,,
9ceafb16a98aa8f9,,,,
0726e1ac17580046,,,,
35338bb16e94a008,,,,
79062e09ddaadb6e,,,,
a719034dda5b6b35,,,,
adc7144fabed98db,,,,
c8c778fb6e552c49,,,,
3294a3c6ee89672e,,,,
036c4a9c6ca1726a,,,,
1f649365f5cc5496,,,,
7367883a7144833e,,,,
ca7397cf430191ec,,,,
924abe515af2f99b,,,,
6b3e3f509f6f01b9,,,,
3f7e60c8cf993f19,,,,
9d7303a39df5c8f2,,,,
0ba98c8946c5b891,,,,
72009dfa2861d0b0,,,,
10f691f4b494093e,,,,
e1dc62fe260a868c,,,,
48291b0ba649bf0d,,,,
a50853ab79d57d3d,,,,
8709f1fe435d9b82,,,,
5b1285d871f4dc9d,,,,
f94befcd51f4d316,,,,
66befe24be9e60d1,,,,
f25c3ac14fa82fce,,,,
3b977315529fa906,,,,
f427984b3c4dce2f,,,,
07484a06a667846b,,,,
420dba34e337ae6f,,,,
b51bf32f268605eb,,,,
da632c618d92a651,,,,
bf14ff19780cd14f,,,,
9e2760a5ace0b0f1,,,,
9229e8e15a4a94f9,,,,
ccbefb053949445c,,,,
fdea1e6bdeec1991,,,,
6d5da2dbce8dd0ca,,,,
32f8908e2988eb89,,,,
891a05068b6b9588,,,,
c5dff18196ec290d,,,,
3c9c8806f21a71df,,,,
8c4d9ac259a9253f,,,,
d4591891daa3f4b1,,,,
fc543bb0e28bf54b,,,,
23381e4da6c68082,,,,
1d9d8e5ef8e84bef,,,,
846910808b1aa778,,,,
f8cf48d6d09d84aa,,,,
b80b393c913cdac9,,,,
d0acb2ca1fb90d23,,,,
1acc0985febd5568,,,,
ea29c75f880dac92,,,,
4e20f9437feb5f28,,,,
a9e3feef40f5e5ab,,,,
b528fb909f00ddec,,,,
64ae11217a2bdf32,,,,
6c9d0c969fd73c07,,,,
739e23412e7bea7f,,,,
b0d7caf7cc90df6a,,,,
6bb7964ae5118b22,,,,
bcc2e4f8c25ffbe8,,,,
33dea64f6f1059c8,,,,
2eb31950f571ac67,,,,
11bebdf2584fe96d,,,,
05e1bbbc3b4fb315,,,,
c0fcd1fa63661ace,,,,
8fa6d28b2509e7fd,,,,
fd52d3de2429fb80,,,,
700af3a70624c0d0,,,,
148872cde5e4ce4f,,,,
b548b0b9c0a69545,,,,
e0f6dc8d2f9c3051,,,,
78921d09b8ba9412,,,,
56a31c1873221b80,,,,
0ea2c8f09bd367b8,,,,
7716549a35c17837,,,,
b7207221726335cc,,,,
2df63d7894ee80a9,,,,
feeb1ea4dbfff355,,,,
1858008756ebfa95,,,,
2f1de3d14e390c57,,,,
c2bdeb9e3b9e7a1b,,,,
1245db9c46fd21d9,,,,
1abe1749e4d5069c,,,,
ae92f9fd77c46338,,,,
ccf0914269b9f63c,,,,
97fd59ffb4fdd639,,,,
4d619531ab0ca2d7,,,,
eef7392025925a90,,,,
7c976ce0ad963a85,,,,
f2d0e78ef9eb21d6,,,,
6f1316d980d82003,,,,
c4d42c41b7e75717,,,,
10d3faa7a8fa1f40,,,,
9dd4adf20770fa45,,,,
82141dc93a5865e9,,,,
1035c001559870e5,,,,
e5250ab83ceeddb0,,,,
cf255e0bbaaab53b,,,,
d0e206797fc5e03a,,,,
2fc96eef6cbcccb7,,,,
7a3d2b2bc88f0b41,,,,
4440b952b0b1fa6e,,,,
7341bc9eb089750d,,,,
cebe4010ed4f033c,,,,
5877beb4da38a652,,,,
44b06a6537aa4327,,,,
9473815c898a7b66,,,,
cb632bc1838ff180,,,,
972bbdd94bdd000c,,,,
1426750c5985c106,,,,
900aab23833a80dc,,,,
878ee7a20f5aeb5d,,,,
2c36dd546c901315,,,,
878725a3d4505000,,,,
0d22c1bc1fce466f,,,,
85b15caa0aa5bf07,,,,
af72fa1b60b7d5da,,,,
b33f86d4149f26da,,,,
053a0c46efa7685e,,,,
9e1be4832dea2b29,,,,
f0e684a2f9d78196,,,,
caa22fd935ddd2fb,,,,
fa9f9b8d40da457f,,,,
1788771a5089e497,,,,
f6f3614d3860eac3,,,,
56242ad026f8828e,,,,
d7d374330eade232,,,,
cb531ada0c9288d9,,,,
28f8735bb3c9bbf0,,,,
42ff9836d48b6d9e,,,,
05e920ca7a056455,,,,
07116b855a0704a3,,,,
e047849f186ad260,,,,
94beb7bf6481d098,,,,
99a410f3f2f2b753,,,,
7b445e95284b75f4,,,,
ff894e75b0a8a052,,,,
0aa457d7ed7a3560,,,,
692cc0d424578b26,,,,
74b5384d888aeb29,,,,
587ccca7f35acba7,,,,
9d6bcf91ad29c909,,,,
12ba4b5b74adeb2d,,,,
bf6fa131518cfa11,,,,
1fb8b9615a9f3902,,,,
90212a2e4f0496ec,,,,
646f78803a1e08fc,,,,
8d914b7e90eb1adb,,,,
7d41e65056bfeddb,,,,
65472e801b5ecf63,,,,
8826b3884a1a27a1,,,,
6968f0d13f0a2d36,,,,
599ee5e822556a1d,,,,
73f6657813e6e5f0,,,,
b11f172aaec8be98,,,,
d8c54febc7e7854b,,,,
50c94e29b1608702,,,,
8c91c4de82426fcd,,,,
d7cbced7417a6cb3,,,,
f0f33e05590df5ca,,,,
dbb29e9744c961f1,,,,
aecab4c518469fd6,,,,
b82ffa38011ced60,,,,
930b26f8327bb0d5,,,,
2f264931f5c90980,,,,
8c791040ab8ccfba,,,,
da818f6202c751a2,,,,
8d504e0babf1c235,,,,
9fe3b652ec7f248f,,,,
fee095538b819fb1,,,,
666ad8d74af2799b,,,,
c6c71d317087d2f6,,,,
1e9a8e43e854e636,,,,
0ce4e803401525c5,,,,
34562ee025691aef,,,,
9765ca7644d5446e,,,,
422832ba607d00a9,,,,
068cfe676f1aafd9,,,,
96d6974daf94c1c7,,,,
38a5d1fa17a2106e,,,,
e35d2b405b56f2e6,,,,
870b6b3e737cc9f6,,,,
ac3dd4b921b901cd,,,,
19b86d1e86b4f4d0,,,,
d69aec61bbe37660,,,,
d015a8ac3220aa56,,,,
4c56b14b79a1d08e,,,,
06535cb89267dec5,,,,
2721407705395677,,,,
a9ef83de5ba9f19e,,,,
7a7cb4cd93b012f0,,,,
9def3f6d2a74b4ff,,,,
a89fdd1314da9fe3,,,,
f40ad631ebf2bc40,,,,
0fe04243466a6e42,,,,
d595dad1fb393e5a,,,,
88826ef2f56d0026,,,,
918874e8eef48d0b,,,,
567091deca3efd24,,,,
64142c6f982cd13a,,,,
92353f9a54bc9a08,,,,
d060d39497c57e71,,,,
f35402bcfe263cb8,,,,
f41d7bfc48ac9b07,,,,
bc0abaff7f3882cf,,,,
268f512fbd332b6f,,,,
95b0c1e280692e6b,,,,
8b0bb68952253427,,,,
08f05a85b7b3a5d1,,,,
db6dc18e3d3a51db,,,,
bf8c77f940a0b59d,,,,
b03e5756977f5142,,,,
029105a0c1cccf70,,,,
5ef83f43005ef510,,,,
61716fd38a8b5aec,,,,
d73e554145862f4b,,,,
411e89535720ed1d,,,,
c66789189d2d1292,,,,
c5b25171e0fd4363,,,,
2394cb3b5a4169fb,,,,
2ab0fb177fd01f25,,,,
303c46da8ee20cdf,,,,
abc0e03767a88ae2,,,,
6b2f24348b3e6224,,,,
782664d3545887fe,,,,
36f8f1e7310e52da,,,,
18920cb6c3412c58,,,,
c529d510ade539c6,,,,
b89ef2148a81194c,,,,
7a85281f354a552f,,,,
3cde684a9da7e94a,,,,
0687d787848a7efe,,,,
306dcc33bffe5ef3,,,,
540b559fedd2fdfa,,,,
75e9c99bbdeac2f8,,,,
0c9aecb39f7316cc,,,,
719a2131f69fcfeb,,,,
749d7cdc9a82085f,,,,
25b701fa1c634887,,,,
bc845217a6aa553a,,,,
71834dcfc170b65f,,,,
b2c0d05d86c300f5,,,,
2d18ba673418c1ac,,,,
e02a153bb8eb9b9f,,,,
8609384d89104f30,,,,
eff7fd58898b9d09,,,,
0d3774ee47c3d6a3,,,,
09f9159ccb869032,,,,
92ef1c82f3312e33,,,,
d894bfd2d8af1574,,,,
8ac0daf7a628d485,,,,
957fb53c183fb9ba,,,,
9fc304b3a7c9c9c9,,,,
61543ff2aaadb20d,,,,
292f99215066b84c,,,,
a751fd89823294df,,,,
6b1d39a31b25e161,,,,
2d404b6fdffa09d8,,,,
4efe5637879808d8,,,,
7f7e9232b454e1d1,,,,
7673a94ec3f38e70,,,,
99ba969f15cf573f,,,,
e1bfbced13d1254a,,,,
63165ff28ef516e2,,,,
12614254a951d756,,,,
6ad9f7ddc2030c96,,,,
e6d5ed0812b8687e,,,,
0f0fe51b18acdb20,,,,
d3aae7e2ef81ee8f,,,,
0c2a631b284cd74f,,,,
d7ba33da55d9ccd0,,,,
234d9af51e606784,,,,
69546c93a20ac558,,,,
4957fd7083484c98,,,,
e890e8516c836211,,,,
4bfd78c0c8e800dd,,,,
4a40d75757ddb090,,,,
e30171117f6a7a0c,,,,
5938a9468b960486,,,,
9e971bd701751df9,,,,
6074d02e5dbfc8ea,,,,
1c0e58d5fb883ffa,,,,
105a73c67bf5c61a,,,,
34f71a735267a0b6,,,,
7242d911386a639d,,,,
253e23eb6901b99d,,,,
08c238e9f72e432e,,,,
db98a8a698d48a5b,,,,
2b08a396f8fd1bbc,,,,
6c31d8890ef8f389,,,,
7306f80f772b8ea0,,,,
24fbf6d4ffd2d0de,,,,
cdc110fd5671ee28,,,,
2c99324455d38507,,,,
763f67281451c150,,,,
9486278547710e7b,,,,
0cc4366328421ead,,,,
94c2527e851203bc,,,,
2b91cef688316021,,,,
654fdea3589aec38,,,,
4e756a1a540abdc6,,,,
8cd66f8ee2a09efe,,,,
6f84106582848962,,,,
9a0d3436970acfe4,,,,
029118860d6f3a0b,,,,
a399b44fef26d829,,,,
b49393c70cebf41b,,,,
55390510f99d71a4,,,,
a5e333b00cead4ef,,,,
c146dbae487e71c1,,,,
6a7b4c874a551d42,,,,
d582062cdc4ff0c1,,,,
b6cf67248161364a,,,,
15a212eba79edc11,,,,
0cb33424edaf08dc,,,,
a7be603b0613c7c0,,,,
a40b2ae22cc04130,,,,
fd2c26e6b18d9922,,,,
e61196b806bd112d,,,,
d4996edbc817cec9,,,,
2ff1f24854f0c509,,,,
dda3b9f4f6e75901,,,,
a0d54b8de6fbbd3a,,,,
bc04ab52b4f42e04,,,,
c6430214a64ec696,,,,
93592a33d630ac33,,,,
2f1ce37554e5a466,,,,
eb569ae962a49297,,,,
f8f0c4347b5714c7,,,,
1bab7e798fc00b50,,,,
7624a56a912d29cc,,,,
8c1ea4fdb0878074,,,,
9bf04cccb78920ba,,,,
517d694f9d84613d,,,,
ddfb8208ae7798f0,,,,
1ae74b5ca5b89d24,,,,
216d9dc8fccf3ebd,,,,
c205b895c4f36980,,,,
a759d07de09b4a8f,,,,
520ec7cd3ee9f650,,,,
c2e986422dfdbc51,,,,
5bcb8b5e414c1651,,,,
d12388f5ed11b2d5,,,,
b2a97b1377157cca,,,,
057dbd4a52490205,,,,
0a87d957e7897c1b,,,,
50cdb6bcbe0eeb90,,,,
ffecbcdc082957e1,,,,
59bc8a8dbb45b34d,,,,
db6fd9947a5bce60,,,,
c9869d318b3c2df1,,,,
1867a3beee6e1cda,,,,
04bbd4d9e8a57c9b,,,,
536407111d1a9021,,,,
bc305dbe2386031b,,,,
9391c24abe09ca48,,,,
7216f3d5cfb5a903,,,,
bad187b2ee4a2746,,,,
bd2008c505b95ff3,,,,
f6e5a0637114641f,,,,
def0ae082ff3937a,,,,
27344331f1e6d2a1,,,,
de0e191352d576f4,,,,
27f9c2aac18fe7d3,,,,
79e974c69f67ce6a,,,,
95a5a7514eab99e2,,,,
3cd218c7792764df,,,,
473d6a5c874704ad,,,,
57a1dceb590ef0a0,,,,
13d316f1d94ae682,,,,
878f13ec1d08b20d,,,,
641f84cac847a6d9,,,,
da4227ac58142c7f,,,,
aedc115ec1455a76,,,,
39dc26dc51b21b7d,,,,
3fb232cd41b1b56e,,,,
d591654910bb80e9,,,,
8be4d16cd8542c46,,,,
9e7b840760b56b53,,,,
09ee293859928102,,,,
c44d47f1548a86d2,,,,
af01b7ecfdbf3d89,,,,
4282fd11d4cc741a,,,,
389bdfe7ac40af56,,,,
d67e38b824120a99,,,,
166b1eba62e5345a,,,,
aa496736090aa1fb,,,,
92972ec17d96f890,,,,
f3a797477a7146ae,,,,
e400e996b4376e18,,,,
08aa842dd0aa0777,,,,
24e0622b84dade84,,,,
5eff90c5b96269aa,,,,
a0e3a6a0cd503b9e,,,,
c822ce393f11f987,,,,
e02ec022e229b05a,,,,
82d5c76e935695fd,,,,
c9fd49d834e1fc39,,,,
4e7438a7e33ca61b,,,,
0b5cb5b546308f89,,,,
e59ad187b76153a8,,,,
eaf52be15e128d28,,,,
ad3226536dac28ef,,,,
cab7313dd675c66b,,,,
b0154f0807f34369,,,,
08fd44ffc1d36604,,,,
6248764f413f413b,,,,
22802fb582011add,,,,
1ce8d2a19270d1fa,,,,
7434c9d2b2ccd55b,,,,
f93f846445f244f7,,,,
b2a439b9dae0d2ae,,,,
27e5f7a931efae12,,,,
196019050bbc5a63,,,,
322556966acd0d94,,,,
1a4b82f82fba29fa,,,,
e69447344fbcb3e8,,,,
4eac7960256dd34a,,,,
e13b3add1a6b2996,,,,
1241cf25ee6ffeb8,,,,
8df6571a598664fc,,,,
702a17e152a8c3c3,,,,
5f5b9ef3e4e73b09,,,,
12197a0a6ea67479,,,,
0ce51ba57a727195,,,,
6843c8af7544fd26,,,,
8d83192814b99ad7,,,,
9c7c0d738acc5f24,,,,
f562a7939c8da143,,,,
376561bdb7c93af4,,,,
5d33920e9d8b0ee8,,,,
9252e61eb82ecbb6,,,,
73422b83d6e65f59,,,,
6bc22b8337c86469,,,,
20f608184cb01591,,,,
7606060ffdc535b4,,,,
f3dcb7fdf99dab20,,,,
7286a018ec5f6c23,,,,
240e173bd636a1e1,,,,
e27a8e8063cd8d89,,,,
7fb340aafb5a7592,,,,
8819d6c8aabefa69,,,,
05800891f7aa0387,,,,
c825efa07d0ac634,,,,
d2d84697f7bdfb8c,,,,
6c320a6a4624a0a0,,,,
68e44e722c28e3e4,,,,
c05d528a18e3020a,,,,
bba90bc14c2215a6,,,,
45bcf8bfdcef551a,,,,
070a2d2318e65651,,,,
e2782869c9994081,,,,
36d362314049ef69,,,,
c41164bfa688ade6,,,,
5f5fb1db3e8759fb,,,,
dfe9093e012fde2b,,,,
d3c2161993fe565e,,,,
6fdd68557a9f53b3,,,,
6bef46f820b31a02,,,,
886f298876596102,,,,
8afb054516f6ab4b,,,,
b9c64028f9ec93eb,,,,
61c2fbd23be79955,,,,
82d0b05aded4cc49,,,,
30dde641d4238396,,,,
dd4ba616f8e2c7a3,,,,
8bbcb24dd7a9e221,,,,
e4dd3870141c75ce,,,,
58d8e9d2ad1cbcd8,,,,
c950ce837b869237,,,,
b9ecd971c31db8aa,,,,
7887da7a92c4be13,,,,
f715f523ab52df8f,,,,
75cb0c2fe28bafc5,,,,
4d0d2c3ac44e1501,,,,
24442d2823c55c89,,,,
1dbbe4a3fe6ab52f,,,,
ba24e827b2d7225b,,,,
3a110af0e5deec6a,,,,
76c721f2b8a52bcc,,,,
ca1554c1b15226b0,,,,
a8852247d9660cc8,,,,
271b0e4815bf18b6,,,,
1d0e16b41c5c1b27,,,,
f1ca7d82efbd0f37,,,,
69a1c6f3ac00e4f7,,,,
8fb22b99aa7b5757,,,,
db81cbdd65df2829,,,,
e36ed8bc8cea87c8,,,,
70d07ae60509035c,,,,
4998800c632e2bf9,,,,
c85dc7e7ff339ab7,,,,
9e101119b4341e54,,,,
7cc2034fcbfd1fa2,,,,
57a91fce40a551d2,,,,
095c00ff22157659,,,,
3058fb15b5b36d62,,,,
3bf871604ef25940,,,,
274f5bd4bb1bfbf1,,,,
6496db0ccd377c0b,,,,
9178fe706931d3f4,,,,
12b7b2f16658ce04,,,,
77d6e6ed2454f26d,,,,
ff86635461495fc7,,,,
d1e6af13d57967f5,,,,
cea4ec141523af85,,,,
