class_id,class_key,class_size,object_diversity,operator_diversity,depth_min,depth_max,reuse_count,role_score,action_effect_score,redundancy_score,signature_len,representative,operator_family,frequency,object_diversity_score,depth_score,reuse_rate,complexity,M2_intervention_score,M3_reuse_score,M4_compression_score,M5_perturbation_centrality_score,M1_original_score,M6_frequency_control_score,M7_random_matched_score,class_a_survives,class_b_survives,class_b_attack_cost,class_b_auc_gns
6f22f0e6617081a7,"('Reachable', 3, 3, 2, 2, 3)",263,106,1,3,3,1865.0,1.0,0.7000000000000001,0.9857414448669202,28,"Reachable(N0,N1)",Reachable,0.39430284857571213,0.3521594684385382,0.5,0.41601606067365604,5.4375,0.7000000000000001,0.5295315636850324,36.38031084125711,0.7081751505688155,0.5663959055301572,0.378288364123586,0.20855144129507536,True,True,,0.7235527853921655
dea8c5924f298e61,"('PathLengthBucket', 3, 2, 2, 3)",275,114,1,3,3,275.0,0.59,0.5499999999999999,0.9645454545454546,32,"PathLengthBucket(N0,N1)=3",PathLengthBucket,0.4122938530734633,0.3787375415282392,0.5,0.061342850769573944,5.5,0.5499999999999999,0.2003668525540932,38.93687707641196,0.3941760892259647,0.33052524333127065,0.39954245468627814,0.2531723314903379,True,True,,0.6825751162790697
22d320921308c32d,"('Reachable', 4, 3, 2, 2, 3)",56,41,1,4,4,397.0,1.0,0.7000000000000001,0.9910714285714286,28,"Reachable(N0,N2)",Reachable,0.08395802098950525,0.1362126245847176,0.6666666666666666,0.08855677002007584,6.4375,0.7000000000000001,0.31042754108112125,4.664529239105893,0.6030052197189382,0.42698373722706345,0.10381477035568595,0.29934480206964886,True,False,2.0,0.6154661821705426
902e082081bf0d46,"('PathLengthBucket', 4, 2, 2, 3)",56,41,1,4,4,56.0,0.6699999999999999,0.5499999999999999,0.9910714285714286,32,"PathLengthBucket(N0,N2)=4",PathLengthBucket,0.08395802098950525,0.1362126245847176,0.6666666666666666,0.01249163506580415,6.5,0.5499999999999999,0.19626064391404563,4.619677996422182,0.41620510907874186,0.3139656116504407,0.10381477035568595,0.3560034999651079,True,False,2.0,0.5881661821705426
de3aebcab6abd899,"('Reachable', 2, 1, 2, 2, 3)",27,23,1,2,2,54.0,0.3333333333333334,0.6999999999999998,0.25,28,"Reachable(N0,N3)",Reachable,0.04047976011994003,0.07641196013289037,0.3333333333333333,0.012045505242025429,4.4375,0.6999999999999998,0.10200609710759165,2.8987319264423754,0.302962926611644,0.18460295492680728,0.05413399612486115,0.2005021646054131,True,False,1.0,0.2848368217054264
8f2b4518b0e0bb6a,"('PathLengthBucket', 2, 2, 2, 3)",404,129,1,2,2,404.0,0.5099999999999998,0.5499999999999998,0.8954207920792079,32,"PathLengthBucket(N0,N3)=2",PathLengthBucket,0.6056971514242878,0.42857142857142855,0.3333333333333333,0.09011822440330136,4.5,0.5499999999999998,0.19001845490371028,74.38730158730158,0.3652088583537808,0.3064525304220175,0.5383893767402013,0.25908405475363155,True,True,,0.6296088696369636
0046fe7f1edad776,"('Reachable', 3, 3, 2, 3, 3)",116,63,1,3,3,846.0,1.0,0.7000000000000001,0.9935344827586207,28,"Reachable(N0,N5)",Reachable,0.17391304347826086,0.20930232558139536,0.5,0.18871291545839838,5.4375,0.7000000000000001,0.3658732991300468,12.998449612403103,0.6296191835824225,0.45294916871488666,0.18736097067745197,0.4295130487851528,True,True,,0.7123529771451483
d42065ddedd8101f,"('PathLengthBucket', 3, 2, 3, 3)",119,66,1,3,3,119.0,0.5900000000000002,0.5499999999999998,0.9810924369747899,32,"PathLengthBucket(N0,N5)=3",PathLengthBucket,0.17841079460269865,0.21926910299003322,0.5,0.026544724514833817,5.5,0.5499999999999998,0.1753122016506804,13.398731501057084,0.38214985679232655,0.28976583496759634,0.1939369517898858,0.3377152262854987,True,False,2.0,0.5518858413132695
103194f4b8fa593b,"('Reachable', 1, 3, 2, 2, 3)",213,99,1,1,1,1364.0,1.0,0.7000000000000001,0.9683098591549296,28,"Reachable(N0,N6)",Reachable,0.3193403298350825,0.3289036544850498,0.16666666666666666,0.3042605398170868,3.4375,0.7000000000000001,0.41573425533496916,45.16552099063727,0.6535524425607853,0.46711231023561633,0.3229743932020701,0.4532018295097612,True,True,,0.6567431433562617
1b40f9651adafe25,"('PathLengthBucket', 1, 2, 2, 3)",316,136,1,1,1,316.0,0.43000000000000005,0.5499999999999998,0.7215189873417721,32,"PathLengthBucket(N0,N6)=1",PathLengthBucket,0.4737631184407796,0.45182724252491696,0.16666666666666666,0.07048851215703769,3.5,0.5499999999999998,0.14481839541973382,76.90783103939249,0.31951282980147216,0.25887435972057354,0.4654274855927518,0.4558812998714311,True,True,,0.5500204984790502
2e70f08d89ee2b51,"('Reachable', 2, 3, 2, 3, 3)",426,113,1,2,2,3029.0,1.0,0.7,0.9800469483568075,28,"Reachable(N0,N7)",Reachable,0.638680659670165,0.3754152823920266,0.3333333333333333,0.6756636181128709,4.4375,0.7,0.6998111383746003,74.43986710963455,0.7899093464198081,0.6464510395264601,0.5386398163044723,0.16702257199127182,True,False,2.0,0.5740203024347637
22d90988743669c5,"('PathLengthBucket', 2, 2, 3, 3)",466,131,1,2,2,466.0,0.5099999999999998,0.5499999999999999,0.9302575107296137,32,"PathLengthBucket(N0,N7)=2",PathLengthBucket,0.6986506746626686,0.43521594684385384,0.3333333333333333,0.10394824894044166,4.5,0.5499999999999999,0.1999760725704513,86.49125138427465,0.36998851483381656,0.3130070086331703,0.5985454780915189,0.32730266678673964,True,False,2.0,0.5182608028079981
f3b8530e9bd63d34,"('Reachable', 1, 0, 2, 1, 3)",74,49,1,1,1,74.0,0.0,0.7000000000000002,0.0,28,"Reachable(N0,N8)",Reachable,0.11094452773613193,0.16279069767441862,0.16666666666666666,0.016506803479812624,3.4375,0.7000000000000002,0.028551565172131754,12.115348837209302,0.1677047512826233,0.09993597797709522,0.13064607231268088,0.2444393081154267,True,False,1.0,0.1579472868217054
0fdc573bad7a3b6a,"('PathLengthBucket', 1, 2, 1, 3)",188,108,1,1,1,188.0,0.43,0.5499999999999999,0.48404255319148937,32,"PathLengthBucket(N0,N8)=1",PathLengthBucket,0.2818590704647676,0.3588039867109635,0.16666666666666666,0.041936203435199645,3.5,0.5499999999999999,0.1242607331400104,40.75861414333175,0.309645151907205,0.2318605918222081,0.31109813863832203,0.5610314534807752,True,False,1.0,0.36669832591126506
92549f445acc70c2,"('Reachable', 3, 3, 1, 2, 3)",241,103,1,3,3,1591.0,1.0,0.7,0.9719917012448133,28,"Reachable(N2,N1)",Reachable,0.3613193403298351,0.34219269102990035,0.5,0.35489627481597147,5.4375,0.7,0.4855253178674994,32.89534501852064,0.6870521525763997,0.5407269506492968,0.3540512135958599,0.19396724745029065,True,True,,0.7194696178712728
1ba71e2e19d6dc9b,"('PathLengthBucket', 3, 1, 2, 3)",266,118,1,3,3,266.0,0.59,0.5499999999999998,0.9276315789473685,32,"PathLengthBucket(N2,N1)=3",PathLengthBucket,0.3988005997001499,0.3920265780730897,0.5,0.05933526656256971,5.5,0.5499999999999998,0.19892139192505015,38.30528541226216,0.393482268124024,0.33199689259319254,0.396226471481867,0.23384168780910675,True,False,2.0,0.5552573133414932
4db6ce609bf9179e,"('Reachable', 2, 3, 1, 2, 3)",199,87,1,2,2,1273.0,1.0,0.7000000000000001,0.9711055276381909,28,"Reachable(N2,N4)",Reachable,0.2983508245877061,0.28903654485049834,0.3333333333333333,0.283961632835155,4.4375,0.7000000000000001,0.41778570897464495,30.899892377520946,0.6545371403078296,0.47811920020730464,0.2948113982875672,0.2317014993351457,True,True,,0.6840943691324842
ac48bf10d90ac9c8,"('PathLengthBucket', 2, 1, 2, 3)",272,127,1,2,2,272.0,0.5099999999999999,0.5499999999999998,0.8023897058823529,32,"PathLengthBucket(N2,N4)=2",PathLengthBucket,0.4077961019490255,0.4219269102990033,0.3333333333333333,0.060673656033905864,4.5,0.5499999999999998,0.16881836567774552,49.68091546696198,0.3550328155253178,0.2937731537053996,0.41316580912201706,0.20383326580442324,True,True,,0.6075140375626995
bc8db0550cfa21bc,"('Reachable', 1, 3, 1, 3, 3)",122,78,1,1,1,790.0,1.0,0.7,0.9672131147540983,28,"Reachable(N2,N5)",Reachable,0.18290854572713644,0.2591362126245847,0.16666666666666666,0.17622128039259424,3.4375,0.7,0.32354598854933453,23.393343400785266,0.6093020745036806,0.4050276773745235,0.2118750591481668,0.1413619312424355,True,False,2.0,0.5301409581903673
e1ff3541ed2bebbf,"('PathLengthBucket', 1, 1, 3, 3)",227,131,1,1,1,227.0,0.42999999999999994,0.5499999999999998,0.5748898678414097,32,"PathLengthBucket(N2,N5)=1",PathLengthBucket,0.3403298350824588,0.43521594684385384,0.16666666666666666,0.05063573499888468,3.5,0.5499999999999998,0.13052439586586362,54.16971998101566,0.3126517100156145,0.2482630684978443,0.3763865575517889,0.3171229129394487,True,True,,0.5146375439674897
8a9e7c69a3391f02,"('Reachable', 2, 3, 1, 3, 3)",228,99,1,2,2,1517.0,1.0,0.7,0.9692982456140351,28,"Reachable(N2,N7)",Reachable,0.34182908545727136,0.3289036544850498,0.3333333333333333,0.3383894713361588,4.4375,0.7,0.45697375269536766,37.45127509241495,0.6733474012937765,0.5062462550642282,0.3369174216878272,0.33170873850239446,True,False,2.0,0.5673047939616483
8be8ff021f310caf,"('PathLengthBucket', 2, 1, 3, 3)",292,126,1,2,2,292.0,0.5099999999999999,0.5499999999999999,0.8321917808219178,32,"PathLengthBucket(N2,N7)=2",PathLengthBucket,0.43778110944527737,0.4186046511627907,0.3333333333333333,0.06513495427169307,4.5,0.5499999999999999,0.17203050040895232,53.11834625322997,0.3565746401962971,0.294958340653805,0.43049405529793244,0.47805121164253556,True,True,,0.6140959912923436
a04ac6c98010d38f,"('Reachable', 2, 3, 2, 2, 3)",351,109,1,2,2,2340.0,1.0,0.7000000000000002,0.9743589743589743,28,"Reachable(N4,N2)",Reachable,0.5262368815592204,0.36212624584717606,0.3333333333333333,0.521971893821102,4.4375,0.7000000000000002,0.5891530968845268,60.28311262926396,0.7367934865045729,0.5839054023100434,0.46387483998864354,0.4294750560837561,True,True,,0.6914970781156827
52221196342c4cfc,"('Reachable', 1, 3, 2, 3, 3)",368,107,1,1,1,2527.0,1.0,0.7000000000000001,0.9775815217391305,28,"Reachable(N4,N5)",Reachable,0.5517241379310345,0.3554817275747508,0.16666666666666666,0.5636850323444123,3.4375,0.7000000000000001,0.6025198899546435,80.87775294472969,0.7432095471782288,0.5733913964016641,0.47715202199564666,0.25004368425433865,True,True,,0.6613035020643748
e5cb258637a67a0d,"('PathLengthBucket', 1, 2, 3, 3)",472,141,1,1,1,472.0,0.42999999999999994,0.5499999999999998,0.8209745762711864,32,"PathLengthBucket(N4,N5)=1",PathLengthBucket,0.7076461769115442,0.4684385382059801,0.16666666666666666,0.10528663841177782,3.5,0.5499999999999998,0.16987304632314668,117.11514000949217,0.3315390622351103,0.2753480537985336,0.6167472742034298,0.2474752458989372,True,False,2.0,0.4545063674287216
c8045dae31dde945,"('Reachable', 2, 3, 3, 2, 3)",434,110,1,2,2,3111.0,1.0,0.6999999999999998,0.9896313364055299,28,"Reachable(N5,N1)",Reachable,0.6506746626686657,0.3654485049833887,0.3333333333333333,0.6939549408877983,4.4375,0.6999999999999998,0.712980890772548,74.86301998034722,0.796230827570823,0.6519315684733936,0.5422887227482605,0.48790947049316075,True,True,,0.6953273193298325
79e93f18e3a828c1,"('PathLengthBucket', 2, 3, 2, 3)",461,123,1,2,2,461.0,0.5099999999999998,0.5499999999999999,0.9533622559652929,32,"PathLengthBucket(N5,N1)=2",PathLengthBucket,0.6911544227886057,0.40863787375415284,0.3333333333333333,0.10283292438099487,4.5,0.5499999999999999,0.1991730388876496,82.84045773348099,0.36960305866607174,0.30805124345753077,0.5837981341555136,0.12586864426952768,True,True,,0.6411793943062772
63516fcc35876d20,"('Reachable', 1, 3, 3, 2, 3)",383,114,1,1,1,2570.0,1.0,0.7000000000000001,0.9784595300261096,28,"Reachable(N5,N2)",Reachable,0.5742128935532234,0.3787375415282392,0.16666666666666666,0.5732768235556547,3.4375,0.7000000000000001,0.6094259796267381,86.76552099063726,0.7465244702208343,0.5811073224271144,0.49993225978372935,0.28422658025144615,True,True,,0.6636226010484344
258e7f4b2160c049,"('PathLengthBucket', 1, 3, 2, 3)",467,139,1,1,1,467.0,0.42999999999999994,0.5499999999999998,0.8452890792291221,32,"PathLengthBucket(N5,N2)=1",PathLengthBucket,0.7001499250374813,0.46179401993355484,0.16666666666666666,0.10417131385233103,3.5,0.5499999999999998,0.169070012640345,114.98794494542004,0.3311536060673655,0.27378099294183095,0.6095746810979892,0.24305754600501653,True,True,,0.5795183664492141
776dfde224037a46,"('Reachable', 1, 3, 3, 3, 3)",622,125,1,1,1,4483.0,1.0,0.7000000000000001,0.9859324758842444,28,"Reachable(N5,N7)",Reachable,0.9325337331334332,0.4152823920265781,0.16666666666666666,1.0,3.4375,0.7000000000000001,0.9166666666666666,147.52164300815465,0.894,0.7547046733111851,0.7359782235128283,0.5745155712935214,True,True,,0.6686744329370125
da866b9347a0946a,"('PathLengthBucket', 1, 3, 3, 3)",667,136,1,1,1,667.0,0.4300000000000001,0.5499999999999998,0.9426536731634183,32,"PathLengthBucket(N5,N7)=1",PathLengthBucket,1.0,0.45182724252491696,0.16666666666666666,0.14878429623020298,3.5,0.5499999999999998,0.20119135995241283,162.33393450403418,0.34657185277715813,0.28958635079797707,0.7916943521594685,0.22446831079472113,True,True,,0.6011026109038504
5a4d2dea7b01f14e,"('Reachable', 1, 0, 3, 1, 3)",63,43,1,1,1,63.0,0.0,0.7000000000000004,0.0,28,"Reachable(N8,N0)",Reachable,0.0944527736131934,0.14285714285714285,0.16666666666666666,0.014053089449029667,3.4375,0.7000000000000004,0.026784891069968026,9.94909090909091,0.16685674771358472,0.09558478960729955,0.11284643392589419,0.20633266804248213,True,False,1.0,0.1561333333333333
e8d9f73a17fa59ef,"('PathLengthBucket', 1, 3, 1, 3)",223,127,1,1,1,223.0,0.42999999999999994,0.5499999999999998,0.6278026905829597,32,"PathLengthBucket(N8,N0)=1",PathLengthBucket,0.3343328335832084,0.4219269102990033,0.16666666666666666,0.04974347535132723,3.5,0.5499999999999998,0.12988196891962225,52.36848599905078,0.3123433450814186,0.2456539380849074,0.3676185827352105,0.3432942570476464,True,True,,0.5256511036952063
a1b2441cc20ce47b,"('Reachable', 3, 3, 3, 2, 3)",142,63,1,3,3,1016.0,1.0,0.7000000000000003,0.9894366197183099,28,"Reachable(N8,N2)",Reachable,0.2128935532233883,0.20930232558139536,0.5,0.22663395047958956,5.4375,0.7000000000000003,0.39317644434530447,15.911895215183106,0.6427246932857462,0.46782392222815905,0.211528886719431,0.3487292196822643,True,False,2.0,0.5914063707828365
58d0a2506370cff1,"('PathLengthBucket', 3, 3, 2, 3)",150,70,1,3,3,150.0,0.5900000000000001,0.5499999999999998,0.9633333333333334,32,"PathLengthBucket(N8,N2)=3",PathLengthBucket,0.22488755622188905,0.23255813953488372,0.5,0.03345973678340397,5.5,0.5499999999999998,0.18029101048405088,17.251585623678647,0.38453968503234437,0.29473742623264115,0.22780237788082702,0.0956613031843181,True,True,,0.6689927906976744
b69fe8e6d6466238,"('Reachable', 1, 1, 3, 2, 3)",26,23,1,1,1,52.0,0.33333333333333337,0.6999999999999998,0.25,28,"Reachable(N8,N3)",Reachable,0.038980509745127435,0.07641196013289037,0.16666666666666666,0.01159937541824671,3.4375,0.6999999999999998,0.0850182169678043,3.603406825732407,0.29480874414454605,0.15868129115998447,0.05320446089247735,0.1431727927680005,True,False,1.0,0.2545034883720931
146786873bab93cf,"('Reachable', 2, 3, 3, 3, 3)",399,101,1,2,2,2973.0,1.0,0.7000000000000002,0.9924812030075187,28,"Reachable(N8,N5)",Reachable,0.5982008995502249,0.33554817275747506,0.3333333333333333,0.6631719830470667,4.4375,0.7000000000000002,0.6908171611272212,66.13717654765804,0.7855922373410662,0.6347737120842143,0.4983928633689799,0.3212845208963044,True,True,,0.6932647082823338
2565c91d1b4435e0,"('PathLengthBucket', 2, 3, 3, 3)",404,105,1,2,2,404.0,0.5099999999999998,0.5499999999999998,0.9857673267326733,32,"PathLengthBucket(N8,N5)=2",PathLengthBucket,0.6056971514242878,0.3488372093023256,0.3333333333333333,0.09011822440330136,4.5,0.5499999999999998,0.19001845490371028,67.22894056847547,0.3652088583537808,0.29289771314627,0.5080903734179422,0.21745809572838778,True,True,,0.6432231051884257
ed0805320f3f6224,"('Reachable', 1, 0, 3, 2, 3)",31,21,1,1,1,31.0,0.0,0.6999999999999997,0.0,28,"Reachable(N9,N3)",Reachable,0.046476761619190406,0.06976744186046512,0.16666666666666666,0.006915012268570154,3.4375,0.6999999999999997,0.021645475500037176,4.236448202959831,0.1643898282400178,0.08035958683536598,0.05532722011087479,0.1653589409683361,True,False,1.0,0.14948217054263568
277ee40a245125f2,"('InDegreeBucket', (1, 2, 3))",157,103,1,2,2,628.0,0.25,0.5,0.375,29,"InDegreeBucket(N0)=(1, 2, 3)",InDegreeBucket,0.2353823088455772,0.34219269102990035,0.3333333333333333,0.14008476466651795,4.453125,0.5,0.17919436389322624,26.1668496823454,0.27101329466874857,0.24973118025744606,0.27597025407562004,0.3472255112477221,True,False,1.0,0.35143120155038765
cd4c87d299ad7395,"('OutDegreeBucket', (2, 1, 3))",157,103,1,3,3,628.0,0.5,0.5499999999999998,0.375,30,"OutDegreeBucket(N0)=(2, 1, 3)",OutDegreeBucket,0.2353823088455772,0.34219269102990035,0.5,0.14008476466651795,5.46875,0.5499999999999998,0.24086103055989294,21.30729188419554,0.38661329466874855,0.33485384692411274,0.27597025407562004,0.33331535565273646,True,True,,0.5304645348837209
40e6a73e6da370f3,"('CycleParticipation', (0, 1, 2))",343,247,1,1,1,1372.0,0.19999999999999998,0.49000000000000016,0.375,33,"CycleParticipation(N0)=(0, 1, 2)",CycleParticipation,0.5142428785607196,0.8205980066445183,0.16666666666666666,0.30604505911220165,3.515625,0.49000000000000016,0.2730191092274518,119.08696640826874,0.2988491724291769,0.35853713850335056,0.6306578272325631,0.22637349600451406,True,False,1.0,0.3588927519379845
2c2422b0893118b4,"('CutVertexLikeRole', (0, 1, 2))",343,247,1,1,1,1372.0,0.25,0.5,0.375,32,"CutVertexLikeRole(N0)=(0, 1, 2)",CutVertexLikeRole,0.5142428785607196,0.8205980066445183,0.16666666666666666,0.30604505911220165,3.5,0.5,0.2820191092274518,119.61860465116278,0.32036917242917684,0.37041233850335054,0.6306578272325631,0.32081736705816805,True,True,,0.4846327519379845
7781a53987f9ef51,"('InDegreeBucket', (2, 0, 3))",70,61,1,3,3,210.0,0.5,0.5499999999999997,0.25,29,"InDegreeBucket(N1)=(2, 0, 3)",InDegreeBucket,0.10494752623688156,0.2026578073089701,0.5,0.046843631496765556,5.453125,0.5499999999999997,0.17372741467767122,7.736123142533485,0.3543891590452821,0.2745585227589202,0.1420774330442752,0.08746703903249971,True,False,1.0,0.3688918604651163
c3f03518ef633086,"('OutDegreeBucket', (0, 2, 3))",70,61,1,1,1,210.0,0.0,0.45,0.25,30,"OutDegreeBucket(N1)=(0, 2, 3)",OutDegreeBucket,0.10494752623688156,0.2026578073089701,0.16666666666666666,0.046843631496765556,3.46875,0.45,0.05039408134433787,12.161743138487324,0.12318915904528219,0.10431318942558686,0.1420774330442752,0.23998508807524524,True,False,1.0,0.25082519379844964
56d652049a121e5e,"('CycleParticipation', (0, 2, 0))",189,173,1,1,1,567.0,0.19999999999999998,0.4900000000000002,0.25,33,"CycleParticipation(N1)=(0, 2, 0)",CycleParticipation,0.28335832083958024,0.574750830564784,0.16666666666666666,0.12647780504126702,3.515625,0.4900000000000002,0.14373068629637892,52.40260465116279,0.23679072942226193,0.24630678575694723,0.3940874745351577,0.2322506055159808,True,False,1.0,0.30764565891472867
5a9a345981700c85,"('CutVertexLikeRole', (0, 2, 0))",189,173,1,1,1,567.0,0.0,0.45000000000000023,0.25,32,"CutVertexLikeRole(N1)=(0, 2, 0)",CutVertexLikeRole,0.28335832083958024,0.574750830564784,0.16666666666666666,0.12647780504126702,3.5,0.45000000000000023,0.10773068629637891,52.63654485049834,0.15071072942226194,0.19880598575694722,0.3940874745351577,0.1668620070124462,True,True,,0.40468565891472863
567be6722263bd84,"('InDegreeBucket', (2, 1, 3))",133,93,1,3,3,532.0,0.5,0.5499999999999998,0.375,29,"InDegreeBucket(N2)=(2, 1, 3)",InDegreeBucket,0.19940029985007496,0.3089700996677741,0.5,0.11867053312513942,5.453125,0.5499999999999998,0.22544278385010036,17.291557273272474,0.3792125362480481,0.32080614558505627,0.24103682378080063,0.3085792447021952,True,True,,0.5274412790697675
ae4b776e824606e3,"('OutDegreeBucket', (1, 2, 3))",133,93,1,2,2,532.0,0.25,0.5,0.375,30,"OutDegreeBucket(N2)=(1, 2, 3)",OutDegreeBucket,0.19940029985007496,0.3089700996677741,0.3333333333333333,0.11867053312513942,4.46875,0.5,0.1637761171834337,21.100536672629698,0.26361253624804815,0.23568347891838962,0.24103682378080063,0.5520789637509832,True,False,1.0,0.34840794573643413
28df039db72cf6b9,"('CycleParticipation', (0, 2, 1))",319,241,1,1,1,1276.0,0.19999999999999996,0.49000000000000016,0.375,33,"CycleParticipation(N2)=(0, 2, 1)",CycleParticipation,0.4782608695652174,0.8006644518272426,0.16666666666666666,0.2846308275708231,3.515625,0.49000000000000016,0.2576008625176593,108.9456242155777,0.29144841400847643,0.34674857337691867,0.600774230824787,0.18660827380977293,True,True,,0.4770787984496123
a7e5df2cffe8266f,"('CutVertexLikeRole', (0, 2, 1))",319,241,1,1,1,1276.0,0.25,0.5,0.375,32,"CutVertexLikeRole(N2)=(0, 2, 1)",CutVertexLikeRole,0.4782608695652174,0.8006644518272426,0.16666666666666666,0.2846308275708231,3.5,0.5,0.2666008625176593,109.43198860939724,0.31296841400847647,0.3586237733769187,0.600774230824787,0.23692473956160176,True,True,,0.4828187984496124
b3420b375d193a82,"('InDegreeBucket', (2, 2, 3))",152,106,1,3,3,760.0,0.5,0.5499999999999999,0.5,29,"InDegreeBucket(N4)=(2, 2, 3)",InDegreeBucket,0.22788605697151423,0.3521594684385382,0.5,0.16952933303591344,5.453125,0.5499999999999999,0.26206111978585767,20.96563698845301,0.3967893374972117,0.34809800769388677,0.27510995332898336,0.05625034678747998,True,False,2.0,0.440246511627907
1951abbe089a106c,"('OutDegreeBucket', (2, 2, 3))",152,106,1,3,3,760.0,0.5,0.5499999999999999,0.5,30,"OutDegreeBucket(N4)=(2, 2, 3)",OutDegreeBucket,0.22788605697151423,0.3521594684385382,0.5,0.16952933303591344,5.46875,0.5499999999999999,0.26206111978585767,20.905735168486,0.3967893374972117,0.34809800769388677,0.27510995332898336,0.24698587426001242,True,False,2.0,0.440246511627907
37f4f29b7ec56ccb,"('CycleParticipation', (0, 2, 2))",275,206,1,1,1,1375.0,0.19999999999999998,0.4900000000000001,0.5,33,"CycleParticipation(N4)=(0, 2, 2)",CycleParticipation,0.4122938530734633,0.6843853820598007,0.16666666666666666,0.3067142538478697,3.515625,0.4900000000000001,0.27350092943713283,84.8230343300111,0.29908044612982376,0.33564348797418275,0.5156886340882715,0.23452914565443672,True,False,1.0,0.37537240310077513
15ec869166b9c25f,"('CutVertexLikeRole', (1, 2, 2))",275,206,1,2,2,1375.0,0.5,0.5499999999999999,0.5,32,"CutVertexLikeRole(N4)=(1, 2, 2)",CutVertexLikeRole,0.4122938530734633,0.6843853820598007,0.3333333333333333,0.3067142538478697,4.5,0.5499999999999999,0.34416759610379954,66.26799557032116,0.4362004461298238,0.4326413546408494,0.5156886340882715,0.19940858093331115,True,True,,0.5601457364341085
7d8da88de8365458,"('InDegreeBucket', (3, 3, 3))",43,36,1,4,4,301.0,0.75,0.6000000000000002,0.75,29,"InDegreeBucket(N5)=(3, 3, 3)",InDegreeBucket,0.06446776611694154,0.11960132890365449,0.6666666666666666,0.0671425384786973,6.453125,0.6000000000000002,0.25000929437132874,3.4623313732272574,0.4770044612982378,0.35352395615378784,0.08541851997589245,0.24512164280858278,True,True,,0.6558670542635657
f8405c11ba3c987f,"('OutDegreeBucket', (3, 3, 3))",43,36,1,4,4,301.0,0.75,0.6000000000000002,0.75,30,"OutDegreeBucket(N5)=(3, 3, 3)",OutDegreeBucket,0.06446776611694154,0.11960132890365449,0.6666666666666666,0.0671425384786973,6.46875,0.6000000000000002,0.25000929437132874,3.453968253968254,0.4770044612982378,0.35352395615378784,0.08541851997589245,0.4084086229939429,True,True,,0.6558670542635657
a0bcc10526128a5f,"('CycleParticipation', (0, 3, 3))",59,48,1,1,1,413.0,0.19999999999999996,0.49,0.75,33,"CycleParticipation(N5)=(0, 3, 3)",CycleParticipation,0.08845577211394302,0.15946843853820597,0.16666666666666666,0.0921258086103056,3.515625,0.49,0.11899724886608669,9.389123661867847,0.22491867945572158,0.1622340024004057,0.11544058535516294,0.3120760460124686,True,True,,0.50535496124031
bfebf898043b2e68,"('CutVertexLikeRole', (1, 3, 3))",147,88,1,2,2,1171.0,1.0,0.65,0.8571428571428571,32,"CutVertexLikeRole(N5)=(1, 3, 3)",CutVertexLikeRole,0.22038980509745126,0.292358803986711,0.3333333333333333,0.26120901182244033,4.5,0.65,0.40140382184549034,22.61705426356589,0.6356738344858354,0.4668991321524973,0.24773802467536996,0.3727176724940795,True,False,2.0,0.5443713178294574
966444ebca3c2d87,"('InDegreeBucket', (4, 3, 3))",29,27,1,5,5,239.0,1.0,0.6499999999999998,0.9051724137931034,29,"InDegreeBucket(N7)=(4, 3, 3)",InDegreeBucket,0.043478260869565216,0.08970099667774087,0.8333333333333334,0.05331251394155699,7.453125,0.6499999999999998,0.30171834337125436,1.905419391685298,0.587824804818202,0.42813865623720865,0.06104290047667196,0.274326996851395,True,True,,0.748024284950548
b5156c345e246601,"('OutDegreeBucket', (3, 4, 3))",29,27,1,4,4,239.0,0.75,0.6000000000000002,0.9051724137931034,30,"OutDegreeBucket(N7)=(3, 4, 3)",OutDegreeBucket,0.043478260869565216,0.08970099667774087,0.6666666666666666,0.05331251394155699,6.46875,0.6000000000000002,0.2400516767045877,2.195374516506974,0.47222480481820206,0.343015989570542,0.06104290047667196,0.1454306302899007,True,False,2.0,0.5689909516172147
e4669d07310b0dfc,"('CycleParticipation', (0, 4, 3))",35,32,1,1,1,287.0,0.20000000000000004,0.4899999999999999,0.9,33,"CycleParticipation(N7)=(0, 4, 3)",CycleParticipation,0.05247376311844078,0.10631229235880399,0.16666666666666666,0.06401962971224627,3.515625,0.4899999999999999,0.09876080005948398,5.04062015503876,0.2152051840285523,0.14217264024007023,0.0729324042297788,0.1520389611404746,True,True,,0.5351677519379845
7c8879cb447b4c45,"('InDegreeBucket', (1, 3, 3))",84,72,1,2,2,420.0,0.25,0.5,0.5,29,"InDegreeBucket(N8)=(1, 3, 3)",InDegreeBucket,0.12593703148425786,0.23920265780730898,0.3333333333333333,0.09368726299353111,4.453125,0.5,0.14578816268867573,12.057380660954713,0.2549783180905643,0.21402317619336642,0.16897796948701727,0.26231948829832014,True,False,1.0,0.3709341085271318
dc51565e69d18a9f,"('OutDegreeBucket', (3, 1, 3))",84,72,1,4,4,420.0,0.75,0.6000000000000001,0.5,30,"OutDegreeBucket(N8)=(3, 1, 3)",OutDegreeBucket,0.12593703148425786,0.23920265780730898,0.6666666666666666,0.09368726299353111,6.46875,0.6000000000000001,0.2691214960220091,8.300370744860128,0.48617831809056433,0.3842685095266998,0.16897796948701727,0.14467075304725274,True,False,2.0,0.48900077519379853
e7b02116d6a717a6,"('CycleParticipation', (0, 1, 3))",147,130,1,1,1,735.0,0.19999999999999996,0.4900000000000002,0.5,33,"CycleParticipation(N8)=(0, 1, 3)",CycleParticipation,0.22038980509745126,0.4318936877076412,0.16666666666666666,0.16395271023867947,3.515625,0.4900000000000002,0.17071261803851587,34.78424806201551,0.24974205665848764,0.23672082788434912,0.30076128048932343,0.2206729015223198,True,False,1.0,0.3523956589147287
1f2bade163c35352,"('CutVertexLikeRole', (0, 1, 3))",194,162,1,1,1,1022.0,0.40850515463917525,0.531701030927835,0.5335051546391752,32,"CutVertexLikeRole(N8)=(0, 1, 3)",CutVertexLikeRole,0.2908545727136432,0.5382059800664452,0.16666666666666666,0.22797233995092572,3.5,0.531701030927835,0.25433767926638473,52.003417180825814,0.36160785924374095,0.3294268097051753,0.3848481075077079,0.27683205065688754,True,True,,0.5137461599936066
dda8796047c429fc,"('InDegreeBucket', (0, 4, 3))",18,18,1,1,1,93.0,0.0,0.44999999999999996,0.5208333333333334,29,"InDegreeBucket(N9)=(0, 4, 3)",InDegreeBucket,0.026986506746626688,0.059800664451827246,0.16666666666666666,0.02074503680571046,3.453125,0.44999999999999996,0.0316030931667782,2.396788983929887,0.11416948472005353,0.06979014478073806,0.0394558866746029,0.2967452735338313,True,False,1.0,0.30038769379844965
ef122a1d222dafeb,"('OutDegreeBucket', (4, 0, 3))",18,18,1,5,5,93.0,1.0,0.65,0.5208333333333334,30,"OutDegreeBucket(N9)=(4, 0, 3)",OutDegreeBucket,0.026986506746626688,0.059800664451827246,0.8333333333333334,0.02074503680571046,7.46875,0.65,0.2782697598334449,1.1081388398504288,0.5765694847200535,0.41028081144740475,0.0394558866746029,0.27147623275498417,True,True,,0.6565210271317831
880f2a4c97d4356e,"('CycleParticipation', (0, 0, 4))",24,24,1,1,1,124.0,0.20000000000000004,0.49,0.5208333333333334,33,"CycleParticipation(N9)=(0, 0, 4)",CycleParticipation,0.035982008995502246,0.07973421926910298,0.16666666666666666,0.027660049074280615,3.515625,0.49,0.07258190200014872,3.274985603543743,0.20263931296007137,0.1233921041520952,0.052607848899470525,0.0637022687384309,True,False,1.0,0.32516164728682173
1599bd74e883054d,"('CutVertexLikeRole', (0, 0, 3))",97,92,1,1,1,416.0,0.0,0.4500000000000001,0.4110824742268041,32,"CutVertexLikeRole(N9)=(0, 0, 3)",CutVertexLikeRole,0.1454272863568216,0.30564784053156147,0.16666666666666666,0.09279500334597368,3.5,0.4500000000000001,0.08347906907576771,19.55652586616042,0.13906995315636853,0.13984619638951037,0.20631109694322275,0.20909305034457612,True,False,1.0,0.29740733836809713
69ad3321d874cea4,"('SharedPredecessor', 1, 1, 2, 3)",138,97,1,2,2,138.0,0.3333333333333333,0.5499999999999998,0.3333333333333333,33,"SharedPredecessor(N0,N3)",SharedPredecessor,0.20689655172413793,0.3222591362126246,0.3333333333333333,0.030782957840731654,4.515625,0.5499999999999998,0.11549706297866011,22.072639069307616,0.2764385902297568,0.2251668530669202,0.25073433382976285,0.1732453734101054,True,True,,0.4653589147286821
b12cd8d81d2f8331,"('SharedSuccessor', 1, 2, 2, 3)",224,104,1,2,2,224.0,0.3333333333333333,0.5999999999999999,0.3333333333333333,31,"SharedSuccessor(N0,N4)",SharedSuccessor,0.335832083958021,0.34551495016611294,0.3333333333333333,0.0499665402632166,4.484375,0.5999999999999999,0.12930924232284927,37.23938092537071,0.2940684363149676,0.23950521674572747,0.3395115731170959,0.27518232796163694,True,False,1.0,0.3411751937984496
62c8d77649c23311,"('SharedPredecessor', 1, 1, 3, 3)",170,89,1,2,2,170.0,0.33333333333333337,0.5499999999999998,0.33333333333333337,33,"SharedPredecessor(N0,N7)",SharedPredecessor,0.25487256371814093,0.2956810631229236,0.3333333333333333,0.037921035021191166,4.515625,0.5499999999999998,0.12063647854859097,26.190345905804183,0.2789055097033236,0.22344853424416936,0.27037979349195834,0.24641303932465772,True,True,,0.4629403100775194
24912576c3bc4570,"('SharedPredecessor', 1, 2, 2, 3)",207,94,1,2,2,207.0,0.3333333333333334,0.5499999999999998,0.3333333333333334,33,"SharedPredecessor(N1,N2)",SharedPredecessor,0.3103448275862069,0.3122923588039867,0.3333333333333333,0.046174436761097476,4.515625,0.5499999999999998,0.12657892780132352,32.65207325064088,0.28175788534463525,0.2295099008628388,0.31108488944896323,0.11721623389812745,True,False,1.0,0.3444519379844962
b8d9da6db7766293,"('SharedPredecessor', 1, 2, 3, 3)",233,105,1,2,2,233.0,0.3333333333333333,0.5499999999999999,0.3333333333333333,33,"SharedPredecessor(N1,N5)",SharedPredecessor,0.3493253373313343,0.3488372093023256,0.3333333333333333,0.05197412447022083,4.515625,0.5499999999999999,0.13075470295189232,38.638963547115154,0.2837622574169083,0.2379974877495863,0.349139848680311,0.4280605375760829,True,False,1.0,0.3477775193798449
4f5ff0530940a275,"('SharedSuccessor', 1, 1, 2, 3)",153,86,1,2,2,153.0,0.3333333333333333,0.5999999999999999,0.3333333333333333,31,"SharedSuccessor(N2,N4)",SharedSuccessor,0.22938530734632684,0.2857142857142857,0.3333333333333333,0.03412893151907205,4.484375,0.5999999999999999,0.11790616402706519,23.395520159283226,0.28859495873299124,0.22312670673337368,0.25079031912615124,0.2953796599986402,True,True,,0.4557333333333333
84644dd76f79308e,"('SharedSuccessor', 1, 1, 3, 3)",163,89,1,2,2,163.0,0.3333333333333333,0.5999999999999999,0.3333333333333333,31,"SharedSuccessor(N2,N7)",SharedSuccessor,0.24437781109445278,0.2956810631229236,0.3333333333333333,0.03635958063796565,4.484375,0.5999999999999999,0.11951223139266859,25.286915855394906,0.2893658710684809,0.22569604439362284,0.2638730468652717,0.16266834597908983,True,True,,0.4566403100775194
f7a5b314a476978f,"('SharedPredecessor', 2, 2, 3, 3)",51,38,1,2,2,102.0,0.6666666666666665,0.55,0.6666666666666665,33,"SharedPredecessor(N2,N7)",SharedPredecessor,0.07646176911544228,0.12624584717607973,0.3333333333333333,0.0227526210127147,4.515625,0.55,0.16971522046248788,5.943482509282784,0.40246330582199413,0.26404931279456356,0.09537971877848452,0.2351501971357557,True,True,,0.5711883720930232
688db9aed2984b75,"('SharedSuccessor', 1, 1, 1, 3)",58,49,1,2,2,58.0,0.33333333333333326,0.6000000000000001,0.33333333333333326,31,"SharedSuccessor(N3,N6)",SharedSuccessor,0.08695652173913043,0.16279069767441862,0.3333333333333333,0.012937764889582868,4.484375,0.6000000000000001,0.10264852405383298,7.2790211490154775,0.28127129154583985,0.19391733450917936,0.11577350859453994,0.4310721515687615,True,False,1.0,0.32454728682170536
82ddfcbe10a80dc6,"('SharedSuccessor', 1, 2, 3, 3)",249,97,1,2,2,249.0,0.3333333333333333,0.5999999999999999,0.3333333333333333,31,"SharedSuccessor(N4,N7)",SharedSuccessor,0.3733133433283358,0.3222591362126246,0.3333333333333333,0.05554316306045059,4.484375,0.5999999999999999,0.13332441073685775,40.104256427471725,0.29599571715369166,0.23773919212558625,0.35391274462436556,0.16248462931856228,True,True,,0.4590589147286821
2d74b35b11f65f60,"('SharedSuccessor', 1, 3, 1, 3)",168,87,1,2,2,168.0,0.3333333333333333,0.5999999999999999,0.3333333333333333,31,"SharedSuccessor(N5,N6)",SharedSuccessor,0.2518740629685157,0.28903654485049834,0.3333333333333333,0.03747490519741245,4.484375,0.5999999999999999,0.1203152650754703,25.813661777813792,0.2897513272362257,0.22500396903770092,0.26599580608366913,0.26822247844423125,True,False,1.0,0.33603565891472864
385694330195c134,"('SharedPredecessor', 1, 3, 2, 3)",290,111,1,2,2,290.0,0.3333333333333333,0.5499999999999999,0.3333333333333333,33,"SharedPredecessor(N5,N6)",SharedPredecessor,0.43478260869565216,0.3687707641196013,0.3333333333333333,0.06468882444791434,4.515625,0.5499999999999999,0.13990928693583166,49.3715757164699,0.2881564577291992,0.24637360942297332,0.40969810775675286,0.3408391701965095,True,True,,0.469591472868217
3930c25ab62256df,"('SharedSuccessor', 1, 3, 3, 3)",229,90,1,2,2,229.0,0.33333333333333337,0.5999999999999998,0.33333333333333337,31,"SharedSuccessor(N5,N7)",SharedSuccessor,0.34332833583208394,0.29900332225913623,0.3333333333333333,0.05108186482266339,4.484375,0.5999999999999998,0.13011227600565098,35.6954449164805,0.2944538924827124,0.2320357327519318,0.3264848306743638,0.1661051807001979,True,False,1.0,0.3369426356589148
76cb14d8ed805aa1,"('SharedSuccessor', 2, 3, 3, 3)",140,70,1,2,2,280.0,0.6666666666666665,0.6,0.6666666666666665,31,"SharedSuccessor(N5,N9)",SharedSuccessor,0.2098950524737631,0.23255813953488372,0.3333333333333333,0.062458175329020746,4.484375,0.6,0.19830321957022823,19.748156551332954,0.4271855453937095,0.3005571444094572,0.21850702555698892,0.3524157351193802,True,True,,0.5745627906976744
b22bbf7225817c53,"('SharedPredecessor', 1, 2, 1, 3)",123,80,1,2,2,123.0,0.3333333333333333,0.5499999999999998,0.3333333333333333,33,"SharedPredecessor(N6,N8)",SharedPredecessor,0.18440779610194902,0.26578073089701,0.3333333333333333,0.027436984162391254,4.515625,0.5499999999999998,0.11308796193025503,18.135037763395374,0.27528222172652234,0.2142530459120946,0.2153295113240722,0.16787351745972415,True,True,,0.4602193798449612
6e7ea208e86cc460,"('Reachable', 1, 1, 2, 2, 2)",87,62,1,1,1,174.0,0.33333333333333326,0.7000000000000003,0.25,28,"Reachable(N0,N2)",Reachable,0.13043478260869565,0.2059800664451827,0.16666666666666666,0.0388132946687486,3.4375,0.7000000000000003,0.10461223882816564,15.33680459075808,0.30421387463751953,0.19138269234259903,0.15914199046656075,0.24580999839483503,True,True,,0.38629418604651156
8301d14bc5aba633,"('PathLengthBucket', 1, 2, 2, 2)",347,165,1,1,1,347.0,0.43000000000000005,0.5499999999999999,0.4755043227665706,32,"PathLengthBucket(N0,N2)=1",PathLengthBucket,0.52023988005997,0.5481727574750831,0.16666666666666666,0.07740352442560786,3.5,0.5499999999999999,0.14979720425310433,94.0045562411011,0.3219026580414901,0.2779655523145221,0.5308543734777129,0.29027486098753064,True,False,1.0,0.38195855282264374
0a5af737de3b1750,"('Reachable', 1, 0, 2, 1, 2)",145,96,1,1,1,145.0,0.0,0.7000000000000001,0.0,28,"Reachable(N0,N5)",Reachable,0.21739130434782608,0.31893687707641194,0.16666666666666666,0.03234441222395717,3.4375,0.7000000000000001,0.03995464346791583,30.326064633041376,0.17317822886459963,0.13269322553097726,0.2559786219846887,0.3921889681162463,True,False,1.0,0.17215658914728682
f4d55fd0bdb94f40,"('PathLengthBucket', 1, 2, 1, 2)",267,158,1,1,1,267.0,0.43,0.5499999999999998,0.2808988764044944,32,"PathLengthBucket(N0,N5)=1",PathLengthBucket,0.4002998500749625,0.5249169435215947,0.16666666666666666,0.05955833147445907,3.5,0.5499999999999998,0.13694866532827718,70.5579496915045,0.315735359357573,0.2670121799361832,0.44765434558468276,0.19533150690983986,True,True,,0.4548884156432367
49bfd741a7a4fba6,"('Reachable', 2, 2, 1, 1, 2)",51,33,1,2,2,153.0,0.6666666666666665,0.7000000000000002,0.5,28,"Reachable(N3,N1)",Reachable,0.07646176911544228,0.10963455149501661,0.3333333333333333,0.03412893151907205,4.4375,0.7000000000000002,0.17790616402706516,5.857208366477938,0.4393949587329913,0.27426781858276456,0.08906742641968052,0.24296866651393947,True,False,1.0,0.3922767441860465
1e34f3701ec1a0bb,"('PathLengthBucket', 2, 1, 1, 2)",246,134,1,2,2,246.0,0.5099999999999998,0.5499999999999998,0.5203252032520326,32,"PathLengthBucket(N3,N1)=2",PathLengthBucket,0.36881559220389803,0.44518272425249167,0.3333333333333333,0.05487396832478251,4.5,0.5499999999999998,0.1646425905271767,46.20332225913621,0.3530284434530447,0.2954516797754627,0.39783510238236364,0.41163480482224585,True,False,2.0,0.4244734165248629
48e03f772e78faac,"('Reachable', 2, 1, 1, 1, 2)",117,74,1,2,2,234.0,0.33333333333333337,0.7000000000000001,0.25,28,"Reachable(N3,N4)",Reachable,0.17541229385307347,0.24584717607973422,0.3333333333333333,0.052197189382110196,4.4375,0.7000000000000001,0.13091530968845266,17.02853399466567,0.3168393486504573,0.22915668065182382,0.20217754909920455,0.12358797542617833,True,True,,0.42025542635658913
8e9598c712b18e9a,"('Reachable', 1, 1, 1, 1, 2)",17,14,1,1,1,34.0,0.3333333333333333,0.7,0.25,28,"Reachable(N3,N6)",Reachable,0.025487256371814093,0.046511627906976744,0.16666666666666666,0.007584207004238233,3.4375,0.7,0.08212729570971819,2.208202959830867,0.29342110194066473,0.15202326078017384,0.0334765175551759,0.4058693037082143,True,False,1.0,0.2517825581395349
2ddc36ed9a3e3a1e,"('PathLengthBucket', 1, 1, 1, 2)",195,130,1,1,1,195.0,0.43,0.5499999999999998,0.1794871794871795,32,"PathLengthBucket(N3,N6)=1",PathLengthBucket,0.29235382308845576,0.4318936877076412,0.16666666666666666,0.04349765781842516,3.5,0.5499999999999998,0.12538498029593279,46.348362600854294,0.3101847905420477,0.24489833084218984,0.3453789716437462,0.33655464211529584,True,False,1.0,0.3029971973762671
70bfec3a1a684b87,"('Reachable', 3, 2, 1, 1, 2)",84,58,1,3,3,252.0,0.6666666666666666,0.7000000000000002,0.5,28,"Reachable(N4,N1)",Reachable,0.12593703148425786,0.19269102990033224,0.5,0.05621235779611867,5.4375,0.7000000000000002,0.21047289761320542,9.1560545308741,0.4550269908543386,0.32279644303606414,0.15130355088236613,0.3360857891251789,True,True,,0.5501682170542636
c78ea9a278b01dd6,"('PathLengthBucket', 3, 1, 1, 2)",222,113,1,3,3,222.0,0.5900000000000001,0.5499999999999998,0.7657657657657657,32,"PathLengthBucket(N4,N1)=3",PathLengthBucket,0.3328335832083958,0.3754152823920266,0.5,0.049520410439437876,5.5,0.5499999999999998,0.19185469551639528,31.298580489278166,0.3900902538478697,0.32532303612397667,0.34901462889817547,0.3402903064876122,True,False,2.0,0.5163546825895663
70c74bf9ee2303cc,"('Reachable', 1, 0, 1, 2, 2)",136,89,1,1,1,136.0,0.0,0.7000000000000002,0.0,28,"Reachable(N5,N2)",Reachable,0.20389805097451275,0.2956810631229236,0.16666666666666666,0.030336828016952932,3.4375,0.7000000000000002,0.03850918283887278,27.523672606463304,0.172484407762659,0.12795225020818157,0.23877559559090888,0.15301571651736356,True,False,1.0,0.17004031007751935
e753b0c57447fc40,"('PathLengthBucket', 1, 1, 2, 2)",265,154,1,1,1,265.0,0.43,0.55,0.30660377358490565,32,"PathLengthBucket(N5,N2)=1",PathLengthBucket,0.39730134932533734,0.5116279069767442,0.16666666666666666,0.059112201650680346,3.5,0.55,0.1366274518551565,69.0232558139535,0.31558117689047516,0.26457804662340245,0.44074544123287196,0.28585365610493985,True,False,1.0,0.33961694456633024
988cc4173fa3b2c8,"('Reachable', 1, 2, 2, 1, 2)",28,24,1,1,1,84.0,0.6666666666666669,0.6999999999999998,0.5,28,"Reachable(N6,N1)",Reachable,0.041979010494752625,0.07973421926910298,0.16666666666666666,0.018737452598706225,3.4375,0.6999999999999998,0.15015763253773518,3.9076532769556023,0.4260756636181129,0.23740069548230563,0.05632598982900576,0.3384394057719003,True,True,,0.47922248062015504
54d1ebd4f389383d,"('Reachable', 2, 1, 2, 1, 2)",84,62,1,2,2,168.0,0.3333333333333333,0.7000000000000002,0.25,28,"Reachable(N6,N3)",Reachable,0.12593703148425786,0.2059800664451827,0.3333333333333333,0.03747490519741245,4.4375,0.7000000000000002,0.1203152650754703,11.47094660989191,0.3117513272362258,0.2166043677087973,0.1563533847694093,0.07175052012253813,True,False,1.0,0.29662751937984494
b2544dc587308daa,"('PathLengthBucket', 2, 2, 1, 2)",268,144,1,2,2,268.0,0.5099999999999998,0.5499999999999999,0.6147388059701493,32,"PathLengthBucket(N6,N3)=2",PathLengthBucket,0.4017991004497751,0.47840531561461797,0.3333333333333333,0.059781396386348426,4.5,0.5499999999999999,0.16817593873150416,52.31391657438169,0.3547244505911219,0.3030244884087418,0.4309094622124154,0.25407731547752355,True,False,2.0,0.4493062145667014
cf22b69b33d91a43,"('Reachable', 1, 1, 2, 1, 2)",37,30,1,1,1,74.0,0.33333333333333337,0.6999999999999998,0.25,28,"Reachable(N6,N4)",Reachable,0.05547226386806597,0.09966777408637874,0.16666666666666666,0.016506803479812624,3.4375,0.6999999999999998,0.08855156517213175,5.378242222893386,0.2965047512826232,0.1645597476337951,0.07226655775102482,0.20601443832577526,True,False,1.0,0.2566197674418605
84d5a2b66ad81f21,"('InDegreeBucket', (0, 2, 2))",106,94,1,1,1,318.0,0.0,0.4500000000000002,0.25,29,"InDegreeBucket(N0)=(0, 2, 2)",InDegreeBucket,0.15892053973013492,0.3122923588039867,0.16666666666666666,0.07093464198081642,3.453125,0.4500000000000002,0.06773960889285449,21.86511928563912,0.1315150122685702,0.13240090658817155,0.21720183097819862,0.2834300864630116,True,False,1.0,0.2608019379844961
9a0bb6f9377d0e1f,"('OutDegreeBucket', (2, 0, 2))",106,94,1,3,3,318.0,0.5,0.5499999999999998,0.25,30,"OutDegreeBucket(N0)=(2, 0, 2)",OutDegreeBucket,0.15892053973013492,0.3122923588039867,0.5,0.07093464198081642,5.46875,0.5499999999999998,0.19107294222618781,13.806261034646417,0.3627150122685701,0.30264623992150486,0.21720183097819862,0.6563047237421455,True,True,,0.4988686046511628
6b4842c6465097da,"('CycleParticipation', (0, 0, 2))",193,171,1,1,1,579.0,0.19999999999999998,0.4900000000000001,0.25,33,"CycleParticipation(N0)=(0, 0, 2)",CycleParticipation,0.2893553223388306,0.5681063122923588,0.16666666666666666,0.12915458398393934,3.515625,0.4900000000000001,0.14565796713510298,53.146885197489844,0.23771582422484944,0.2462272002515718,0.3952806985211713,0.21063111359598774,True,True,,0.427041007751938
b289062bb0fbfa70,"('CutVertexLikeRole', (0, 0, 2))",193,171,1,1,1,579.0,0.0,0.4500000000000001,0.25,32,"CutVertexLikeRole(N0)=(0, 0, 2)",CutVertexLikeRole,0.2893553223388306,0.5681063122923588,0.16666666666666666,0.12915458398393934,3.5,0.4500000000000001,0.10965796713510298,53.38414807783578,0.15163582422484945,0.1987264002515718,0.3952806985211713,0.13706890571585684,True,True,,0.404081007751938
f0aaa43445b47fba,"('InDegreeBucket', (1, 0, 2))",178,132,1,2,2,356.0,0.25,0.5,0.125,29,"InDegreeBucket(N1)=(1, 0, 2)",InDegreeBucket,0.26686656671664166,0.43853820598006643,0.3333333333333333,0.0794111086326121,4.453125,0.5,0.13550933154881403,33.517990324648835,0.2500444791434307,0.24231031217773852,0.3321017896367431,0.35485100799773045,True,False,1.0,0.3024486434108527
f19a5614897e8786,"('OutDegreeBucket', (0, 1, 2))",178,132,1,1,1,356.0,0.0,0.4500000000000001,0.125,30,"OutDegreeBucket(N1)=(0, 1, 2)",OutDegreeBucket,0.26686656671664166,0.43853820598006643,0.16666666666666666,0.0794111086326121,3.46875,0.4500000000000001,0.07384266488214737,43.029852443805936,0.13444447914343077,0.15718764551107187,0.3321017896367431,0.17652472537613972,True,True,,0.36341531007751937
a4f866eae9726a5b,"('CycleParticipation', (0, 1, 0))",333,240,1,1,1,666.0,0.19999999999999998,0.4900000000000002,0.125,33,"CycleParticipation(N1)=(0, 1, 0)",CycleParticipation,0.4992503748125937,0.7973421926910299,0.16666666666666666,0.14856123131831364,3.515625,0.4900000000000002,0.1596307532158525,113.41225249169435,0.24442276154360926,0.29280967377613826,0.6125252656063995,0.2485063452065216,True,True,,0.41902647286821704
27cf6b0f8d834298,"('CutVertexLikeRole', (0, 1, 0))",333,240,1,1,1,666.0,0.0,0.45000000000000007,0.125,32,"CutVertexLikeRole(N1)=(0, 1, 0)",CutVertexLikeRole,0.4992503748125937,0.7973421926910299,0.16666666666666666,0.14856123131831364,3.5,0.45000000000000007,0.12363075321585248,113.91855719031798,0.1583427615436092,0.2453088737761382,0.6125252656063995,0.19061365401525016,True,False,1.0,0.27606647286821706
30894941758874b8,"('InDegreeBucket', (2, 0, 2))",97,90,1,3,3,291.0,0.5,0.5499999999999998,0.25,29,"InDegreeBucket(N2)=(2, 0, 2)",InDegreeBucket,0.1454272863568216,0.29900332225913623,0.5,0.0649118893598037,5.453125,0.5499999999999998,0.18673656033905867,12.433847061847331,0.3606335489627481,0.2980246428567723,0.20378617999970114,0.07037039100630249,True,False,1.0,0.37765930232558137
30e79c479d69366d,"('OutDegreeBucket', (0, 2, 2))",97,90,1,1,1,291.0,0.0,0.4500000000000001,0.25,30,"OutDegreeBucket(N2)=(0, 2, 2)",OutDegreeBucket,0.1454272863568216,0.29900332225913623,0.16666666666666666,0.0649118893598037,3.46875,0.4500000000000001,0.06340322700572533,19.54690371434558,0.1294335489627482,0.127779309523439,0.20378617999970114,0.4144822040530486,True,False,1.0,0.2595926356589147
9599f32a33fc7927,"('InDegreeBucket', (1, 1, 2))",227,152,1,2,2,681.0,0.25,0.5,0.25,29,"InDegreeBucket(N3)=(1, 1, 2)",InDegreeBucket,0.3403298350824588,0.5049833887043189,0.3333333333333333,0.15190720499665403,4.453125,0.5,0.18770652093092421,46.13192516174156,0.2750991300468436,0.2820430220162351,0.40289818545876566,0.13356939622599714,True,True,,0.45737015503875966
31ffa258872fabbe,"('OutDegreeBucket', (1, 1, 2))",227,152,1,2,2,681.0,0.25,0.5,0.25,30,"OutDegreeBucket(N3)=(1, 1, 2)",OutDegreeBucket,0.3403298350824588,0.5049833887043189,0.3333333333333333,0.15190720499665403,4.46875,0.5,0.18770652093092421,45.9706247241131,0.2750991300468436,0.2820430220162351,0.40289818545876566,0.37323411017144065,True,False,1.0,0.33737015503875967
fbb990e930c24acb,"('CycleParticipation', (0, 1, 1))",451,301,1,1,1,1353.0,0.20000000000000004,0.49000000000000016,0.25,33,"CycleParticipation(N3)=(0, 1, 1)",CycleParticipation,0.6761619190404797,1.0,0.16666666666666666,0.3018068257863038,3.515625,0.49000000000000016,0.2699675812328054,179.5982222222222,0.2973844389917466,0.38737300492229904,0.7992203898050974,0.30382787448367476,True,True,,0.46634333333333333
25a217eb292565e5,"('CutVertexLikeRole', (0, 1, 1))",451,301,1,1,1,1353.0,0.125,0.4749999999999999,0.25,32,"CutVertexLikeRole(N3)=(0, 1, 1)",CutVertexLikeRole,0.6761619190404797,1.0,0.16666666666666666,0.3018068257863038,3.5,0.4749999999999999,0.2564675812328054,180.4,0.26510443899174657,0.369560204922299,0.7992203898050974,0.18534485302137227,True,False,1.0,0.3377333333333334
9b014b20c220c8f0,"('InDegreeBucket', (1, 2, 2))",161,122,1,2,2,644.0,0.25,0.5,0.375,29,"InDegreeBucket(N6)=(1, 2, 2)",InDegreeBucket,0.2413793103448276,0.4053156146179402,0.3333333333333333,0.1436538032567477,4.453125,0.5,0.18176407167819167,29.115691554467567,0.272246754405532,0.261862054068662,0.30367510596861036,0.19152076830641365,True,True,,0.4771753875968992
eb47ed3e5a7c45a6,"('OutDegreeBucket', (2, 1, 2))",161,122,1,3,3,644.0,0.5,0.5499999999999999,0.375,30,"OutDegreeBucket(N6)=(2, 1, 2)",OutDegreeBucket,0.2413793103448276,0.4053156146179402,0.5,0.1436538032567477,5.46875,0.5499999999999999,0.24343073834485834,23.708491694352162,0.38784675440553196,0.34698472073532866,0.30367510596861036,0.08011898106109822,True,False,2.0,0.4162087209302326
cf8f92eddd82e2aa,"('SharedSuccessor', 1, 2, 1, 2)",134,94,1,2,2,134.0,0.33333333333333326,0.6000000000000001,0.33333333333333326,31,"SharedSuccessor(N0,N5)",SharedSuccessor,0.20089955022488756,0.3122923588039867,0.3333333333333333,0.029890698193174213,4.484375,0.6000000000000001,0.11485463603241874,21.28438769722296,0.287130225295561,0.22598250670713946,0.24322881748494524,0.3910069145144703,True,True,,0.45815193798449605
10699d544e7f0b55,"('SharedPredecessor', 1, 1, 1, 2)",103,77,1,2,2,103.0,0.3333333333333335,0.5499999999999997,0.3333333333333335,33,"SharedPredecessor(N1,N4)",SharedPredecessor,0.15442278860569716,0.2558139534883721,0.3333333333333333,0.02297568592460406,4.515625,0.5499999999999997,0.10987582719904829,14.95891204635069,0.27374039705554315,0.21080872275106474,0.19295143126111364,0.22093921428558563,True,False,1.0,0.33931240310077526
d7dec5359c973779,"('SharedPredecessor', 1, 2, 1, 2)",129,81,1,2,2,129.0,0.3333333333333333,0.5499999999999999,0.3333333333333333,33,"SharedPredecessor(N2,N5)",SharedPredecessor,0.1934032983508246,0.2691029900332226,0.3333333333333333,0.028775373633727414,4.515625,0.5499999999999999,0.11405160234961706,19.11458230350964,0.27574476912781615,0.2153428212657192,0.22216918119013584,0.259783631052449,True,True,,0.46052170542635656
052c734c41e7880d,"('Reachable', 1, 2, 1, 2, 2)",26,23,1,1,1,78.0,0.6666666666666667,0.6999999999999998,0.5,28,"Reachable(N0,N1)",Reachable,0.038980509745127435,0.07641196013289037,0.16666666666666666,0.017399063127370065,3.4375,0.6999999999999998,0.14919399211837311,3.603406825732407,0.4256131162168191,0.23631092012868105,0.05320446089247735,0.34832525948750337,True,True,,0.47892015503875973
2fb99e864090f8c5,"('Reachable', 2, 2, 1, 2, 2)",61,47,1,2,2,183.0,0.6666666666666664,0.7000000000000003,0.5,28,"Reachable(N0,N2)",Reachable,0.09145427286356822,0.15614617940199335,0.3333333333333333,0.04082087887575284,4.4375,0.7000000000000003,0.18272436612387533,7.645051705582331,0.4417076957394601,0.2847997518292928,0.11603719734816978,0.1294954281941585,True,False,1.0,0.39650930232558135
fcce479916d836f0,"('PathLengthBucket', 2, 1, 2, 2)",274,141,1,2,2,274.0,0.5099999999999998,0.5499999999999998,0.6359489051094891,32,"PathLengthBucket(N0,N2)=2",PathLengthBucket,0.4107946026986507,0.4684385382059801,0.3333333333333333,0.061119785857684586,4.5,0.5499999999999998,0.1691395791508662,52.87825765965301,0.35518699799241565,0.3018551275497418,0.43269929819143593,0.23022737096864831,True,True,,0.5732987707237027
d6ce6ab61b2c9f05,"('Reachable', 2, 1, 1, 2, 2)",77,59,1,2,2,154.0,0.33333333333333326,0.7000000000000003,0.25,28,"Reachable(N5,N1)",Reachable,0.11544227886056972,0.19601328903654486,0.3333333333333333,0.03435199643096141,4.4375,0.7000000000000003,0.11806677076362554,10.342089747789059,0.3106720499665403,0.21368503584823584,0.14605926272744027,0.23781146281715526,True,False,1.0,0.29572054263565883
49c39b4b5ba0c79d,"('Reachable', 1, 1, 1, 2, 2)",41,32,1,1,1,82.0,0.3333333333333333,0.7,0.25,28,"Reachable(N5,N2)",Reachable,0.06146926536731634,0.10631229235880399,0.16666666666666666,0.018291322774927503,3.4375,0.7,0.08983641906461447,6.038924796134099,0.2971214811510149,0.16638930414073194,0.07850961562408165,0.31182965583626593,True,True,,0.37722441860465117
c3660e72655d4b48,"('Reachable', 1, 0, 1, 1, 2)",139,93,1,1,1,139.0,0.0,0.7000000000000001,0.0,28,"Reachable(N6,N4)",Reachable,0.20839580209895053,0.3089700996677741,0.16666666666666666,0.031006022752621012,3.4375,0.7000000000000001,0.038991003048553796,28.668172757475084,0.17271568146330585,0.13047388207104038,0.2466140351751035,0.2616251586284095,True,False,1.0,0.17124961240310077
59b0400dd96daea2,"('InDegreeBucket', (0, 1, 2))",161,110,1,1,1,322.0,0.0,0.4500000000000001,0.125,29,"InDegreeBucket(N0)=(0, 1, 2)",InDegreeBucket,0.2413793103448276,0.3654485049833887,0.16666666666666666,0.07182690162837385,3.453125,0.4500000000000001,0.06838203583909584,35.68860359886352,0.13182337720276605,0.14178744563898216,0.28852560430748087,0.37298236234974,True,False,1.0,0.23676414728682169
460121b92c1dbd90,"('OutDegreeBucket', (1, 0, 2))",161,110,1,2,2,322.0,0.25,0.5,0.125,30,"OutDegreeBucket(N0)=(1, 0, 2)",OutDegreeBucket,0.2413793103448276,0.3654485049833887,0.3333333333333333,0.07182690162837385,4.46875,0.5,0.1300487025057625,27.57755732639454,0.24742337720276597,0.2269101123056488,0.28852560430748087,0.3257210816825106,True,False,1.0,0.29579748062015504
0c084854f3719b7f,"('CycleParticipation', (0, 0, 1))",322,230,1,1,1,644.0,0.19999999999999998,0.4900000000000001,0.125,33,"CycleParticipation(N0)=(0, 0, 1)",CycleParticipation,0.4827586206896552,0.7641196013289037,0.16666666666666666,0.1436538032567477,3.515625,0.4900000000000001,0.156097405011525,106.62300775193799,0.24272675440553199,0.2852368651428591,0.5896757933325696,0.3295205329013166,True,False,1.0,0.2960032170542636
d9516cfb6abd30ea,"('CutVertexLikeRole', (0, 0, 1))",322,230,1,1,1,644.0,0.0,0.4500000000000001,0.125,32,"CutVertexLikeRole(N0)=(0, 0, 1)",CutVertexLikeRole,0.4827586206896552,0.7641196013289037,0.16666666666666666,0.1436538032567477,3.5,0.4500000000000001,0.12009740501152501,107.09900332225914,0.15664675440553202,0.2377360651428591,0.5896757933325696,0.2563165081056291,True,True,,0.39304321705426354
2c6f9fdf76df5fc3,"('InDegreeBucket', (2, 2, 2))",112,91,1,3,3,560.0,0.5,0.5499999999999999,0.5,29,"InDegreeBucket(N1)=(2, 2, 2)",InDegreeBucket,0.1679160419790105,0.3023255813953488,0.5,0.12491635065804149,5.453125,0.5499999999999999,0.22993977247378988,14.42484174052109,0.38137109078741915,0.32212653688093007,0.21899166695721906,0.2898492428921753,True,False,2.0,0.43571162790697676
166ca93a3d337ec5,"('OutDegreeBucket', (2, 2, 2))",112,91,1,3,3,560.0,0.5,0.5499999999999999,0.5,30,"OutDegreeBucket(N1)=(2, 2, 2)",OutDegreeBucket,0.1679160419790105,0.3023255813953488,0.5,0.12491635065804149,5.46875,0.5499999999999999,0.22993977247378988,14.383627906976745,0.38137109078741915,0.32212653688093007,0.21899166695721906,0.42189815809238407,True,True,,0.5557116279069767
7d018d4d9992f02e,"('InDegreeBucket', (0, 0, 2))",153,99,1,1,1,153.0,0.0,0.4500000000000001,0.0,29,"InDegreeBucket(N3)=(0, 0, 2)",InDegreeBucket,0.22938530734632684,0.3289036544850498,0.16666666666666666,0.03412893151907205,3.453125,0.4500000000000001,0.041239497360398544,32.29603884487605,0.11879495873299134,0.12078756609107028,0.2672022792590416,0.427211630859235,True,False,1.0,0.20456356589147284
f8779a862fee7e73,"('OutDegreeBucket', (0, 0, 2))",153,99,1,1,1,153.0,0.0,0.4500000000000001,0.0,30,"OutDegreeBucket(N3)=(0, 0, 2)",OutDegreeBucket,0.22938530734632684,0.3289036544850498,0.16666666666666666,0.03412893151907205,3.46875,0.4500000000000001,0.041239497360398544,32.150561192421655,0.11879495873299134,0.12078756609107028,0.2672022792590416,0.055441865673227474,True,False,1.0,0.20456356589147284
8fe2cd79a6e7f346,"('CycleParticipation', (0, 0, 0))",267,179,1,1,1,267.0,0.2,0.49000000000000016,0.0,33,"CycleParticipation(N3)=(0, 0, 0)",CycleParticipation,0.4002998500749625,0.5946843853820598,0.16666666666666666,0.05955833147445907,3.515625,0.49000000000000016,0.09554866532827719,75.5429634551495,0.21366335935757308,0.22344592505246227,0.47416597349165945,0.06329682737130683,True,False,1.0,0.25170961240310075
04366485d06f8d2e,"('CutVertexLikeRole', (0, 0, 0))",267,179,1,1,1,267.0,0.0,0.4500000000000001,0.0,32,"CutVertexLikeRole(N3)=(0, 0, 0)",CutVertexLikeRole,0.4002998500749625,0.5946843853820598,0.16666666666666666,0.05955833147445907,3.5,0.4500000000000001,0.0595486653282772,75.88020882771714,0.1275833593575731,0.17594512505246226,0.47416597349165945,0.11480697531680852,True,True,,0.34874961240310076
598182454b5d93b8,"('InDegreeBucket', (2, 1, 2))",160,126,1,3,3,640.0,0.5,0.5499999999999999,0.375,29,"InDegreeBucket(N5)=(2, 1, 2)",InDegreeBucket,0.239880059970015,0.4186046511627907,0.5,0.14276154360919027,5.453125,0.5499999999999999,0.242788311398617,24.018657959618846,0.3875383894713361,0.34889386274764095,0.30779540462326976,0.4958444001576026,True,True,,0.5374180232558139
dcc69eded714cc28,"('OutDegreeBucket', (1, 2, 2))",160,126,1,2,2,640.0,0.25,0.5,0.375,30,"OutDegreeBucket(N5)=(1, 2, 2)",OutDegreeBucket,0.239880059970015,0.4186046511627907,0.3333333333333333,0.14276154360919027,4.46875,0.5,0.1811216447319503,29.30948121645796,0.27193838947133614,0.2637711960809743,0.30779540462326976,0.3088092374083776,True,True,,0.4783846899224806
a572a795ee79e18f,"('SharedSuccessor', 1, 1, 2, 2)",146,103,1,2,2,146.0,0.3333333333333333,0.6,0.3333333333333333,31,"SharedSuccessor(N0,N2)",SharedSuccessor,0.21889055472263869,0.34219269102990035,0.3333333333333333,0.03256747713584653,4.484375,0.6,0.11678191687114284,24.163932073112854,0.28805532009814855,0.23211554578648166,0.2657453665193981,0.31790246005138406,True,False,1.0,0.34087286821705426
7820e3df764cfd34,"('SharedSuccessor', 1, 2, 2, 2)",167,93,1,2,2,167.0,0.33333333333333326,0.6,0.33333333333333326,31,"SharedSuccessor(N1,N2)",SharedSuccessor,0.25037481259370314,0.3089700996677741,0.3333333333333333,0.037251840285523086,4.484375,0.6,0.12015465833890993,26.40234294511906,0.2896742360026767,0.2283051748065597,0.2726410216818501,0.2132905500787494,True,True,,0.45784961240310074
8a7edab62d88093b,"('SharedPredecessor', 1, 2, 2, 2)",158,90,1,2,2,158.0,0.33333333333333326,0.5499999999999998,0.33333333333333326,33,"SharedPredecessor(N1,N5)",SharedPredecessor,0.2368815592203898,0.29900332225913623,0.3333333333333333,0.035244256078518846,4.515625,0.5499999999999998,0.11870919770986688,24.457860189219332,0.27798041490073605,0.2229633356963886,0.2604878291751135,0.2549468646655036,True,True,,0.4632426356589147
fce69a7c95fa7539,"('Reachable', 1, 3, 1, 1, 2)",24,20,1,1,1,126.0,1.0,0.6999999999999998,0.96875,28,"Reachable(N0,N1)",Reachable,0.035982008995502246,0.0664451827242525,0.16666666666666666,0.028106178898059334,3.4375,0.6999999999999998,0.21690311547326938,3.2566354575656904,0.5581134954271693,0.3141711650396268,0.047558015012427346,0.21019820568768827,True,False,2.0,0.5129610949612402
1873fc357026b0fe,"('Reachable', 3, 3, 1, 3, 2)",49,41,1,3,3,260.0,1.0,0.7000000000000001,0.9387755102040817,28,"Reachable(N0,N2)",Reachable,0.0734632683658171,0.1362126245847176,0.5,0.05799687709123355,5.4375,0.7000000000000001,0.27175775150568815,4.832076984763432,0.5844437207227303,0.3892497691997009,0.0973080237289993,0.39002773988366857,True,True,,0.6930524916943522
47f818f5b21c062f,"('PathLengthBucket', 3, 1, 3, 2)",55,44,1,3,3,55.0,0.59,0.55,0.8909090909090909,32,"PathLengthBucket(N0,N2)=3",PathLengthBucket,0.08245877061469266,0.1461794019933555,0.5,0.012268570153914788,5.5,0.55,0.16503337051081862,5.461794019933555,0.37721601784519293,0.2717406785931644,0.10667261053858454,0.3916205787741145,True,True,,0.6444023255813954
77803a6c82c6badd,"('Reachable', 4, 3, 1, 2, 2)",53,39,1,4,4,281.0,1.0,0.7000000000000003,0.9528301886792453,28,"Reachable(N0,N3)",Reachable,0.07946026986506746,0.12956810631229235,0.6666666666666666,0.06268124024091011,6.4375,0.7000000000000003,0.29179715964012193,4.359939360707028,0.5940626366272586,0.4157043373116948,0.09850124771501292,0.5304892633001714,True,True,,0.7260278045926577
5bcca5a2d820281b,"('PathLengthBucket', 4, 1, 2, 2)",53,39,1,4,4,53.0,0.6700000000000002,0.55,0.9528301886792453,32,"PathLengthBucket(N0,N3)=4",PathLengthBucket,0.07946026986506746,0.12956810631229235,0.6666666666666666,0.01182244033013607,6.5,0.55,0.19577882370436467,4.318016866854076,0.41597383537809507,0.3125735478938943,0.09850124771501292,0.3065303687707361,True,True,,0.6987278045926576
48f97c77121786da,"('Reachable', 2, 3, 1, 2, 2)",136,64,1,2,2,673.0,1.0,0.7000000000000002,0.9154411764705882,28,"Reachable(N0,N6)",Reachable,0.20389805097451275,0.21262458471760798,0.3333333333333333,0.15012268570153914,4.4375,0.7000000000000002,0.3214216670384415,18.775649244303025,0.6082824001784519,0.41263003693786965,0.20721413379688897,0.43884584431575907,True,True,,0.6642824156406749
22c01554554354f0,"('Reachable', 3, 3, 1, 2, 2)",113,64,1,3,3,585.0,1.0,0.7,0.9446902654867256,28,"Reachable(N1,N0)",Reachable,0.16941529235382308,0.21262458471760798,0.5,0.1304929734552755,5.4375,0.7,0.32395494088779836,12.731324703096956,0.6094983716261432,0.43067683119766587,0.18583482345206134,0.1795909604049174,True,False,2.0,0.581372288536736
480d0337253b5739,"('PathLengthBucket', 3, 1, 2, 2)",142,84,1,3,3,142.0,0.5900000000000001,0.5499999999999997,0.8538732394366197,32,"PathLengthBucket(N1,N0)=3",PathLengthBucket,0.2128935532233883,0.27906976744186046,0.5,0.031675217488289095,5.5,0.5499999999999997,0.17900615659156816,17.532346723044398,0.38392295516395264,0.30194441457620264,0.23804051462640774,0.13054562134105,True,False,2.0,0.5279400671470685
d8c434f3866daed8,"('Reachable', 2, 3, 1, 3, 2)",92,55,1,2,2,487.0,1.0,0.7000000000000002,0.9592391304347826,28,"Reachable(N1,N2)",Reachable,0.13793103448275862,0.18272425249169436,0.3333333333333333,0.10863261209011822,4.4375,0.7000000000000002,0.2915488140382184,12.081269009405268,0.5939434307383449,0.39127225014494277,0.1549524573261542,0.23131651956656832,True,False,2.0,0.5516788127738457
603a8ed36d90cce9,"('PathLengthBucket', 2, 1, 3, 2)",140,86,1,2,2,140.0,0.5099999999999998,0.5499999999999998,0.7625,32,"PathLengthBucket(N1,N2)=2",PathLengthBucket,0.2098950524737631,0.2857142857142857,0.3333333333333333,0.031229087664510373,4.5,0.5499999999999998,0.14761827645178077,21.333333333333332,0.34485677269685466,0.259067198915692,0.2387063611051617,0.2377684528046562,True,True,,0.5859041666666667
2b2eb31b97b68f48,"('Reachable', 1, 3, 1, 2, 2)",62,39,1,1,1,314.0,1.0,0.7000000000000003,0.9354838709677419,28,"Reachable(N1,N6)",Reachable,0.09295352323838081,0.12956810631229235,0.16666666666666666,0.07004238233325898,3.4375,0.7000000000000003,0.24709718194661312,9.55148293566898,0.5726066473343743,0.3413517894642712,0.1068670648064672,0.42838214168267386,True,True,,0.6310208052013002
2951f07281b3d1e4,"('Reachable', 1, 3, 3, 2, 2)",153,66,1,1,1,787.0,1.0,0.7000000000000002,0.9330065359477124,28,"Reachable(N2,N0)",Reachable,0.22938530734632684,0.21926910299003322,0.16666666666666666,0.17555208565692618,3.4375,0.7000000000000002,0.3230641683396535,27.56310480217457,0.6090708008030337,0.39798777308641553,0.22554114969093525,0.14789155653309902,True,True,,0.6386113315093479
3b360f3e26701acd,"('PathLengthBucket', 1, 3, 2, 2)",246,102,1,1,1,246.0,0.42999999999999994,0.5499999999999998,0.7063008130081301,32,"PathLengthBucket(N2,N0)=1",PathLengthBucket,0.36881559220389803,0.3388704318936877,0.16666666666666666,0.05487396832478251,3.5,0.5499999999999998,0.13357592386051007,51.932036070242056,0.31411644345304474,0.23354680340779943,0.3574364312860181,0.23615174098016672,True,True,,0.536226030440537
b0c9b975ccc4fafd,"('Reachable', 2, 3, 3, 1, 2)",99,57,1,2,2,526.0,1.0,0.7000000000000001,0.9393939393939394,28,"Reachable(N2,N1)",Reachable,0.14842578710644677,0.1893687707641196,0.3333333333333333,0.11733214365380326,4.4375,0.7000000000000001,0.29781247676407163,13.148734266061485,0.5969499888467544,0.3958142617042999,0.16398412089636244,0.6640100248692811,True,True,,0.6676992248062016
af72e754732d3de4,"('PathLengthBucket', 2, 3, 1, 2)",140,79,1,2,2,140.0,0.5099999999999998,0.5499999999999998,0.775,32,"PathLengthBucket(N2,N1)=2",PathLengthBucket,0.2098950524737631,0.26245847176079734,0.3333333333333333,0.031229087664510373,4.5,0.5499999999999998,0.14761827645178077,20.60981912144703,0.34485677269685466,0.255113710543599,0.22986915180283612,0.16230187409413702,True,True,,0.5866753875968993
29f5dbb1d3cdbbc9,"('Reachable', 2, 3, 3, 2, 2)",116,59,1,2,2,619.0,1.0,0.7000000000000001,0.9547413793103449,28,"Reachable(N2,N3)",Reachable,0.17391304347826086,0.19601328903654486,0.3333333333333333,0.13807718045951373,4.4375,0.7000000000000001,0.3127489032641832,15.580291048617283,0.604119473566808,0.405081194967873,0.18231113679040878,0.06069059181885418,True,False,2.0,0.5518491345896819
e7e43c4f95c6dec7,"('PathLengthBucket', 2, 3, 2, 2)",131,71,1,2,2,131.0,0.5099999999999998,0.5499999999999998,0.9007633587786259,32,"PathLengthBucket(N2,N3)=2",PathLengthBucket,0.19640179910044978,0.23588039867109634,0.3333333333333333,0.029221503457506133,4.5,0.5499999999999998,0.14617281582273772,18.511184939091915,0.344162951594914,0.2498079511676472,0.21140366693729545,0.2581818397114686,True,False,2.0,0.493308118823599
8c9212642d090bce,"('Reachable', 1, 3, 3, 3, 2)",201,70,1,1,1,1077.0,1.0,0.7,0.9539800995024875,28,"Reachable(N2,N4)",Reachable,0.30134932533733133,0.23255813953488372,0.16666666666666666,0.2402409101048405,3.4375,0.7,0.36964012194215184,36.98739957716702,0.6314272585322329,0.4256214888216812,0.27520867473240124,0.2164660809637173,True,True,,0.6446655270160824
f0cf67db51680f24,"('PathLengthBucket', 1, 3, 3, 2)",246,89,1,1,1,246.0,0.42999999999999994,0.5499999999999998,0.8536585365853658,32,"PathLengthBucket(N2,N4)=1",PathLengthBucket,0.36881559220389803,0.2956810631229236,0.16666666666666666,0.05487396832478251,3.5,0.5499999999999998,0.13357592386051007,48.896440436639764,0.31411644345304474,0.22620461071676953,0.34102447115312773,0.1835970462932004,True,False,2.0,0.44633543202873893
831b6322375fdb03,"('Reachable', 3, 3, 3, 1, 2)",48,36,1,3,3,259.0,1.0,0.7000000000000001,0.9635416666666666,28,"Reachable(N3,N1)",Reachable,0.07196401799100449,0.11960132890365449,0.5,0.057773812179344186,5.4375,0.7000000000000001,0.27159714476912783,4.586825524115019,0.5843666294891814,0.3863383503838421,0.0900661961378115,0.3607598269862257,True,True,,0.6972618459302325
8e0438729b181282,"('PathLengthBucket', 3, 3, 1, 2)",57,45,1,3,3,57.0,0.5900000000000001,0.5499999999999999,0.8903508771929824,32,"PathLengthBucket(N3,N1)=3",PathLengthBucket,0.08545727136431784,0.14950166112956811,0.5,0.012714699977693509,5.5,0.5499999999999999,0.16535458398393935,5.694835397160978,0.3773702003122909,0.2724804597464768,0.10979413947511293,0.21874401249984252,True,False,2.0,0.5245757037943697
ae8b3c93a777ae54,"('Reachable', 1, 3, 2, 2, 2)",114,61,1,1,1,592.0,1.0,0.7,0.9407894736842105,28,"Reachable(N5,N0)",Reachable,0.17091454272863568,0.2026578073089701,0.16666666666666666,0.132054427838501,3.4375,0.7,0.2917458547103874,19.986324373301116,0.5940380102609859,0.37810163555541065,0.18297698326916276,0.06190306946765475,True,True,,0.6388975622195022
d2c1262072fd5025,"('Reachable', 2, 3, 2, 1, 2)",124,70,1,2,2,639.0,1.0,0.7,0.9173387096774194,28,"Reachable(N5,N1)",Reachable,0.18590704647676162,0.23255813953488372,0.3333333333333333,0.1425384786973009,4.4375,0.7,0.31596103799539,17.675990828693088,0.6056612982377871,0.41304379055415197,0.20363446183884804,0.20623439748651468,True,True,,0.6665346992998249
c892e609a20071c8,"('Reachable', 2, 3, 2, 3, 2)",122,56,1,2,2,659.0,1.0,0.7,0.9487704918032787,28,"Reachable(N5,N2)",Reachable,0.18290854572713644,0.18604651162790697,0.3333333333333333,0.14699977693508812,4.4375,0.7,0.31917317272659673,16.112151981657387,0.6072031229087664,0.4068867848115274,0.18410097276942924,0.1791650891687852,True,True,,0.6695628828313637
2d8691f1f3c79a13,"('PathLengthBucket', 2, 2, 3, 2)",139,69,1,2,2,139.0,0.5099999999999999,0.5499999999999999,0.8848920863309353,32,"PathLengthBucket(N5,N2)=2",PathLengthBucket,0.20839580209895053,0.2292358803986711,0.3333333333333333,0.031006022752621012,4.5,0.5499999999999999,0.14745766971522042,19.436397194536728,0.3447796814633058,0.24937837146195949,0.21631503185284434,0.2129745684091,True,False,2.0,0.48903720372539183
115b066d53585836,"('Reachable', 3, 3, 2, 2, 2)",85,57,1,3,3,454.0,1.0,0.7000000000000003,0.9411764705882353,28,"Reachable(N5,N6)",Reachable,0.12743628185907047,0.1893687707641196,0.5,0.10127146999776936,5.4375,0.7000000000000003,0.3029154583983939,9.21312101424371,0.5993994200312291,0.4152610327653454,0.15097062764298913,0.45823506798136143,True,True,,0.6984443228454172
74c4b4df143af446,"('PathLengthBucket', 3, 2, 2, 2)",90,61,1,3,3,90.0,0.59,0.5499999999999998,0.9166666666666666,32,"PathLengthBucket(N5,N6)=3",PathLengthBucket,0.13493253373313344,0.2026578073089701,0.5,0.02007584207004238,5.5,0.5499999999999998,0.1706546062904305,9.86167321051042,0.3799142110194066,0.2844044567495514,0.16066813769195137,0.32043600483716517,True,True,,0.6554918604651162
4ad1f8d0349753aa,"('Reachable', 2, 3, 2, 2, 2)",165,79,1,2,2,857.0,1.0,0.7000000000000002,0.9378787878787879,28,"Reachable(N6,N0)",Reachable,0.24737631184407796,0.26245847176079734,0.3333333333333333,0.19116662948918134,4.4375,0.7000000000000002,0.3509733065655439,24.6322586682888,0.6224671871514611,0.4372015309495772,0.25310753261243135,0.08091646713174469,True,True,,0.6740003875968993
8e6572b7c13c0f00,"('PathLengthBucket', 2, 2, 2, 2)",263,129,1,2,2,263.0,0.5099999999999998,0.5499999999999999,0.7442965779467681,32,"PathLengthBucket(N6,N0)=2",PathLengthBucket,0.39430284857571213,0.42857142857142855,0.3333333333333333,0.05866607182690163,4.5,0.5499999999999999,0.16737290504870245,48.425396825396824,0.35433899442337713,0.2941152348610092,0.40732490897408435,0.08812525651585003,True,False,2.0,0.47469917617237006
ded72e317dfaba13,"('Reachable', 3, 3, 2, 1, 2)",99,59,1,3,3,526.0,1.0,0.7000000000000001,0.9343434343434344,28,"Reachable(N6,N1)",Reachable,0.14842578710644677,0.19601328903654486,0.5,0.11733214365380326,5.4375,0.7000000000000001,0.3144791434307383,10.851552296941229,0.6049499888467544,0.42269049647727885,0.16650903783988402,0.2203160171950303,True,True,,0.697470542635659
b417cdb40be40e9f,"('PathLengthBucket', 3, 2, 1, 2)",146,91,1,3,3,146.0,0.59,0.5499999999999999,0.7945205479452054,32,"PathLengthBucket(N6,N1)=3",PathLengthBucket,0.21889055472263869,0.3023255813953488,0.5,0.03256747713584653,5.5,0.5499999999999999,0.1796485835378095,18.64355179704017,0.38423132009814853,0.3062478971486079,0.25059586485826857,0.2381925915748597,True,False,2.0,0.5163458744823193
1fceb2314bb3ea98,"('Reachable', 1, 3, 2, 3, 2)",144,66,1,1,1,738.0,1.0,0.7000000000000001,0.9166666666666666,28,"Reachable(N6,N2)",Reachable,0.2158920539730135,0.21926910299003322,0.16666666666666666,0.16462190497434753,3.4375,0.7000000000000001,0.3151944382481969,25.941745696164304,0.6052933303591346,0.39370034413259,0.21717533259948102,0.20936588259093022,True,True,,0.6348368217054264
6dca667c639c5d83,"('PathLengthBucket', 1, 2, 3, 2)",262,115,1,1,1,262.0,0.43,0.5499999999999998,0.6354961832061069,32,"PathLengthBucket(N6,N2)=1",PathLengthBucket,0.39280359820089955,0.38205980066445183,0.16666666666666666,0.058443006915012266,3.5,0.5499999999999998,0.1361456316454755,58.54276222116754,0.3153499031898282,0.2422889729000785,0.3887209551370494,0.11623316668004405,True,False,1.0,0.40380039351440916
c9439dec8a10cc16,"('InDegreeBucket', (3, 3, 2))",16,12,1,4,4,112.0,0.75,0.6000000000000001,0.75,29,"InDegreeBucket(N2)=(3, 3, 2)",InDegreeBucket,0.0239880059970015,0.03986710963455149,0.6666666666666666,0.0249832701316083,6.453125,0.6000000000000001,0.21965462116142465,1.0906148190454739,0.46243421815748387,0.32343191291328455,0.030022065379270498,0.20658146468721406,True,True,,0.6486112403100776
cf453d441729d057,"('OutDegreeBucket', (3, 3, 2))",16,12,1,4,4,112.0,0.75,0.6000000000000001,0.75,30,"OutDegreeBucket(N2)=(3, 3, 2)",OutDegreeBucket,0.0239880059970015,0.03986710963455149,0.6666666666666666,0.0249832701316083,6.46875,0.6000000000000001,0.21965462116142465,1.0879804837337699,0.46243421815748387,0.32343191291328455,0.030022065379270498,0.1876543946296454,True,False,2.0,0.5286112403100776
02477c91a68e185e,"('InDegreeBucket', (2, 3, 2))",47,41,1,3,3,282.0,0.5,0.5500000000000002,0.625,29,"InDegreeBucket(N3)=(2, 3, 2)",InDegreeBucket,0.0704647676161919,0.1362126245847176,0.5,0.06290430515279946,5.453125,0.5500000000000002,0.18529109971001562,4.621568982094071,0.3599397278608075,0.2695627373014185,0.09544895326423167,0.14096198488804226,True,True,,0.5694703488372093
7f61687f58d1be88,"('OutDegreeBucket', (3, 2, 2))",47,41,1,4,4,282.0,0.75,0.6000000000000003,0.625,30,"OutDegreeBucket(N3)=(3, 2, 2)",OutDegreeBucket,0.0704647676161919,0.1362126245847176,0.6666666666666666,0.06290430515279946,6.46875,0.6000000000000003,0.24695776637668226,3.895960325485098,0.4755397278608075,0.3546854039680851,0.09544895326423167,0.1558033885739315,True,True,,0.6285036821705426
d08c9f91170f3af1,"('CycleParticipation', (0, 2, 3))",127,102,1,1,1,762.0,0.19999999999999998,0.49000000000000027,0.625,33,"CycleParticipation(N3)=(0, 2, 3)",CycleParticipation,0.1904047976011994,0.3388704318936877,0.16666666666666666,0.16997546285969217,3.515625,0.49000000000000027,0.17504899992564502,26.691283868586194,0.25182351996430963,0.223269335248085,0.24682173863234497,0.16818063501397973,True,True,,0.4928055426356589
6da560cb992da7b6,"('CutVertexLikeRole', (1, 2, 3))",181,129,1,2,2,1146.0,0.824585635359116,0.6149171270718232,0.6664364640883977,32,"CutVertexLikeRole(N3)=(1, 2, 3)",CutVertexLikeRole,0.27136431784107945,0.42857142857142855,0.3333333333333333,0.25563238902520635,4.5,0.6149171270718232,0.3658140677961228,33.32698412698412,0.5582482111056748,0.446206201320279,0.33110301991861213,0.49346412585724664,True,False,2.0,0.4925759208103131
68e4301b449dc442,"('SharedPredecessor', 1, 2, 3, 2)",96,53,1,2,2,96.0,0.3333333333333333,0.5499999999999999,0.3333333333333333,33,"SharedPredecessor(N0,N4)",SharedPredecessor,0.14392803598200898,0.1760797342192691,0.3333333333333333,0.02141423154137854,4.515625,0.5499999999999999,0.10875158004312588,12.24717607973422,0.2732007584207004,0.19664141562477072,0.15614568131216783,0.1750419428059607,True,False,1.0,0.3320565891472868
5f720a45a8336b02,"('SharedSuccessor', 1, 1, 3, 2)",98,57,1,2,2,98.0,0.33333333333333337,0.5999999999999999,0.33333333333333337,31,"SharedSuccessor(N1,N4)",SharedSuccessor,0.1469265367316342,0.1893687707641196,0.3333333333333333,0.02186036136515726,4.484375,0.5999999999999999,0.10907279351624657,12.879863868406126,0.28435494088779834,0.20193554893755145,0.16305458566397862,0.4149723056169774,True,False,1.0,0.32696589147286825
f74ae6aa2449e849,"('SharedSuccessor', 2, 3, 3, 2)",46,30,1,2,2,92.0,0.6666666666666667,0.6000000000000002,0.6666666666666667,31,"SharedSuccessor(N2,N3)",SharedSuccessor,0.06896551724137931,0.09966777408637874,0.3333333333333333,0.0205219718938211,4.484375,0.6000000000000002,0.16810915309688454,5.125511940454004,0.41269239348650466,0.26151605486853374,0.0806323748424791,0.27887224927578813,True,False,2.0,0.44246976744186045
87a5a4fff8d3354e,"('SharedPredecessor', 1, 3, 2, 2)",105,63,1,2,2,105.0,0.3333333333333333,0.5499999999999998,0.3333333333333333,33,"SharedPredecessor(N2,N3)",SharedPredecessor,0.15742128935532235,0.20930232558139536,0.3333333333333333,0.023421815748382778,4.515625,0.5499999999999998,0.11019704067216893,14.167860304176392,0.273894579522641,0.20307674310703483,0.17713608312123008,0.16255215434949816,True,False,1.0,0.3350798449612403
0c8b0a43da0c8143,"('SharedPredecessor', 2, 3, 3, 2)",42,27,1,2,2,84.0,0.6666666666666666,0.55,0.6666666666666666,33,"SharedPredecessor(N2,N4)",SharedPredecessor,0.06296851574212893,0.08970099667774087,0.3333333333333333,0.018737452598706225,4.515625,0.55,0.1668242992044018,4.5547276092379505,0.40107566361811287,0.25626171430844075,0.07312685849766146,0.25808634657097745,True,True,,0.5678627906976743
8a757adc5b97b20b,"('SharedSuccessor', 1, 3, 2, 2)",96,60,1,2,2,96.0,0.3333333333333333,0.5999999999999999,0.3333333333333333,31,"SharedSuccessor(N2,N5)",SharedSuccessor,0.14392803598200898,0.19933554817275748,0.3333333333333333,0.02141423154137854,4.484375,0.5999999999999999,0.10875158004312588,12.830374940673945,0.28420075842070036,0.20345490399686372,0.16498289061449342,0.32134604270898437,True,False,1.0,0.32787286821705425
160fe91804c5cb7b,"('SharedSuccessor', 1, 3, 3, 2)",63,35,1,2,2,63.0,0.33333333333333315,0.6000000000000002,0.33333333333333315,31,"SharedSuccessor(N3,N4)",SharedSuccessor,0.0944527736131934,0.11627906976744186,0.3333333333333333,0.014053089449029667,4.484375,0.6000000000000002,0.10345155773663464,7.25309132161089,0.2816567477135846,0.18644785051538365,0.1027467661518078,0.0765102458537445,True,False,1.0,0.3203147286821704
b255df929d567166,"('SharedSuccessor', 2, 3, 2, 2)",23,22,1,2,2,46.0,0.6666666666666664,0.5999999999999999,0.6666666666666664,31,"SharedSuccessor(N3,N6)",SharedSuccessor,0.034482758620689655,0.07308970099667775,0.3333333333333333,0.01026098594691055,4.484375,0.5999999999999999,0.1607212432151089,2.4264391633000337,0.40914619674325214,0.25297284913969315,0.049153396723565126,0.5165220334857936,True,True,,0.5600511627906976
8f1559e399ec53ed,"('SharedPredecessor', 2, 3, 2, 2)",27,23,1,2,2,54.0,0.6666666666666669,0.5500000000000002,0.6666666666666669,33,"SharedPredecessor(N4,N5)",SharedPredecessor,0.04047976011994003,0.07641196013289037,0.3333333333333333,0.012045505242025429,4.515625,0.5500000000000002,0.16200609710759165,2.848580855050639,0.3987629266116441,0.251377621593474,0.05413399612486115,0.1902159206836258,True,True,,0.5666534883720931
34dc995c8b73c9cb,"('Reachable', 1, 3, 3, 1, 2)",56,37,1,1,1,291.0,1.0,0.7000000000000001,0.9464285714285714,28,"Reachable(N1,N0)",Reachable,0.08395802098950525,0.12292358803986711,0.16666666666666666,0.0649118893598037,3.4375,0.7000000000000001,0.2434032270057253,8.518900634249473,0.5708335489627482,0.3382097547061632,0.09876493646864276,0.4141395685380012,True,True,,0.6329443798449612
935f062692ba85dc,"('PathLengthBucket', 1, 3, 1, 2)",176,103,1,1,1,176.0,0.43000000000000005,0.5499999999999999,0.42329545454545453,32,"PathLengthBucket(N1,N0)=1",PathLengthBucket,0.2638680659670165,0.34219269102990035,0.16666666666666666,0.039259424492527326,3.5,0.5499999999999999,0.12233345230128634,37.32168960607499,0.3087200571046174,0.2279866889554905,0.29363142349091237,0.3257246754719155,True,False,1.0,0.35115411821705433
e5b8acf4e54db6bf,"('Reachable', 2, 3, 3, 3, 2)",71,34,1,2,2,395.0,1.0,0.7000000000000003,0.9647887323943662,28,"Reachable(N1,N5)",Reachable,0.10644677661169415,0.11295681063122924,0.3333333333333333,0.08811064019629712,4.4375,0.7000000000000003,0.27677299427466723,8.207308970099668,0.5868510372518403,0.371361918421481,0.10892058953911748,0.4048911821779715,True,True,,0.666611933617207
f624ae6a8bf6f498,"('PathLengthBucket', 2, 3, 3, 2)",76,39,1,2,2,76.0,0.5099999999999998,0.5499999999999998,0.9276315789473685,32,"PathLengthBucket(N1,N5)=2",PathLengthBucket,0.11394302848575712,0.12956810631229235,0.3333333333333333,0.016952933303591346,4.5,0.5499999999999998,0.13733944531191908,8.943816906607603,0.33992293374972105,0.2269224412123565,0.1198805580598405,0.04870191574609392,True,True,,0.6098402590779274
a1ff1e3c45b85de5,"('Reachable', 4, 3, 1, 1, 2)",99,59,1,4,4,515.0,1.0,0.7000000000000001,0.9343434343434344,28,"Reachable(N3,N0)",Reachable,0.14842578710644677,0.19601328903654486,0.6666666666666666,0.11487842962302029,6.4375,0.7000000000000001,0.32937913599524127,9.165874270231912,0.6121019852777159,0.4474746790930867,0.16650903783988402,0.11788556690599829,True,True,,0.7278038759689923
b00a4f900652c186,"('PathLengthBucket', 4, 1, 1, 2)",99,59,1,4,4,99.0,0.6699999999999999,0.5499999999999998,0.9343434343434344,32,"PathLengthBucket(N3,N0)=4",PathLengthBucket,0.14842578710644677,0.19601328903654486,0.6666666666666666,0.02208342627704662,6.5,0.5499999999999998,0.20316673358614024,9.077740863787374,0.41952003212134725,0.32789416226060847,0.16650903783988402,0.14251259832753974,True,True,,0.7005038759689922
6c116aadf63fba31,"('Reachable', 4, 3, 1, 3, 2)",11,9,1,4,4,57.0,1.0,0.7000000000000001,0.9772727272727273,28,"Reachable(N3,N2)",Reachable,0.01649175412293853,0.029900332225913623,0.6666666666666666,0.012714699977693509,6.4375,0.7000000000000001,0.25582125065060596,0.7345869754539883,0.5767942003122909,0.3791611404995221,0.021587013802069066,0.33635486590601554,True,True,,0.7226042635658915
42d3dbfcdcd5c264,"('PathLengthBucket', 4, 1, 3, 2)",11,9,1,4,4,11.0,0.6699999999999999,0.5499999999999999,0.9772727272727273,32,"PathLengthBucket(N3,N2)=4",PathLengthBucket,0.01649175412293853,0.029900332225913623,0.6666666666666666,0.002453714030782958,6.5,0.5499999999999999,0.18903334076883038,0.7275236391515462,0.41273600356903856,0.2919550871959308,0.021587013802069066,0.23354419920205852,True,False,2.0,0.5753042635658915
4f65fe2f1794c468,"('Reachable', 1, 3, 1, 3, 2)",67,45,1,1,1,341.0,1.0,0.7000000000000002,0.9402985074626866,28,"Reachable(N3,N6)",Reachable,0.10044977511244378,0.14950166112956811,0.16666666666666666,0.0760651349542717,3.4375,0.7000000000000002,0.25143356383374227,10.710286922379947,0.5746881106401963,0.34710295463531604,0.11908949179895102,0.07992720118819718,True,False,2.0,0.5139469397200046
c93d7ec27ef459e9,"('PathLengthBucket', 1, 1, 3, 2)",179,111,1,1,1,179.0,0.43,0.5499999999999998,0.4720670391061452,32,"PathLengthBucket(N3,N6)=1",PathLengthBucket,0.2683658170914543,0.3687707641196013,0.16666666666666666,0.039928619228195406,3.5,0.5499999999999998,0.12281527251096735,39.31713336497389,0.30895133080526427,0.23276745703097387,0.30651969696215015,0.3504169094324061,True,True,,0.48483895890173656
4ab45a82a0ff66a0,"('Reachable', 3, 3, 1, 1, 2)",138,68,1,3,3,694.0,1.0,0.7000000000000002,0.927536231884058,28,"Reachable(N6,N0)",Reachable,0.20689655172413793,0.22591362126245848,0.5,0.1548070488512157,5.4375,0.7000000000000002,0.3414610751728753,15.88525604307481,0.6179013160829802,0.4424733093688004,0.21412303814869976,0.32785379069568893,True,False,2.0,0.5786190091001011
9edaf411b8a61f0b,"('Reachable', 1, 0, 3, 1, 2)",65,48,1,1,1,65.0,0.0,0.7000000000000001,0.0,28,"Reachable(N7,N4)",Reachable,0.09745127436281859,0.15946843853820597,0.16666666666666666,0.014499219272808388,3.4375,0.7000000000000001,0.027106104543088705,10.579039565086077,0.1670109301806826,0.09858370697323642,0.12101779674946579,0.11977820648332313,True,True,,0.2776449612403101
0ec0c61ac66e9791,"('InDegreeBucket', (4, 3, 2))",6,5,1,5,5,48.0,1.0,0.65,0.875,29,"InDegreeBucket(N2)=(4, 3, 2)",InDegreeBucket,0.008995502248875561,0.016611295681063124,0.8333333333333334,0.01070711577068927,7.453125,0.65,0.27104245668822957,0.3353851940073967,0.5731003792103502,0.3990011840028615,0.011889503753106836,0.43072450815938484,True,False,2.0,0.6144032945736433
01669f0c0484a7f5,"('OutDegreeBucket', (3, 4, 2))",6,5,1,4,4,48.0,0.75,0.6000000000000001,0.875,30,"OutDegreeBucket(N2)=(3, 4, 2)",OutDegreeBucket,0.008995502248875561,0.016611295681063124,0.6666666666666666,0.01070711577068927,6.46875,0.6000000000000001,0.20937579002156292,0.3864220713563484,0.45750037921035025,0.3138785173361949,0.011889503753106836,0.3319781403968647,True,False,2.0,0.55536996124031
804dce4887433a43,"('InDegreeBucket', (3, 1, 2))",71,69,1,4,4,355.0,0.75,0.6000000000000002,0.5,29,"InDegreeBucket(N3)=(3, 1, 2)",InDegreeBucket,0.10644677661169415,0.2292358803986711,0.6666666666666666,0.07918804372072273,6.453125,0.6000000000000002,0.25868205814558703,6.923118257945669,0.4811673879098818,0.37688675161215657,0.1531066360507454,0.3092032050812119,True,False,2.0,0.48809379844961237
4043850c8f6a5344,"('OutDegreeBucket', (1, 3, 2))",71,69,1,2,2,355.0,0.25,0.5,0.5,30,"OutDegreeBucket(N3)=(1, 3, 2)",OutDegreeBucket,0.10644677661169415,0.2292358803986711,0.3333333333333333,0.07918804372072273,4.46875,0.5,0.13534872481225368,9.997370071788676,0.24996738790988177,0.20664141827882324,0.1531066360507454,0.3281840273168662,True,False,1.0,0.3700271317829457
eb93e7e3e00570cc,"('CycleParticipation', (0, 3, 1))",158,138,1,1,1,790.0,0.19999999999999996,0.4900000000000002,0.5,33,"CycleParticipation(N3)=(0, 3, 1)",CycleParticipation,0.2368815592203898,0.4584717607973422,0.16666666666666666,0.17622128039259424,3.515625,0.4900000000000002,0.1795459885493345,38.58162864525655,0.2539820745036806,0.2460515205638923,0.32108583581963174,0.14360107133125108,True,False,1.0,0.35481426356589146
437a6c892b6b2a29,"('CutVertexLikeRole', (0, 3, 1))",210,171,1,1,1,1111.0,0.4113095238095238,0.5322619047619048,0.5363095238095238,32,"CutVertexLikeRole(N3)=(0, 3, 1)",CutVertexLikeRole,0.3148425787106447,0.5681063122923588,0.16666666666666666,0.24782511710907873,3.5,0.5322619047619048,0.2691364652709176,58.08637873754152,0.3696759795205167,0.3429632860359636,0.411082797471696,0.32045470068263837,True,False,1.0,0.3974368410852713
e827219e3d6c02e1,"('InDegreeBucket', (1, 4, 2))",17,17,1,2,2,102.0,0.25,0.5,0.625,29,"InDegreeBucket(N4)=(1, 4, 2)",InDegreeBucket,0.025487256371814093,0.05647840531561462,0.3333333333333333,0.0227526210127147,4.453125,0.5,0.09471522046248793,1.742626333275048,0.2304633058219942,0.15513551434495126,0.0372638929704583,0.4868505259736263,True,True,,0.5031812015503876
ae0d5f13fb42a61f,"('OutDegreeBucket', (4, 1, 2))",17,17,1,5,5,102.0,1.0,0.65,0.625,30,"OutDegreeBucket(N4)=(4, 1, 2)",OutDegreeBucket,0.025487256371814093,0.05647840531561462,0.8333333333333334,0.0227526210127147,7.46875,0.65,0.2797152204624879,1.039013608751859,0.5772633058219943,0.4105035143449513,0.0372638929704583,0.4277591215940133,True,False,2.0,0.5602812015503876
74190930275e87ff,"('CycleParticipation', (0, 1, 4))",47,47,1,1,1,287.0,0.1999999999999999,0.4899999999999998,0.6382978723404256,33,"CycleParticipation(N4)=(0, 1, 4)",CycleParticipation,0.0704647676161919,0.15614617940199335,0.16666666666666666,0.06401962971224627,3.515625,0.4899999999999998,0.09876080005948396,7.435056478405316,0.2152051840285522,0.1506444010374124,0.10302370409479646,0.4412191657633748,True,True,,0.47924944416955306
75008e1edf68ed1d,"('InDegreeBucket', (4, 2, 2))",15,15,1,5,5,106.0,1.0,0.6500000000000001,0.7583333333333333,29,"InDegreeBucket(N5)=(4, 2, 2)",InDegreeBucket,0.022488755622188907,0.04983388704318937,0.8333333333333334,0.02364488066027214,7.453125,0.6500000000000001,0.28035764740872926,0.9053260619737146,0.5775716707561901,0.4097239404389513,0.03287990556216908,0.2523311650639431,True,False,2.0,0.5904765503875969
2dd10981e3139dc6,"('OutDegreeBucket', (2, 4, 2))",15,15,1,3,3,106.0,0.5,0.55,0.7583333333333333,30,"OutDegreeBucket(N5)=(2, 4, 2)",OutDegreeBucket,0.022488755622188907,0.04983388704318937,0.5,0.02364488066027214,5.46875,0.55,0.15702431407539594,1.2338300901756052,0.34637167075619,0.23947860710561789,0.03287990556216908,0.4202767666275416,True,True,,0.5924098837209303
3ee2648c0a9fd2ca,"('CycleParticipation', (0, 4, 2))",50,48,1,1,1,361.0,0.19999999999999996,0.49,0.7775,33,"CycleParticipation(N5)=(0, 4, 2)",CycleParticipation,0.07496251874062969,0.15946843853820597,0.16666666666666666,0.08052643319205889,3.515625,0.49,0.11064569856494905,7.956884459210041,0.22090993531117553,0.1576840777963459,0.10707476826370868,0.2768322662136866,True,True,,0.5117074612403101
84079da54a6a3f09,"('CutVertexLikeRole', (1, 3, 2))",172,134,1,2,2,1093.0,0.8226744186046512,0.6145348837209303,0.6693313953488372,32,"CutVertexLikeRole(N5)=(1, 3, 2)",CutVertexLikeRole,0.25787106446776614,0.44518272425249167,0.3333333333333333,0.24380994869507028,4.5,0.6145348837209303,0.35695789174262116,32.304761904761904,0.5533397880364581,0.4439387768078695,0.3290494951859618,0.24395453799834588,True,True,,0.6145368701550388
0d61643308d56892,"('InDegreeBucket', (4, 1, 2))",20,20,1,5,5,124.0,1.0,0.6500000000000001,0.65,29,"InDegreeBucket(N6)=(4, 1, 2)",InDegreeBucket,0.029985007496251874,0.0664451827242525,0.8333333333333334,0.027660049074280615,7.453125,0.6500000000000001,0.28324856866681536,1.2516768006017676,0.5789593129600714,0.41412283460613736,0.04383987408289211,0.3959342695337214,True,True,,0.6869631782945737
d9aac606662ec6ae,"('OutDegreeBucket', (1, 4, 2))",20,20,1,2,2,124.0,0.25,0.5,0.65,30,"OutDegreeBucket(N6)=(1, 4, 2)",OutDegreeBucket,0.029985007496251874,0.0664451827242525,0.3333333333333333,0.027660049074280615,4.46875,0.5,0.09824856866681536,2.087586831772878,0.23215931296007136,0.15875483460613726,0.04383987408289211,0.33929124841250224,True,True,,0.5098631782945736
22ad7b345bdbe254,"('CycleParticipation', (0, 4, 1))",52,51,1,1,1,321.0,0.19999999999999993,0.48999999999999994,0.6466346153846154,33,"CycleParticipation(N6)=(0, 4, 1)",CycleParticipation,0.07796101949025487,0.16943521594684385,0.16666666666666666,0.0716038367164845,3.515625,0.48999999999999994,0.10422142910253548,8.422579549649317,0.217826285969217,0.15587848795269144,0.11272121414375869,0.08715290691426422,True,True,,0.48238453413834226
01e5849139d7d0d0,"('InDegreeBucket', (0, 3, 2))",36,35,1,1,1,144.0,0.0,0.44999999999999996,0.375,29,"InDegreeBucket(N7)=(0, 3, 2)",InDegreeBucket,0.053973013493253376,0.11627906976744186,0.16666666666666666,0.03212134731206781,3.453125,0.44999999999999996,0.03979403673135549,5.382384510154687,0.11810113763105062,0.08385389973837425,0.077649314877445,0.2600267872392783,True,True,,0.39183972868217054
352ed7e62fb7debe,"('OutDegreeBucket', (3, 0, 2))",36,35,1,4,4,144.0,0.75,0.6000000000000002,0.375,30,"OutDegreeBucket(N7)=(3, 0, 2)",OutDegreeBucket,0.053973013493253376,0.11627906976744186,0.6666666666666666,0.03212134731206781,6.46875,0.6000000000000002,0.2247940367313555,2.873205257836198,0.4649011376310507,0.33922189973837424,0.077649314877445,0.24749946395209996,True,True,,0.5689397286821705
59c6222d1b68e93f,"('CycleParticipation', (0, 0, 3))",73,69,1,1,1,292.0,0.19999999999999998,0.49000000000000016,0.375,33,"CycleParticipation(N7)=(0, 0, 3)",CycleParticipation,0.10944527736131934,0.2292358803986711,0.16666666666666666,0.06513495427169307,3.515625,0.49000000000000016,0.09956383374228567,13.065733480989294,0.21559064019629715,0.163507142957238,0.154965706515513,0.392817605463799,True,True,,0.4250787984496124
069745d59aff7c2b,"('SharedSuccessor', 1, 2, 3, 2)",100,68,1,2,2,100.0,0.3333333333333334,0.6,0.3333333333333334,31,"SharedSuccessor(N0,N1)",SharedSuccessor,0.14992503748125938,0.22591362126245848,0.3333333333333333,0.02230649118893598,4.484375,0.6,0.10939400698936724,13.957655665783047,0.2845091233548963,0.20832317062242522,0.17880069931811504,0.40444658507250564,True,True,,0.45029147286821714
061b5f847df3a262,"('SharedPredecessor', 1, 1, 3, 2)",100,69,1,2,2,100.0,0.3333333333333334,0.5499999999999998,0.3333333333333334,33,"SharedPredecessor(N0,N2)",SharedPredecessor,0.14992503748125938,0.2292358803986711,0.3333333333333333,0.02230649118893598,4.515625,0.5499999999999998,0.10939400698936724,13.934635413672993,0.27350912335489624,0.20602795467558135,0.18006315778987583,0.2399101817943686,True,True,,0.4568937984496124
33d63d7b6bea4056,"('SharedSuccessor', 1, 3, 1, 2)",100,62,1,2,2,100.0,0.3333333333333334,0.6,0.3333333333333334,31,"SharedSuccessor(N2,N3)",SharedSuccessor,0.14992503748125938,0.2059800664451827,0.3333333333333333,0.02230649118893598,4.484375,0.6,0.10939400698936724,13.513144338847281,0.2845091233548963,0.20493446630348833,0.17122594848755024,0.17507822464073639,True,True,,0.44847751937984504
eda598a904c3c389,"('SharedPredecessor', 1, 3, 1, 2)",112,68,1,2,2,112.0,0.3333333333333333,0.5499999999999999,0.3333333333333333,33,"SharedPredecessor(N2,N4)",SharedPredecessor,0.1679160419790105,0.22591362126245848,0.3333333333333333,0.0249832701316083,4.515625,0.5499999999999999,0.11132128782809131,15.524390440170595,0.2744342181574838,0.20651315322336206,0.18995512210672072,0.38487154410859514,True,False,1.0,0.336591472868217
47d7e93e8441f197,"('SharedPredecessor', 1, 3, 3, 2)",56,32,1,2,2,56.0,0.3333333333333333,0.5499999999999999,0.3333333333333333,33,"SharedPredecessor(N2,N6)",SharedPredecessor,0.08395802098950525,0.10631229235880399,0.3333333333333333,0.01249163506580415,4.515625,0.5499999999999999,0.10232731058071232,6.27897320350849,0.27011710907874187,0.1812810085053687,0.09245264410983878,0.33843771404545114,True,False,1.0,0.3257077519379845
4e20860cdc05a046,"('Reachable', 3, 2, 2, 1, 2)",47,42,1,3,3,141.0,0.6666666666666667,0.7,0.5,28,"Reachable(N1,N0)",Reachable,0.0704647676161919,0.13953488372093023,0.5,0.03145215257639973,5.4375,0.7,0.1926455498550078,4.663565891472868,0.4464698639304038,0.30404755912689974,0.09671141173599246,0.4063466922055823,True,False,2.0,0.425331007751938
946d904ffeeeebd5,"('Reachable', 2, 2, 2, 2, 2)",66,48,1,2,2,198.0,0.6666666666666665,0.7000000000000002,0.5,28,"Reachable(N1,N5)",Reachable,0.09895052473763119,0.15946843853820597,0.3333333333333333,0.04416685255409324,4.4375,0.7000000000000002,0.18513346717228044,8.321108043610502,0.44286406424269464,0.28667701413362007,0.12194733198184961,0.3574146880560859,True,False,1.0,0.39681162790697677
6b199df4d842c71b,"('SharedSuccessor', 1, 1, 1, 2)",106,88,1,2,2,106.0,0.33333333333333337,0.5999999999999999,0.33333333333333337,31,"SharedSuccessor(N0,N2)",SharedSuccessor,0.15892053973013492,0.292358803986711,0.3333333333333333,0.02364488066027214,4.484375,0.5999999999999999,0.11035764740872928,16.365721694236402,0.28497167075619,0.22014384298601658,0.20962708014763382,0.20672176872397285,True,False,1.0,0.33633798449612407
6ebac6aca8fd3aae,"('SharedPredecessor', 1, 1, 2, 2)",127,90,1,2,2,127.0,0.3333333333333334,0.5499999999999997,0.3333333333333334,33,"SharedPredecessor(N0,N3)",SharedPredecessor,0.1904047976011994,0.29900332225913623,0.3333333333333333,0.028329243809948695,4.515625,0.5499999999999997,0.11373038887649639,19.659166101461107,0.27559058666071823,0.22025088064396836,0.2316722369712154,0.28917133785496757,True,False,1.0,0.3432426356589148
288ee87841e27d5d,"('Reachable', 1, 2, 3, 2, 2)",45,27,1,1,1,135.0,0.6666666666666667,0.7,0.5,28,"Reachable(N2,N0)",Reachable,0.06746626686656672,0.08970099667774087,0.16666666666666666,0.030113763105063574,3.4375,0.7,0.15834857610231245,6.410631229235881,0.43000731652910995,0.24355747369575576,0.07591546419481289,0.24012702010752127,True,True,,0.4801294573643411
e528a232e6c2679e,"('Reachable', 1, 2, 3, 1, 2)",31,22,1,1,1,93.0,0.666666666666667,0.6999999999999997,0.5,28,"Reachable(N2,N1)",Reachable,0.046476761619190406,0.07308970099667775,0.16666666666666666,0.02074503680571046,3.4375,0.6999999999999997,0.15160309316677825,4.266408939897312,0.4267694847200536,0.23705861432669603,0.0565896785826356,0.37971166824055397,True,False,1.0,0.3586178294573644
cbd3d74ef6f43795,"('Reachable', 1, 1, 3, 1, 2)",24,18,1,1,1,48.0,0.3333333333333333,0.6999999999999998,0.25,28,"Reachable(N2,N4)",Reachable,0.035982008995502246,0.059800664451827246,0.16666666666666666,0.01070711577068927,3.4375,0.6999999999999998,0.08437579002156294,3.2102446390818486,0.29450037921035016,0.15550737669389145,0.04503309806890575,0.08424253817785425,True,True,,0.3729918604651163
5c78e437363f67e5,"('Reachable', 2, 1, 3, 1, 2)",20,19,1,2,2,40.0,0.33333333333333326,0.6999999999999998,0.25,28,"Reachable(N2,N6)",Reachable,0.029985007496251874,0.06312292358803986,0.3333333333333333,0.008922596475574392,4.4375,0.6999999999999998,0.09975760279574689,2.087314585185532,0.30188364934195844,0.18111883901308964,0.04257741561113131,0.2951563720716732,True,True,,0.403627519379845
239d390b30f3e84d,"('Reachable', 1, 2, 2, 2, 2)",72,46,1,1,1,216.0,0.6666666666666666,0.7000000000000001,0.5,28,"Reachable(N4,N0)",Reachable,0.10794602698650675,0.15282392026578073,0.16666666666666666,0.048182020968101716,3.4375,0.7000000000000001,0.1713577217636999,11.579148293566899,0.43625170644657596,0.26137575326204643,0.12499962643263088,0.5852597469987797,True,True,,0.4858736434108527
14733862a1da3725,"('Reachable', 4, 3, 2, 1, 2)",42,33,1,4,4,229.0,1.0,0.7,0.9404761904761905,28,"Reachable(N4,N3)",Reachable,0.06296851574212893,0.10963455149501661,0.6666666666666666,0.05108186482266339,6.4375,0.7,0.2834456093389843,3.324994355384963,0.5900538924827124,0.40776570838869813,0.08070160932822625,0.4263013313734916,True,True,,0.7213600775193799
240b1c6449b30a54,"('PathLengthBucket', 4, 2, 1, 2)",42,33,1,4,4,42.0,0.67,0.55,0.9404761904761905,32,"PathLengthBucket(N4,N3)=4",PathLengthBucket,0.06296851574212893,0.10963455149501661,0.6666666666666666,0.009368726299353113,6.5,0.55,0.19401214960220092,3.293023255813954,0.41512583180905643,0.3082223595240986,0.08070160932822625,0.26440280115395864,True,False,2.0,0.5740600775193798
bfef994b657df0b1,"('Reachable', 3, 3, 3, 2, 2)",17,15,1,3,3,91.0,1.0,0.7,0.9558823529411765,28,"Reachable(N4,N3)",Reachable,0.025487256371814093,0.04983388704318937,0.5,0.020298906981931743,5.4375,0.7,0.24461521302699085,1.4063772100660632,0.5714153022529556,0.35977812885444677,0.0347389760269367,0.5012229862750094,True,True,,0.689143707250342
5eb793a4a7241903,"('PathLengthBucket', 3, 3, 2, 2)",18,16,1,3,3,18.0,0.59,0.5500000000000002,0.9305555555555556,32,"PathLengthBucket(N4,N3)=3",PathLengthBucket,0.026986506746626688,0.053156146179401995,0.5,0.004015168414008476,5.5,0.5500000000000002,0.1590909212580861,1.4830564784053157,0.37436364220388135,0.2526892787519037,0.03693096973108131,0.2013838496532555,True,False,2.0,0.5250955426356589
443831d342bb1145,"('InDegreeBucket', (3, 2, 2))",44,38,1,4,4,264.0,0.75,0.6000000000000002,0.625,29,"InDegreeBucket(N0)=(3, 2, 2)",InDegreeBucket,0.06596701649175413,0.12624584717607973,0.6666666666666666,0.05888913673879099,6.453125,0.6000000000000002,0.24406684511859617,3.5881557037477982,0.4741520856569261,0.3514160779072114,0.08887297215179786,0.2538928684946791,True,True,,0.6275967054263566
e833123f8b7876e9,"('OutDegreeBucket', (2, 3, 2))",44,38,1,3,3,264.0,0.5,0.55,0.625,30,"OutDegreeBucket(N0)=(2, 3, 2)",OutDegreeBucket,0.06596701649175413,0.12624584717607973,0.5,0.05888913673879099,5.46875,0.55,0.18240017845192952,4.234023730422402,0.35855208565692614,0.2662934112405448,0.08887297215179786,0.3911010913046505,True,False,2.0,0.44856337209302327
d7dfa034551df8f3,"('CycleParticipation', (0, 3, 2))",122,98,1,1,1,732.0,0.2,0.49000000000000016,0.625,33,"CycleParticipation(N0)=(0, 3, 2)",CycleParticipation,0.18290854572713644,0.32558139534883723,0.16666666666666666,0.16328351550301137,3.515625,0.49000000000000016,0.17023079782883485,25.17928682170543,0.24951078295784077,0.21838524253311825,0.23712422858338272,0.26826920663325965,True,False,1.0,0.37159624031007754
51fbfc0bf23722d7,"('InDegreeBucket', (3, 4, 2))",7,5,1,4,4,57.0,0.75,0.6000000000000002,0.8928571428571429,29,"InDegreeBucket(N2)=(3, 4, 2)",InDegreeBucket,0.010494752623688156,0.016611295681063124,0.6666666666666666,0.012714699977693509,6.453125,0.6000000000000002,0.21082125065060597,0.4519173376879329,0.45819420031229086,0.3146660042868975,0.012819038985490644,0.1892604291991176,True,True,,0.6794949612403101
b1d6ba530d336f97,"('OutDegreeBucket', (4, 3, 2))",7,5,1,5,5,57.0,1.0,0.65,0.8928571428571429,30,"OutDegreeBucket(N2)=(4, 3, 2)",OutDegreeBucket,0.010494752623688156,0.016611295681063124,0.8333333333333334,0.012714699977693509,7.46875,0.65,0.2724879173172726,0.3904641432324608,0.5737942003122909,0.39978867095356413,0.012819038985490644,0.26172062990018796,True,False,2.0,0.6185282945736433
bf74bf61115369c6,"('CycleParticipation', (0, 3, 4))",29,25,1,1,1,241.0,0.20000000000000007,0.49000000000000005,0.9051724137931034,33,"CycleParticipation(N2)=(0, 3, 4)",CycleParticipation,0.043478260869565216,0.08305647840531562,0.16666666666666666,0.05375864376533571,3.515625,0.49000000000000005,0.09137289017770839,3.9846792174234036,0.21165898728530005,0.13419421856438588,0.05851798353315037,0.2989013563438047,True,True,,0.534246300454424
303cd40ac32ea3bf,"('SharedSuccessor', 2, 2, 3, 2)",27,26,1,2,2,54.0,0.6666666666666669,0.6,0.6666666666666669,31,"SharedSuccessor(N0,N2)",SharedSuccessor,0.04047976011994003,0.08637873754152824,0.3333333333333333,0.012045505242025429,4.484375,0.6,0.16200609710759165,2.9284406218528254,0.40976292661164404,0.2559319737529424,0.05792137154014355,0.3370554915168195,True,False,2.0,0.44126046511627914
786e3333147ac452,"('SharedPredecessor', 2, 2, 3, 2)",23,19,1,2,2,46.0,0.6666666666666664,0.5500000000000003,0.6666666666666664,33,"SharedPredecessor(N3,N6)",SharedPredecessor,0.034482758620689655,0.06312292358803986,0.3333333333333333,0.01026098594691055,4.515625,0.5500000000000003,0.1607212432151089,2.3588821575141683,0.39814619674325225,0.24841849698022472,0.04536602130828274,0.3098975165366892,True,True,,0.5654441860465115
43995bf3fe005f58,"('Reachable', 1, 1, 1, 3, 2)",34,27,1,1,1,68.0,0.33333333333333337,0.7,0.25,28,"Reachable(N2,N3)",Reachable,0.050974512743628186,0.08970099667774087,0.16666666666666666,0.015168414008476466,3.4375,0.7,0.08758792475276972,4.84358803986711,0.29604220388132946,0.16234040417385823,0.06569057663859101,0.25012445779575554,True,False,1.0,0.25571279069767444
83a7057d53905b1e,"('Reachable', 1, 2, 1, 3, 2)",26,19,1,1,1,78.0,0.6666666666666667,0.6999999999999998,0.5,28,"Reachable(N4,N3)",Reachable,0.038980509745127435,0.06312292358803986,0.16666666666666666,0.017399063127370065,3.4375,0.6999999999999998,0.14919399211837311,3.5028933856840836,0.4256131162168191,0.2340517839160564,0.04815462700543416,0.2229891887901682,True,False,1.0,0.35771085271317826
3ee669a7602de04b,"('Reachable', 1, 1, 2, 3, 2)",48,32,1,1,1,96.0,0.3333333333333333,0.7000000000000001,0.25,28,"Reachable(N5,N3)",Reachable,0.07196401799100449,0.10631229235880399,0.16666666666666666,0.02141423154137854,3.4375,0.7000000000000001,0.09208491337645922,7.069960736937482,0.29820075842070043,0.16761428384182497,0.08501636225076831,0.1634637348181909,True,False,1.0,0.2572244186046512
5b9b62bfcbc7f22c,"('Reachable', 1, 1, 2, 3, 3)",39,29,1,1,1,78.0,0.3333333333333334,0.6999999999999998,0.25,28,"Reachable(N0,N3)",Reachable,0.05847076461769116,0.09634551495016612,0.16666666666666666,0.017399063127370065,3.4375,0.6999999999999998,0.08919399211837312,5.63126547870734,0.29681311621681905,0.16434495778095123,0.07286316974403165,0.12500717633734354,True,False,1.0,0.2563174418604652
a73d76821118806f,"('Reachable', 1, 0, 2, 2, 3)",43,31,1,1,1,43.0,0.0,0.7,0.0,28,"Reachable(N0,N4)",Reachable,0.06446776611694154,0.10299003322259136,0.16666666666666666,0.009591791211242472,3.4375,0.7,0.023572756338761245,6.291948051948053,0.1653149230426054,0.08705740996786432,0.07910622761708846,0.18869805663063355,True,False,1.0,0.15250542635658915
9d34ecfc905c1bad,"('Reachable', 2, 1, 2, 1, 3)",42,29,1,2,2,84.0,0.3333333333333333,0.7,0.25,28,"Reachable(N0,N7)",Reachable,0.06296851574212893,0.09634551495016612,0.3333333333333333,0.018737452598706225,4.4375,0.7,0.10682429920440181,4.697805437274812,0.30527566361811287,0.19061661574808633,0.07565177544118307,0.37646089731980814,True,False,1.0,0.28665077519379845
ffecc6e43a2a0bd6,"('PathLengthBucket', 2, 2, 1, 3)",302,119,1,2,2,302.0,0.5099999999999999,0.5499999999999999,0.8153973509933775,32,"PathLengthBucket(N0,N7)=2",PathLengthBucket,0.4527736131934033,0.3953488372093023,0.3333333333333333,0.06736560339058666,4.5,0.5499999999999999,0.1736365677745557,53.37674418604651,0.3573455525317867,0.2918798377824927,0.430952198319445,0.20803522531192456,True,False,2.0,0.4881001989321833
5af0806327f01055,"('Reachable', 1, 0, 1, 3, 3)",69,46,1,1,1,69.0,0.0,0.7000000000000003,0.0,28,"Reachable(N1,N0)",Reachable,0.10344827586206896,0.15282392026578073,0.16666666666666666,0.015391478920365827,3.4375,0.7000000000000003,0.027748531489330062,11.096683781334944,0.16731929511487847,0.09780413306723643,0.12221102073547943,0.18904907465014775,True,False,1.0,0.15704031007751934
557bfe60db310750,"('Reachable', 2, 2, 1, 3, 3)",24,19,1,2,2,72.0,0.6666666666666666,0.6999999999999998,0.5,28,"Reachable(N1,N3)",Reachable,0.035982008995502246,0.06312292358803986,0.3333333333333333,0.016060673656033905,4.4375,0.6999999999999998,0.16489701836567774,2.504777502222638,0.43315056881552527,0.25927345928225465,0.04629555654066654,0.2079818304835046,True,True,,0.5080441860465117
82d2848fa0ceb163,"('Reachable', 2, 1, 1, 2, 3)",46,36,1,2,2,92.0,0.33333333333333337,0.7,0.25,28,"Reachable(N1,N4)",Reachable,0.06896551724137931,0.11960132890365449,0.3333333333333333,0.0205219718938211,4.4375,0.7,0.10810915309688454,5.386289832015349,0.30589239348650454,0.19527009252080396,0.08820712567304387,0.366007917790526,True,False,1.0,0.2887670542635659
d40b05f3eef1bcae,"('Reachable', 3, 2, 1, 1, 3)",40,29,1,3,3,120.0,0.6666666666666666,0.7,0.5,28,"Reachable(N1,N7)",Reachable,0.05997001499250375,0.09634551495016612,0.5,0.026767789426723178,5.4375,0.7,0.1892728083872407,3.651277351357544,0.44485094802587555,0.2948678968842303,0.07379270497641545,0.1841972358904127,True,True,,0.5414007751937984
2a7b6c47000ae2d2,"('PathLengthBucket', 3, 1, 1, 3)",203,100,1,3,3,203.0,0.59,0.5499999999999999,0.8694581280788177,32,"PathLengthBucket(N1,N7)=3",PathLengthBucket,0.30434782608695654,0.33222591362126247,0.5,0.04528217711354004,5.5,0.5499999999999999,0.1888031675217488,27.025792811839327,0.3886255204104394,0.3163183709814634,0.31494149934999277,0.35256571176178775,True,True,,0.6563773857257417
69bfc44287ce6b55,"('Reachable', 1, 0, 1, 1, 3)",73,51,1,1,1,73.0,0.0,0.7000000000000001,0.0,28,"Reachable(N3,N7)",Reachable,0.10944527736131934,0.16943521594684385,0.16666666666666666,0.016283738567923266,3.4375,0.7000000000000001,0.02839095843557142,12.092733313198432,0.1676276600490743,0.10097804753332944,0.13224145402381865,0.34412797157287006,True,True,,0.2785519379844961
a1b396da3af02197,"('PathLengthBucket', 1, 1, 1, 3)",122,82,1,1,1,122.0,0.42999999999999994,0.5499999999999998,0.3073770491803279,32,"PathLengthBucket(N3,N7)=1",PathLengthBucket,0.18290854572713644,0.2724252491694352,0.16666666666666666,0.027213919250501897,3.5,0.5499999999999998,0.11366068852702801,23.438822971048886,0.3045571304929734,0.21140130213499547,0.21692489303520998,0.35032731141933837,True,True,,0.4380281293684077
958b879c7165a51d,"('Reachable', 1, 0, 1, 2, 3)",63,45,1,1,1,63.0,0.0,0.7000000000000004,0.0,28,"Reachable(N5,N4)",Reachable,0.0944527736131934,0.14950166112956811,0.16666666666666666,0.014053089449029667,3.4375,0.7000000000000004,0.026784891069968026,10.070866807610994,0.16685674771358472,0.09671435771361184,0.11537135086941579,0.26480020101100793,True,True,,0.27673798449612397
04bcadac9eaa981e,"('PathLengthBucket', 1, 1, 2, 3)",163,100,1,1,1,163.0,0.43,0.5499999999999998,0.504601226993865,32,"PathLengthBucket(N5,N4)=1",PathLengthBucket,0.24437781109445278,0.33222591362126247,0.16666666666666666,0.03635958063796565,3.5,0.5499999999999998,0.12024556472600192,34.100806834361656,0.30771787106848086,0.22515485564500712,0.2777600900546404,0.37386460495944523,True,True,,0.48902877490845104
438a533901423fbe,"('Reachable', 1, 1, 3, 3, 3)",16,10,1,1,1,32.0,0.3333333333333333,0.7,0.25,28,"Reachable(N8,N0)",Reachable,0.0239880059970015,0.03322259136212625,0.16666666666666666,0.007138077180459514,3.4375,0.7,0.08180608223659751,2.016454243430988,0.29326691947356676,0.1495891274673931,0.0274971484357489,0.1814610900759658,True,False,1.0,0.25057325581395345
425c979a077fad92,"('Reachable', 2, 2, 3, 2, 3)",13,12,1,2,2,39.0,0.6666666666666666,0.7,0.5,28,"Reachable(N8,N4)",Reachable,0.019490254872563718,0.03986710963455149,0.3333333333333333,0.008699531563685033,4.4375,0.7,0.15959699605918654,1.2886247718871369,0.43060655810840953,0.25243251875758527,0.02723345968211907,0.2802114631439521,True,False,1.0,0.3859279069767442
8dfb91b0a87efc14,"('Reachable', 2, 3, 3, 1, 3)",220,96,1,2,2,1508.0,1.0,0.7,0.9806818181818182,28,"Reachable(N8,N7)",Reachable,0.32983508245877063,0.31893687707641194,0.3333333333333333,0.33638188712915457,4.4375,0.7,0.4555282920663246,35.64306770857704,0.6726535801918359,0.5037644159540571,0.3256937644134743,0.27396278061680723,True,False,2.0,0.5690274224806202
f96d413d9282d934,"('PathLengthBucket', 2, 3, 1, 3)",272,122,1,2,2,272.0,0.5099999999999999,0.5499999999999998,0.8584558823529411,32,"PathLengthBucket(N8,N7)=2",PathLengthBucket,0.4077961019490255,0.4053156146179402,0.3333333333333333,0.060673656033905864,4.5,0.5499999999999998,0.16881836567774552,48.67685492801772,0.3550328155253178,0.29094923343961887,0.40685351676321313,0.2742514953089762,True,True,,0.6189536964204285
8180109ccd251d59,"('InDegreeBucket', (3, 2, 3))",74,56,1,4,4,444.0,0.75,0.6000000000000001,0.625,29,"InDegreeBucket(N0)=(3, 2, 3)",InDegreeBucket,0.11094452773613193,0.18604651162790697,0.6666666666666666,0.09904082087887575,6.453125,0.6000000000000001,0.2729760576994572,6.720378399684668,0.48802850769573947,0.37733192987807507,0.13948328161500645,0.33305521707762575,True,False,2.0,0.5130385658914729
02f5f71f9579e739,"('OutDegreeBucket', (2, 3, 3))",74,56,1,3,3,444.0,0.5,0.5499999999999998,0.625,30,"OutDegreeBucket(N0)=(2, 3, 3)",OutDegreeBucket,0.11094452773613193,0.18604651162790697,0.5,0.09904082087887575,5.46875,0.5499999999999998,0.2113093910327905,7.930046511627908,0.3724285076957394,0.2922092632114085,0.13948328161500645,0.29292258067873433,True,True,,0.5740052325581395
b86b76cf496ae6e8,"('InDegreeBucket', (0, 1, 3))",96,72,1,1,1,192.0,0.0,0.4500000000000001,0.125,29,"InDegreeBucket(N1)=(0, 1, 3)",InDegreeBucket,0.14392803598200898,0.23920265780730898,0.16666666666666666,0.04282846308275708,3.453125,0.4500000000000001,0.047503160086251765,17.770412350986906,0.12180151684140088,0.10895084010889916,0.180132392275623,0.2496276013900187,True,False,1.0,0.22527577519379843
f693fba8c934907a,"('OutDegreeBucket', (1, 0, 3))",96,72,1,2,2,192.0,0.25,0.5,0.125,30,"OutDegreeBucket(N1)=(1, 0, 3)",OutDegreeBucket,0.14392803598200898,0.23920265780730898,0.3333333333333333,0.04282846308275708,4.46875,0.5,0.10916982675291842,13.731682271217155,0.23740151684140082,0.19407350677556584,0.180132392275623,0.24308692121948627,True,False,1.0,0.28430910852713176
bae132f67b5de0b1,"('InDegreeBucket', (1, 1, 3))",165,106,1,2,2,495.0,0.25,0.5,0.25,29,"InDegreeBucket(N2)=(1, 1, 3)",InDegreeBucket,0.24737631184407796,0.3521594684385382,0.3333333333333333,0.1104171313852331,4.453125,0.5,0.15783366793070117,27.869487672670047,0.26076016060673657,0.23978822525653082,0.28719391134997285,0.301623354548005,True,False,1.0,0.3234631782945736
687df01655ad9bff,"('OutDegreeBucket', (1, 1, 3))",165,106,1,2,2,495.0,0.25,0.5,0.25,30,"OutDegreeBucket(N2)=(1, 1, 3)",OutDegreeBucket,0.24737631184407796,0.3521594684385382,0.3333333333333333,0.1104171313852331,4.46875,0.5,0.15783366793070117,27.772041911576796,0.26076016060673657,0.23978822525653082,0.28719391134997285,0.2310306432560285,True,False,1.0,0.3234631782945736
951bfef5b056d504,"('InDegreeBucket', (3, 1, 3))",86,68,1,4,4,430.0,0.75,0.6000000000000001,0.5,29,"InDegreeBucket(N3)=(3, 1, 3)",InDegreeBucket,0.12893553223388307,0.22591362126245848,0.6666666666666666,0.09591791211242472,6.453125,0.6000000000000001,0.27072756338761245,8.341473538567971,0.486949230426054,0.38288435881485583,0.16578720606474173,0.32418710884299734,True,True,,0.6077914728682171
5a1156e6befda1e1,"('OutDegreeBucket', (1, 3, 3))",86,68,1,2,2,430.0,0.25,0.5,0.5,30,"OutDegreeBucket(N3)=(1, 3, 3)",OutDegreeBucket,0.12893553223388307,0.22591362126245848,0.3333333333333333,0.09591791211242472,4.46875,0.5,0.14739423005427912,12.045554445554448,0.25574923042605396,0.21263902548152253,0.16578720606474173,0.2867655557988469,True,False,1.0,0.36972480620155035
2a115a477cfd208a,"('InDegreeBucket', (0, 0, 3))",48,38,1,1,1,48.0,0.0,0.45,0.0,29,"InDegreeBucket(N6)=(0, 0, 3)",InDegreeBucket,0.07196401799100449,0.12624584717607973,0.16666666666666666,0.01070711577068927,3.453125,0.45,0.02437579002156294,7.315055396040349,0.11070037921035021,0.07714839109034771,0.09259111308133308,0.48074621075201845,True,False,1.0,0.1861217054263566
400afc56bd50febd,"('OutDegreeBucket', (0, 0, 3))",48,38,1,1,1,48.0,0.0,0.45,0.0,30,"OutDegreeBucket(N6)=(0, 0, 3)",OutDegreeBucket,0.07196401799100449,0.12624584717607973,0.16666666666666666,0.01070711577068927,3.46875,0.45,0.02437579002156294,7.282104696058186,0.11070037921035021,0.07714839109034771,0.09259111308133308,0.24293071267679353,True,True,,0.3061217054263566
72a4c21346788eef,"('InDegreeBucket', (0, 3, 3))",36,33,1,1,1,144.0,0.0,0.44999999999999996,0.375,29,"InDegreeBucket(N8)=(0, 3, 3)",InDegreeBucket,0.053973013493253376,0.10963455149501661,0.16666666666666666,0.03212134731206781,3.453125,0.44999999999999996,0.03979403673135549,5.313113152237641,0.11810113763105062,0.08272433163206196,0.0751243979339234,0.1650296887871495,True,False,1.0,0.27123507751937986
343fd859d90112b9,"('OutDegreeBucket', (3, 0, 3))",36,33,1,4,4,144.0,0.75,0.6000000000000002,0.375,30,"OutDegreeBucket(N8)=(3, 0, 3)",OutDegreeBucket,0.053973013493253376,0.10963455149501661,0.6666666666666666,0.03212134731206781,6.46875,0.6000000000000002,0.2247940367313555,2.836227069189658,0.4649011376310507,0.338092331632062,0.0751243979339234,0.3797406383191859,True,True,,0.5683350775193798
8d173264ef19a4a4,"('SharedPredecessor', 1, 3, 1, 3)",153,84,1,2,2,153.0,0.3333333333333333,0.5499999999999998,0.3333333333333333,33,"SharedPredecessor(N0,N2)",SharedPredecessor,0.22938530734632684,0.27906976744186046,0.3333333333333333,0.03412893151907205,4.515625,0.5499999999999998,0.11790616402706519,23.008481532147744,0.2775949587329912,0.21913713862706138,0.2482654021826296,0.15553328908233935,True,False,1.0,0.3414286821705427
86a3552841621f22,"('SharedPredecessor', 1, 3, 3, 3)",222,88,1,2,2,222.0,0.3333333333333333,0.5499999999999998,0.3333333333333333,33,"SharedPredecessor(N0,N3)",SharedPredecessor,0.3328335832083958,0.292358803986711,0.3333333333333333,0.049520410439437876,4.515625,0.5499999999999998,0.1289880288497286,34.03817953994183,0.28291425384786967,0.22743367479507298,0.31745316710415555,0.41555055519647377,True,False,1.0,0.34263798449612404
dbdf5c6a84e7e65b,"('SharedSuccessor', 1, 2, 1, 3)",129,75,1,2,2,129.0,0.3333333333333333,0.6000000000000001,0.3333333333333333,31,"SharedSuccessor(N0,N5)",SharedSuccessor,0.1934032983508246,0.24916943521594684,0.3333333333333333,0.028775373633727414,4.484375,0.6000000000000001,0.11405160234961706,18.67436535589846,0.2867447691278162,0.21481411694678235,0.21459443035957104,0.24263374686275652,True,False,1.0,0.33240775193798444
ddac042ec079e294,"('Reachable', 2, 2, 2, 1, 3)",34,23,1,2,2,102.0,0.6666666666666667,0.7,0.5,28,"Reachable(N1,N0)",Reachable,0.050974512743628186,0.07641196013289037,0.3333333333333333,0.0227526210127147,4.4375,0.7,0.1697152204624879,3.650255018482991,0.4354633058219942,0.26415755199722146,0.06064074275154782,0.25770577438374603,True,True,,0.509253488372093
638d0fa013c794e1,"('Reachable', 1, 2, 2, 2, 3)",27,21,1,1,1,81.0,0.6666666666666669,0.6999999999999998,0.5,28,"Reachable(N1,N5)",Reachable,0.04047976011994003,0.06976744186046512,0.16666666666666666,0.018068257863038145,3.4375,0.6999999999999998,0.14967581232805416,3.6898097251585624,0.425844389917466,0.23544384767260298,0.05160907918133956,0.1682069816367867,True,True,,0.478315503875969
eb915e96f08a7b6d,"('Reachable', 1, 2, 3, 3, 3)",23,20,1,1,1,69.0,0.6666666666666664,0.6999999999999997,0.5,28,"Reachable(N2,N1)",Reachable,0.034482758620689655,0.0664451827242525,0.16666666666666666,0.015391478920365827,3.4375,0.6999999999999997,0.14774853148933,3.120942313500453,0.42491929511487825,0.23382908101850985,0.04662847978004353,0.13170976209658186,True,False,1.0,0.35801317829457363
5e608a7554794ac1,"('Reachable', 1, 1, 1, 3, 3)",22,16,1,1,1,44.0,0.33333333333333326,0.6999999999999997,0.25,28,"Reachable(N6,N1)",Reachable,0.03298350824587706,0.053156146179401995,0.16666666666666666,0.009814856123131831,3.4375,0.6999999999999997,0.08373336307532156,2.900199335548173,0.29419201427615427,0.15402781438726681,0.040649110660616536,0.34063597761585396,True,False,1.0,0.2523872093023256
b3ed97d529c712f9,"('Reachable', 2, 2, 1, 2, 3)",27,22,1,2,2,81.0,0.6666666666666669,0.6999999999999998,0.5,28,"Reachable(N6,N5)",Reachable,0.04047976011994003,0.07308970099667775,0.3333333333333333,0.018068257863038145,4.4375,0.6999999999999998,0.16634247899472082,2.8785176173318985,0.433844389917466,0.2617552983924258,0.05287153765310036,0.18065408122145973,True,False,1.0,0.3889511627906978
d5fff16916d1df5c,"('Reachable', 2, 1, 1, 3, 3)",40,28,1,2,2,80.0,0.3333333333333333,0.7,0.25,28,"Reachable(N6,N9)",Reachable,0.05997001499250375,0.09302325581395349,0.3333333333333333,0.017845192951148784,4.4375,0.7,0.10618187225816045,4.444153291844088,0.30496729868391703,0.1897018374946179,0.07253024650465464,0.15644437250677387,True,True,,0.4063484496124031
37473a28914f6834,"('Reachable', 4, 3, 1, 1, 3)",157,88,1,4,4,1012.0,1.0,0.7000000000000002,0.964968152866242,28,"Reachable(N7,N0)",Reachable,0.2353823088455772,0.292358803986711,0.6666666666666666,0.22574169083203213,6.4375,0.7000000000000002,0.40920068406572974,16.885488501112796,0.6504163283515503,0.5073401960234171,0.25703337699920803,0.21897358461063227,True,False,2.0,0.6236456278082259
a59643c1def4b249,"('PathLengthBucket', 4, 1, 1, 3)",157,88,1,4,4,157.0,0.67,0.5499999999999998,0.964968152866242,32,"PathLengthBucket(N7,N0)=4",PathLengthBucket,0.2353823088455772,0.292358803986711,0.6666666666666666,0.03502119116662949,6.5,0.5499999999999998,0.21248192430663987,16.72312803475594,0.4239913236671871,0.34934781570666495,0.25703337699920803,0.2911108386780916,True,False,2.0,0.596345627808226
f28f07ca84abad9f,"('Reachable', 1, 2, 1, 2, 3)",13,11,1,1,1,39.0,0.6666666666666666,0.7,0.5,28,"Reachable(N7,N6)",Reachable,0.019490254872563718,0.036544850498338874,0.16666666666666666,0.008699531563685033,3.4375,0.7,0.14293032939251987,1.6509332527937182,0.4226065581084095,0.2261210680377624,0.025971001210358276,0.38196667597494594,True,False,1.0,0.3552922480620154
4f808f2386665dbb,"('Reachable', 3, 2, 1, 3, 3)",16,14,1,3,3,48.0,0.6666666666666666,0.7,0.5,28,"Reachable(N7,N9)",Reachable,0.0239880059970015,0.046511627906976744,0.5,0.01070711577068927,5.4375,0.7,0.17770912335489625,1.3138732959101844,0.43930037921035014,0.28009624048126686,0.032546982322792094,0.18141773952407309,True,False,2.0,0.4168658914728682
a9dd68eb03942ad7,"('PathLengthBucket', 3, 1, 3, 3)",181,94,1,3,3,181.0,0.5900000000000001,0.5499999999999998,0.9392265193370166,32,"PathLengthBucket(N7,N9)=3",PathLengthBucket,0.27136431784107945,0.3122923588039867,0.5,0.04037474905197413,5.5,0.5499999999999998,0.18526981931742137,23.440893989731197,0.3869295132723622,0.3110046985608089,0.2869169734069842,0.24349031616508637,True,True,,0.6706799306180137
9cd20942a03abf10,"('Reachable', 2, 3, 2, 1, 3)",226,89,1,2,2,1444.0,1.0,0.7,0.9679203539823009,28,"Reachable(N8,N0)",Reachable,0.33883058470764615,0.2956810631229236,0.3333333333333333,0.32210573276823556,4.4375,0.7,0.4452494609264629,35.430742595105514,0.6677197412447022,0.4942110203769673,0.3224337665054516,0.4451213830642295,True,True,,0.6839632451807641
d3b7c129f50b9752,"('Reachable', 1, 2, 2, 3, 3)",36,24,1,1,1,108.0,0.6666666666666667,0.6999999999999998,0.5,28,"Reachable(N8,N1)",Reachable,0.053973013493253376,0.07973421926910298,0.16666666666666666,0.024091010484050858,3.4375,0.6999999999999998,0.15401219421518328,5.02412564180006,0.42792585322328797,0.23950066068417936,0.06376227168807623,0.43732220607469435,True,True,,0.47922248062015504
fe1de0828df4ae6b,"('Reachable', 2, 2, 2, 2, 3)",26,22,1,2,2,78.0,0.6666666666666667,0.6999999999999998,0.5,28,"Reachable(N8,N6)",Reachable,0.038980509745127435,0.07308970099667775,0.3333333333333333,0.017399063127370065,4.4375,0.6999999999999998,0.16586065878503978,2.771905853727014,0.4336131162168191,0.26149280274219155,0.05194200242071655,0.2432655979042034,True,False,1.0,0.38895116279069775
ea48664f0f0de904,"('Reachable', 1, 2, 2, 1, 3)",16,13,1,1,1,48.0,0.6666666666666666,0.7,0.5,28,"Reachable(N9,N0)",Reachable,0.0239880059970015,0.04318936877076412,0.16666666666666666,0.01070711577068927,3.4375,0.7,0.14437579002156292,2.0628450619148295,0.42330037921035024,0.22803812309477736,0.031284523851031296,0.3320540049624797,True,False,1.0,0.3558968992248062
c437f31e57730a50,"('Reachable', 2, 1, 2, 3, 3)",16,13,1,2,2,32.0,0.3333333333333333,0.7,0.25,28,"Reachable(N9,N1)",Reachable,0.0239880059970015,0.04318936877076412,0.3333333333333333,0.007138077180459514,4.4375,0.7,0.09847274890326418,1.5979785690889525,0.30126691947356676,0.1770301462935282,0.031284523851031296,0.28905185223239693,True,True,,0.4018135658914729
29e73669724c7443,"('Reachable', 3, 2, 2, 2, 3)",12,12,1,3,3,36.0,0.6666666666666666,0.7000000000000001,0.5,28,"Reachable(N9,N5)",Reachable,0.017991004497751123,0.03986710963455149,0.5,0.008030336828016953,5.4375,0.7000000000000001,0.17578184251617218,0.9707412074693551,0.43837528440776263,0.27791668977401773,0.026303924449735262,0.3259488597337023,True,False,2.0,0.4162612403100775
deacf8fe336a8315,"('Reachable', 1, 1, 2, 2, 3)",33,26,1,1,1,66.0,0.3333333333333333,0.7,0.25,28,"Reachable(N9,N6)",Reachable,0.049475262368815595,0.08637873754152824,0.16666666666666666,0.014722284184697747,3.4375,0.7,0.08726671127964904,4.669235880398672,0.29588802141423154,0.16160062302054592,0.06349858293444641,0.10167438129824134,True,False,1.0,0.2554104651162791
5c504512d9dd18f4,"('InDegreeBucket', (1, 0, 3))",97,65,1,2,2,194.0,0.25,0.5,0.125,29,"InDegreeBucket(N0)=(1, 0, 3)",InDegreeBucket,0.1454272863568216,0.2159468438538206,0.3333333333333333,0.043274592906535805,4.453125,0.5,0.10949104022603912,13.416835111033398,0.2375556993084988,0.19029501550362896,0.1722247182056812,0.25470740035046424,True,False,1.0,0.28219282945736435
993af1ed32d6075d,"('OutDegreeBucket', (0, 1, 3))",97,65,1,1,1,194.0,0.0,0.4500000000000001,0.125,30,"OutDegreeBucket(N0)=(0, 1, 3)",OutDegreeBucket,0.1454272863568216,0.2159468438538206,0.16666666666666666,0.043274592906535805,3.46875,0.4500000000000001,0.04782437355937244,17.22431534524558,0.12195569930849881,0.10517234883696228,0.1722247182056812,0.3435147604404566,True,False,1.0,0.223159496124031
258291dcabea139e,"('InDegreeBucket', (0, 2, 3))",70,60,1,1,1,210.0,0.0,0.45,0.25,29,"InDegreeBucket(N8)=(0, 2, 3)",InDegreeBucket,0.10494752623688156,0.19933554817275748,0.16666666666666666,0.046843631496765556,3.453125,0.45,0.05039408134433787,12.149426496895716,0.12318915904528219,0.10374840537243071,0.1408149745725144,0.0849174719049408,True,False,1.0,0.2505228682170543
dcbc33ebf375b9c9,"('OutDegreeBucket', (2, 0, 3))",70,60,1,3,3,210.0,0.5,0.5499999999999997,0.25,30,"OutDegreeBucket(N8)=(2, 0, 3)",OutDegreeBucket,0.10494752623688156,0.19933554817275748,0.5,0.046843631496765556,5.46875,0.5499999999999997,0.17372741467767122,7.671495016611295,0.3543891590452821,0.27399373870576404,0.1408149745725144,0.307638901481799,True,True,,0.4885895348837209
8579222119e99ff1,"('SharedSuccessor', 2, 2, 3, 3)",51,36,1,2,2,102.0,0.6666666666666665,0.6000000000000001,0.6666666666666665,31,"SharedSuccessor(N1,N2)",SharedSuccessor,0.07646176911544228,0.11960132890365449,0.3333333333333333,0.0227526210127147,4.484375,0.6000000000000001,0.16971522046248788,5.909333580284071,0.4134633058219942,0.26577974468825133,0.09285480183496292,0.1813348596216806,True,False,2.0,0.44428372093023255
cb02bf075c8bbbc6,"('SharedPredecessor', 2, 3, 3, 3)",123,60,1,2,2,246.0,0.6666666666666666,0.5499999999999998,0.6666666666666666,33,"SharedPredecessor(N1,N9)",SharedPredecessor,0.18440779610194902,0.19933554817275748,0.3333333333333333,0.05487396832478251,4.515625,0.5499999999999998,0.19284259052717673,16.32515375507248,0.4135644434530447,0.28907435317524127,0.19008034188885625,0.37934818871214454,True,True,,0.5778395348837209
e7d4d4186f4532f8,"('SharedSuccessor', 2, 3, 2, 3)",59,43,1,2,2,118.0,0.6666666666666665,0.6000000000000001,0.6666666666666665,31,"SharedSuccessor(N2,N8)",SharedSuccessor,0.08845577211394302,0.14285714285714285,0.3333333333333333,0.026321659602944456,4.484375,0.6000000000000001,0.1722849282474533,7.1422598307615734,0.41469676555877755,0.2711332098615935,0.10912829299635896,0.302315198936021,True,True,,0.5664
2d254b2541aba5ef,"('Reachable', 5, 3, 2, 1, 2)",2,2,1,5,5,13.0,1.0,0.7,1.0,28,"Reachable(N0,N2)",Reachable,0.0029985007496251873,0.006644518272425249,0.8333333333333334,0.0028998438545616775,7.4375,0.7,0.26542122090861775,0.10934978642619839,0.5814021860361365,0.39710438259066055,0.004383987408289211,0.13945356057146152,True,False,2.0,0.6360713178294573
c652148bd00c3e17,"('PathLengthBucket', 5, 2, 1, 2)",2,2,1,5,5,2.0,0.75,0.55,1.0,32,"PathLengthBucket(N0,N2)=5",PathLengthBucket,0.0029985007496251873,0.006644518272425249,0.8333333333333334,0.00044612982377871963,7.5,0.55,0.21865454680645402,0.10843853820598007,0.4509541824670979,0.3310458985398018,0.004383987408289211,0.3276913171310086,True,True,,0.7399713178294574
c2a2156b12b89599,"('Reachable', 4, 3, 2, 2, 2)",5,5,1,4,4,27.0,1.0,0.7,1.0,28,"Reachable(N0,N7)",Reachable,0.0074962518740629685,0.016611295681063124,0.6666666666666666,0.0060227526210127145,6.4375,0.7,0.2510030485537958,0.32358158887849564,0.574481463305822,0.3742770477845553,0.010959968520723028,0.20401389422072638,True,True,,0.7266449612403101
563323121bf0e4a6,"('PathLengthBucket', 4, 2, 2, 2)",5,5,1,4,4,5.0,0.6699999999999999,0.55,1.0,32,"PathLengthBucket(N0,N7)=4",PathLengthBucket,0.0074962518740629685,0.016611295681063124,0.6666666666666666,0.001115324559446799,6.5,0.55,0.18806970034946835,0.3204702274469717,0.4122734561677448,0.28917095968283774,0.010959968520723028,0.5672820831992896,True,True,,0.6993449612403101
10a47c67cbd8f131,"('Reachable', 1, 3, 2, 1, 2)",57,38,1,1,1,287.0,1.0,0.7000000000000001,0.9078947368421053,28,"Reachable(N1,N2)",Reachable,0.08545727136431784,0.12624584717607973,0.16666666666666666,0.06401962971224627,3.4375,0.7000000000000001,0.24276080005948397,8.726112956810631,0.5705251840285523,0.33842454455900706,0.10095693017278737,0.2594547058777773,True,True,,0.6243453896368829
8d6be052924a3a1b,"('Reachable', 2, 3, 1, 1, 2)",78,44,1,2,2,394.0,1.0,0.7000000000000003,0.9391025641025641,28,"Reachable(N3,N1)",Reachable,0.11694152923538231,0.1461794019933555,0.3333333333333333,0.08788757528440776,4.4375,0.7000000000000003,0.2766123875381069,9.60044920686912,0.5867739460182914,0.3769222604029644,0.1280519208834121,0.24822963665770176,True,True,,0.6637016845557543
3be693d6813b403f,"('Reachable', 4, 3, 3, 1, 3)",60,45,1,4,4,399.0,1.0,0.7000000000000003,0.9708333333333333,28,"Reachable(N0,N1)",Reachable,0.08995502248875563,0.14950166112956811,0.6666666666666666,0.08900289984385457,6.4375,0.7000000000000003,0.31074875455424195,5.121568880430926,0.6031594021860361,0.42941787053984426,0.11258274517226437,0.4226826958373962,True,True,,0.732000484496124
31b4b45a19fb9425,"('PathLengthBucket', 4, 3, 1, 3)",60,45,1,4,4,60.0,0.67,0.5499999999999999,0.9708333333333333,32,"PathLengthBucket(N0,N1)=4",PathLengthBucket,0.08995502248875563,0.14950166112956811,0.6666666666666666,0.013383894713361589,6.5,0.5499999999999999,0.19690307086028702,5.072323025811398,0.41651347401293776,0.31657474206337766,0.11258274517226437,0.30259391886832643,True,False,2.0,0.584700484496124
03f637bba85258d8,"('Reachable', 3, 3, 3, 3, 3)",43,31,1,3,3,323.0,1.0,0.7,0.9883720930232558,28,"Reachable(N0,N2)",Reachable,0.06446776611694154,0.10299003322259136,0.5,0.07204996654026322,5.4375,0.7,0.2818759759089895,3.9776683087027918,0.589300468436315,0.389114337323058,0.07910622761708846,0.3410516326456962,True,True,,0.7014860465116279
6a282701b69055ed,"('PathLengthBucket', 3, 3, 3, 3)",43,31,1,3,3,43.0,0.59,0.55,0.9883720930232558,32,"PathLengthBucket(N0,N2)=3",PathLengthBucket,0.06446776611694154,0.10299003322259136,0.5,0.009591791211242472,5.5,0.55,0.16310608967209456,3.9324675324675327,0.37629092304260536,0.26334850330119763,0.07910622761708846,0.24236128187866393,True,False,2.0,0.5429860465116281
4da38258e64efde7,"('Reachable', 1, 3, 3, 1, 3)",136,76,1,1,1,896.0,1.0,0.7000000000000002,0.96875,28,"Reachable(N0,N8)",Reachable,0.20389805097451275,0.25249169435215946,0.16666666666666666,0.1998661610528664,3.4375,0.7000000000000002,0.3405703026247305,25.8149441256418,0.6174737452598706,0.413172955576487,0.22236363545801852,0.19437238801340812,True,True,,0.6498913275193798
82861278787b0773,"('Reachable', 4, 3, 2, 1, 3)",150,79,1,4,4,996.0,1.0,0.7000000000000002,0.9816666666666667,28,"Reachable(N1,N8)",Reachable,0.22488755622188905,0.26245847176079734,0.6666666666666666,0.22217265224180235,6.4375,0.7000000000000002,0.40663097628076433,15.435925555591394,0.6491828686147669,0.5008571627437627,0.23916450412667423,0.24348979433658627,True,True,,0.7447820542635659
c6ba1609329c236b,"('PathLengthBucket', 4, 2, 1, 3)",150,79,1,4,4,150.0,0.67,0.5499999999999998,0.9816666666666667,32,"PathLengthBucket(N1,N8)=4",PathLengthBucket,0.22488755622188905,0.26245847176079734,0.6666666666666666,0.03345973678340397,6.5,0.5499999999999998,0.21135767715071752,15.287503194479939,0.42345168503234437,0.3436522693777131,0.23916450412667423,0.23121456771432483,True,False,2.0,0.5974820542635659
f7e8bc67797d9ea0,"('Reachable', 3, 3, 3, 1, 3)",183,84,1,3,3,1297.0,1.0,0.7000000000000002,0.9877049180327869,28,"Reachable(N2,N8)",Reachable,0.27436281859070466,0.27906976744186046,0.5,0.28931519072049966,5.4375,0.7000000000000002,0.43830693731875975,22.8542101042502,0.6643873299130046,0.5042714799163766,0.27615145915414385,0.34547829737731234,True,True,,0.7173551849027832
636f83dcd08bde20,"('PathLengthBucket', 3, 3, 1, 3)",197,94,1,3,3,197.0,0.59,0.5499999999999998,0.9530456852791879,32,"PathLengthBucket(N2,N8)=3",PathLengthBucket,0.29535232383808097,0.3122923588039867,0.5,0.04394378764220388,5.5,0.5499999999999998,0.18783952710238677,25.513017215342792,0.3881629730091456,0.31240467536205807,0.30178953712512513,0.28662666775422935,True,True,,0.6738721579506551
cbcf6574bf8690fe,"('Reachable', 4, 3, 3, 2, 3)",22,18,1,4,4,158.0,1.0,0.6999999999999997,0.9886363636363636,28,"Reachable(N3,N0)",Reachable,0.03298350824587706,0.059800664451827246,0.6666666666666666,0.035244256078518846,6.4375,0.6999999999999997,0.27204253104320025,1.5713576105538174,0.5845804149007361,0.3930815505358128,0.04317402760413813,0.08128931932927488,True,True,,0.7279501937984497
3b665147b51118e9,"('PathLengthBucket', 4, 3, 2, 3)",22,18,1,4,4,22.0,0.6699999999999999,0.5500000000000003,0.9886363636363636,32,"PathLengthBucket(N3,N0)=4",PathLengthBucket,0.03298350824587706,0.059800664451827246,0.6666666666666666,0.004907428061565916,6.5,0.5500000000000003,0.19080001487099413,1.5562484027600307,0.41358400713807725,0.29800062772519487,0.04317402760413813,0.24147850856003603,True,True,,0.7006501937984496
516e835e3d3f9224,"('Reachable', 5, 3, 3, 1, 3)",12,10,1,5,5,82.0,1.0,0.7000000000000001,1.0,28,"Reachable(N3,N8)",Reachable,0.017991004497751123,0.03322259136212625,0.8333333333333334,0.018291322774927503,7.4375,0.7000000000000001,0.27650308573128113,0.6989809877439349,0.586721481151015,0.4076600549712967,0.023779007506213673,0.21681434172271022,True,False,2.0,0.6384899224806201
88f9775848a28764,"('PathLengthBucket', 5, 3, 1, 3)",12,10,1,5,5,12.0,0.75,0.5499999999999999,1.0,32,"PathLengthBucket(N3,N8)=5",PathLengthBucket,0.017991004497751123,0.03322259136212625,0.8333333333333334,0.0026767789426723177,7.5,0.5499999999999999,0.22026061417205742,0.6931561461794021,0.45172509480258755,0.33643915646583167,0.023779007506213673,0.3188648027790406,True,True,,0.7423899224806202
3b0ecfc71dbb4640,"('Reachable', 2, 3, 1, 1, 3)",107,60,1,2,2,666.0,1.0,0.7000000000000001,0.9532710280373832,28,"Reachable(N4,N1)",Reachable,0.16041979010494753,0.19933554817275748,0.3333333333333333,0.14856123131831364,4.4375,0.7000000000000001,0.32029741988251914,14.451583922137475,0.6077427615436092,0.4097584108746985,0.1752077781707153,0.2222695626646656,True,True,,0.671811809027023
7915ee0fa8c06fa3,"('PathLengthBucket', 2, 1, 1, 3)",176,99,1,2,2,176.0,0.5099999999999999,0.5499999999999999,0.703125,32,"PathLengthBucket(N4,N1)=2",PathLengthBucket,0.2638680659670165,0.3289036544850498,0.3333333333333333,0.039259424492527326,4.5,0.5499999999999999,0.15340011896795297,28.508231819859727,0.34763205710461736,0.2695593394095326,0.28858158960386915,0.24366153188649706,True,False,2.0,0.45611877422480623
2767de2c603f1475,"('Reachable', 3, 3, 1, 3, 3)",165,86,1,3,3,1171.0,1.0,0.7000000000000002,0.9818181818181818,28,"Reachable(N4,N5)",Reachable,0.24737631184407796,0.2857142857142857,0.5,0.26120901182244033,5.4375,0.7000000000000002,0.418070488512157,20.807881773399014,0.6546738344858354,0.49437623071285175,0.2619447419147569,0.200337053453813,True,False,2.0,0.5966
f642dbe530dc28aa,"('InDegreeBucket', (2, 3, 3))",77,59,1,3,3,462.0,0.5,0.5499999999999997,0.625,29,"InDegreeBucket(N0)=(2, 3, 3)",InDegreeBucket,0.11544227886056972,0.19601328903654486,0.5,0.10305598929288423,5.453125,0.5499999999999997,0.21420031229087666,8.41591257413207,0.3738161498996207,0.2954785892722822,0.14605926272744027,0.12007289324410382,True,True,,0.5749122093023256
bd9f35fdd4a06046,"('OutDegreeBucket', (3, 2, 3))",77,59,1,4,4,462.0,0.75,0.6000000000000001,0.625,30,"OutDegreeBucket(N0)=(3, 2, 3)",OutDegreeBucket,0.11544227886056972,0.19601328903654486,0.6666666666666666,0.10305598929288423,6.46875,0.6000000000000001,0.2758669789575433,7.094573643410852,0.4894161498996208,0.3806012559389489,0.14605926272744027,0.2989539387383744,True,True,,0.6339455426356589
f5209362224500f3,"('InDegreeBucket', (4, 4, 3))",21,18,1,5,5,202.0,1.0,0.6500000000000001,1.0,29,"InDegreeBucket(N2)=(4, 4, 3)",InDegreeBucket,0.031484257871064465,0.059800664451827246,0.8333333333333334,0.04505911220165068,7.453125,0.6500000000000001,0.2957758941185218,1.2955389790843939,0.5849724291768905,0.4198181534059146,0.042244492371754316,0.3232425422180066,True,True,,0.7672085271317829
934f21a9a5e9863d,"('OutDegreeBucket', (4, 4, 3))",21,18,1,5,5,202.0,1.0,0.6500000000000001,1.0,30,"OutDegreeBucket(N2)=(4, 4, 3)",OutDegreeBucket,0.031484257871064465,0.059800664451827246,0.8333333333333334,0.04505911220165068,7.46875,0.6500000000000001,0.2957758941185218,1.292828646492167,0.5849724291768905,0.4198181534059146,0.042244492371754316,0.3045071884260194,True,True,,0.7672085271317829
157d1282bc2ae85f,"('CycleParticipation', (0, 4, 4))",24,21,1,1,1,230.0,0.20000000000000004,0.49,1.0,33,"CycleParticipation(N2)=(0, 4, 4)",CycleParticipation,0.035982008995502246,0.06976744186046512,0.16666666666666666,0.05130492973455276,3.515625,0.49,0.08960621607554464,3.206945736434109,0.21081098371626145,0.13097259830090247,0.04882047348418814,0.2770094766729628,True,False,2.0,0.4349421705426356
011e7de27beff493,"('InDegreeBucket', (4, 1, 3))",32,31,1,5,5,197.0,1.0,0.65,0.64453125,29,"InDegreeBucket(N5)=(4, 1, 3)",InDegreeBucket,0.047976011994003,0.10299003322259136,0.8333333333333334,0.04394378764220388,7.453125,0.65,0.29497286043572013,2.1595882348844175,0.5845869730091456,0.4267228533465542,0.06888134006086657,0.3744416729320022,True,False,2.0,0.5690254784399225
7ed6a66e84e0a5d0,"('OutDegreeBucket', (1, 4, 3))",32,31,1,2,2,197.0,0.25,0.5,0.64453125,30,"OutDegreeBucket(N5)=(1, 4, 3)",OutDegreeBucket,0.047976011994003,0.10299003322259136,0.3333333333333333,0.04394378764220388,4.46875,0.5,0.10997286043572013,3.601830727412123,0.23778697300914564,0.1713548533465542,0.06888134006086657,0.29231093695161087,True,False,1.0,0.3919254784399224
ad5f989724208d65,"('InDegreeBucket', (2, 4, 3))",41,34,1,3,3,292.0,0.5,0.55,0.7652439024390244,29,"InDegreeBucket(N9)=(2, 4, 3)",InDegreeBucket,0.06146926536731634,0.11295681063122924,0.5,0.06513495427169307,5.453125,0.55,0.186897167075619,3.85672971660844,0.3607106401962971,0.2664842344301062,0.08103453256760325,0.18629371957611784,True,True,,0.5997504112308565
eb3a2ff74566d350,"('OutDegreeBucket', (4, 2, 3))",41,34,1,5,5,292.0,1.0,0.6499999999999999,0.7652439024390244,30,"OutDegreeBucket(N9)=(4, 2, 3)",OutDegreeBucket,0.06146926536731634,0.11295681063122924,0.8333333333333334,0.06513495427169307,7.46875,0.6499999999999999,0.31023050040895234,2.8158968014567898,0.5919106401962971,0.43672956776343946,0.08103453256760325,0.41934844994397474,True,True,,0.7178170778975231
55030a7e525e79ec,"('CycleParticipation', (0, 2, 4))",54,47,1,1,1,384.0,0.19999999999999993,0.4899999999999999,0.7638888888888888,33,"CycleParticipation(N9)=(0, 2, 4)",CycleParticipation,0.08095952023988005,0.15614617940199335,0.16666666666666666,0.08565692616551417,3.515625,0.4899999999999999,0.11433965350583684,8.54240531561462,0.22268303368280162,0.15913176039498544,0.10953045072148311,0.2958933860641233,True,True,,0.5082609689922482
a4892f6de5de70d6,"('SharedSuccessor', 1, 3, 2, 3)",264,104,1,2,2,264.0,0.33333333333333326,0.5999999999999999,0.33333333333333326,31,"SharedSuccessor(N0,N1)",SharedSuccessor,0.39580209895052476,0.34551495016611294,0.3333333333333333,0.05888913673879099,4.484375,0.5999999999999999,0.13573351178526283,43.88927037632977,0.2971520856569261,0.24300515874885037,0.3766929824124483,0.0850586140700593,True,True,,0.4611751937984496
c29719ea8145d326,"('SharedPredecessor', 2, 2, 2, 3)",16,15,1,2,2,32.0,0.6666666666666666,0.55,0.6666666666666666,33,"SharedPredecessor(N0,N6)",SharedPredecessor,0.0239880059970015,0.04983388704318937,0.3333333333333333,0.007138077180459514,4.515625,0.55,0.15847274890326418,1.593875087654761,0.39706691947356676,0.24493438106650717,0.03380944079455289,0.34779307954792926,True,False,2.0,0.4442348837209302
c753f725770fbd85,"('Reachable', 5, 3, 1, 1, 2)",36,25,1,5,5,202.0,1.0,0.6999999999999998,1.0,28,"Reachable(N3,N1)",Reachable,0.053973013493253376,0.08305647840531562,0.8333333333333334,0.04505911220165068,7.4375,0.6999999999999998,0.2957758941185218,2.338155727407242,0.5959724291768904,0.42663164177800766,0.06502473015983704,0.4139454822971607,True,True,,0.7630248062015502
68ff098026df2acf,"('PathLengthBucket', 5, 1, 1, 2)",36,25,1,5,5,36.0,0.75,0.5500000000000002,1.0,32,"PathLengthBucket(N3,N1)=5",PathLengthBucket,0.053973013493253376,0.08305647840531562,0.8333333333333334,0.008030336828016953,7.5,0.5500000000000002,0.22411517584950555,2.3186710963455153,0.4535752844077627,0.34701088246504763,0.06502473015983704,0.1953139064490791,True,False,2.0,0.6269248062015504
844902b6612b763c,"('InDegreeBucket', (1, 3, 2))",55,50,1,2,2,275.0,0.25,0.5,0.5,29,"InDegreeBucket(N4)=(1, 3, 2)",InDegreeBucket,0.08245877061469266,0.16611295681063123,0.3333333333333333,0.061342850769573944,4.453125,0.5,0.12250018588742656,6.991991606924287,0.24380008922596474,0.18891063726261065,0.11424736136914931,0.07931887977014955,True,True,,0.48428294573643416
27a128649088a51b,"('OutDegreeBucket', (3, 1, 2))",55,50,1,4,4,275.0,0.75,0.6000000000000003,0.5,30,"OutDegreeBucket(N4)=(3, 1, 2)",OutDegreeBucket,0.08245877061469266,0.16611295681063123,0.6666666666666666,0.061342850769573944,6.46875,0.6000000000000003,0.2458335192207599,4.813327555491357,0.47500008922596476,0.35915597059594395,0.11424736136914931,0.2362113413096501,True,False,2.0,0.4823496124031007
672a31dd09e373a4,"('Reachable', 1, 1, 2, 2, 1)",20,13,1,1,1,40.0,0.33333333333333326,0.6999999999999998,0.25,28,"Reachable(N1,N2)",Reachable,0.029985007496251874,0.04318936877076412,0.16666666666666666,0.008922596475574392,3.4375,0.6999999999999998,0.08309093612908021,2.578556327393537,0.29388364934195843,0.1519834680274861,0.03500266478056653,0.17600273025447724,True,True,,0.37148023255813956
30e2116f1db81fa7,"('PathLengthBucket', 1, 2, 2, 1)",52,27,1,1,1,52.0,0.43,0.55,0.3894230769230769,32,"PathLengthBucket(N1,N2)=1",PathLengthBucket,0.07796101949025487,0.08970099667774087,0.16666666666666666,0.01159937541824671,3.5,0.55,0.10241821696780429,7.275557664926437,0.2991607441445461,0.17421328070594239,0.08242221082149954,0.292758000238022,True,True,,0.4403528548002385
d9b0b70e23466141,"('Reachable', 1, 1, 1, 1, 1)",8,6,1,1,1,16.0,0.3333333333333333,0.7,0.25,28,"Reachable(N2,N1)",Reachable,0.01199400299850075,0.019933554817275746,0.16666666666666666,0.003569038590229757,3.4375,0.7,0.07923637445163209,0.9772999093929328,0.2920334597367834,0.14593001445351939,0.015011032689635249,0.2755888554914903,True,False,1.0,0.2493639534883721
540ca928878c8e66,"('PathLengthBucket', 1, 1, 1, 1)",79,50,1,1,1,79.0,0.43000000000000005,0.5499999999999997,0.06962025316455696,32,"PathLengthBucket(N2,N1)=1",PathLengthBucket,0.1184407796101949,0.16611295681063123,0.16666666666666666,0.017622128039259423,3.5,0.5499999999999997,0.10675459885493346,12.77797816801139,0.301242207450368,0.18956577478064174,0.13655620694636073,0.17197018522072569,True,False,1.0,0.25343189088411344
0cfffd7df0b02232,"('Reachable', 2, 1, 1, 2, 1)",14,13,1,2,2,28.0,0.3333333333333333,0.7,0.25,28,"Reachable(N2,N3)",Reachable,0.020989505247376312,0.04318936877076412,0.3333333333333333,0.006245817532902075,4.4375,0.7,0.09783032195702282,1.3982312479528334,0.3009585545393709,0.17668015209321591,0.029425453386263678,0.283878223894955,True,False,1.0,0.2818135658914729
edf69851d2560906,"('PathLengthBucket', 2, 1, 2, 1)",36,24,1,2,2,36.0,0.5100000000000002,0.5500000000000002,0.4513888888888889,32,"PathLengthBucket(N2,N3)=2",PathLengthBucket,0.053973013493253376,0.07973421926910298,0.3333333333333333,0.008030336828016953,4.5,0.5500000000000002,0.13091517584950557,3.837873754152824,0.3368392844077628,0.21495073841189152,0.06376227168807623,0.22142782308972392,True,True,,0.4952933139534884
ec26544b252a66ac,"('Reachable', 2, 1, 1, 1, 1)",46,34,1,2,2,92.0,0.33333333333333337,0.7,0.25,28,"Reachable(N3,N1)",Reachable,0.06896551724137931,0.11295681063122924,0.3333333333333333,0.0205219718938211,4.4375,0.7,0.10810915309688454,5.3174114454166865,0.30589239348650454,0.19414052441449167,0.08568220872952229,0.250169988662285,True,False,1.0,0.28816240310077523
cc8f86e56b6a0322,"('PathLengthBucket', 2, 1, 1, 1)",59,39,1,2,2,59.0,0.51,0.5499999999999999,0.3135593220338983,32,"PathLengthBucket(N3,N1)=2",PathLengthBucket,0.08845577211394302,0.12956810631229235,0.3333333333333333,0.013160829801472228,4.5,0.5499999999999999,0.13460913079039333,6.943226282761167,0.33861238277938877,0.2254349658610293,0.10407845910931576,0.234195135780137,True,False,1.0,0.3479895677309158
d44219771184e41e,"('Reachable', 1, 1, 1, 2, 1)",11,11,1,1,1,22.0,0.33333333333333337,0.7000000000000001,0.25,28,"Reachable(N3,N2)",Reachable,0.01649175412293853,0.036544850498338874,0.16666666666666666,0.004907428061565916,3.4375,0.7000000000000001,0.08020001487099412,1.3969435215946846,0.2924960071380772,0.14927892601976855,0.024111930745590662,0.3646079903883122,True,False,1.0,0.2508755813953488
2e57112dbca555c4,"('PathLengthBucket', 1, 1, 2, 1)",59,36,1,1,1,59.0,0.43,0.5499999999999999,0.15677966101694915,32,"PathLengthBucket(N3,N2)=1",PathLengthBucket,0.08845577211394302,0.11960132890365449,0.16666666666666666,0.013160829801472228,3.5,0.5499999999999999,0.10354246412372667,8.758993830090176,0.29970038277938876,0.1799088270348942,0.10029108369403338,0.2681250186634849,True,True,,0.38933315595848117
7544cf92e36ec163,"('Reachable', 3, 2, 1, 1, 1)",24,20,1,3,3,72.0,0.6666666666666666,0.6999999999999998,0.5,28,"Reachable(N4,N1)",Reachable,0.035982008995502246,0.0664451827242525,0.5,0.016060673656033905,5.4375,0.6999999999999998,0.18156368503234444,2.058792530644977,0.4411505688155253,0.2855849100020775,0.047558015012427346,0.37023117862177746,True,True,,0.5386798449612403
8ff8dece2060ba6e,"('PathLengthBucket', 3, 1, 1, 1)",30,23,1,3,3,30.0,0.59,0.5500000000000002,0.55,32,"PathLengthBucket(N4,N1)=3",PathLengthBucket,0.044977511244377814,0.07641196013289037,0.5,0.0066919473566807944,5.5,0.5500000000000002,0.16101820209681017,2.5986106916339478,0.3752887370064689,0.2576927497249336,0.056922601822012586,0.3527114845790493,True,True,,0.559303488372093
1a95fe2083f8d413,"('Reachable', 2, 2, 1, 2, 1)",15,11,1,2,2,45.0,0.6666666666666665,0.6999999999999998,0.5,28,"Reachable(N4,N2)",Reachable,0.022488755622188907,0.036544850498338874,0.3333333333333333,0.01003792103502119,4.4375,0.6999999999999998,0.16056063647854854,1.4756445650648076,0.43106910550970323,0.2523927260048975,0.027830071675125894,0.4322800487454936,True,False,1.0,0.38562558139534886
221f2488f2926e06,"('Reachable', 1, 2, 1, 2, 1)",10,7,1,1,1,30.0,0.6666666666666667,0.7,0.5,28,"Reachable(N4,N3)",Reachable,0.014992503748125937,0.023255813953488372,0.16666666666666666,0.0066919473566807944,3.4375,0.7,0.14148486876347685,1.2312896405919662,0.4219127370064689,0.22307444487443523,0.01813256162616366,0.22826990829611374,True,True,,0.47408294573643406
973d97b6a285e546,"('InDegreeBucket', (0, 0, 1))",66,42,1,1,1,66.0,0.0,0.45000000000000007,0.0,29,"InDegreeBucket(N0)=(0, 0, 1)",InDegreeBucket,0.09895052473763119,0.13953488372093023,0.16666666666666666,0.014722284184697747,3.453125,0.45000000000000007,0.027266711279649046,10.312196148584658,0.11208802141423156,0.08098250120437761,0.11437258115128482,0.3737244458794104,True,False,1.0,0.18733100775193798
89929b269638777d,"('OutDegreeBucket', (0, 0, 1))",66,42,1,1,1,66.0,0.0,0.45000000000000007,0.0,30,"OutDegreeBucket(N0)=(0, 0, 1)",OutDegreeBucket,0.09895052473763119,0.13953488372093023,0.16666666666666666,0.014722284184697747,3.46875,0.45000000000000007,0.027266711279649046,10.265744814582025,0.11208802141423156,0.08098250120437761,0.11437258115128482,0.39939716348899157,True,False,1.0,0.18733100775193798
7f2c7d13b9d20369,"('InDegreeBucket', (1, 2, 1))",25,22,1,2,2,100.0,0.25,0.5,0.375,29,"InDegreeBucket(N1)=(1, 2, 1)",InDegreeBucket,0.037481259370314844,0.07308970099667775,0.3333333333333333,0.02230649118893598,4.453125,0.5,0.09439400698936723,2.6559421810339807,0.23030912335489628,0.15778443751057583,0.051012467188332744,0.19735908839975744,True,True,,0.44694282945736435
d8eacee955ea79f4,"('OutDegreeBucket', (2, 1, 1))",25,22,1,3,3,100.0,0.5,0.55,0.375,30,"OutDegreeBucket(N1)=(2, 1, 1)",OutDegreeBucket,0.037481259370314844,0.07308970099667775,0.5,0.02230649118893598,5.46875,0.55,0.1560606736560339,2.162695775984813,0.34590912335489626,0.24290710417724246,0.051012467188332744,0.16851422614041545,True,True,,0.5059761627906977
3ca0b8c53be54ef0,"('InDegreeBucket', (2, 1, 1))",26,22,1,3,3,104.0,0.5,0.55,0.375,29,"InDegreeBucket(N2)=(2, 1, 1)",InDegreeBucket,0.038980509745127435,0.07308970099667775,0.5,0.02319875083649342,5.453125,0.55,0.15670310060227527,2.2556483164999195,0.3462174882890921,0.24325709837755474,0.05194200242071655,0.41488471342510846,True,True,,0.5059761627906977
20021c14c851aa38,"('OutDegreeBucket', (1, 2, 1))",26,22,1,2,2,104.0,0.25,0.5,0.375,30,"OutDegreeBucket(N2)=(1, 2, 1)",OutDegreeBucket,0.038980509745127435,0.07308970099667775,0.3333333333333333,0.02319875083649342,4.46875,0.5,0.0950364339356086,2.7525218967079437,0.23061748828909212,0.15813443171088812,0.05194200242071655,0.24611910816672308,True,False,1.0,0.32694282945736436
6d07663938b77f90,"('InDegreeBucket', (0, 1, 1))",65,48,1,1,1,130.0,0.0,0.45000000000000007,0.125,29,"InDegreeBucket(N4)=(0, 1, 1)",InDegreeBucket,0.09745127436281859,0.15946843853820597,0.16666666666666666,0.028998438545616775,3.453125,0.45000000000000007,0.03754554241951075,10.531170607777996,0.11702186036136518,0.08997111272831114,0.12101779674946579,0.33386976159770865,True,False,1.0,0.21801996124031006
f5303dc12caa5be6,"('OutDegreeBucket', (1, 0, 1))",65,48,1,2,2,130.0,0.25,0.5,0.125,30,"OutDegreeBucket(N4)=(1, 0, 1)",OutDegreeBucket,0.09745127436281859,0.15946843853820597,0.3333333333333333,0.028998438545616775,4.46875,0.5,0.0992122090861774,8.137722742373906,0.23262186036136515,0.17509377939497778,0.12101779674946579,0.18751821943469213,True,True,,0.3970532945736434
7ffc16d11dcc4cc7,"('SharedSuccessor', 1, 2, 1, 1)",15,12,1,2,2,15.0,0.33333333333333326,0.5999999999999999,0.33333333333333326,31,"SharedSuccessor(N1,N3)",SharedSuccessor,0.022488755622188907,0.03986710963455149,0.3333333333333333,0.0033459736783403972,4.484375,0.5999999999999999,0.0957424343817384,1.4713324921573847,0.27795636850323435,0.1692578868890448,0.02909253014688669,0.27809464612108326,True,True,,0.4333612403100775
c6c75ddc33363a7b,"('SharedPredecessor', 1, 2, 2, 1)",14,10,1,2,2,14.0,0.3333333333333333,0.5499999999999999,0.3333333333333333,33,"SharedPredecessor(N2,N3)",SharedPredecessor,0.020989505247376312,0.03322259136212625,0.3333333333333333,0.0031229087664510374,4.515625,0.5499999999999999,0.09558182764517809,1.3431399372334434,0.26687927726968547,0.16518082023265448,0.025638077970981287,0.26018450180311764,True,True,,0.4390565891472868
de383f44c1313a78,"('Reachable', 3, 3, 2, 1, 3)",257,96,1,3,3,1743.0,1.0,0.7,0.9698443579766537,28,"Reachable(N4,N7)",Reachable,0.3853073463268366,0.31893687707641194,0.5,0.3888021414231541,5.4375,0.7,0.509937541824671,33.98009699469202,0.6987700200758421,0.5500732418890708,0.36008656801167527,0.26154988859761424,True,True,,0.7168573025065604
919fd6993ca62f21,"('PathLengthBucket', 3, 2, 1, 3)",280,107,1,3,3,280.0,0.59,0.5499999999999999,0.93125,32,"PathLengthBucket(N4,N7)=3",PathLengthBucket,0.4197901049475262,0.3554817275747508,0.5,0.062458175329020746,5.5,0.5499999999999999,0.2011698862368949,38.46088794926004,0.3945615453937095,0.32700924770956796,0.39535292154587154,0.17878916605834366,True,False,2.0,0.5527675872093024
b8f87b4eaea26ea8,"('InDegreeBucket', (3, 4, 3))",22,20,1,4,4,184.0,0.75,0.6,0.9090909090909091,29,"InDegreeBucket(N3)=(3, 4, 3)",InDegreeBucket,0.03298350824587706,0.0664451827242525,0.6666666666666666,0.0410439437876422,6.453125,0.6,0.23121830619376904,1.5902053687064106,0.4679847869730091,0.334250080944155,0.04569894454765973,0.31652968022858075,True,False,2.0,0.5677798449612403
606ae22d91601dab,"('OutDegreeBucket', (4, 3, 3))",22,20,1,5,5,184.0,1.0,0.6500000000000001,0.9090909090909091,30,"OutDegreeBucket(N3)=(4, 3, 3)",OutDegreeBucket,0.03298350824587706,0.0664451827242525,0.8333333333333334,0.0410439437876422,7.46875,0.6500000000000001,0.2928849728604357,1.373964052878133,0.5835847869730092,0.4193727476108217,0.04569894454765973,0.08319037135190183,True,False,2.0,0.6268131782945736
ebee3780c3edcc7d,"('InDegreeBucket', (4, 2, 3))",35,33,1,5,5,255.0,1.0,0.6499999999999999,0.7857142857142857,29,"InDegreeBucket(N4)=(4, 2, 3)",InDegreeBucket,0.05247376311844078,0.10963455149501661,0.8333333333333334,0.05688155253178675,7.453125,0.6499999999999999,0.3042880511562198,2.3932524011506024,0.5890582645549854,0.4329273373573947,0.07419486270153959,0.41931766307679447,True,True,,0.7222434108527133
36d71c56c5f00622,"('OutDegreeBucket', (2, 4, 3))",35,33,1,3,3,255.0,0.5,0.5500000000000002,0.7857142857142857,30,"OutDegreeBucket(N4)=(2, 4, 3)",OutDegreeBucket,0.05247376311844078,0.10963455149501661,0.5,0.05688155253178675,5.46875,0.5500000000000002,0.18095471782288647,3.2616611295681066,0.35785826455498554,0.2626820040240614,0.07419486270153959,0.16611995399776047,True,False,2.0,0.48417674418604645
21daad671893051f,"('SharedPredecessor', 3, 3, 3, 3)",26,19,1,2,2,81.0,1.0,0.55,1.0,33,"SharedPredecessor(N0,N1)",SharedPredecessor,0.038980509745127435,0.06312292358803986,0.3333333333333333,0.018068257863038145,4.515625,0.55,0.2263424789947208,2.66656243892906,0.529644389917466,0.326835612899624,0.04815462700543416,0.16850572775270875,True,True,,0.6891108527131783
b324795257b7da81,"('SharedSuccessor', 2, 2, 2, 3)",18,17,1,2,2,36.0,0.6666666666666665,0.6,0.6666666666666665,31,"SharedSuccessor(N4,N7)",SharedSuccessor,0.026986506746626688,0.05647840531561462,0.3333333333333333,0.008030336828016953,4.484375,0.6,0.1591151758495055,1.8322756896292267,0.4083752844077626,0.24927394337313172,0.038193428202842106,0.2653169103318681,True,True,,0.5585395348837209
16c81f28b74ffd79,"('SharedPredecessor', 1, 1, 1, 3)",72,53,1,2,2,72.0,0.3333333333333333,0.5499999999999999,0.3333333333333333,33,"SharedPredecessor(N7,N9)",SharedPredecessor,0.10794602698650675,0.1760797342192691,0.3333333333333333,0.016060673656033905,4.515625,0.5499999999999999,0.10489701836567775,9.185382059800666,0.2713505688155253,0.19454145042289697,0.13383683573495644,0.22461365771596023,True,False,1.0,0.3320565891472868
4b0f36d2958ef6ea,"('Reachable', 1, 3, 1, 1, 3)",33,27,1,1,1,200.0,1.0,0.7,0.9545454545454546,28,"Reachable(N0,N1)",Reachable,0.049475262368815595,0.08970099667774087,0.16666666666666666,0.04461298237787196,3.4375,0.7,0.22878801397873447,4.701129568106313,0.5638182467097925,0.32459954611749714,0.0647610414062072,0.3748953924824552,True,True,,0.6317961240310077
76a652a5b1ed175f,"('Reachable', 4, 3, 1, 2, 3)",127,73,1,4,4,839.0,1.0,0.7000000000000001,0.9803149606299213,28,"Reachable(N0,N6)",Reachable,0.1904047976011994,0.2425249169435216,0.6666666666666666,0.1871514610751729,6.4375,0.7000000000000001,0.38141571864079116,12.675831371157631,0.6370795449475798,0.4837311860625684,0.21021044295128183,0.1364026148700346,True,True,,0.7426558566807056
189a998d7aba83a3,"('PathLengthBucket', 4, 1, 2, 3)",127,73,1,4,4,127.0,0.67,0.5499999999999997,0.9803149606299213,32,"PathLengthBucket(N0,N6)=4",PathLengthBucket,0.1904047976011994,0.2425249169435216,0.6666666666666666,0.028329243809948695,6.5,0.5499999999999997,0.2076637222098297,12.553948377204193,0.4216785866607182,0.33825109840698053,0.21021044295128183,0.26758146440854713,True,True,,0.7153558566807056
5a892ae60ed33b96,"('Reachable', 5, 3, 1, 2, 3)",36,25,1,5,5,251.0,1.0,0.6999999999999998,1.0,28,"Reachable(N3,N2)",Reachable,0.053973013493253376,0.08305647840531562,0.8333333333333334,0.05598929288422931,7.4375,0.6999999999999998,0.3036456242099784,2.338155727407242,0.5997498996207895,0.4309190707318333,0.06502473015983704,0.20730397047177243,True,True,,0.7630248062015502
0928be3bd44ffd9e,"('PathLengthBucket', 5, 1, 2, 3)",36,25,1,5,5,36.0,0.75,0.5500000000000002,1.0,32,"PathLengthBucket(N3,N2)=5",PathLengthBucket,0.053973013493253376,0.08305647840531562,0.8333333333333334,0.008030336828016953,7.5,0.5500000000000002,0.22411517584950555,2.3186710963455153,0.4535752844077627,0.34701088246504763,0.06502473015983704,0.4544935711519919,True,True,,0.7469248062015504
af3eacf89a3addeb,"('Reachable', 1, 3, 1, 2, 3)",77,52,1,1,1,464.0,1.0,0.7000000000000003,0.9512987012987013,28,"Reachable(N3,N6)",Reachable,0.11544227886056972,0.17275747508305647,0.16666666666666666,0.10350211911666295,3.4375,0.7000000000000003,0.271188192430664,12.829767441860467,0.5841703323667188,0.361818764667012,0.13722205342511468,0.2485954775934854,True,True,,0.6386042635658914
fef39698772ebd9c,"('Reachable', 3, 3, 1, 1, 3)",163,81,1,3,3,1033.0,1.0,0.7000000000000002,0.9601226993865031,28,"Reachable(N4,N1)",Reachable,0.24437781109445278,0.2691029900332226,0.5,0.23042605398170868,5.4375,0.7000000000000002,0.3959067588668302,20.05770802306488,0.6440352442560785,0.4794775105362969,0.2537733790911853,0.04503846570596001,True,True,,0.7100767156513055
63cf41db4b192084,"('Reachable', 5, 3, 1, 3, 3)",10,8,1,5,5,70.0,1.0,0.7,1.0,28,"Reachable(N4,N3)",Reachable,0.014992503748125937,0.026578073089700997,0.8333333333333334,0.015614543832255186,7.4375,0.7,0.27457580489255706,0.5735503503727072,0.5857963863484273,0.4054805042640475,0.01939502009792446,0.43141172835934705,True,True,,0.7578852713178293
7d4525bf4f88b157,"('PathLengthBucket', 5, 1, 3, 3)",10,8,1,5,5,10.0,0.75,0.55,1.0,32,"PathLengthBucket(N4,N3)=5",PathLengthBucket,0.014992503748125937,0.026578073089700997,0.8333333333333334,0.002230649118893598,7.5,0.55,0.21993940069893675,0.5687707641196014,0.4515709123354896,0.3351345912593632,0.01939502009792446,0.1451328541469656,True,True,,0.7417852713178295
4cffe39d72c298d7,"('Reachable', 6, 3, 1, 2, 3)",4,4,1,6,6,26.0,1.0,0.7,1.0,28,"Reachable(N4,N6)",Reachable,0.005997001499250375,0.013289036544850499,1.0,0.005799687709123355,8.4375,0.7,0.2841757751505688,0.19592961732496617,0.590404372072273,0.4251180985146545,0.008767974816578422,0.2075860433088627,True,True,,0.7870093023255814
c7102dcdc80c1135,"('PathLengthBucket', 6, 1, 2, 3)",4,4,1,6,6,4.0,0.83,0.55,1.0,32,"PathLengthBucket(N4,N6)=6",PathLengthBucket,0.005997001499250375,0.013289036544850499,1.0,0.0008922596475574393,8.5,0.55,0.25004242694624135,0.19448895837404728,0.4900203649341958,0.37618225041293685,0.008767974816578422,0.216034493977568,True,True,,0.7821093023255815
060cc96ec9fce4c1,"('Reachable', 5, 3, 2, 2, 3)",13,8,1,5,5,98.0,1.0,0.7,1.0,28,"Reachable(N7,N2)",Reachable,0.019490254872563718,0.026578073089700997,0.8333333333333334,0.02186036136515726,7.4375,0.7,0.2790727935162466,0.7456154554845195,0.5879549408877983,0.4079304636662336,0.022183625795075886,0.44292422965447015,True,True,,0.7578852713178293
4bbaee04a7916805,"('PathLengthBucket', 5, 2, 2, 3)",13,8,1,5,5,13.0,0.75,0.5499999999999999,1.0,32,"PathLengthBucket(N7,N2)=5",PathLengthBucket,0.019490254872563718,0.026578073089700997,0.8333333333333334,0.0028998438545616775,7.5,0.5499999999999999,0.22042122090861777,0.7394019933554818,0.4518021860361365,0.33539708690959746,0.022183625795075886,0.14828516780018178,True,True,,0.7417852713178295
e83be53363af9136,"('Reachable', 6, 3, 1, 3, 3)",5,4,1,6,6,34.0,1.0,0.7,1.0,28,"Reachable(N8,N3)",Reachable,0.0074962518740629685,0.013289036544850499,1.0,0.007584207004238233,8.4375,0.7,0.28546062904305153,0.2449120216562077,0.5910211019406647,0.42581808691527906,0.00969751004896223,0.4051528607445434,True,True,,0.7870093023255814
1a9dd5fc50651a2a,"('PathLengthBucket', 6, 1, 3, 3)",5,4,1,6,6,5.0,0.8299999999999998,0.55,1.0,32,"PathLengthBucket(N8,N3)=6",PathLengthBucket,0.0074962518740629685,0.013289036544850499,1.0,0.001115324559446799,8.5,0.55,0.25020303368280167,0.24311119796755912,0.49009745616774475,0.3762697489630149,0.00969751004896223,0.08641256103898312,True,True,,0.7821093023255813
fae36251ecebf3fa,"('Reachable', 4, 3, 1, 3, 3)",47,39,1,4,4,315.0,1.0,0.7,0.9574468085106383,28,"Reachable(N9,N3)",Reachable,0.0704647676161919,0.12956810631229235,0.6666666666666666,0.07026544724514834,6.4375,0.7,0.2972577886831735,3.86636131987227,0.5966837385679232,0.4186792880143493,0.09292403632071007,0.23297716506036137,True,True,,0.7270942437737095
fee82e12c58e152f,"('PathLengthBucket', 4, 1, 3, 3)",47,39,1,4,4,47.0,0.6700000000000002,0.5500000000000002,0.9574468085106383,32,"PathLengthBucket(N9,N3)=4",PathLengthBucket,0.0704647676161919,0.12956810631229235,0.6666666666666666,0.010484050858799911,6.5,0.5500000000000002,0.19481518328500264,3.829184768719652,0.41551128797680137,0.31204855659342584,0.09292403632071007,0.24135286861465657,True,False,2.0,0.5797942437737095
309316835b2f816d,"('Reachable', 1, 1, 3, 1, 1)",8,6,1,1,1,16.0,0.3333333333333333,0.7,0.25,28,"Reachable(N2,N0)",Reachable,0.01199400299850075,0.019933554817275746,0.16666666666666666,0.003569038590229757,3.4375,0.7,0.07923637445163209,0.9772999093929328,0.2920334597367834,0.14593001445351939,0.015011032689635249,0.23279057415329474,True,True,,0.3693639534883721
68e7597d0cf06d75,"('PathLengthBucket', 1, 3, 1, 1)",17,10,1,1,1,17.0,0.43,0.55,0.25,32,"PathLengthBucket(N2,N0)=1",PathLengthBucket,0.025487256371814093,0.03322259136212625,0.16666666666666666,0.0037921035021191165,3.5,0.55,0.09679698118819242,2.1042240151874703,0.29646255097033236,0.16154950254955536,0.028426683668132714,0.36827439647217275,True,True,,0.4030065891472868
c34c41337929b6da,"('Reachable', 1, 1, 3, 2, 1)",4,4,1,1,1,8.0,0.3333333333333333,0.7,0.25,28,"Reachable(N2,N1)",Reachable,0.005997001499250375,0.013289036544850499,0.16666666666666666,0.0017845192951148785,3.4375,0.7,0.07795152055914938,0.480918151615826,0.29141672986839173,0.1441004579465825,0.008767974816578422,0.27433453074935304,True,True,,0.3687593023255814
0f901f7f10bd7efe,"('PathLengthBucket', 1, 3, 2, 1)",13,8,1,1,1,13.0,0.42999999999999994,0.5499999999999999,0.5,32,"PathLengthBucket(N2,N1)=1",PathLengthBucket,0.019490254872563718,0.026578073089700997,0.16666666666666666,0.0028998438545616775,3.5,0.5499999999999999,0.09615455424195106,1.584432842904604,0.29615418603613647,0.16006994024293075,0.022183625795075886,0.3168689088182378,True,False,1.0,0.34015193798449617
d423d92b81141d36,"('Reachable', 1, 0, 3, 1, 1)",5,5,1,1,1,5.0,0.0,0.7,0.0,28,"Reachable(N2,N4)",Reachable,0.0074962518740629685,0.016611295681063124,0.16666666666666666,0.001115324559446799,3.4375,0.7,0.01746970034946836,0.6059800664451828,0.1623854561677448,0.06904807968283776,0.010959968520723028,0.24244339654182295,True,True,,0.26464496124031006
864b226a3e6f164e,"('Reachable', 1, 0, 1, 2, 1)",36,24,1,1,1,36.0,0.0,0.6999999999999998,0.0,28,"Reachable(N3,N1)",Reachable,0.053973013493253376,0.07973421926910298,0.16666666666666666,0.008030336828016953,3.4375,0.6999999999999998,0.02244850918283887,5.02412564180006,0.16477528440776262,0.08249143174522477,0.06376227168807623,0.33325025970363725,True,True,,0.27038914728682173
e52ebc0b15adf3a9,"('Reachable', 1, 0, 1, 1, 1)",65,41,1,1,1,65.0,0.0,0.7000000000000001,0.0,28,"Reachable(N4,N2)",Reachable,0.09745127436281859,0.1362126245847176,0.16666666666666666,0.014499219272808388,3.4375,0.7000000000000001,0.027106104543088705,10.139293264874661,0.1670109301806826,0.0946302186011434,0.11218058744714021,0.24008679056895652,True,True,,0.2755286821705426
37492a13cb57c5df,"('InDegreeBucket', (1, 0, 1))",58,43,1,2,2,116.0,0.25,0.5,0.125,29,"InDegreeBucket(N0)=(1, 0, 1)",InDegreeBucket,0.08695652173913043,0.14285714285714285,0.3333333333333333,0.025875529779165737,4.453125,0.5,0.09696371477433266,7.0704761904761915,0.2315425830916797,0.17104487942810404,0.10819875776397515,0.13525730039955594,True,True,,0.3955416666666667
d820c1ff076752ab,"('OutDegreeBucket', (0, 1, 1))",58,43,1,1,1,116.0,0.0,0.45,0.125,30,"OutDegreeBucket(N0)=(0, 1, 1)",OutDegreeBucket,0.08695652173913043,0.14285714285714285,0.16666666666666666,0.025875529779165737,3.46875,0.45,0.035297048107666,9.076962676962678,0.11594258309167968,0.08592221276143738,0.10819875776397515,0.21253641668526146,True,False,1.0,0.21650833333333333
91adb275eb8ab4ed,"('InDegreeBucket', (2, 0, 1))",22,22,1,3,3,66.0,0.5,0.5500000000000003,0.25,29,"InDegreeBucket(N1)=(2, 0, 1)",InDegreeBucket,0.03298350824587706,0.07308970099667775,0.5,0.014722284184697747,5.453125,0.5500000000000003,0.15060004461298238,1.9086254985768547,0.3432880214142316,0.239932153474588,0.048223861491181325,0.4103080392226027,True,True,,0.4771011627906977
1c3a6a36506e30b4,"('OutDegreeBucket', (0, 2, 1))",22,22,1,1,1,66.0,0.0,0.44999999999999984,0.25,30,"OutDegreeBucket(N1)=(0, 2, 1)",OutDegreeBucket,0.03298350824587706,0.07308970099667775,0.16666666666666666,0.014722284184697747,3.46875,0.44999999999999984,0.027266711279649046,3.000496842357308,0.1120880214142315,0.06968682014125467,0.048223861491181325,0.3310884461371553,True,False,1.0,0.23903449612403102
55afcb7cfb7aea0d,"('InDegreeBucket', (1, 3, 1))",8,8,1,2,2,40.0,0.25,0.5,0.5,29,"InDegreeBucket(N2)=(1, 3, 1)",InDegreeBucket,0.01199400299850075,0.026578073089700997,0.3333333333333333,0.008922596475574392,4.453125,0.5,0.0847576027957469,0.7663437663927261,0.2256836493419585,0.14462754776170544,0.017535949633156845,0.15378571811887473,True,False,1.0,0.35158527131782946
dedc16e2f943a20d,"('OutDegreeBucket', (3, 1, 1))",8,8,1,4,4,40.0,0.75,0.6000000000000001,0.5,30,"OutDegreeBucket(N2)=(3, 1, 1)",OutDegreeBucket,0.01199400299850075,0.026578073089700997,0.6666666666666666,0.008922596475574392,6.46875,0.6000000000000001,0.20809093612908025,0.5275554913573114,0.4568836493419586,0.31487288109503875,0.017535949633156845,0.33425295155324397,True,False,2.0,0.46965193798449617
e6ff75085a9eb6a7,"('InDegreeBucket', (1, 1, 1))",59,43,1,2,2,177.0,0.25,0.5,0.25,29,"InDegreeBucket(N4)=(1, 1, 1)",InDegreeBucket,0.08845577211394302,0.14285714285714285,0.3333333333333333,0.03948248940441668,4.453125,0.5,0.10676072570451334,7.192380952380953,0.2362451483381664,0.1763822909828665,0.10912829299635896,0.1657423212739496,True,True,,0.42441666666666666
e2df631612faab39,"('OutDegreeBucket', (1, 1, 1))",59,43,1,2,2,177.0,0.25,0.5,0.25,30,"OutDegreeBucket(N4)=(1, 1, 1)",OutDegreeBucket,0.08845577211394302,0.14285714285714285,0.3333333333333333,0.03948248940441668,4.46875,0.5,0.10676072570451334,7.167232767232768,0.2362451483381664,0.1763822909828665,0.10912829299635896,0.3792202091978492,True,False,1.0,0.30441666666666667
322080047186866c,"('SharedPredecessor', 1, 1, 2, 1)",11,10,1,2,2,11.0,0.33333333333333337,0.5499999999999999,0.33333333333333337,33,"SharedPredecessor(N0,N1)",SharedPredecessor,0.01649175412293853,0.03322259136212625,0.3333333333333333,0.002453714030782958,4.515625,0.5499999999999999,0.09510000743549707,1.0553242363977053,0.26664800356903856,0.16491832458242026,0.022849472273829864,0.2643876914682656,True,False,1.0,0.31905658914728685
c5a639593f39a9e0,"('SharedPredecessor', 1, 1, 1, 1)",25,20,1,2,2,25.0,0.33333333333333337,0.55,0.33333333333333337,33,"SharedPredecessor(N0,N4)",SharedPredecessor,0.037481259370314844,0.0664451827242525,0.3333333333333333,0.005576622797233995,4.515625,0.55,0.0973485017473418,2.5823954752899794,0.2677272808387241,0.17179114481507474,0.04848755024481115,0.6229481082972865,True,False,1.0,0.3220798449612403
d6ca675cc81f2541,"('SharedPredecessor', 1, 2, 1, 1)",17,14,1,2,2,17.0,0.3333333333333333,0.55,0.3333333333333333,33,"SharedPredecessor(N1,N4)",SharedPredecessor,0.025487256371814093,0.046511627906976744,0.3333333333333333,0.0037921035021191165,4.515625,0.55,0.0960636478548591,1.680984952120383,0.26711055097033237,0.1677024520955133,0.0334765175551759,0.13636142074608681,True,True,,0.4402658914728682
0df0db3bf26ea41b,"('SharedSuccessor', 1, 3, 1, 1)",4,3,1,2,2,4.0,0.3333333333333333,0.6,0.3333333333333333,31,"SharedSuccessor(N2,N3)",SharedSuccessor,0.005997001499250375,0.009966777408637873,0.3333333333333333,0.0008922596475574393,4.484375,0.6,0.09397576027957469,0.36568465162582336,0.2771083649341959,0.16321234635978074,0.007505516344817624,0.13636805731505836,True,False,1.0,0.31064031007751935
bc7625ec962af82b,"('Reachable', 1, 3, 2, 1, 3)",82,53,1,1,1,499.0,1.0,0.7000000000000002,0.9634146341463414,28,"Reachable(N0,N4)",Reachable,0.12293853073463268,0.1760797342192691,0.16666666666666666,0.11130939103279054,3.4375,0.7000000000000002,0.2768094282102758,13.74212020537602,0.5868685255409324,0.36544599797290067,0.14313218805879452,0.10459211801892997,True,True,,0.6417053696350917
92484d0bef1cd74d,"('Reachable', 5, 3, 2, 1, 3)",41,29,1,5,5,282.0,1.0,0.7,1.0,28,"Reachable(N3,N4)",Reachable,0.06146926536731634,0.09634551495016612,0.8333333333333334,0.06290430515279946,7.4375,0.7,0.30862443304334897,2.7361567882967144,0.6021397278608075,0.43589066199687804,0.07472224020879925,0.3889880041180924,True,True,,0.7642341085271317
205844319c92a9a6,"('PathLengthBucket', 5, 2, 1, 3)",41,29,1,5,5,41.0,0.75,0.55,1.0,32,"PathLengthBucket(N3,N4)=5",PathLengthBucket,0.06146926536731634,0.09634551495016612,0.8333333333333334,0.009145661387463751,7.5,0.55,0.22491820953230726,2.713355481727575,0.45396074057550745,0.34970751142806256,0.07472224020879925,0.28286031953538465,True,False,2.0,0.6281341085271318
f627401ba14febb3,"('Reachable', 5, 3, 1, 1, 3)",68,40,1,5,5,457.0,1.0,0.7000000000000002,1.0,28,"Reachable(N7,N4)",Reachable,0.10194902548725637,0.132890365448505,0.8333333333333334,0.10194066473343744,7.4375,0.7000000000000002,0.3367306119414083,4.872140484100617,0.615630693731876,0.45741553284525843,0.11370673467253085,0.26945948424705174,True,False,3.0,0.6475596899224805
131c4b8587dd488a,"('PathLengthBucket', 5, 1, 1, 3)",68,40,1,5,5,68.0,0.75,0.5499999999999998,1.0,32,"PathLengthBucket(N7,N4)=5",PathLengthBucket,0.10194902548725637,0.132890365448505,0.8333333333333334,0.015168414008476466,7.5,0.5499999999999998,0.2292545914194364,4.831539313399778,0.4560422038813294,0.35828259686488806,0.11370673467253085,0.22505782827793935,True,True,,0.7514596899224806
55479c15b46bf6c4,"('InDegreeBucket', (3, 0, 3))",36,34,1,4,4,144.0,0.75,0.6000000000000002,0.375,29,"InDegreeBucket(N7)=(3, 0, 3)",InDegreeBucket,0.053973013493253376,0.11295681063122924,0.6666666666666666,0.03212134731206781,6.453125,0.6000000000000002,0.2247940367313555,2.861628309187293,0.4649011376310507,0.33865711568521817,0.07638685640568421,0.36588790374827695,True,False,2.0,0.4486374031007752
0f9793d40127f62d,"('OutDegreeBucket', (0, 3, 3))",36,34,1,1,1,144.0,0.0,0.44999999999999996,0.375,30,"OutDegreeBucket(N7)=(0, 3, 3)",OutDegreeBucket,0.053973013493253376,0.11295681063122924,0.16666666666666666,0.03212134731206781,3.46875,0.44999999999999996,0.03979403673135549,5.323659872497081,0.11810113763105062,0.0832891156852181,0.07638685640568421,0.2626123196483987,True,True,,0.39153740310077517
33b4c21b8b3e3855,"('CycleParticipation', (0, 3, 0))",62,60,1,1,1,248.0,0.19999999999999993,0.48999999999999994,0.375,33,"CycleParticipation(N7)=(0, 3, 0)",CycleParticipation,0.09295352323838081,0.19933554817275748,0.16666666666666666,0.05532009814856123,3.515625,0.48999999999999994,0.09249713733363074,10.569615356220007,0.2121986259201427,0.15457415027539748,0.13337869271344394,0.29608122987537927,True,False,1.0,0.30235786821705424
736bc494dd71dc87,"('CutVertexLikeRole', (0, 3, 0))",87,82,1,1,1,380.0,0.0,0.4500000000000003,0.4209770114942529,32,"CutVertexLikeRole(N7)=(0, 3, 0)",CutVertexLikeRole,0.13043478260869565,0.2724252491694352,0.16666666666666666,0.08476466651795672,3.5,0.4500000000000003,0.0776972265595955,16.71457047935453,0.1362946687486059,0.13104840805513832,0.18439115990177668,0.22733420112311123,True,True,,0.4166697206629243
07225c5f55fe7d60,"('SharedSuccessor', 3, 3, 3, 3)",20,17,1,2,2,61.0,1.0,0.5999999999999999,1.0,31,"SharedSuccessor(N4,N7)",SharedSuccessor,0.029985007496251874,0.05647840531561462,0.3333333333333333,0.013606959625250948,4.484375,0.5999999999999999,0.223130344263514,2.0358618773658077,0.5391025652464867,0.32681607379175026,0.04005249866760972,0.20932913972693135,True,True,,0.6822062015503876
9e6a642e9a41a514,"('Reachable', 1, 0, 2, 2, 2)",74,56,1,1,1,74.0,0.0,0.7000000000000002,0.0,28,"Reachable(N0,N3)",Reachable,0.11094452773613193,0.18604651162790697,0.16666666666666666,0.016506803479812624,3.4375,0.7000000000000002,0.028551565172131754,12.615983086680762,0.1677047512826233,0.10388946634918825,0.13948328161500645,0.20186724873134432,True,False,1.0,0.16006356589147286
7f43e2bff4f2d6a7,"('Reachable', 2, 1, 2, 2, 2)",32,30,1,2,2,64.0,0.3333333333333333,0.7,0.25,28,"Reachable(N0,N6)",Reachable,0.047976011994003,0.09966777408637874,0.3333333333333333,0.014276154360919028,4.4375,0.7,0.10361216447319502,3.6032380328482523,0.30373383894713357,0.189431428799681,0.06761888158910578,0.3418764423258959,True,False,1.0,0.2869531007751938
f653a65d3ade3063,"('Reachable', 3, 2, 1, 2, 2)",29,26,1,3,3,87.0,0.6666666666666669,0.6999999999999997,0.5,28,"Reachable(N1,N2)",Reachable,0.043478260869565216,0.08637873754152824,0.5,0.0194066473343743,5.4375,0.6999999999999997,0.18397278608074952,2.5940199335548173,0.4423069373187597,0.29028609257218546,0.059780442004911165,0.09283086820304184,True,False,2.0,0.42049379844961254
50d0110744099a3d,"('Reachable', 3, 3, 2, 3, 2)",9,8,1,3,3,46.0,1.0,0.7,0.9444444444444444,28,"Reachable(N2,N1)",Reachable,0.013493253373313344,0.026578073089700997,0.5,0.01026098594691055,5.4375,0.7,0.2373879098817756,0.7060602589070913,0.5679461967432523,0.35188720572884047,0.018465484865540654,0.273050463446228,True,False,2.0,0.5643852713178295
c060ab3298f5ad95,"('PathLengthBucket', 3, 2, 3, 2)",9,8,1,3,3,9.0,0.59,0.55,0.9444444444444444,32,"PathLengthBucket(N2,N1)=3",PathLengthBucket,0.013493253373313344,0.026578073089700997,0.5,0.002007584207004238,5.5,0.55,0.15764546062904305,0.6980368468740562,0.37366982110194064,0.2473835193759518,0.018465484865540654,0.04469933273522948,True,False,2.0,0.5258852713178295
b8998df10c60dc27,"('InDegreeBucket', (2, 4, 2))",13,13,1,3,3,92.0,0.5,0.5499999999999999,0.7596153846153846,29,"InDegreeBucket(N4)=(2, 4, 2)",InDegreeBucket,0.019490254872563718,0.04318936877076412,0.5,0.0205219718938211,5.453125,0.5499999999999999,0.1547758197635512,1.0565431370122516,0.34529239348650453,0.2371240592982126,0.02849591815387987,0.23215153634972174,True,False,2.0,0.4721013864042934
82ad330fd8f9c911,"('OutDegreeBucket', (4, 2, 2))",13,13,1,5,5,92.0,1.0,0.6500000000000001,0.7596153846153846,30,"OutDegreeBucket(N4)=(4, 2, 2)",OutDegreeBucket,0.019490254872563718,0.04318936877076412,0.8333333333333334,0.0205219718938211,7.46875,0.6500000000000001,0.27810915309688455,0.7714091104963928,0.5764923934865046,0.407369392631546,0.02849591815387987,0.5399694912727524,True,False,2.0,0.5901680530709601
50c145f4c1a22a2b,"('SharedPredecessor', 2, 2, 2, 2)",11,11,1,2,2,22.0,0.6666666666666667,0.5499999999999999,0.6666666666666667,33,"SharedPredecessor(N3,N5)",SharedPredecessor,0.01649175412293853,0.036544850498338874,0.3333333333333333,0.004907428061565916,4.515625,0.5499999999999999,0.1568666815376608,1.063417213670694,0.3962960071380772,0.2418002593531019,0.024111930745590662,0.22312438170601007,True,False,2.0,0.4430255813953488
d69f183e144affba,"('Reachable', 1, 1, 2, 1, 3)",16,14,1,1,1,32.0,0.3333333333333333,0.7,0.25,28,"Reachable(N1,N0)",Reachable,0.0239880059970015,0.046511627906976744,0.16666666666666666,0.007138077180459514,3.4375,0.7,0.08180608223659751,2.07830866807611,0.29326691947356676,0.1518482636800177,0.032546982322792094,0.3911588637299089,True,True,,0.37178255813953487
5b0a2ed6f11c3d91,"('Reachable', 2, 1, 3, 1, 3)",33,27,1,2,2,66.0,0.3333333333333333,0.7,0.25,28,"Reachable(N2,N0)",Reachable,0.049475262368815595,0.08970099667774087,0.3333333333333333,0.014722284184697747,4.4375,0.7,0.10393337794631571,3.641720087969679,0.30388802141423155,0.18791207374036875,0.0647610414062072,0.38400960122243244,True,False,1.0,0.2860461240310077
c07c975d4071a2e2,"('Reachable', 3, 2, 2, 1, 3)",23,20,1,3,3,69.0,0.6666666666666664,0.6999999999999997,0.5,28,"Reachable(N3,N7)",Reachable,0.034482758620689655,0.0664451827242525,0.5,0.015391478920365827,5.4375,0.6999999999999997,0.18108186482266336,1.9730095085347692,0.44091929511487826,0.28532241435184325,0.04662847978004353,0.3044240697413825,True,False,2.0,0.41867984496124033
764706bdee3f4692,"('Reachable', 1, 1, 3, 1, 3)",15,14,1,1,1,30.0,0.33333333333333326,0.6999999999999998,0.25,28,"Reachable(N4,N7)",Reachable,0.022488755622188907,0.046511627906976744,0.16666666666666666,0.0066919473566807944,3.4375,0.6999999999999998,0.08148486876347683,1.9484143763213528,0.29311273700646884,0.15167326657986155,0.031617447090408285,0.1847457496719102,True,True,,0.37178255813953487
31b9bd4487eb2925,"('Reachable', 3, 2, 2, 3, 3)",3,3,1,3,3,9.0,0.6666666666666666,0.6999999999999998,0.5,28,"Reachable(N7,N2)",Reachable,0.004497751124437781,0.009966777408637873,0.5,0.002007584207004238,5.4375,0.6999999999999998,0.17144546062904303,0.22618856684614505,0.4362938211019406,0.2704711724435044,0.006575981112433816,0.1611683640926151,True,False,2.0,0.4135403100775194
f3858dca52e0be31,"('InDegreeBucket', (1, 4, 3))",30,30,1,2,2,185.0,0.25,0.5,0.6458333333333334,29,"InDegreeBucket(N4)=(1, 4, 3)",InDegreeBucket,0.044977511244377814,0.09966777408637874,0.3333333333333333,0.041267008699531565,4.453125,0.5,0.10804557959699607,3.3661828991082356,0.23686187820655813,0.16974008669246118,0.06575981112433817,0.20005481227928518,True,True,,0.5119239341085271
41ce2f19ad0c714d,"('OutDegreeBucket', (4, 1, 3))",30,30,1,5,5,185.0,1.0,0.6499999999999998,0.6458333333333334,30,"OutDegreeBucket(N4)=(4, 1, 3)",OutDegreeBucket,0.044977511244377814,0.09966777408637874,0.8333333333333334,0.041267008699531565,7.46875,0.6499999999999998,0.29304557959699606,2.0070337369159983,0.5836618782065581,0.4251080866924612,0.06575981112433817,0.2940806663475733,True,True,,0.6890239341085272
a04de18dc88224fb,"('InDegreeBucket', (4, 0, 3))",19,19,1,5,5,100.0,1.0,0.65,0.5328947368421053,29,"InDegreeBucket(N6)=(4, 0, 3)",InDegreeBucket,0.02848575712143928,0.06312292358803986,0.8333333333333334,0.02230649118893598,7.453125,0.65,0.2793940069893672,1.1806236374906844,0.5771091233548963,0.41145808535110734,0.041647880378747504,0.2209711137067035,True,True,,0.6596095369237046
502ecbf4d4323eb8,"('OutDegreeBucket', (0, 4, 3))",19,19,1,1,1,100.0,0.0,0.44999999999999996,0.5328947368421053,30,"OutDegreeBucket(N6)=(0, 4, 3)",OutDegreeBucket,0.02848575712143928,0.06312292358803986,0.16666666666666666,0.02230649118893598,3.46875,0.44999999999999996,0.03272734032270057,2.5367453832570113,0.11470912335489626,0.0709674186844407,0.041647880378747504,0.1508971376471351,True,True,,0.4234762035903713
49c6a5ec83750541,"('CycleParticipation', (0, 4, 0))",25,25,1,1,1,132.0,0.20000000000000004,0.49,0.535,33,"CycleParticipation(N6)=(0, 4, 0)",CycleParticipation,0.037481259370314844,0.08305647840531562,0.16666666666666666,0.029444568369395494,3.515625,0.49,0.07386675589263142,3.4350682908822443,0.2032560428284631,0.12465687660587593,0.05479984260361513,0.2246772092875679,True,False,1.0,0.32873647286821706
4a2b2c0dd8ce305f,"('SharedPredecessor', 2, 3, 2, 3)",54,43,1,2,2,108.0,0.6666666666666664,0.55,0.6666666666666664,33,"SharedPredecessor(N2,N8)",SharedPredecessor,0.08095952023988005,0.14285714285714285,0.3333333333333333,0.024091010484050858,4.515625,0.55,0.1706788608818499,6.491744933267425,0.4029258532232879,0.26739822436081273,0.10448061683443992,0.1698839847277315,True,True,,0.5726999999999999
6c1d9c064d968eac,"('Reachable', 1, 1, 3, 2, 2)",34,26,1,1,1,68.0,0.33333333333333337,0.7,0.25,28,"Reachable(N5,N6)",Reachable,0.050974512743628186,0.08637873754152824,0.16666666666666666,0.015168414008476466,3.4375,0.7,0.08758792475276972,4.810727876774389,0.29604220388132946,0.16177562012070207,0.06442811816683021,0.3632316631276134,True,False,1.0,0.2554104651162791
6f13a4f2b5144be4,"('Reachable', 1, 0, 1, 3, 2)",52,40,1,1,1,52.0,0.0,0.7000000000000003,0.0,28,"Reachable(N0,N3)",Reachable,0.07796101949025487,0.132890365448505,0.16666666666666666,0.01159937541824671,3.4375,0.7000000000000003,0.025018216967804298,8.061177891875566,0.1660087441445461,0.09292795339697231,0.09883417095438991,0.33319841562529123,True,False,1.0,0.15522635658914724
943dc1fe065b311e,"('Reachable', 1, 2, 2, 3, 2)",45,30,1,1,1,135.0,0.6666666666666667,0.7,0.5,28,"Reachable(N1,N2)",Reachable,0.06746626686656672,0.09966777408637874,0.16666666666666666,0.030113763105063574,3.4375,0.7,0.15834857610231245,6.541105406221686,0.43000731652910995,0.2452518258552242,0.07970283961009528,0.2830604853504773,True,False,1.0,0.36103643410852715
d21ffe54b38b807d,"('Reachable', 2, 2, 2, 3, 2)",12,12,1,2,2,36.0,0.6666666666666666,0.7000000000000001,0.5,28,"Reachable(N1,N5)",Reachable,0.017991004497751123,0.03986710963455149,0.3333333333333333,0.008030336828016953,4.4375,0.7000000000000001,0.15911517584950552,1.1894997894342803,0.4303752844077626,0.25217002310735104,0.026303924449735262,0.2837079190981837,True,False,1.0,0.3859279069767442
748eb6a66974ebc4,"('Reachable', 3, 2, 1, 3, 2)",6,6,1,3,3,18.0,0.6666666666666666,0.7000000000000001,0.5,28,"Reachable(N2,N3)",Reachable,0.008995502248875561,0.019933554817275746,0.5,0.004015168414008476,5.4375,0.7000000000000001,0.17289092125808608,0.4633749570397526,0.4369876422038813,0.2729530115536755,0.013151962224867631,0.17796114673295904,True,False,2.0,0.4144472868217054
fae51341195476a3,"('Reachable', 2, 1, 1, 3, 2)",22,19,1,2,2,44.0,0.33333333333333326,0.6999999999999997,0.25,28,"Reachable(N2,N5)",Reachable,0.03298350824587706,0.06312292358803986,0.3333333333333333,0.009814856123131831,4.4375,0.6999999999999997,0.10040002974198822,2.296046043704085,0.3021920142761543,0.18146883321340193,0.04443648607589893,0.23007375882614825,True,False,1.0,0.283627519379845
219c3e04036fd24c,"('Reachable', 2, 2, 1, 3, 2)",26,20,1,2,2,78.0,0.6666666666666667,0.6999999999999998,0.5,28,"Reachable(N4,N3)",Reachable,0.038980509745127435,0.0664451827242525,0.3333333333333333,0.017399063127370065,4.4375,0.6999999999999998,0.16586065878503978,2.732974591736465,0.4336131162168191,0.26036323463587924,0.04941708547719496,0.3109579070354741,True,False,1.0,0.38834651162790707
1f4a26843f3678a2,"('InDegreeBucket', (3, 0, 2))",22,22,1,4,4,88.0,0.75,0.6,0.375,29,"InDegreeBucket(N3)=(3, 0, 2)",InDegreeBucket,0.03298350824587706,0.07308970099667775,0.6666666666666666,0.019629712246263663,6.453125,0.6,0.21580005948397651,1.6128578668361315,0.46058402855230873,0.32697978824297225,0.048223861491181325,0.228652234939269,True,False,2.0,0.445009496124031
9b5a2d9708acfbbe,"('OutDegreeBucket', (0, 3, 2))",22,22,1,1,1,88.0,0.0,0.44999999999999984,0.375,30,"OutDegreeBucket(N3)=(0, 3, 2)",OutDegreeBucket,0.03298350824587706,0.07308970099667775,0.16666666666666666,0.019629712246263663,3.46875,0.44999999999999984,0.030800059483976502,3.000496842357308,0.11378402855230868,0.07161178824297228,0.048223861491181325,0.24308560953498504,True,False,1.0,0.26790949612403103
f28d5b222eb09ce0,"('InDegreeBucket', (0, 4, 2))",6,6,1,1,1,31.0,0.0,0.45,0.5208333333333334,29,"InDegreeBucket(N7)=(0, 4, 2)",InDegreeBucket,0.008995502248875561,0.019933554817275746,0.16666666666666666,0.006915012268570154,3.453125,0.45,0.021645475500037176,0.7296583033929136,0.10938982824001785,0.0575878260380238,0.013151962224867631,0.2104825208105479,True,False,1.0,0.29675978682170545
30d59ffc9ad3f67d,"('OutDegreeBucket', (4, 0, 2))",6,6,1,5,5,31.0,1.0,0.65,0.5208333333333334,30,"OutDegreeBucket(N7)=(4, 0, 2)",OutDegreeBucket,0.008995502248875561,0.019933554817275746,0.8333333333333334,0.006915012268570154,7.46875,0.65,0.26831214216670385,0.33735247918375294,0.5717898282400178,0.3980784927046905,0.013151962224867631,0.4074886070860747,True,False,2.0,0.5328931201550389
a17cbfb528d77844,"('Reachable', 2, 1, 1, 1, 3)",51,36,1,2,2,102.0,0.33333333333333326,0.7000000000000002,0.25,28,"Reachable(N3,N0)",Reachable,0.07646176911544228,0.11960132890365449,0.3333333333333333,0.0227526210127147,4.4375,0.7000000000000002,0.10971522046248791,5.971756118103973,0.3066633058219942,0.19614507802158468,0.09285480183496292,0.2956932094068051,True,False,1.0,0.28876705426356586
103b2612d6b86c7c,"('Reachable', 1, 2, 3, 2, 3)",27,20,1,1,1,81.0,0.6666666666666669,0.6999999999999998,0.5,28,"Reachable(N7,N8)",Reachable,0.04047976011994003,0.0664451827242525,0.16666666666666666,0.018068257863038145,3.4375,0.6999999999999998,0.14967581232805416,3.663714889761401,0.425844389917466,0.23487906361944685,0.050346620709578765,0.17753677534853216,True,False,1.0,0.3580131782945737
64c5888731c696ca,"('Reachable', 4, 3, 3, 1, 2)",5,5,1,4,4,26.0,1.0,0.7,0.9,28,"Reachable(N7,N2)",Reachable,0.0074962518740629685,0.016611295681063124,0.6666666666666666,0.005799687709123355,6.4375,0.7,0.2508424418172355,0.32358158887849564,0.574404372072273,0.3741895492344772,0.010959968520723028,0.08916419987466255,True,True,,0.7035449612403101
7b616e77f3a44b22,"('PathLengthBucket', 4, 3, 1, 2)",5,5,1,4,4,5.0,0.6699999999999999,0.55,0.9,32,"PathLengthBucket(N7,N2)=4",PathLengthBucket,0.0074962518740629685,0.016611295681063124,0.6666666666666666,0.001115324559446799,6.5,0.55,0.18806970034946835,0.3204702274469717,0.4122734561677448,0.28917095968283774,0.010959968520723028,0.380485593066703,True,False,2.0,0.5562449612403102
d58baef5de4a29a4,"('SharedPredecessor', 3, 3, 3, 2)",6,6,1,2,2,18.0,1.0,0.5499999999999999,1.0,33,"SharedPredecessor(N4,N6)",SharedPredecessor,0.008995502248875561,0.019933554817275746,0.3333333333333333,0.004015168414008476,4.515625,0.5499999999999999,0.21622425459141942,0.557973996712228,0.5247876422038813,0.31398101155367547,0.013151962224867631,0.39971262306273936,True,True,,0.6851806201550389
aeb5489759ff56ee,"('Reachable', 6, 3, 1, 1, 3)",19,13,1,6,6,134.0,1.0,0.6999999999999998,1.0,28,"Reachable(N4,N5)",Reachable,0.02848575712143928,0.04318936877076412,1.0,0.029890698193174213,8.4375,0.6999999999999998,0.3015213026990854,0.9979968007874986,0.5987302252955609,0.43965099840149163,0.034073129548182715,0.24817914583138698,True,True,,0.7897302325581396
62a54d22c37f5a38,"('PathLengthBucket', 6, 1, 1, 3)",19,13,1,6,6,19.0,0.83,0.5500000000000002,1.0,32,"PathLengthBucket(N4,N5)=6",PathLengthBucket,0.02848575712143928,0.04318936877076412,1.0,0.004238233325897837,8.5,0.5500000000000002,0.25245152799464643,0.9906585890170023,0.4911767334374303,0.3825777851425133,0.034073129548182715,0.09024868352378951,True,False,3.0,0.6648302325581397
1d91a17aae7b105d,"('Reachable', 2, 1, 3, 2, 3)",14,12,1,2,2,28.0,0.3333333333333333,0.7,0.25,28,"Reachable(N7,N1)",Reachable,0.020989505247376312,0.03986710963455149,0.3333333333333333,0.006245817532902075,4.4375,0.7,0.09783032195702282,1.3877497543399935,0.3009585545393709,0.17611536804005978,0.02816299491450288,0.24701801333669834,True,False,1.0,0.2815112403100775
7f5a8311f8b390cc,"('Reachable', 2, 2, 3, 3, 3)",4,4,1,2,2,12.0,0.6666666666666666,0.7,0.5,28,"Reachable(N7,N6)",Reachable,0.005997001499250375,0.013289036544850499,0.3333333333333333,0.0026767789426723177,4.4375,0.7,0.1552606141720574,0.37254223012493565,0.4285250948025875,0.2455517854802281,0.008767974816578422,0.20567799702147563,True,True,,0.5035093023255813
7ecdb7bab335867e,"('Reachable', 2, 2, 3, 1, 2)",21,18,1,2,2,63.0,0.6666666666666665,0.6999999999999998,0.5,28,"Reachable(N3,N0)",Reachable,0.031484257871064465,0.059800664451827246,0.3333333333333333,0.014053089449029667,4.4375,0.6999999999999998,0.16345155773663467,2.175958074025549,0.43245674771358456,0.25792118827839583,0.042244492371754316,0.2057874971335737,True,True,,0.5077418604651163
7e2467977601807e,"('Reachable', 1, 2, 3, 3, 2)",32,22,1,1,1,96.0,0.6666666666666666,0.7,0.5,28,"Reachable(N3,N6)",Reachable,0.047976011994003,0.07308970099667775,0.16666666666666666,0.02141423154137854,3.4375,0.7,0.1520849133764592,4.4040350347327095,0.4270007584207004,0.23732110997693018,0.0575192138150194,0.3499955983153538,True,True,,0.4786178294573643
d2c7a5d91eb20814,"('Reachable', 1, 0, 3, 2, 2)",14,13,1,1,1,14.0,0.0,0.7,0.0,28,"Reachable(N3,N7)",Reachable,0.020989505247376312,0.04318936877076412,0.16666666666666666,0.0031229087664510374,3.4375,0.7,0.018915160978511415,1.804989429175476,0.16307927726968546,0.07435383905878958,0.029425453386263678,0.30613614662058863,True,False,1.0,0.14706356589147287
fb0c8a43b511d9ec,"('Reachable', 3, 2, 3, 1, 2)",9,9,1,3,3,27.0,0.6666666666666666,0.7,0.5,28,"Reachable(N1,N5)",Reachable,0.013493253373313344,0.029900332225913623,0.5,0.0060227526210127145,5.4375,0.7,0.17433638188712913,0.7115591705808225,0.4376814633058219,0.2754348506638466,0.01972794333730145,0.07891186959264732,True,False,2.0,0.41535426356589145
93ff02d0da5c183e,"('Reachable', 2, 2, 3, 2, 2)",14,12,1,2,2,42.0,0.6666666666666666,0.7,0.5,28,"Reachable(N1,N6)",Reachable,0.020989505247376312,0.03986710963455149,0.3333333333333333,0.009368726299353113,4.4375,0.7,0.16007881626886755,1.3877497543399935,0.43083783180905644,0.2526950144078195,0.02816299491450288,0.3155158600303969,True,False,1.0,0.3859279069767442
5669f5b160acb26d,"('Reachable', 1, 1, 3, 3, 2)",9,8,1,1,1,18.0,0.3333333333333333,0.7,0.25,28,"Reachable(N5,N0)",Reachable,0.013493253373313344,0.026578073089700997,0.16666666666666666,0.004015168414008476,3.4375,0.7,0.07955758792475276,1.11685895499849,0.29218764220388127,0.1472345796599878,0.018465484865540654,0.25198654235337825,True,False,1.0,0.24996860465116277
fc0557a766eff13b,"('Reachable', 2, 2, 2, 1, 2)",60,47,1,2,2,180.0,0.6666666666666664,0.7000000000000003,0.5,28,"Reachable(N6,N2)",Reachable,0.08995502248875563,0.15614617940199335,0.3333333333333333,0.04015168414008476,4.4375,0.7000000000000003,0.1822425459141943,7.519722989097375,0.4414764220388132,0.28453725617905856,0.11510766211578596,0.23371536410096386,True,True,,0.5165093023255813
d74427b4cd323c80,"('Reachable', 1, 0, 2, 3, 2)",25,19,1,1,1,25.0,0.0,0.6999999999999998,0.0,28,"Reachable(N3,N5)",Reachable,0.037481259370314844,0.06312292358803986,0.16666666666666666,0.005576622797233995,3.4375,0.6999999999999998,0.020681835080675143,3.3681667170039264,0.16392728083872404,0.07870502742858526,0.04722509177305036,0.23972667712645923,True,False,1.0,0.14887751937984497
de76c63c789cab59,"('Reachable', 2, 1, 2, 3, 2)",5,5,1,2,2,10.0,0.3333333333333333,0.7,0.25,28,"Reachable(N0,N4)",Reachable,0.0074962518740629685,0.016611295681063124,0.3333333333333333,0.002230649118893598,4.4375,0.7,0.09493940069893672,0.4694211782321838,0.2995709123354896,0.17058690576656144,0.010959968520723028,0.39967225445686266,True,False,1.0,0.27939496124031005
ed23837f443e2399,"('SharedSuccessor', 2, 2, 2, 2)",10,10,1,2,2,20.0,0.6666666666666667,0.5999999999999999,0.6666666666666667,31,"SharedSuccessor(N2,N4)",SharedSuccessor,0.014992503748125937,0.03322259136212625,0.3333333333333333,0.004461298237787196,4.484375,0.5999999999999999,0.15654546806454012,0.966071283873731,0.40714182467097926,0.24392047819978957,0.021919937041446055,0.3975542250519069,True,True,,0.5564232558139535
a4c72fb7d7698941,"('Reachable', 1, 2, 2, 3, 1)",3,3,1,1,1,9.0,0.6666666666666666,0.6999999999999998,0.5,28,"Reachable(N0,N1)",Reachable,0.004497751124437781,0.009966777408637873,0.16666666666666666,0.002007584207004238,3.4375,0.6999999999999998,0.1381121272957097,0.3577891875566294,0.42029382110194063,0.2189778391101711,0.006575981112433816,0.16862041405256153,True,False,1.0,0.3528736434108527
977c9d84b2e7e3e9,"('PathLengthBucket', 1, 2, 3, 1)",8,6,1,1,1,8.0,0.43,0.55,0.46875,32,"PathLengthBucket(N0,N1)=1",PathLengthBucket,0.01199400299850075,0.019933554817275746,0.16666666666666666,0.0017845192951148785,3.5,0.55,0.09535152055914937,0.9598481252966303,0.2957687298683917,0.15850287938622815,0.015011032689635249,0.1377400046497761,True,False,1.0,0.3323285368217054
fe736595556570f0,"('Reachable', 2, 2, 2, 1, 1)",17,11,1,2,2,51.0,0.6666666666666666,0.7,0.5,28,"Reachable(N0,N2)",Reachable,0.025487256371814093,0.036544850498338874,0.3333333333333333,0.01137631050635735,4.4375,0.7,0.1615242768979106,1.6723971737401153,0.43153165291099704,0.25291771730536594,0.02968914213989351,0.43131925656440007,True,True,,0.5056255813953487
5a25b5b6ac5f4927,"('PathLengthBucket', 2, 2, 1, 1)",38,24,1,2,2,38.0,0.5100000000000002,0.5500000000000002,0.45394736842105265,32,"PathLengthBucket(N0,N2)=2",PathLengthBucket,0.05697151424287856,0.07973421926910298,0.3333333333333333,0.008476466651795673,4.5,0.5500000000000002,0.13123638932262624,4.05108896271687,0.3369934668748607,0.21512573551204764,0.06562134215284385,0.28674753714949247,True,True,,0.4958843227254182
1155fdf8d44aa07e,"('Reachable', 3, 2, 2, 1, 1)",6,6,1,3,3,18.0,0.6666666666666666,0.7000000000000001,0.5,28,"Reachable(N0,N3)",Reachable,0.008995502248875561,0.019933554817275746,0.5,0.004015168414008476,5.4375,0.7000000000000001,0.17289092125808608,0.4633749570397526,0.4369876422038813,0.2729530115536755,0.013151962224867631,0.46683101501345603,True,True,,0.5344472868217054
b38e790fcf4e4d68,"('PathLengthBucket', 3, 2, 1, 1)",9,7,1,3,3,9.0,0.59,0.55,0.5833333333333334,32,"PathLengthBucket(N0,N3)=3",PathLengthBucket,0.013493253373313344,0.023255813953488372,0.5,0.002007584207004238,5.5,0.55,0.15764546062904305,0.692600422832981,0.37366982110194064,0.24681873532279566,0.017203026393779856,0.36465307580251416,True,False,2.0,0.44216627906976746
e2dcdd269782030d,"('Reachable', 1, 3, 2, 2, 1)",13,6,1,1,1,52.0,1.0,0.7,0.75,28,"Reachable(N0,N4)",Reachable,0.019490254872563718,0.019933554817275746,0.16666666666666666,0.01159937541824671,3.4375,0.7,0.20501821696780428,1.5881123527635157,0.552408744144546,0.29978929558966333,0.01965870885155429,0.205442636190625,True,False,2.0,0.45819728682170535
104e25816031324c,"('Reachable', 1, 1, 2, 1, 1)",11,10,1,1,1,22.0,0.33333333333333337,0.7000000000000001,0.25,28,"Reachable(N1,N2)",Reachable,0.01649175412293853,0.03322259136212625,0.16666666666666666,0.004907428061565916,3.4375,0.7000000000000001,0.08020001487099412,1.386312292358804,0.2924960071380772,0.14871414196661242,0.022849472273829864,0.1178175337340327,True,True,,0.3705732558139535
f4efe19566d3c2b0,"('PathLengthBucket', 1, 2, 1, 1)",54,31,1,1,1,54.0,0.43,0.55,0.14814814814814814,32,"PathLengthBucket(N1,N2)=1",PathLengthBucket,0.08095952023988005,0.10299003322259136,0.16666666666666666,0.012045505242025429,3.5,0.55,0.10273943044092497,7.760417655434267,0.299314926611644,0.1766474140187231,0.08933111517331035,0.17560961378859313,True,True,,0.38582764857881136
037e277f513d6389,"('Reachable', 2, 1, 2, 1, 1)",14,13,1,2,2,28.0,0.3333333333333333,0.7,0.25,28,"Reachable(N1,N3)",Reachable,0.020989505247376312,0.04318936877076412,0.3333333333333333,0.006245817532902075,4.4375,0.7,0.09783032195702282,1.3982312479528334,0.3009585545393709,0.17668015209321591,0.029425453386263678,0.07599022965338281,True,False,1.0,0.2818135658914729
66b4fca59c341198,"('Reachable', 1, 2, 2, 2, 1)",11,9,1,1,1,33.0,0.6666666666666667,0.7000000000000001,0.5,28,"Reachable(N1,N4)",Reachable,0.01649175412293853,0.029900332225913623,0.16666666666666666,0.0073611420923488735,3.4375,0.7000000000000001,0.14196668897315787,1.3756810631229237,0.4221440107071158,0.22446650863098172,0.021587013802069066,0.4805436595780018,True,True,,0.4746875968992248
b204072c60842f40,"('Reachable', 1, 1, 2, 3, 1)",3,2,1,1,1,6.0,0.3333333333333333,0.6999999999999998,0.25,28,"Reachable(N2,N1)",Reachable,0.004497751124437781,0.006644518272425249,0.16666666666666666,0.0013383894713361588,3.4375,0.6999999999999998,0.0776303070860287,0.35488976140138934,0.29126254740129376,0.14279589274011406,0.005313522640673019,0.2800091530183016,True,False,1.0,0.24815465116279073
b16bc196eb05e944,"('Reachable', 2, 2, 2, 2, 1)",8,8,1,2,2,24.0,0.6666666666666666,0.7,0.5,28,"Reachable(N2,N4)",Reachable,0.01199400299850075,0.026578073089700997,0.3333333333333333,0.005353557885344635,4.4375,0.7,0.15718789501078145,0.7690421599363624,0.4294501896051751,0.24886090429378954,0.017535949633156845,0.35170428158065675,True,False,1.0,0.3847186046511628
b411691eb883d9cc,"('PathLengthBucket', 2, 2, 2, 1)",13,13,1,2,2,13.0,0.5099999999999999,0.5499999999999999,0.5192307692307693,32,"PathLengthBucket(N2,N4)=2",PathLengthBucket,0.019490254872563718,0.04318936877076412,0.3333333333333333,0.0028998438545616775,4.5,0.5499999999999999,0.12722122090861773,1.280324843115541,0.33506618603613647,0.20672564717537817,0.02849591815387987,0.3808557461359943,True,True,,0.5076392069171138
87cf6c6c30f4ea73,"('Reachable', 1, 1, 1, 3, 1)",3,2,1,1,1,6.0,0.3333333333333333,0.6999999999999998,0.25,28,"Reachable(N3,N1)",Reachable,0.004497751124437781,0.006644518272425249,0.16666666666666666,0.0013383894713361588,3.4375,0.6999999999999998,0.0776303070860287,0.35488976140138934,0.29126254740129376,0.14279589274011406,0.005313522640673019,0.41169238753917076,True,False,1.0,0.24815465116279073
ab6b1d7f12316e5d,"('PathLengthBucket', 1, 1, 3, 1)",13,8,1,1,1,13.0,0.42999999999999994,0.5499999999999999,0.15384615384615385,32,"PathLengthBucket(N3,N1)=1",PathLengthBucket,0.019490254872563718,0.026578073089700997,0.16666666666666666,0.0028998438545616775,3.5,0.5499999999999999,0.09615455424195106,1.584432842904604,0.29615418603613647,0.16006994024293075,0.022183625795075886,0.24600404397443582,True,False,1.0,0.26019039952295764
7f5a6b58d40a8f89,"('InDegreeBucket', (0, 2, 1))",17,17,1,1,1,51.0,0.0,0.45,0.25,29,"InDegreeBucket(N0)=(0, 2, 1)",InDegreeBucket,0.025487256371814093,0.05647840531561462,0.16666666666666666,0.01137631050635735,3.453125,0.45,0.024857610231243957,2.2472783030922567,0.1109316529109971,0.06555042162430286,0.0372638929704583,0.05845736244585935,True,False,1.0,0.23752286821705426
69c3eda3507d9e4f,"('OutDegreeBucket', (2, 0, 1))",17,17,1,3,3,51.0,0.5,0.55,0.25,30,"OutDegreeBucket(N0)=(2, 0, 1)",OutDegreeBucket,0.025487256371814093,0.05647840531561462,0.5,0.01137631050635735,5.46875,0.55,0.1481909435645773,1.4189957285239678,0.3421316529109971,0.2357957549576362,0.0372638929704583,0.30122466282656646,True,False,1.0,0.3555895348837209
8eb95534b0a39659,"('InDegreeBucket', (3, 2, 1))",4,4,1,4,4,24.0,0.75,0.6000000000000001,0.625,29,"InDegreeBucket(N1)=(3, 2, 1)",InDegreeBucket,0.005997001499250375,0.013289036544850499,0.6666666666666666,0.005353557885344635,6.453125,0.6000000000000001,0.2055212283441148,0.25617916066702595,0.4556501896051751,0.31121376808116497,0.008767974816578422,0.2928764933470102,True,True,,0.6173176356589147
54501763481b2c41,"('OutDegreeBucket', (2, 3, 1))",4,4,1,3,3,24.0,0.5,0.55,0.625,30,"OutDegreeBucket(N1)=(2, 3, 1)",OutDegreeBucket,0.005997001499250375,0.013289036544850499,0.5,0.005353557885344635,5.46875,0.55,0.14385456167744815,0.30229140958709066,0.3400501896051751,0.2260911014144983,0.008767974816578422,0.1563413609782003,True,True,,0.5582843023255815
fd0b00965e01aefc,"('SharedSuccessor', 1, 2, 2, 1)",11,8,1,2,2,11.0,0.33333333333333337,0.5999999999999999,0.33333333333333337,31,"SharedSuccessor(N0,N1)",SharedSuccessor,0.01649175412293853,0.026578073089700997,0.3333333333333333,0.002453714030782958,4.484375,0.5999999999999999,0.09510000743549707,1.0463796636067928,0.27764800356903857,0.16664875647610797,0.020324555330308268,0.25348581526690156,True,True,,0.43215193798449614
8c8b8d79870c251f,"('SharedPredecessor', 1, 3, 1, 1)",5,4,1,2,2,5.0,0.3333333333333333,0.55,0.3333333333333333,33,"SharedPredecessor(N1,N3)",SharedPredecessor,0.0074962518740629685,0.013289036544850499,0.3333333333333333,0.001115324559446799,4.515625,0.55,0.09413636701613504,0.4576210785271701,0.2661854561677448,0.16100462896301493,0.00969751004896223,0.25219354964385393,True,False,1.0,0.3172426356589147
733d2b996e9f68c5,"('SharedPredecessor', 1, 3, 2, 1)",2,2,1,2,2,2.0,0.3333333333333333,0.55,0.3333333333333333,33,"SharedPredecessor(N1,N4)",SharedPredecessor,0.0029985007496251873,0.006644518272425249,0.3333333333333333,0.00044612982377871963,4.515625,0.55,0.093654546806454,0.18010553058432677,0.2659541824670979,0.15961256520646844,0.004383987408289211,0.1792533929750201,True,False,1.0,0.316637984496124
e4864f7ef4c1f3d3,"('Reachable', 2, 2, 2, 3, 3)",24,18,1,2,2,72.0,0.6666666666666666,0.6999999999999998,0.5,28,"Reachable(N0,N8)",Reachable,0.035982008995502246,0.059800664451827246,0.3333333333333333,0.016060673656033905,4.4375,0.6999999999999998,0.16489701836567774,2.48680922745777,0.43315056881552527,0.2587086752290985,0.04503309806890575,0.4298696034762668,True,True,,0.5077418604651163
fe3fe914d9c5e4d2,"('Reachable', 2, 2, 1, 1, 3)",18,13,1,2,2,54.0,0.6666666666666665,0.6999999999999998,0.5,28,"Reachable(N7,N0)",Reachable,0.026986506746626688,0.04318936877076412,0.3333333333333333,0.012045505242025429,4.4375,0.6999999999999998,0.1620060971075916,1.7977258902250715,0.4317629266116439,0.25430978106191243,0.03314359431579891,0.31968432853371037,True,True,,0.5062302325581396
f59b2fd46e2230da,"('Reachable', 1, 2, 1, 3, 3)",14,11,1,1,1,42.0,0.6666666666666666,0.7,0.5,28,"Reachable(N7,N8)",Reachable,0.020989505247376312,0.036544850498338874,0.16666666666666666,0.009368726299353113,3.4375,0.7,0.1434121496022009,1.7779281183932347,0.42283783180905643,0.22638356368799664,0.026900536442742085,0.1475411222431896,True,True,,0.4752922480620154
2ce2890d32ebb456,"('Reachable', 1, 2, 1, 1, 3)",8,7,1,1,1,24.0,0.6666666666666666,0.7,0.5,28,"Reachable(N8,N0)",Reachable,0.01199400299850075,0.023255813953488372,0.16666666666666666,0.005353557885344635,3.4375,0.7,0.1405212283441148,0.9850317124735729,0.4214501896051751,0.22254945357396677,0.016273491161396047,0.2551826600398194,True,True,,0.47408294573643406
99257f683c309173,"('Reachable', 2, 2, 3, 1, 3)",19,17,1,2,2,57.0,0.6666666666666665,0.6999999999999998,0.5,28,"Reachable(N9,N0)",Reachable,0.02848575712143928,0.05647840531561462,0.3333333333333333,0.012714699977693509,4.4375,0.6999999999999998,0.16248791731727263,1.9544990875485473,0.4319942003122908,0.25683141292477124,0.03912296343522591,0.20056974289713975,True,True,,0.507439534883721
c6cb2426f01c28e1,"('Reachable', 3, 2, 3, 2, 3)",8,7,1,3,3,24.0,0.6666666666666666,0.7,0.5,28,"Reachable(N9,N7)",Reachable,0.01199400299850075,0.023255813953488372,0.5,0.005353557885344635,5.4375,0.7,0.17385456167744812,0.6227211975407645,0.4374501896051751,0.2740427869073001,0.016273491161396047,0.444062711272782,True,True,,0.5347496124031008
37f2081dffc0e115,"('Reachable', 1, 0, 3, 3, 3)",6,3,1,1,1,6.0,0.0,0.7000000000000001,0.0,28,"Reachable(N7,N1)",Reachable,0.008995502248875561,0.009966777408637873,0.16666666666666666,0.0013383894713361588,3.4375,0.7000000000000001,0.0176303070860287,0.7155783751132588,0.1624625474012938,0.06800601012660355,0.00936458680958524,0.24951663879917224,True,False,1.0,0.14404031007751938
d591e257bcba0a49,"('Reachable', 1, 0, 2, 3, 3)",29,22,1,1,1,29.0,0.0,0.6999999999999997,0.0,28,"Reachable(N8,N1)",Reachable,0.043478260869565216,0.07308970099667775,0.16666666666666666,0.006468882444791434,3.4375,0.6999999999999997,0.0213242620269165,3.991156750226518,0.16423564577291985,0.08074937378836597,0.05473060811786798,0.2925656796733134,True,True,,0.26978449612403105
730456b48e55f4b7,"('Reachable', 5, 3, 2, 2, 2)",1,1,1,5,5,5.0,1.0,0.7,1.0,28,"Reachable(N6,N2)",Reachable,0.0014992503748125937,0.0033222591362126247,0.8333333333333334,0.001115324559446799,7.4375,0.7,0.264136367016135,0.054228202909070614,0.5807854561677448,0.3958396101368798,0.0021919937041446056,0.35963792506890524,True,True,,0.755768992248062
412079eb420d4462,"('PathLengthBucket', 5, 2, 2, 2)",1,1,1,5,5,1.0,0.75,0.55,1.0,32,"PathLengthBucket(N6,N2)=5",PathLengthBucket,0.0014992503748125937,0.0033222591362126247,0.8333333333333334,0.00022306491188935982,7.5,0.55,0.2184939400698937,0.05377630121816169,0.45087709123354897,0.3303936159365676,0.0021919937041446056,0.3884713070111274,True,True,,0.739668992248062
0b53eaa74389eeb2,"('Reachable', 5, 3, 1, 2, 2)",8,6,1,5,5,45.0,1.0,0.7,1.0,28,"Reachable(N2,N0)",Reachable,0.01199400299850075,0.019933554817275746,0.8333333333333334,0.01003792103502119,7.4375,0.7,0.27056063647854856,0.45169323543370843,0.5838691055097033,0.4021634724057835,0.015011032689635249,0.18840871915126464,True,False,2.0,0.6372806201550387
3c663156ab219ca2,"('PathLengthBucket', 5, 1, 2, 2)",8,6,1,5,5,8.0,0.75,0.55,1.0,32,"PathLengthBucket(N2,N0)=5",PathLengthBucket,0.01199400299850075,0.019933554817275746,0.8333333333333334,0.0017845192951148785,7.5,0.55,0.21961818722581605,0.44792912513842753,0.45141672986839165,0.3338300260528948,0.015011032689635249,0.06133207214647733,True,True,,0.7411806201550387
16f57a1c5647b7be,"('Reachable', 3, 2, 3, 1, 3)",14,12,1,3,3,42.0,0.6666666666666666,0.7,0.5,28,"Reachable(N8,N4)",Reachable,0.020989505247376312,0.03986710963455149,0.5,0.009368726299353113,5.4375,0.7,0.17674548293553421,1.1325314087142475,0.43883783180905644,0.27844168107448614,0.02816299491450288,0.1574049916071322,True,False,2.0,0.4162612403100775
7ce9d531ab47202e,"('Reachable', 3, 2, 1, 2, 3)",25,21,1,3,3,75.0,0.6666666666666667,0.6999999999999998,0.5,28,"Reachable(N7,N1)",Reachable,0.037481259370314844,0.06976744186046512,0.5,0.016729868391701985,5.4375,0.6999999999999998,0.18204550524202545,2.1598503074044375,0.4413818425161722,0.28641218970546783,0.049750008716571946,0.15313144233801826,True,False,2.0,0.41898217054263565
7b849fbbc3b076e6,"('Reachable', 1, 1, 1, 2, 3)",10,9,1,1,1,20.0,0.33333333333333337,0.7,0.25,28,"Reachable(N4,N3)",Reachable,0.014992503748125937,0.029900332225913623,0.16666666666666666,0.004461298237787196,3.4375,0.7,0.07987880139787346,1.2506191482935667,0.29234182467097924,0.1479743608133001,0.020657478569685257,0.16708253174972154,True,True,,0.37027093023255814
f89b854f979e35a1,"('Reachable', 2, 1, 3, 2, 2)",1,1,1,2,2,2.0,0.3333333333333333,0.7,0.25,28,"Reachable(N6,N5)",Reachable,0.0014992503748125937,0.0033222591362126247,0.3333333333333333,0.00044612982377871963,4.4375,0.7,0.093654546806454,0.09088952318562539,0.29895418246709793,0.16762778115331228,0.0021919937041446056,0.17592875853235007,True,True,,0.3981856589147287
2f4e1ab453ce4611,"('Reachable', 4, 3, 2, 3, 3)",21,15,1,4,4,156.0,1.0,0.6999999999999998,1.0,28,"Reachable(N2,N4)",Reachable,0.031484257871064465,0.04983388704318937,0.6666666666666666,0.03479812625474013,6.4375,0.6999999999999998,0.27172131757007956,1.4674192820049674,0.5844262324336382,0.39121220127618817,0.03845711695647193,0.16475185418967006,True,True,,0.7296682170542635
0ec1a1a0622cd96b,"('PathLengthBucket', 4, 2, 3, 3)",21,15,1,4,4,21.0,0.6699999999999999,0.5500000000000002,1.0,32,"PathLengthBucket(N2,N4)=4",PathLengthBucket,0.031484257871064465,0.04983388704318937,0.6666666666666666,0.004684363149676556,6.5,0.5500000000000002,0.19063940813443375,1.453309481216458,0.4135069159045282,0.2962187770156483,0.03845711695647193,0.07892558956602372,True,False,2.0,0.5823682170542637
3edbe1daec64a956,"('Reachable', 1, 2, 1, 1, 1)",4,3,1,1,1,12.0,0.6666666666666666,0.7,0.5,28,"Reachable(N0,N2)",Reachable,0.005997001499250375,0.009966777408637873,0.16666666666666666,0.0026767789426723177,3.4375,0.7,0.13859394750539072,0.47705225007550595,0.4205250948025875,0.21924033476040528,0.007505516344817624,0.2854235441626099,True,False,1.0,0.3528736434108527
65424804406fb63c,"('Reachable', 2, 2, 1, 1, 1)",11,7,1,2,2,33.0,0.6666666666666667,0.7000000000000001,0.5,28,"Reachable(N0,N3)",Reachable,0.01649175412293853,0.023255813953488372,0.3333333333333333,0.0073611420923488735,4.4375,0.7000000000000001,0.15863335563982453,1.049197510645267,0.43014401070711583,0.2490836071913361,0.01906209685854747,0.24401224926615053,True,False,1.0,0.38441627906976744
cbb51a0b5c3d0597,"('Reachable', 1, 3, 1, 2, 1)",2,2,1,1,1,8.0,1.0,0.7,0.75,28,"Reachable(N1,N0)",Reachable,0.0029985007496251873,0.006644518272425249,0.16666666666666666,0.0017845192951148785,3.4375,0.7,0.19795152055914936,0.23659317426759288,0.5490167298683917,0.29368022317360354,0.004383987408289211,0.755506562934333,True,False,2.0,0.456987984496124
3468cb2a6c6bc0b8,"('Reachable', 2, 3, 1, 1, 1)",2,2,1,2,2,8.0,1.0,0.7,0.75,28,"Reachable(N1,N2)",Reachable,0.0029985007496251873,0.006644518272425249,0.3333333333333333,0.0017845192951148785,4.4375,0.7,0.21461818722581602,0.18327640260165645,0.5570167298683917,0.3194268898402702,0.004383987408289211,0.30237284637270967,True,True,,0.6073213178294574
4868e0203fa3c169,"('Reachable', 3, 3, 1, 1, 1)",6,6,1,3,3,24.0,1.0,0.7000000000000001,0.75,28,"Reachable(N1,N3)",Reachable,0.008995502248875561,0.019933554817275746,0.5,0.005353557885344635,5.4375,0.7000000000000001,0.23385456167744811,0.4633749570397526,0.566250189605175,0.3488326695208106,0.013151962224867631,0.28167206010892115,True,True,,0.6388639534883721
1468fa4f522a1fdf,"('Reachable', 3, 3, 1, 2, 1)",6,4,1,3,3,24.0,1.0,0.7000000000000001,0.75,28,"Reachable(N1,N4)",Reachable,0.008995502248875561,0.013289036544850499,0.5,0.005353557885344635,5.4375,0.7000000000000001,0.23385456167744811,0.4560430748081109,0.566250189605175,0.3477031014144983,0.010627045281346038,0.36764022146056197,True,True,,0.6382593023255814
b39502e50b5bf962,"('PathLengthBucket', 3, 1, 2, 1)",9,6,1,3,3,9.0,0.59,0.55,0.6666666666666666,32,"PathLengthBucket(N1,N4)=3",PathLengthBucket,0.013493253373313344,0.019933554817275746,0.5,0.002007584207004238,5.5,0.55,0.15764546062904305,0.6871639987919059,0.37366982110194064,0.24625395126963953,0.015940567922019058,0.1736959795625461,True,True,,0.581113953488372
b3feeadc8d5930ee,"('Reachable', 1, 2, 2, 1, 1)",9,7,1,1,1,27.0,0.6666666666666666,0.7,0.5,28,"Reachable(N2,N3)",Reachable,0.013493253373313344,0.023255813953488372,0.16666666666666666,0.0060227526210127145,3.4375,0.7,0.1410030485537958,1.1081606765327696,0.421681463305822,0.222811949224201,0.017203026393779856,0.28448142691549944,True,False,1.0,0.35408294573643406
322a77ff9f36bd8c,"('SharedSuccessor', 1, 1, 1, 1)",23,19,1,2,2,23.0,0.3333333333333332,0.5999999999999999,0.3333333333333332,31,"SharedSuccessor(N1,N4)",SharedSuccessor,0.034482758620689655,0.06312292358803986,0.3333333333333333,0.005130492973455275,4.484375,0.5999999999999999,0.09702728827422111,2.3753203607024203,0.2785730983716261,0.17391136366176244,0.04536602130828274,0.3687242578718958,True,True,,0.4354775193798449
887e4c3a950f5883,"('Reachable', 1, 0, 1, 3, 1)",8,4,1,1,1,8.0,0.0,0.7,0.0,28,"Reachable(N0,N3)",Reachable,0.01199400299850075,0.013289036544850499,0.16666666666666666,0.0017845192951148785,3.4375,0.7,0.017951520559149378,0.961836303231652,0.1626167298683917,0.06874579127991584,0.012486115746113654,0.15009084120305136,True,True,,0.2643426356589147
707d6457057a1699,"('InDegreeBucket', (3, 0, 1))",4,4,1,4,4,16.0,0.75,0.6000000000000001,0.375,29,"InDegreeBucket(N3)=(3, 0, 1)",InDegreeBucket,0.005997001499250375,0.013289036544850499,0.6666666666666666,0.003569038590229757,6.453125,0.6000000000000001,0.20423637445163212,0.25617916066702595,0.45503345973678344,0.3105137796805404,0.008767974816578422,0.1348139596238718,True,True,,0.5595676356589148
db1bb7a108bcab1b,"('OutDegreeBucket', (0, 3, 1))",4,4,1,1,1,16.0,0.0,0.45,0.375,30,"OutDegreeBucket(N3)=(0, 3, 1)",OutDegreeBucket,0.005997001499250375,0.013289036544850499,0.16666666666666666,0.003569038590229757,3.46875,0.45,0.019236374451632093,0.47658555565532307,0.10823345973678342,0.05514577968054042,0.008767974816578422,0.2890579293696564,True,False,1.0,0.26246763565891473
82156c8dc8dc35f2,"('Reachable', 1, 2, 3, 1, 3)",9,7,1,1,1,27.0,0.6666666666666666,0.7,0.5,28,"Reachable(N4,N6)",Reachable,0.013493253373313344,0.023255813953488372,0.16666666666666666,0.0060227526210127145,3.4375,0.7,0.1410030485537958,1.1081606765327696,0.421681463305822,0.222811949224201,0.017203026393779856,0.36976808773637,True,False,1.0,0.35408294573643406
964efc88cc9c9734,"('Reachable', 4, 3, 1, 1, 1)",2,2,1,4,4,8.0,1.0,0.7,0.75,28,"Reachable(N1,N4)",Reachable,0.0029985007496251873,0.006644518272425249,0.6666666666666666,0.0017845192951148785,6.4375,0.7,0.24795152055914937,0.1263361610166758,0.5730167298683917,0.3709202231736035,0.004383987408289211,0.32232209883910323,True,False,2.0,0.547987984496124
276c9c22ff9e96bc,"('PathLengthBucket', 4, 1, 1, 1)",2,2,1,4,4,2.0,0.6699999999999999,0.55,0.75,32,"PathLengthBucket(N1,N4)=4",PathLengthBucket,0.0029985007496251873,0.006644518272425249,0.6666666666666666,0.00044612982377871963,6.5,0.55,0.18758788013978733,0.1251213902376693,0.4120421824670979,0.28721411187313506,0.004383987408289211,0.28970619940238634,True,True,,0.640687984496124
d2b7c3a75bb8a042,"('InDegreeBucket', (4, 4, 2))",3,3,1,5,5,28.0,1.0,0.65,1.0,29,"InDegreeBucket(N3)=(4, 4, 2)",InDegreeBucket,0.004497751124437781,0.009966777408637873,0.8333333333333334,0.006245817532902075,7.453125,0.65,0.26783032195702283,0.16501807392548945,0.571558554539371,0.39612164489498786,0.006575981112433816,0.14297446953282297,True,True,,0.7626736434108526
9cc57e69da016f64,"('OutDegreeBucket', (4, 4, 2))",3,3,1,5,5,28.0,1.0,0.65,1.0,30,"OutDegreeBucket(N3)=(4, 4, 2)",OutDegreeBucket,0.004497751124437781,0.009966777408637873,0.8333333333333334,0.006245817532902075,7.46875,0.65,0.26783032195702283,0.16467284782941102,0.571558554539371,0.39612164489498786,0.006575981112433816,0.2634583098960345,True,True,,0.7626736434108526
1a799870014f4197,"('Reachable', 3, 2, 2, 2, 2)",5,5,1,3,3,15.0,0.6666666666666666,0.7,0.5,28,"Reachable(N3,N4)",Reachable,0.0074962518740629685,0.016611295681063124,0.5,0.0033459736783403972,5.4375,0.7,0.17240910104840507,0.38309084660327647,0.4367563685032344,0.27212573185028516,0.010959968520723028,0.253097218766393,True,True,,0.5341449612403101
68bc9ace377dfab4,"('Reachable', 2, 1, 3, 3, 2)",2,2,1,2,2,4.0,0.3333333333333333,0.7,0.25,28,"Reachable(N4,N1)",Reachable,0.0029985007496251873,0.006644518272425249,0.3333333333333333,0.0008922596475574393,4.4375,0.7,0.09397576027957469,0.18327640260165645,0.29910836493419585,0.16836756230662459,0.004383987408289211,0.26028291853743274,True,False,1.0,0.278487984496124
7c6ae2eb7e187533,"('Reachable', 1, 0, 2, 1, 1)",33,18,1,1,1,33.0,0.0,0.7,0.0,28,"Reachable(N3,N1)",Reachable,0.049475262368815595,0.059800664451827246,0.16666666666666666,0.0073611420923488735,3.4375,0.7,0.021966688973157854,4.414086378737542,0.16454401070711577,0.0788402317760537,0.05339891516036002,0.39839587168859264,True,False,1.0,0.1485751937984496
44e74437d9c96832,"('Reachable', 2, 2, 3, 3, 2)",3,3,1,2,2,9.0,0.6666666666666666,0.6999999999999998,0.5,28,"Reachable(N1,N6)",Reachable,0.004497751124437781,0.009966777408637873,0.3333333333333333,0.002007584207004238,4.4375,0.6999999999999998,0.15477879396237637,0.2771606382480932,0.42829382110194064,0.24472450577683774,0.006575981112433816,0.2790231595231013,True,True,,0.503206976744186
0004963472fac121,"('InDegreeBucket', (4, 0, 2))",6,6,1,5,5,32.0,1.0,0.65,0.5416666666666666,29,"InDegreeBucket(N5)=(4, 0, 2)",InDegreeBucket,0.008995502248875561,0.019933554817275746,0.8333333333333334,0.007138077180459514,7.453125,0.65,0.2684727489032642,0.33805971708560567,0.5718669194735668,0.39816599125476865,0.013151962224867631,0.2026377083558029,True,False,2.0,0.5377056201550388
b97821163cbbd849,"('OutDegreeBucket', (0, 4, 2))",6,6,1,1,1,32.0,0.0,0.45,0.5416666666666666,30,"OutDegreeBucket(N5)=(0, 4, 2)",OutDegreeBucket,0.008995502248875561,0.019933554817275746,0.16666666666666666,0.007138077180459514,3.46875,0.45,0.021806082236597517,0.7263715542785311,0.1094669194735668,0.05767532458810187,0.013151962224867631,0.3089982022356091,True,True,,0.4215722868217054
169ccf204c98e3ad,"('Reachable', 1, 3, 3, 2, 1)",4,2,1,1,1,16.0,1.0,0.7,0.75,28,"Reachable(N0,N1)",Reachable,0.005997001499250375,0.006644518272425249,0.16666666666666666,0.003569038590229757,3.4375,0.7,0.1992363744516321,0.47318634853518576,0.5496334597367833,0.2943802115742281,0.006243057873056827,0.2248249998916869,True,True,,0.576987984496124
57bae34fa53dd64e,"('Reachable', 1, 3, 3, 3, 1)",3,2,1,1,1,12.0,1.0,0.6999999999999998,0.75,28,"Reachable(N0,N3)",Reachable,0.004497751124437781,0.006644518272425249,0.16666666666666666,0.0026767789426723177,3.4375,0.6999999999999998,0.19859394750539072,0.35488976140138934,0.5493250948025875,0.2940302173739158,0.005313522640673019,0.20489943298083557,True,True,,0.576987984496124
b60b4eb8866a9af1,"('PathLengthBucket', 1, 3, 3, 1)",6,5,1,1,1,6.0,0.43,0.5499999999999999,0.625,32,"PathLengthBucket(N0,N3)=1",PathLengthBucket,0.008995502248875561,0.016611295681063124,0.16666666666666666,0.0013383894713361588,3.5,0.5499999999999999,0.09503030708602869,0.7141907925961082,0.2956145474012938,0.15776309823291584,0.011889503753106836,0.38467825932651906,True,False,1.0,0.3681199612403101
c5a7f0f4fb1a9923,"('Reachable', 2, 3, 3, 1, 1)",3,3,1,2,2,12.0,1.0,0.6999999999999998,0.75,28,"Reachable(N0,N4)",Reachable,0.004497751124437781,0.009966777408637873,0.3333333333333333,0.0026767789426723177,4.4375,0.6999999999999998,0.21526061417205739,0.2771606382480932,0.5573250948025875,0.32034166809373865,0.006575981112433816,0.38676533349162223,True,True,,0.6076236434108527
8530fe69d70efb6c,"('PathLengthBucket', 2, 3, 1, 1)",5,5,1,2,2,5.0,0.51,0.55,0.6,32,"PathLengthBucket(N0,N4)=2",PathLengthBucket,0.0074962518740629685,0.016611295681063124,0.3333333333333333,0.001115324559446799,4.5,0.55,0.12593636701613503,0.46290143964562575,0.3344494561677448,0.2015073863495044,0.010959968520723028,0.31489836550505523,True,False,1.0,0.40387829457364344
74cd268f2fe044c5,"('Reachable', 2, 3, 1, 2, 1)",7,4,1,2,2,28.0,1.0,0.7000000000000001,0.75,28,"Reachable(N1,N2)",Reachable,0.010494752623688156,0.013289036544850499,0.3333333333333333,0.006245817532902075,4.4375,0.7000000000000001,0.21783032195702282,0.6519489027186374,0.558558554539371,0.32230642894814393,0.011556580513729847,0.3308143522248336,True,False,2.0,0.48792596899224805
8c8a249483f01473,"('Reachable', 1, 3, 1, 3, 1)",1,1,1,1,1,4.0,1.0,0.7,0.75,28,"Reachable(N1,N3)",Reachable,0.0014992503748125937,0.0033222591362126247,0.16666666666666666,0.0008922596475574393,3.4375,0.7,0.19730909361290802,0.11733011174871641,0.5487083649341958,0.2927654449201351,0.0021919937041446056,0.1924826672954255,True,True,,0.5766856589147287
6431915c86b1e8b4,"('Reachable', 2, 3, 3, 2, 1)",1,1,1,2,2,4.0,1.0,0.7,0.75,28,"Reachable(N2,N1)",Reachable,0.0014992503748125937,0.0033222591362126247,0.3333333333333333,0.0008922596475574393,4.4375,0.7,0.21397576027957468,0.09088952318562539,0.5567083649341958,0.3185121115868018,0.0021919937041446056,0.08791928038772032,True,False,2.0,0.48701899224806205
2d2b645c70e862b6,"('PathLengthBucket', 2, 3, 2, 1)",1,1,1,2,2,1.0,0.51,0.55,0.75,32,"PathLengthBucket(N2,N1)=2",PathLengthBucket,0.0014992503748125937,0.0033222591362126247,0.3333333333333333,0.00022306491188935982,4.5,0.55,0.12529394006989367,0.08962716869693615,0.33414109123354896,0.19889825593656754,0.0021919937041446056,0.26850026757451007,True,True,,0.557318992248062
2be09701cc296745,"('Reachable', 1, 3, 3, 1, 1)",1,1,1,1,1,4.0,1.0,0.7,0.75,28,"Reachable(N2,N4)",Reachable,0.0014992503748125937,0.0033222591362126247,0.16666666666666666,0.0008922596475574393,3.4375,0.7,0.19730909361290802,0.11733011174871641,0.5487083649341958,0.2927654449201351,0.0021919937041446056,0.26154168725772164,True,True,,0.5766856589147287
ccfdaade9cc7b40e,"('Reachable', 2, 3, 2, 2, 1)",3,3,1,2,2,12.0,1.0,0.6999999999999998,0.75,28,"Reachable(N3,N0)",Reachable,0.004497751124437781,0.009966777408637873,0.3333333333333333,0.0026767789426723177,4.4375,0.6999999999999998,0.21526061417205739,0.2771606382480932,0.5573250948025875,0.32034166809373865,0.006575981112433816,0.2866995775952427,True,True,,0.6076236434108527
96a17b6b93eafdce,"('Reachable', 2, 3, 2, 1, 1)",7,5,1,2,2,28.0,1.0,0.7000000000000001,0.75,28,"Reachable(N3,N4)",Reachable,0.010494752623688156,0.016611295681063124,0.3333333333333333,0.006245817532902075,4.4375,0.7000000000000001,0.21783032195702282,0.6571896495250573,0.558558554539371,0.3228712130013001,0.012819038985490644,0.35789382404100323,True,True,,0.6082282945736435
545870d8a5a507ac,"('Reachable', 2, 3, 1, 3, 1)",3,3,1,2,2,12.0,1.0,0.6999999999999998,0.75,28,"Reachable(N4,N3)",Reachable,0.004497751124437781,0.009966777408637873,0.3333333333333333,0.0026767789426723177,4.4375,0.6999999999999998,0.21526061417205739,0.2771606382480932,0.5573250948025875,0.32034166809373865,0.006575981112433816,0.13835495812925955,True,True,,0.6076236434108527
c4e97aaedf8c6e4c,"('PathLengthBucket', 2, 1, 3, 1)",4,4,1,2,2,4.0,0.51,0.55,0.625,32,"PathLengthBucket(N4,N3)=2",PathLengthBucket,0.005997001499250375,0.013289036544850499,0.3333333333333333,0.0008922596475574393,4.5,0.55,0.12577576027957468,0.36736803248431155,0.33437236493419586,0.2008551037462702,0.008767974816578422,0.2806321268410218,True,False,1.0,0.4093509689922481
f8323ebeeaee94d5,"('InDegreeBucket', (2, 3, 1))",3,2,1,3,3,18.0,0.5,0.55,0.625,29,"InDegreeBucket(N0)=(2, 3, 1)",InDegreeBucket,0.004497751124437781,0.006644518272425249,0.5,0.004015168414008476,5.453125,0.55,0.1428909212580861,0.22371274357680704,0.3395876422038813,0.2244365420077176,0.005313522640673019,0.27395544754774037,True,True,,0.5576796511627907
47c914ad7b010c83,"('OutDegreeBucket', (3, 2, 1))",3,2,1,4,4,18.0,0.75,0.6000000000000001,0.625,30,"OutDegreeBucket(N0)=(3, 2, 1)",OutDegreeBucket,0.004497751124437781,0.006644518272425249,0.6666666666666666,0.004015168414008476,6.46875,0.6000000000000001,0.20455758792475276,0.18858876209735664,0.4551876422038813,0.30955920867438425,0.005313522640673019,0.11871145962549508,True,True,,0.6167129844961241
478f8a1ceef8a1d0,"('SharedSuccessor', 1, 3, 3, 1)",1,1,1,2,2,1.0,0.3333333333333333,0.6,0.3333333333333333,31,"SharedSuccessor(N0,N2)",SharedSuccessor,0.0014992503748125937,0.0033222591362126247,0.3333333333333333,0.00022306491188935982,4.484375,0.6,0.09349394006989367,0.08993945848333662,0.276877091233549,0.16182028260323422,0.0021919937041446056,0.284158301793832,True,True,,0.4300356589147286
877b19193f25001e,"('SharedSuccessor', 2, 3, 2, 1)",1,1,1,2,2,2.0,0.6666666666666666,0.6,0.6666666666666666,31,"SharedSuccessor(N0,N3)",SharedSuccessor,0.0014992503748125937,0.0033222591362126247,0.3333333333333333,0.00044612982377871963,4.484375,0.6,0.15365454680645402,0.08993945848333662,0.40575418246709793,0.23726244781997896,0.0021919937041446056,0.18583068473297504,True,True,,0.5537023255813953
55ae68b0e1a4a55c,"('SharedPredecessor', 1, 2, 3, 1)",6,4,1,2,2,6.0,0.3333333333333333,0.5499999999999999,0.3333333333333333,33,"SharedPredecessor(N0,N3)",SharedPredecessor,0.008995502248875561,0.013289036544850499,0.3333333333333333,0.0013383894713361588,4.515625,0.5499999999999999,0.09429697375269536,0.5491452942326042,0.26626254740129374,0.161092127513093,0.010627045281346038,0.44338208114646216,True,True,,0.43724263565891475
f13ffc450f617adc,"('SharedSuccessor', 1, 1, 3, 1)",6,6,1,2,2,6.0,0.3333333333333333,0.6,0.3333333333333333,31,"SharedSuccessor(N1,N2)",SharedSuccessor,0.008995502248875561,0.019933554817275746,0.3333333333333333,0.0013383894713361588,4.484375,0.6,0.09429697375269536,0.561862317246808,0.27726254740129375,0.1650816956194053,0.013151962224867631,0.25018456919023324,True,False,1.0,0.3115472868217054
ec08793a867091f6,"('SharedPredecessor', 2, 2, 2, 1)",3,3,1,2,2,6.0,0.6666666666666666,0.55,0.6666666666666666,33,"SharedPredecessor(N1,N2)",SharedPredecessor,0.004497751124437781,0.009966777408637873,0.3333333333333333,0.0013383894713361588,4.515625,0.55,0.15429697375269535,0.2723654714963961,0.39506254740129376,0.23588201012660354,0.006575981112433816,0.2503795364826262,True,True,,0.560606976744186
1a3861fa486b2608,"('Reachable', 1, 2, 1, 1, 2)",15,9,1,1,1,45.0,0.6666666666666665,0.6999999999999998,0.5,28,"Reachable(N6,N5)",Reachable,0.022488755622188907,0.029900332225913623,0.16666666666666666,0.01003792103502119,3.4375,0.6999999999999998,0.14389396981188188,1.8759287224403505,0.4230691055097032,0.22551649123191853,0.025305154731604298,0.3349279204819679,True,True,,0.4746875968992248
4e830ae25fc2e415,"('Reachable', 2, 1, 2, 2, 1)",2,2,1,2,2,4.0,0.3333333333333333,0.7,0.25,28,"Reachable(N2,N0)",Reachable,0.0029985007496251873,0.006644518272425249,0.3333333333333333,0.0008922596475574393,4.4375,0.7,0.09397576027957469,0.18327640260165645,0.29910836493419585,0.16836756230662459,0.004383987408289211,0.28452984775308476,True,True,,0.398487984496124
816389289a07a803,"('InDegreeBucket', (2, 2, 1))",11,9,1,3,3,55.0,0.5,0.5499999999999999,0.5,29,"InDegreeBucket(N2)=(2, 2, 1)",InDegreeBucket,0.01649175412293853,0.029900332225913623,0.5,0.012268570153914788,5.453125,0.5499999999999999,0.14883337051081863,0.8671915011090063,0.3424400178451929,0.23162747673269932,0.021587013802069066,0.36790649628544353,True,False,1.0,0.41092093023255816
7a1e6da5ed575636,"('OutDegreeBucket', (2, 2, 1))",11,9,1,3,3,55.0,0.5,0.5499999999999999,0.5,30,"OutDegreeBucket(N2)=(2, 2, 1)",OutDegreeBucket,0.01649175412293853,0.029900332225913623,0.5,0.012268570153914788,5.46875,0.5499999999999999,0.14883337051081863,0.8647138111058377,0.3424400178451929,0.23162747673269932,0.021587013802069066,0.1435196660876198,True,False,1.0,0.41092093023255816
71010a046bf4161e,"('SharedSuccessor', 1, 1, 2, 1)",14,11,1,2,2,14.0,0.3333333333333333,0.5999999999999999,0.3333333333333333,31,"SharedSuccessor(N0,N3)",SharedSuccessor,0.020989505247376312,0.036544850498338874,0.3333333333333333,0.0031229087664510374,4.484375,0.5999999999999999,0.09558182764517809,1.362871728385058,0.2778792772696854,0.1686056042858106,0.026900536442742085,0.11767435497230058,True,False,1.0,0.31305891472868214
64eca21e0c33b8fd,"('Reachable', 1, 0, 2, 2, 1)",8,7,1,1,1,8.0,0.0,0.7,0.0,28,"Reachable(N0,N2)",Reachable,0.01199400299850075,0.023255813953488372,0.16666666666666666,0.0017845192951148785,3.4375,0.7,0.017951520559149378,0.9850317124735729,0.1626167298683917,0.07044014343938428,0.016273491161396047,0.22159562442400593,True,False,1.0,0.14524961240310078
97bd5b7cfaeb6fa9,"('Reachable', 4, 3, 3, 2, 2)",2,2,1,4,4,12.0,1.0,0.7,1.0,28,"Reachable(N4,N0)",Reachable,0.0029985007496251873,0.006644518272425249,0.6666666666666666,0.0026767789426723177,6.4375,0.7,0.2485939475053907,0.1263361610166758,0.5733250948025875,0.3712702173739158,0.004383987408289211,0.3923583090985278,True,False,2.0,0.605737984496124
5c7bac18a356a929,"('PathLengthBucket', 4, 3, 2, 2)",2,2,1,4,4,2.0,0.6699999999999999,0.55,1.0,32,"PathLengthBucket(N4,N0)=4",PathLengthBucket,0.0029985007496251873,0.006644518272425249,0.6666666666666666,0.00044612982377871963,6.5,0.55,0.18758788013978733,0.1251213902376693,0.4120421824670979,0.28721411187313506,0.004383987408289211,0.3502523017142164,True,False,2.0,0.578437984496124
23685d70d96fd434,"('SharedSuccessor', 1, 2, 3, 1)",6,6,1,2,2,6.0,0.3333333333333333,0.6,0.3333333333333333,31,"SharedSuccessor(N1,N2)",SharedSuccessor,0.008995502248875561,0.019933554817275746,0.3333333333333333,0.0013383894713361588,4.484375,0.6,0.09429697375269536,0.561862317246808,0.27726254740129375,0.1650816956194053,0.013151962224867631,0.38045709206912515,True,True,,0.4315472868217054
b6ad89fa001c150a,"('Reachable', 6, 3, 2, 1, 3)",7,6,1,6,6,52.0,1.0,0.7000000000000001,1.0,28,"Reachable(N4,N2)",Reachable,0.010494752623688156,0.019933554817275746,1.0,0.01159937541824671,8.4375,0.7000000000000001,0.2883515503011376,0.3483893195521103,0.592408744144546,0.4285226289229967,0.01408149745725144,0.3230108905949337,True,False,3.0,0.667613953488372
04b43d53994328b8,"('PathLengthBucket', 6, 2, 1, 3)",7,6,1,6,6,7.0,0.83,0.5499999999999999,1.0,32,"PathLengthBucket(N4,N2)=6",PathLengthBucket,0.010494752623688156,0.019933554817275746,1.0,0.0015614543832255187,8.5,0.5499999999999999,0.25052424715592236,0.34582763337893296,0.49025163863484267,0.37757431416948334,0.01408149745725144,0.3533666847525682,True,True,,0.7827139534883721
2fe2b42e68802357,"('Reachable', 6, 3, 3, 1, 3)",3,3,1,6,6,21.0,1.0,0.6999999999999998,1.0,28,"Reachable(N5,N2)",Reachable,0.004497751124437781,0.009966777408637873,1.0,0.004684363149676556,8.4375,0.6999999999999998,0.28337274146776714,0.14576596530084904,0.5900189159045282,0.4241158217111079,0.006575981112433816,0.3351585085645118,True,True,,0.786706976744186
dcd5241af171d917,"('PathLengthBucket', 6, 3, 1, 3)",3,3,1,6,6,3.0,0.83,0.55,1.0,32,"PathLengthBucket(N5,N2)=6",PathLengthBucket,0.004497751124437781,0.009966777408637873,1.0,0.0006691947356680794,8.5,0.55,0.249881820209681,0.14469415673246044,0.48994327370064683,0.3755299678097026,0.006575981112433816,0.23913596366964818,True,True,,0.7818069767441861
34cddc46e812a252,"('Reachable', 3, 2, 1, 2, 1)",3,2,1,3,3,9.0,0.6666666666666666,0.6999999999999998,0.5,28,"Reachable(N1,N0)",Reachable,0.004497751124437781,0.006644518272425249,0.5,0.002007584207004238,5.4375,0.6999999999999998,0.17144546062904303,0.22435559628823465,0.4362938211019406,0.26990638839034825,0.005313522640673019,0.07307296438878333,True,False,1.0,0.41323798449612403
daa74d201c52aa1b,"('Reachable', 4, 3, 3, 3, 3)",2,2,1,4,4,14.0,1.0,0.7,1.0,28,"Reachable(N8,N4)",Reachable,0.0029985007496251873,0.006644518272425249,0.6666666666666666,0.0031229087664510374,6.4375,0.7,0.2489151609785114,0.1263361610166758,0.5734792772696855,0.37144521447407197,0.004383987408289211,0.24495876571279163,True,True,,0.725737984496124
b0812547a698226a,"('PathLengthBucket', 4, 3, 3, 3)",2,2,1,4,4,2.0,0.6699999999999999,0.55,1.0,32,"PathLengthBucket(N8,N4)=4",PathLengthBucket,0.0029985007496251873,0.006644518272425249,0.6666666666666666,0.00044612982377871963,6.5,0.55,0.18758788013978733,0.1251213902376693,0.4120421824670979,0.28721411187313506,0.004383987408289211,0.2771045828883677,True,True,,0.698437984496124
c534191d6e98d666,"('Reachable', 6, 3, 1, 1, 2)",3,3,1,6,6,19.0,1.0,0.6999999999999998,1.0,28,"Reachable(N1,N0)",Reachable,0.004497751124437781,0.009966777408637873,1.0,0.004238233325897837,8.4375,0.6999999999999998,0.28305152799464645,0.14576596530084904,0.5898647334374303,0.4239408246109518,0.006575981112433816,0.4724077826741545,True,True,,0.786706976744186
9de068acffd4b9ba,"('PathLengthBucket', 6, 1, 1, 2)",3,3,1,6,6,3.0,0.83,0.55,1.0,32,"PathLengthBucket(N1,N0)=6",PathLengthBucket,0.004497751124437781,0.009966777408637873,1.0,0.0006691947356680794,8.5,0.55,0.249881820209681,0.14469415673246044,0.48994327370064683,0.3755299678097026,0.006575981112433816,0.17844552019260634,True,True,,0.7818069767441861
f6a8670e3bbbca9d,"('SharedSuccessor', 3, 3, 3, 2)",5,4,1,2,2,15.0,1.0,0.6,1.0,31,"SharedSuccessor(N3,N6)",SharedSuccessor,0.0074962518740629685,0.013289036544850499,0.3333333333333333,0.0033459736783403972,4.484375,0.6,0.2157424343817384,0.4608100755900772,0.5355563685032344,0.31544894779712895,0.00969751004896223,0.3083301732681033,True,True,,0.6782759689922481
5569fe397f01a666,"('Reachable', 1, 3, 2, 3, 1)",2,2,1,1,1,8.0,1.0,0.7,0.75,28,"Reachable(N0,N2)",Reachable,0.0029985007496251873,0.006644518272425249,0.16666666666666666,0.0017845192951148785,3.4375,0.7,0.19795152055914936,0.23659317426759288,0.5490167298683917,0.29368022317360354,0.004383987408289211,0.3432623053261081,True,True,,0.576987984496124
0ffe4a5fc5115c57,"('Reachable', 2, 1, 3, 1, 1)",1,1,1,2,2,2.0,0.3333333333333333,0.7,0.25,28,"Reachable(N3,N0)",Reachable,0.0014992503748125937,0.0033222591362126247,0.3333333333333333,0.00044612982377871963,4.4375,0.7,0.093654546806454,0.09088952318562539,0.29895418246709793,0.16762778115331228,0.0021919937041446056,0.39026817542028003,True,False,1.0,0.2781856589147287
c2a6901bd1be150e,"('Reachable', 1, 2, 3, 1, 1)",3,3,1,1,1,9.0,0.6666666666666666,0.6999999999999998,0.5,28,"Reachable(N3,N1)",Reachable,0.004497751124437781,0.009966777408637873,0.16666666666666666,0.002007584207004238,3.4375,0.6999999999999998,0.1381121272957097,0.3577891875566294,0.42029382110194063,0.2189778391101711,0.006575981112433816,0.23776248326826785,True,True,,0.4728736434108527
15f113661f98f5f4,"('SharedPredecessor', 1, 1, 3, 1)",5,4,1,2,2,5.0,0.3333333333333333,0.55,0.3333333333333333,33,"SharedPredecessor(N1,N2)",SharedPredecessor,0.0074962518740629685,0.013289036544850499,0.3333333333333333,0.001115324559446799,4.515625,0.55,0.09413636701613504,0.4576210785271701,0.2661854561677448,0.16100462896301493,0.00969751004896223,0.46584903499455255,True,False,1.0,0.3172426356589147
28f66cf5d4fa225e,"('Reachable', 1, 0, 3, 3, 2)",4,4,1,1,1,4.0,0.0,0.7,0.0,28,"Reachable(N4,N0)",Reachable,0.005997001499250375,0.013289036544850499,0.16666666666666666,0.0008922596475574393,3.4375,0.7,0.017309093612908024,0.480918151615826,0.16230836493419584,0.06839579707960354,0.008767974816578422,0.13545408386701716,True,False,1.0,0.14434263565891473
348a512a9f6b1864,"('Reachable', 1, 2, 3, 3, 1)",3,3,1,1,1,9.0,0.6666666666666666,0.6999999999999998,0.5,28,"Reachable(N2,N3)",Reachable,0.004497751124437781,0.009966777408637873,0.16666666666666666,0.002007584207004238,3.4375,0.6999999999999998,0.1381121272957097,0.3577891875566294,0.42029382110194063,0.2189778391101711,0.006575981112433816,0.13016003038224952,True,True,,0.4728736434108527
24cb349d43aace13,"('Reachable', 2, 1, 1, 3, 1)",1,1,1,2,2,2.0,0.3333333333333333,0.7,0.25,28,"Reachable(N4,N3)",Reachable,0.0014992503748125937,0.0033222591362126247,0.3333333333333333,0.00044612982377871963,4.4375,0.7,0.093654546806454,0.09088952318562539,0.29895418246709793,0.16762778115331228,0.0021919937041446056,0.1700310824005859,True,True,,0.3981856589147287
af3f36437c5d0868,"('Reachable', 1, 1, 1, 1, 3)",8,6,1,1,1,16.0,0.3333333333333333,0.7,0.25,28,"Reachable(N4,N7)",Reachable,0.01199400299850075,0.019933554817275746,0.16666666666666666,0.003569038590229757,3.4375,0.7,0.07923637445163209,0.9772999093929328,0.2920334597367834,0.14593001445351939,0.015011032689635249,0.19409458923516323,True,False,1.0,0.2493639534883721
7a0d5964c1250a27,"('Reachable', 2, 1, 3, 3, 3)",1,1,1,2,2,2.0,0.3333333333333333,0.7,0.25,28,"Reachable(N2,N6)",Reachable,0.0014992503748125937,0.0033222591362126247,0.3333333333333333,0.00044612982377871963,4.4375,0.7,0.093654546806454,0.09088952318562539,0.29895418246709793,0.16762778115331228,0.0021919937041446056,0.1004035682989291,True,False,1.0,0.2781856589147287
1c99d2b192605aef,"('SharedSuccessor', 2, 2, 2, 1)",1,1,1,2,2,2.0,0.6666666666666666,0.6,0.6666666666666666,31,"SharedSuccessor(N1,N3)",SharedSuccessor,0.0014992503748125937,0.0033222591362126247,0.3333333333333333,0.00044612982377871963,4.484375,0.6,0.15365454680645402,0.08993945848333662,0.40575418246709793,0.23726244781997896,0.0021919937041446056,0.43994659096398653,True,False,2.0,0.43370232558139526
6a9af2b0afb0a4f3,"('Reachable', 6, 3, 2, 2, 3)",2,2,1,6,6,15.0,1.0,0.7,1.0,28,"Reachable(N3,N8)",Reachable,0.0029985007496251873,0.006644518272425249,1.0,0.0033459736783403972,8.4375,0.7,0.2824091010484051,0.09638981173864895,0.5895563685032345,0.4230260463574835,0.004383987408289211,0.3408729270464879,True,True,,0.7864046511627907
e440f4fb45889610,"('PathLengthBucket', 6, 2, 2, 3)",2,2,1,6,6,2.0,0.83,0.55,1.0,32,"PathLengthBucket(N3,N8)=6",PathLengthBucket,0.0029985007496251873,0.006644518272425249,1.0,0.00044612982377871963,8.5,0.55,0.24972121347312065,0.09568106312292358,0.4898661824670979,0.3748776852064684,0.004383987408289211,0.14620530019083516,True,True,,0.7815046511627908
07284f78ce9cb1f5,"('Reachable', 1, 2, 1, 3, 1)",1,1,1,1,1,3.0,0.6666666666666666,0.7,0.5,28,"Reachable(N1,N4)",Reachable,0.0014992503748125937,0.0033222591362126247,0.16666666666666666,0.0006691947356680794,3.4375,0.7,0.13714848687634767,0.11733011174871641,0.4198312737006469,0.21732327970339035,0.0021919937041446056,0.152053676864408,True,True,,0.47226899224806196
006feb6ca7c83124,"('Reachable', 2, 2, 3, 1, 1)",1,1,1,2,2,3.0,0.6666666666666666,0.7,0.5,28,"Reachable(N3,N2)",Reachable,0.0014992503748125937,0.0033222591362126247,0.3333333333333333,0.0006691947356680794,4.4375,0.7,0.15381515354301434,0.09088952318562539,0.4278312737006469,0.24306994637005702,0.0021919937041446056,0.27847786431208044,True,False,1.0,0.3826023255813953
54b9e24a20fbbc97,"('SharedSuccessor', 1, 3, 2, 1)",1,1,1,2,2,1.0,0.3333333333333333,0.6,0.3333333333333333,31,"SharedSuccessor(N3,N4)",SharedSuccessor,0.0014992503748125937,0.0033222591362126247,0.3333333333333333,0.00022306491188935982,4.484375,0.6,0.09349394006989367,0.08993945848333662,0.276877091233549,0.16182028260323422,0.0021919937041446056,0.24746428066770734,True,True,,0.4300356589147286
ae2c5aa8fd035ff7,"('Reachable', 1, 3, 2, 1, 1)",1,1,1,1,1,4.0,1.0,0.7,0.75,28,"Reachable(N0,N4)",Reachable,0.0014992503748125937,0.0033222591362126247,0.16666666666666666,0.0008922596475574393,3.4375,0.7,0.19730909361290802,0.11733011174871641,0.5487083649341958,0.2927654449201351,0.0021919937041446056,0.08040891597477688,True,False,2.0,0.4566856589147286
30dedee37c330fee,"('Reachable', 3, 2, 3, 2, 2)",1,1,1,3,3,3.0,0.6666666666666666,0.7,0.5,28,"Reachable(N0,N2)",Reachable,0.0014992503748125937,0.0033222591362126247,0.5,0.0006691947356680794,5.4375,0.7,0.170481820209681,0.07417420857677474,0.4358312737006469,0.2688166130367237,0.0021919937041446056,0.2764264461609193,True,True,,0.5329356589147286
d7830925cbf565f5,"('Reachable', 3, 3, 2, 1, 1)",3,1,1,3,3,12.0,1.0,0.6999999999999998,0.75,28,"Reachable(N0,N1)",Reachable,0.004497751124437781,0.0033222591362126247,0.5,0.0026767789426723177,5.4375,0.6999999999999998,0.23192728083872405,0.22252262573032422,0.5653250948025874,0.344958766654093,0.004051064168912222,0.26397373515691414,True,True,,0.6373523255813954
cd479dcdcb96b63c,"('Reachable', 1, 3, 1, 1, 1)",2,1,1,1,1,8.0,1.0,0.7,0.75,28,"Reachable(N3,N4)",Reachable,0.0029985007496251873,0.0033222591362126247,0.16666666666666666,0.0017845192951148785,3.4375,0.7,0.19795152055914936,0.23466022349743282,0.5490167298683917,0.2931154391204474,0.0031215289365284136,0.23275762395655428,True,True,,0.5766856589147287
5c8ee124dae7e173,"('Reachable', 6, 3, 3, 2, 3)",1,1,1,6,6,8.0,1.0,0.7,1.0,28,"Reachable(N8,N5)",Reachable,0.0014992503748125937,0.0033222591362126247,1.0,0.0017845192951148785,8.4375,0.7,0.2812848538924827,0.04780115663836595,0.5890167298683917,0.42184877245378066,0.0021919937041446056,0.2334909618977426,True,True,,0.7861023255813954
925de354ee10d871,"('PathLengthBucket', 6, 3, 2, 3)",1,1,1,6,6,1.0,0.83,0.55,1.0,32,"PathLengthBucket(N8,N5)=6",PathLengthBucket,0.0014992503748125937,0.0033222591362126247,1.0,0.00022306491188935982,8.5,0.55,0.24956060673656033,0.04744967754543678,0.4897890912335489,0.3742254026032342,0.0021919937041446056,0.2150948572430053,True,True,,0.7812023255813955
984f15bdd38adc63,"('Reachable', 5, 3, 1, 3, 2)",1,1,1,5,5,7.0,1.0,0.7,1.0,28,"Reachable(N4,N7)",Reachable,0.0014992503748125937,0.0033222591362126247,0.8333333333333334,0.0015614543832255187,7.4375,0.7,0.2644575804892557,0.054228202909070614,0.5809396386348428,0.396014607237036,0.0021919937041446056,0.19817176612968487,True,False,2.0,0.635768992248062
87c299f3e6851b22,"('PathLengthBucket', 5, 1, 3, 2)",1,1,1,5,5,1.0,0.75,0.55,1.0,32,"PathLengthBucket(N4,N7)=5",PathLengthBucket,0.0014992503748125937,0.0033222591362126247,0.8333333333333334,0.00022306491188935982,7.5,0.55,0.2184939400698937,0.05377630121816169,0.45087709123354897,0.3303936159365676,0.0021919937041446056,0.3833510979179112,True,False,2.0,0.619668992248062
f268477a7f58613e,"('Reachable', 1, 2, 3, 2, 1)",5,3,1,1,1,15.0,0.6666666666666666,0.7,0.5,28,"Reachable(N3,N0)",Reachable,0.0074962518740629685,0.009966777408637873,0.16666666666666666,0.0033459736783403972,3.4375,0.7,0.13907576771507174,0.5963153125943824,0.4207563685032344,0.2195028304106395,0.008435051577201431,0.40522579226888866,True,False,1.0,0.3528736434108527
6a32ac1c3e2dd9fa,"('InDegreeBucket', (3, 1, 1))",1,1,1,4,4,5.0,0.75,0.6000000000000001,0.5,29,"InDegreeBucket(N3)=(3, 1, 1)",InDegreeBucket,0.0014992503748125937,0.0033222591362126247,0.6666666666666666,0.001115324559446799,6.453125,0.6000000000000001,0.20246970034946837,0.06250030165791189,0.45418545616774486,0.3078569434702132,0.0021919937041446056,0.25260749117508635,True,True,,0.5875356589147287
54b6e41126dc588c,"('OutDegreeBucket', (1, 3, 1))",1,1,1,2,2,5.0,0.25,0.5,0.5,30,"OutDegreeBucket(N3)=(1, 3, 1)",OutDegreeBucket,0.0014992503748125937,0.0033222591362126247,0.3333333333333333,0.001115324559446799,4.46875,0.5,0.07913636701613502,0.09025393211439724,0.2229854561677448,0.13761161013687984,0.0021919937041446056,0.22387017549658386,True,True,,0.46946899224806204
2019631d84295331,"('InDegreeBucket', (0, 3, 1))",1,1,1,1,1,4.0,0.0,0.45,0.375,29,"InDegreeBucket(N4)=(0, 3, 1)",InDegreeBucket,0.0014992503748125937,0.0033222591362126247,0.16666666666666666,0.0008922596475574393,3.453125,0.45,0.017309093612908024,0.11679920626569054,0.10730836493419585,0.0524014449201351,0.0021919937041446056,0.4109262019254728,True,False,1.0,0.2615606589147287
2ed61f41451dfb40,"('OutDegreeBucket', (3, 0, 1))",1,1,1,4,4,4.0,0.75,0.6000000000000001,0.375,30,"OutDegreeBucket(N4)=(3, 0, 1)",OutDegreeBucket,0.0014992503748125937,0.0033222591362126247,0.6666666666666666,0.0008922596475574393,6.46875,0.6000000000000001,0.20230909361290805,0.062349334745694714,0.4541083649341958,0.30776944492013514,0.0021919937041446056,0.169688827147184,True,True,,0.5586606589147287
18f2763e37a3ab1c,"('SharedSuccessor', 2, 2, 3, 1)",2,2,1,2,2,4.0,0.6666666666666666,0.6,0.6666666666666666,31,"SharedSuccessor(N0,N4)",SharedSuccessor,0.0029985007496251873,0.006644518272425249,0.3333333333333333,0.0008922596475574393,4.484375,0.6,0.15397576027957469,0.18136062138979245,0.40590836493419585,0.23800222897329124,0.004383987408289211,0.2801787275065202,True,False,2.0,0.43400465116279063
0c36b34b012247be,"('SharedPredecessor', 2, 2, 3, 1)",1,1,1,2,2,2.0,0.6666666666666666,0.55,0.6666666666666666,33,"SharedPredecessor(N1,N3)",SharedPredecessor,0.0014992503748125937,0.0033222591362126247,0.3333333333333333,0.00044612982377871963,4.515625,0.55,0.15365454680645402,0.08931704008552807,0.3947541824670979,0.23440244781997896,0.0021919937041446056,0.39662667730140205,True,False,2.0,0.4400023255813953
