class_id,class_key,class_size,object_diversity,operator_diversity,depth_min,depth_max,reuse_count,role_score,action_effect_score,redundancy_score,signature_len,representative,operator_family,frequency,object_diversity_score,depth_score,reuse_rate,complexity,M2_intervention_score,M3_reuse_score,M4_compression_score,M5_perturbation_centrality_score,M1_original_score,M6_frequency_control_score,M7_random_matched_score,class_a_survives,class_b_survives,class_b_attack_cost,class_b_auc_gns
f7e756cbf1967d2a,"('NormalForm', 'd791', 1)",2,2,1,1,1,2.0,0.0,0.35,0.0,25,"NormalForm(h(c,a))=h(c,a)",NormalForm,0.005681818181818182,0.08,0.05,0.0009718172983479105,3.390625,0.35,0.005699708454810496,0.2831336405529954,0.07973586005830904,0.04172520116618077,0.03392272727272727,0.06514871900564108,True,False,1.0,0.13828
9ed41b9547f24364,"('RewriteDistanceBucket', 0)",352,25,1,1,17,352.0,0.0,0.5999999999999999,0.0,28,"RewriteDistanceBucket(h(c,a))=0",RewriteDistanceBucket,1.0,1.0,0.85,0.17103984450923226,19.4375,0.5999999999999999,0.2081486880466472,25.353054662379417,0.23191137026239064,0.4027194052478134,1.0,0.12222088847194133,True,False,1.0,0.33609999999999995
a1be76363b02b0af,"('CriticalPairParticipation', 2)",60,25,1,1,8,180.0,0.5,0.6499999999999999,0.39999999999999986,32,"CriticalPairParticipation(h(c,a))",CriticalPairParticipation,0.17045454545454544,1.0,0.4,0.08746355685131195,10.5,0.6499999999999999,0.1929737609329446,8.0,0.38562740524781336,0.41631210495626825,0.48568181818181816,0.2868793550027103,True,True,,0.5303
dcdbe327e041bb86,"('ConfluenceWitness', 1)",275,25,1,1,8,2058.0,0.5499999999999999,0.5,0.8104545454545454,24,"ConfluenceWitness(h(c,a))",ConfluenceWitness,0.78125,1.0,0.4,1.0,10.375,0.5,0.859,37.10843373493976,0.6873199999999999,0.7769832,0.864375,0.12437418628315501,True,True,,0.651015
98cac4d07377f26e,"('NormalForm', '2289', 2)",1,1,1,2,2,1.0,0.0,0.35,0.0,25,"NormalForm(q(f(c,b)))=q(f(c,b))",NormalForm,0.002840909090909091,0.04,0.1,0.00048590864917395527,4.390625,0.35,0.01034985422740525,0.1002135231316726,0.08196793002915452,0.04245860058309038,0.016961363636363636,0.055173476121821954,True,False,1.0,0.14374
5024c05ade470bf7,"('CriticalPairParticipation', 3)",44,20,1,2,10,176.0,0.75,0.6499999999999999,0.6000000000000001,32,"CriticalPairParticipation(q(f(c,b)))",CriticalPairParticipation,0.125,0.8,0.5,0.08551992225461613,12.5,0.6499999999999999,0.24657434402332362,4.224000000000001,0.4863556851311953,0.45351370262390667,0.38150000000000006,0.30158781467423473,True,False,2.0,0.4915
c668c6a9304c0162,"('ConfluenceWitness', 0)",225,25,1,2,20,1702.0,0.5499999999999998,0.5,0.8205555555555556,24,"ConfluenceWitness(q(f(c,b)))",ConfluenceWitness,0.6392045454545454,1.0,1.0,0.827016520894072,22.375,0.5,0.7944518950437317,14.078212290502794,0.6563369096209911,0.801817392419825,0.7763068181818182,0.10823293211994839,True,True,,0.7625483333333333
3e854ea0b08e797e,"('NormalForm', 'c792', 1)",55,23,1,1,1,62.0,0.025454545454545455,0.3627272727272729,0.8242424242424241,25,NormalForm(c)=c,NormalForm,0.15625,0.92,0.05,0.03012633624878523,3.390625,0.3627272727272729,0.031272780280943546,21.41198156682028,0.10244729817121657,0.2024435925152399,0.446475,0.08051862452876613,True,False,1.0,0.40707999999999994
b178166e2f2858a1,"('CriticalPairParticipation', 0)",156,25,1,1,1,156.0,0.0,0.65,0.0,32,CriticalPairParticipation(c),CriticalPairParticipation,0.4431818181818182,1.0,0.05,0.07580174927113703,3.5,0.65,0.059577259475218663,62.39999999999999,0.17159708454810496,0.24463769096209914,0.6547727272727273,0.20943516157615644,True,True,,0.3042
80dea615468e5a33,"('NormalForm', '7cf8', 1)",67,24,1,1,1,80.0,0.03880597014925373,0.36940298507462693,0.781094527363184,25,NormalForm(b)=b,NormalForm,0.1903409090909091,0.96,0.05,0.038872691933916424,3.390625,0.36940298507462693,0.0399734128192855,26.874101382488476,0.11209768591445107,0.21607453022931988,0.4828113636363637,0.2151802500236733,True,True,,0.5217808955223879
d66aa465c586a02f,"('NormalForm', '681b', 4)",1,1,1,6,6,3.0,0.4,0.55,0.0,25,"NormalForm(g(q(h(g(c,g(h(c)))))))=g(q(h(g(c,a))))",NormalForm,0.002840909090909091,0.04,0.3,0.0014577259475218659,8.390625,0.55,0.10304956268221574,0.052439478584729984,0.29046379008746354,0.17560140174927114,0.016961363636363636,0.04706385252401228,True,False,1.0,0.21094000000000002
bcd24a707d6de258,"('RewriteDistanceBucket', 2)",28,17,1,2,18,84.0,0.4000000000000001,0.6,0.3333333333333334,28,"RewriteDistanceBucket(g(q(h(g(c,g(h(c)))))))=2",RewriteDistanceBucket,0.07954545454545454,0.68,0.9,0.04081632653061224,20.4375,0.6,0.1913877551020408,1.479633027522936,0.3438661224489796,0.3953880489795919,0.30771818181818184,0.05298532078952966,True,False,2.0,0.44908000000000003
0ce7282c47f47f60,"('Derives', 2, '681b')",1,1,1,6,6,4.0,0.65,0.75,1.0,22,"Derives(g(q(h(g(c,g(h(c)))))),g(q(h(g(c,a)))))",Derives,0.002840909090909091,0.04,0.3,0.001943634596695821,8.34375,0.75,0.148399416909621,0.052734082397003744,0.43123172011661814,0.24374800233236155,0.016961363636363636,0.22875777070912678,True,True,,0.5717399999999999
7bb101d6d8a87056,"('CriticalPairParticipation', 4)",181,25,1,2,20,1121.0,1.0,0.65,0.9303867403314917,32,"CriticalPairParticipation(g(q(h(g(c,g(h(c)))))))",CriticalPairParticipation,0.5142045454545454,1.0,1.0,0.5447035957240038,22.5,0.65,0.6721865889212827,11.26222222222222,0.7656495626822157,0.8013872536443148,0.6988068181818181,0.08105862539996611,True,False,3.0,0.7120193370165746
182e0887eb8193ff,"('NormalForm', 'f0f6', 4)",1,1,1,8,8,3.0,0.4,0.55,0.0,25,"NormalForm(g(f(g(g(a),f(q(p(a),b),g(b))))))=g(f(g(a,f(q(p(a),b),c))))",NormalForm,0.002840909090909091,0.04,0.4,0.0014577259475218659,10.390625,0.55,0.11304956268221575,0.04234586466165414,0.29526379008746356,0.19104940174927115,0.016961363636363636,0.09100194228807398,True,False,1.0,0.22914
c2cfc7bc97bab7f9,"('Derives', 2, 'f0f6')",1,1,1,8,8,4.0,0.65,0.75,1.0,22,"Derives(g(f(g(g(a),f(q(p(a),b),g(b))))),g(f(g(a,f(q(p(a),b),c)))))",Derives,0.002840909090909091,0.04,0.4,0.001943634596695821,10.34375,0.75,0.158399416909621,0.04253776435045317,0.43603172011661806,0.2591960023323615,0.016961363636363636,0.18948794141948944,True,True,,0.5899399999999999
8654c88a259b0707,"('NormalForm', '09cc', 3)",1,1,1,3,3,1.0,0.0,0.35,0.0,25,"NormalForm(h(g(p(c),c)))=h(g(p(c),c))",NormalForm,0.002840909090909091,0.04,0.15,0.00048590864917395527,5.390625,0.35,0.015349854227405247,0.0816231884057971,0.08436793002915452,0.050182600583090375,0.016961363636363636,0.051036986684988114,True,False,1.0,0.15284
fb00a88e3ffacbee,"('NormalForm', '8296', 4)",1,1,1,12,12,4.0,0.6,0.65,0.0,25,"NormalForm(f(h(q(c),c),g(g(q(f(q(b,a),h(b,c))),h(h(g(b)),b)))))=f(h(b,c),g(g(q(f(q(b,a),h(b,c))),h(a,b))))",NormalForm,0.002840909090909091,0.04,0.6,0.001943634596695821,14.390625,0.65,0.169399416909621,0.03057546145494028,0.4043117201166181,0.2730688023323615,0.016961363636363636,0.09188082839099876,True,True,,0.40094
cf798fca1fec8adb,"('RewriteDistanceBucket', 3)",9,8,1,4,17,36.0,0.6,0.6,0.5,28,"RewriteDistanceBucket(f(h(q(c),c),g(g(q(f(q(b,a),h(b,c))),h(h(g(b)),b)))))=3",RewriteDistanceBucket,0.02556818181818182,0.32,0.85,0.01749271137026239,19.4375,0.6,0.20559475218658893,0.3333762057877813,0.4106854810495627,0.3625280209912537,0.13745227272727273,0.2383204863996775,True,True,,0.59372
044cd0850b863da0,"('Derives', 3, '8296')",1,1,1,12,12,5.0,0.65,0.75,1.0,22,"Derives(f(h(q(c),c),g(g(q(f(q(b,a),h(b,c))),h(h(g(b)),b)))),f(h(b,c),g(g(q(f(q(b,a),h(b,c))),h(a,b)))))",Derives,0.002840909090909091,0.04,0.6,0.0024295432458697765,14.34375,0.75,0.1787492711370262,0.030675381263616557,0.4457996501457726,0.2902826029154518,0.016961363636363636,0.3590492133380889,True,True,,0.62634
94491f375cc78cdc,"('NormalForm', '62af', 4)",1,1,1,5,5,1.0,0.0,0.35,0.0,25,"NormalForm(g(h(p(f(g(c),a)))))=g(h(p(f(g(c),a))))",NormalForm,0.002840909090909091,0.04,0.25,0.00048590864917395527,7.390625,0.35,0.02534985422740525,0.059534883720930236,0.08916793002915452,0.06563060058309038,0.016961363636363636,0.05792201600902294,True,False,1.0,0.17104
b1e055ca03f74921,"('NormalForm', '107b', 4)",1,1,1,20,20,2.0,0.2,0.44999999999999996,0.0,25,"NormalForm(g(h(c,q(h(h(f(c,c),p(c)),a),a)),f(q(p(p(g(c,a)),q(p(b,c))),f(q(p(a)),p(q(c)))),h(b))))=g(h(c,q(h(h(f(c,c),p(c)),a),a)),f(q(p(p(g(c,a)),q(p(b,c))),f(q(p(a)),p(b))),h(b)))",NormalForm,0.002840909090909091,0.04,1.0,0.0009718172983479105,22.390625,0.44999999999999996,0.1366997084548105,0.019651081646894625,0.22461586005830902,0.23261400116618078,0.016961363636363636,0.2637755066531991,True,False,1.0,0.32294
9648d053034f356e,"('RewriteDistanceBucket', 1)",106,25,1,1,20,212.0,0.19999999999999998,0.5999999999999999,0.16666666666666669,28,"RewriteDistanceBucket(g(h(c,q(h(h(f(c,c),p(c)),a),a)),f(q(p(p(g(c,a)),q(p(b,c))),f(q(p(a)),p(q(c)))),h(b))))=1",RewriteDistanceBucket,0.30113636363636365,1.0,1.0,0.10301263362487852,22.4375,0.5999999999999999,0.21016909620991253,6.61392757660167,0.292881166180758,0.44442012361516037,0.5667045454545454,0.05966304785795393,True,True,,0.5498999999999999
c858c0cd630ccf57,"('Derives', 1, '107b')",1,1,1,20,20,3.0,0.65,0.75,1.0,22,"Derives(g(h(c,q(h(h(f(c,c),p(c)),a),a)),f(q(p(p(g(c,a)),q(p(b,c))),f(q(p(a)),p(q(c)))),h(b))),g(h(c,q(h(h(f(c,c),p(c)),a),a)),f(q(p(p(g(c,a)),q(p(b,c))),f(q(p(a)),p(b))),h(b))))",Derives,0.002840909090909091,0.04,1.0,0.0014577259475218659,22.34375,0.75,0.21804956268221576,0.019692307692307693,0.4646637900874636,0.3516934017492711,0.016961363636363636,0.0499148062954933,True,False,2.0,0.57914
651bff5d8130258d,"('NormalForm', 'afae', 4)",1,1,1,5,5,1.0,0.0,0.35,0.0,25,"NormalForm(f(f(g(c)),p(p(b))))=f(f(g(c)),p(p(b)))",NormalForm,0.002840909090909091,0.04,0.25,0.00048590864917395527,7.390625,0.35,0.02534985422740525,0.059534883720930236,0.08916793002915452,0.06563060058309038,0.016961363636363636,0.263494649162881,True,True,,0.29103999999999997
f12aa33ce46ee117,"('NormalForm', '40fc', 4)",1,1,1,11,11,2.0,0.2,0.44999999999999996,0.0,25,"NormalForm(f(h(p(c,p(q(f(b,b),b))),q(q(h(p(c),q(c)))))))=f(h(p(c,p(q(f(b,b),b))),q(q(h(p(c),b)))))",NormalForm,0.002840909090909091,0.04,0.55,0.0009718172983479105,13.390625,0.44999999999999996,0.0916997084548105,0.0328588098016336,0.20301586005830902,0.16309800116618078,0.016961363636363636,0.21567665169195654,True,True,,0.36104
ceb80e48f4cdf6ca,"('Derives', 1, '40fc')",1,1,1,11,11,3.0,0.65,0.75,1.0,22,"Derives(f(h(p(c,p(q(f(b,b),b))),q(q(h(p(c),q(c)))))),f(h(p(c,p(q(f(b,b),b))),q(q(h(p(c),b))))))",Derives,0.002840909090909091,0.04,0.55,0.0014577259475218659,13.34375,0.75,0.17304956268221575,0.03297423887587822,0.44306379008746355,0.2821774017492712,0.016961363636363636,0.042855473022079704,True,False,2.0,0.4972399999999999
2042a8b8a3446dbf,"('NormalForm', 'dfc2', 4)",1,1,1,10,10,2.0,0.2,0.44999999999999996,0.0,25,"NormalForm(g(q(q(f(p(h(b,b)))),h(g(p(h(c)))))))=g(q(q(f(p(h(b,b)))),h(g(p(a)))))",NormalForm,0.002840909090909091,0.04,0.5,0.0009718172983479105,12.390625,0.44999999999999996,0.0866997084548105,0.035510718789407314,0.200615860058309,0.15537400116618078,0.016961363636363636,0.08559771678138099,True,False,1.0,0.23194
7322212f44f559a5,"('Derives', 1, 'dfc2')",1,1,1,10,10,3.0,0.65,0.75,1.0,22,"Derives(g(q(q(f(p(h(b,b)))),h(g(p(h(c)))))),g(q(q(f(p(h(b,b)))),h(g(p(a))))))",Derives,0.002840909090909091,0.04,0.5,0.0014577259475218659,12.34375,0.75,0.16804956268221574,0.03564556962025316,0.4406637900874636,0.27445340174927113,0.016961363636363636,0.2225613764371453,True,True,,0.60814
49b2d3e392d21551,"('NormalForm', '2519', 4)",1,1,1,8,8,2.0,0.2,0.44999999999999996,0.0,25,"NormalForm(f(g(f(q(p(g(a,c))),q(f(a))))))=f(g(f(q(p(g(a,c))),q(b))))",NormalForm,0.002840909090909091,0.04,0.4,0.0009718172983479105,10.390625,0.44999999999999996,0.0766997084548105,0.04234586466165414,0.19581586005830903,0.13992600116618079,0.016961363636363636,0.21057240796581211,True,False,1.0,0.21374
79ad628d4c9611e4,"('Derives', 1, '2519')",1,1,1,8,8,3.0,0.65,0.75,1.0,22,"Derives(f(g(f(q(p(g(a,c))),q(f(a))))),f(g(f(q(p(g(a,c))),q(b)))))",Derives,0.002840909090909091,0.04,0.4,0.0014577259475218659,10.34375,0.75,0.15804956268221576,0.04253776435045317,0.43586379008746357,0.2590054017492711,0.016961363636363636,0.05148628621778354,True,True,,0.5899399999999999
31a85279e5019649,"('NormalForm', 'b6f9', 4)",1,1,1,5,5,1.0,0.0,0.35,0.0,25,"NormalForm(p(f(c),h(q(q(a)),b)))=p(f(c),h(q(q(a)),b))",NormalForm,0.002840909090909091,0.04,0.25,0.00048590864917395527,7.390625,0.35,0.02534985422740525,0.059534883720930236,0.08916793002915452,0.06563060058309038,0.016961363636363636,0.22191508975112828,True,False,1.0,0.17104
9e0a98b152fc5852,"('NormalForm', '3247', 1)",61,21,1,1,1,68.0,0.02295081967213115,0.36147540983606563,0.6120218579234971,25,NormalForm(a)=a,NormalForm,0.17329545454545456,0.84,0.05,0.03304178814382896,3.390625,0.36147540983606563,0.03292123500454046,22.30857142857143,0.10221202886775321,0.1893495871911294,0.42664318181818184,0.2897694862959055,True,False,1.0,0.3505842622950819
8724d9a1c6968e3d,"('NormalForm', '4398', 4)",1,1,1,5,5,2.0,0.2,0.44999999999999996,0.0,25,"NormalForm(p(q(q(p(c)),g(a))))=p(q(q(p(c)),a))",NormalForm,0.002840909090909091,0.04,0.25,0.0009718172983479105,7.390625,0.44999999999999996,0.061699708454810494,0.059534883720930236,0.18861586005830902,0.11675400116618076,0.016961363636363636,0.27278579016959226,True,False,1.0,0.18644
5c4225e5acfb954e,"('Derives', 1, '4398')",1,1,1,5,5,3.0,0.65,0.75,1.0,22,"Derives(p(q(q(p(c)),g(a))),p(q(q(p(c)),a)))",Derives,0.002840909090909091,0.04,0.25,0.0014577259475218659,7.34375,0.75,0.14304956268221575,0.05991489361702128,0.4286637900874636,0.23583340174927114,0.016961363636363636,0.14323088817005494,True,False,2.0,0.44264
fd396cc74b32f2ce,"('NormalForm', 'd936', 4)",1,1,1,4,4,4.0,0.6,0.65,0.0,25,"NormalForm(g(g(b),g(g(a))))=g(c,a)",NormalForm,0.002840909090909091,0.04,0.2,0.001943634596695821,6.390625,0.65,0.12939941690962098,0.06885085574572126,0.3851117201166181,0.21127680233236154,0.016961363636363636,0.056968010791661805,True,False,1.0,0.20814
b08a388580e009d4,"('Derives', 3, 'd936')",1,1,1,4,4,5.0,0.65,0.75,0.5,22,"Derives(g(g(b),g(g(a))),g(c,a))",Derives,0.002840909090909091,0.04,0.2,0.0024295432458697765,6.34375,0.75,0.13874927113702623,0.06935960591133004,0.4265996501457726,0.2284906029154519,0.016961363636363636,0.2248929012728197,True,True,,0.43804
d8e8f0cd6c418f55,"('NormalForm', '4b85', 4)",1,1,1,5,5,1.0,0.0,0.35,0.0,25,NormalForm(f(h(f(p(f(b))))))=f(h(f(p(f(b))))),NormalForm,0.002840909090909091,0.04,0.25,0.00048590864917395527,7.390625,0.35,0.02534985422740525,0.059534883720930236,0.08916793002915452,0.06563060058309038,0.016961363636363636,0.12150228563668078,True,False,1.0,0.17104
a3cd3de5525f1466,"('NormalForm', '2ded', 4)",1,1,1,4,4,1.0,0.0,0.35,0.0,25,"NormalForm(g(h(g(p(a),b))))=g(h(g(p(a),b)))",NormalForm,0.002840909090909091,0.04,0.2,0.00048590864917395527,6.390625,0.35,0.02034985422740525,0.06885085574572126,0.08676793002915452,0.057906600583090384,0.016961363636363636,0.03922441907256174,True,False,1.0,0.16194
2116c1ff0d36623f,"('NormalForm', '87bb', 2)",1,1,1,2,2,2.0,0.2,0.44999999999999996,0.0,25,"NormalForm(f(f(b),a))=f(c,a)",NormalForm,0.002840909090909091,0.04,0.1,0.0009718172983479105,4.390625,0.44999999999999996,0.046699708454810494,0.1002135231316726,0.181415860058309,0.09358200116618076,0.016961363636363636,0.22823052316693387,True,False,1.0,0.15914
cf8900d225d3878c,"('Derives', 1, '87bb')",1,1,1,2,2,3.0,0.65,0.75,0.5,22,"Derives(f(f(b),a),f(c,a))",Derives,0.002840909090909091,0.04,0.1,0.0014577259475218659,4.34375,0.75,0.12804956268221573,0.10129496402877698,0.4214637900874636,0.21266140174927117,0.016961363636363636,0.054046057272460576,True,True,,0.41984
14d718f1e9e767ed,"('Derives', 1, 'c792')",7,7,1,1,1,21.0,0.65,0.75,0.42857142857142855,22,"Derives(g(b),c)",Derives,0.019886363636363636,0.28,0.05,0.01020408163265306,3.34375,0.75,0.1293469387755102,1.423551401869159,0.4220865306122449,0.24916821224489796,0.11872954545454546,0.04116970386229034,True,True,,0.41608
ec958c2cb1c5e521,"('CriticalPairParticipation', 1)",59,21,1,1,3,118.0,0.25,0.6499999999999999,0.19999999999999996,32,CriticalPairParticipation(g(b)),CriticalPairParticipation,0.16761363636363635,0.84,0.15,0.057337220602526724,5.5,0.6499999999999999,0.10128279883381923,13.30181818181818,0.2666157434402332,0.28215886880466473,0.42312045454545455,0.26737498658010084,True,True,,0.38904
ad31596f6c3d2c62,"('NormalForm', '2722', 2)",1,1,1,2,2,1.0,0.0,0.35,0.0,25,NormalForm(q(f(c)))=q(f(c)),NormalForm,0.002840909090909091,0.04,0.1,0.00048590864917395527,4.390625,0.35,0.01034985422740525,0.1002135231316726,0.08196793002915452,0.04245860058309038,0.016961363636363636,0.11401187170495235,True,False,1.0,0.14374
6ac6f05424f551ca,"('NormalForm', '40b9', 4)",1,1,1,6,6,2.0,0.2,0.44999999999999996,0.0,25,"NormalForm(f(p(f(f(h(a,a)),h(b)))))=f(p(f(f(h(a,a)),b)))",NormalForm,0.002840909090909091,0.04,0.3,0.0009718172983479105,8.390625,0.44999999999999996,0.06669970845481049,0.052439478584729984,0.191015860058309,0.12447800116618074,0.016961363636363636,0.15988896280889428,True,False,1.0,0.19554
59ea011794238262,"('Derives', 1, '40b9')",1,1,1,6,6,3.0,0.65,0.75,1.0,22,"Derives(f(p(f(f(h(a,a)),h(b)))),f(p(f(f(h(a,a)),b))))",Derives,0.002840909090909091,0.04,0.3,0.0014577259475218659,8.34375,0.75,0.14804956268221575,0.052734082397003744,0.43106379008746354,0.24355740174927115,0.016961363636363636,0.3903439029034307,True,False,2.0,0.45174
fc63e4776a7126f3,"('NormalForm', '88f2', 2)",1,1,1,2,2,2.0,0.2,0.44999999999999996,0.0,25,NormalForm(h(q(c)))=h(b),NormalForm,0.002840909090909091,0.04,0.1,0.0009718172983479105,4.390625,0.44999999999999996,0.046699708454810494,0.1002135231316726,0.181415860058309,0.09358200116618076,0.016961363636363636,0.05223427503636225,True,False,1.0,0.15914
1719de838ca442fa,"('Derives', 1, '88f2')",1,1,1,2,2,3.0,0.65,0.75,0.5,22,"Derives(h(q(c)),h(b))",Derives,0.002840909090909091,0.04,0.1,0.0014577259475218659,4.34375,0.75,0.12804956268221573,0.10129496402877698,0.4214637900874636,0.21266140174927117,0.016961363636363636,0.24451185801895797,True,False,1.0,0.29984
6d8756490b7c4291,"('NormalForm', 'd2b1', 4)",1,1,1,4,4,1.0,0.0,0.35,0.0,25,"NormalForm(g(q(h(p(a,a))),a))=g(q(h(p(a,a))),a)",NormalForm,0.002840909090909091,0.04,0.2,0.00048590864917395527,6.390625,0.35,0.02034985422740525,0.06885085574572126,0.08676793002915452,0.057906600583090384,0.016961363636363636,0.2706276778605228,True,False,1.0,0.16194
bb2bc60510a704f7,"('NormalForm', '23f6', 1)",11,9,1,1,1,11.0,0.0,0.35000000000000003,0.0,25,NormalForm(f(c))=f(c),NormalForm,0.03125,0.36,0.05,0.005344995140913508,3.390625,0.35000000000000003,0.008848396501457727,2.4656221198156683,0.08124723032069972,0.09104060641399418,0.156175,0.4160372475809923,True,True,,0.28376
0a814dfc5e5070be,"('NormalForm', 'd968', 1)",4,3,1,1,1,4.0,0.0,0.35,0.0,25,NormalForm(p(b))=p(b),NormalForm,0.011363636363636364,0.12,0.05,0.001943634596695821,3.390625,0.35,0.006399416909620992,0.6134562211981567,0.08007172011661808,0.048906402332361515,0.05264545454545455,0.21031085813789804,True,False,1.0,0.14192
d98dbc439254db23,"('NormalForm', 'a2c8', 1)",1,1,1,1,1,1.0,0.0,0.35,0.0,25,"NormalForm(h(b,c))=h(b,c)",NormalForm,0.002840909090909091,0.04,0.05,0.00048590864917395527,3.390625,0.35,0.0053498542274052485,0.12976958525345622,0.07956793002915452,0.034734600583090386,0.016961363636363636,0.07058703572188771,True,False,1.0,0.13463999999999998
cf259a7246ce94f2,"('NormalForm', 'c792', 2)",2,2,1,2,2,6.0,0.4,0.55,1.0,25,NormalForm(g(f(a)))=c,NormalForm,0.005681818181818182,0.08,0.1,0.0029154518950437317,4.390625,0.55,0.08409912536443148,0.21864768683274022,0.28136758017492713,0.1520772034985423,0.03392272727272727,0.2402193658948104,True,False,1.0,0.40918
e553fd52713d73c6,"('Derives', 2, 'c792')",2,2,1,2,2,8.0,0.65,0.75,1.0,22,"Derives(g(f(a)),c)",Derives,0.005681818181818182,0.08,0.1,0.003887269193391642,4.34375,0.75,0.12979883381924198,0.22100719424460433,0.4223034402332362,0.22041440466472303,0.03392272727272727,0.2149672632282573,True,True,,0.53898
469f115aafd16a2a,"('NormalForm', 'fad3', 4)",1,1,1,5,5,1.0,0.0,0.35,0.0,25,NormalForm(q(h(h(q(g(c))))))=q(h(h(q(g(c))))),NormalForm,0.002840909090909091,0.04,0.25,0.00048590864917395527,7.390625,0.35,0.02534985422740525,0.059534883720930236,0.08916793002915452,0.06563060058309038,0.016961363636363636,0.23940575942313227,True,False,1.0,0.17104
88bb73d2adb12cd8,"('NormalForm', '3e35', 4)",1,1,1,8,8,1.0,0.0,0.35,0.0,25,"NormalForm(p(p(p(c),g(h(p(q(b,b)),p(c))))))=p(p(p(c),g(h(p(q(b,b)),p(c)))))",NormalForm,0.002840909090909091,0.04,0.4,0.00048590864917395527,10.390625,0.35,0.04034985422740526,0.04234586466165414,0.09636793002915453,0.08880260058309039,0.016961363636363636,0.1447674363488815,True,True,,0.31833999999999996
50f9916810b9f186,"('NormalForm', '8fd7', 3)",1,1,1,3,3,1.0,0.0,0.35,0.0,25,"NormalForm(p(q(h(a),a)))=p(q(h(a),a))",NormalForm,0.002840909090909091,0.04,0.15,0.00048590864917395527,5.390625,0.35,0.015349854227405247,0.0816231884057971,0.08436793002915452,0.050182600583090375,0.016961363636363636,0.06573056487947776,True,False,1.0,0.15284
865d294d873e5b7f,"('NormalForm', '16c4', 4)",1,1,1,7,7,3.0,0.4,0.55,0.0,25,"NormalForm(h(f(g(f(a)),g(a,h(b,g(c))))))=h(f(c,g(a,h(b,g(c)))))",NormalForm,0.002840909090909091,0.04,0.35,0.0014577259475218659,9.390625,0.55,0.10804956268221574,0.04685524126455907,0.29286379008746355,0.18332540174927114,0.016961363636363636,0.13258016677458068,True,False,1.0,0.22004
ee676f6e7cfd3b00,"('Derives', 2, '16c4')",1,1,1,7,7,4.0,0.65,0.75,1.0,22,"Derives(h(f(g(f(a)),g(a,h(b,g(c))))),h(f(c,g(a,h(b,g(c))))))",Derives,0.002840909090909091,0.04,0.35,0.001943634596695821,9.34375,0.75,0.15339941690962097,0.04709030100334448,0.4336317201166181,0.25147200233236155,0.016961363636363636,0.2242890823794624,True,True,,0.58084
0ffce0ea9bc9f8f1,"('NormalForm', '846f', 3)",1,1,1,3,3,1.0,0.0,0.35,0.0,25,"NormalForm(g(q(b,p(c))))=g(q(b,p(c)))",NormalForm,0.002840909090909091,0.04,0.15,0.00048590864917395527,5.390625,0.35,0.015349854227405247,0.0816231884057971,0.08436793002915452,0.050182600583090375,0.016961363636363636,0.04093781216766441,True,False,1.0,0.15284
db89977cfe1e8054,"('NormalForm', '081a', 1)",2,2,1,1,1,2.0,0.0,0.35,0.0,25,NormalForm(q(a))=q(a),NormalForm,0.005681818181818182,0.08,0.05,0.0009718172983479105,3.390625,0.35,0.005699708454810496,0.2831336405529954,0.07973586005830904,0.04172520116618077,0.03392272727272727,0.2984536967289168,True,True,,0.25827999999999995
1eca790980aa9c48,"('NormalForm', 'bbdf', 2)",1,1,1,2,2,2.0,0.2,0.44999999999999996,0.0,25,NormalForm(f(q(c)))=f(b),NormalForm,0.002840909090909091,0.04,0.1,0.0009718172983479105,4.390625,0.44999999999999996,0.046699708454810494,0.1002135231316726,0.181415860058309,0.09358200116618076,0.016961363636363636,0.20878136153720098,True,False,1.0,0.15914
36f8b538e0d95a45,"('Derives', 1, 'bbdf')",1,1,1,2,2,3.0,0.65,0.75,0.5,22,"Derives(f(q(c)),f(b))",Derives,0.002840909090909091,0.04,0.1,0.0014577259475218659,4.34375,0.75,0.12804956268221573,0.10129496402877698,0.4214637900874636,0.21266140174927117,0.016961363636363636,0.15168889794107218,True,False,1.0,0.29984
f45461d75c3f8e54,"('Derives', 1, '3247')",7,7,1,1,1,21.0,0.65,0.75,0.42857142857142855,22,"Derives(g(a),a)",Derives,0.019886363636363636,0.28,0.05,0.01020408163265306,3.34375,0.75,0.1293469387755102,1.423551401869159,0.4220865306122449,0.24916821224489796,0.11872954545454546,0.12429879286266338,True,True,,0.41608
7b53a3058da38c2e,"('NormalForm', '9edb', 4)",1,1,1,7,7,1.0,0.0,0.35,0.0,25,"NormalForm(g(h(g(a),h(p(h(b,c),q(b)))),c))=g(h(g(a),h(p(h(b,c),q(b)))),c)",NormalForm,0.002840909090909091,0.04,0.35,0.00048590864917395527,9.390625,0.35,0.03534985422740525,0.04685524126455907,0.09396793002915452,0.08107860058309038,0.016961363636363636,0.05340161400931355,True,False,1.0,0.18924
13c791d8b21c1a41,"('NormalForm', 'cc98', 4)",1,1,1,19,19,5.0,0.8,0.75,0.0,25,"NormalForm(h(f(p(g(p(a)))),g(g(p(g(p(a,b),g(c)),g(f(a)))),p(c,q(h(b),p(p(c),q(b)))))))=h(f(p(g(p(a)))),g(g(p(g(c,g(c)),c)),p(c,q(b,p(p(c),q(b))))))",NormalForm,0.002840909090909091,0.04,0.95,0.0024295432458697765,21.390625,0.75,0.24074927113702624,0.020569758948137326,0.5205596501457725,0.3782602029154519,0.016961363636363636,0.10034360740151155,True,False,1.0,0.36003999999999997
8d09fde4d07db401,"('RewriteDistanceBucket', 4)",3,3,1,14,19,15.0,0.8000000000000002,0.6,0.6666666666666666,28,"RewriteDistanceBucket(h(f(p(g(p(a)))),g(g(p(g(p(a,b),g(c)),g(f(a)))),p(c,q(h(b),p(p(c),q(b)))))))=4",RewriteDistanceBucket,0.008522727272727272,0.12,0.95,0.007288629737609329,21.4375,0.6,0.24424781341107873,0.07276967930029155,0.48923895043731785,0.3851862087463558,0.05088409090909091,0.03535664589007029,True,True,,0.6602199999999999
7e3cd37724f878b7,"('Derives', 4, 'cc98')",1,1,1,19,19,6.0,0.65,0.75,1.0,22,"Derives(h(f(p(g(p(a)))),g(g(p(g(p(a,b),g(c)),g(f(a)))),p(c,q(h(b),p(p(c),q(b)))))),h(f(p(g(p(a)))),g(g(p(g(c,g(c)),c)),p(c,q(b,p(p(c),q(b)))))))",Derives,0.002840909090909091,0.04,0.95,0.0029154518950437317,21.34375,0.75,0.2140991253644315,0.02061493411420205,0.46276758017492714,0.3445412034985422,0.016961363636363636,0.046394503726303965,True,True,,0.6900399999999999
a63b4484e7d71923,"('NormalForm', 'dca5', 4)",1,1,1,8,8,1.0,0.0,0.35,0.0,25,"NormalForm(q(q(p(q(p(p(c,a)),p(c)),p(c))),b))=q(q(p(q(p(p(c,a)),p(c)),p(c))),b)",NormalForm,0.002840909090909091,0.04,0.4,0.00048590864917395527,10.390625,0.35,0.04034985422740526,0.04234586466165414,0.09636793002915453,0.08880260058309039,0.016961363636363636,0.05425404004400933,True,False,1.0,0.19834
8a8a4d0419f45b15,"('NormalForm', '3055', 4)",1,1,1,5,5,1.0,0.0,0.35,0.0,25,NormalForm(h(g(g(h(f(b))))))=h(g(g(h(f(b))))),NormalForm,0.002840909090909091,0.04,0.25,0.00048590864917395527,7.390625,0.35,0.02534985422740525,0.059534883720930236,0.08916793002915452,0.06563060058309038,0.016961363636363636,0.09323964453119388,True,False,1.0,0.17104
2b7a0311758ba8a4,"('NormalForm', 'bbdf', 1)",2,2,1,1,1,2.0,0.0,0.35,0.0,25,NormalForm(f(b))=f(b),NormalForm,0.005681818181818182,0.08,0.05,0.0009718172983479105,3.390625,0.35,0.005699708454810496,0.2831336405529954,0.07973586005830904,0.04172520116618077,0.03392272727272727,0.29147101340075066,True,True,,0.25827999999999995
361cdbcd9b224c79,"('Derives', 1, '7cf8')",13,11,1,1,1,39.0,0.6500000000000001,0.75,0.3269230769230769,22,"Derives(q(c),b)",Derives,0.036931818181818184,0.44,0.05,0.018950437317784258,3.34375,0.75,0.13564431486880468,3.265794392523365,0.42510927113702635,0.2797990227405248,0.19009772727272728,0.31660452136379935,True,True,,0.4071592307692308
e322e7426f1c8b05,"('NormalForm', 'c534', 4)",1,1,1,7,7,2.0,0.2,0.44999999999999996,0.0,25,"NormalForm(p(g(b,c),p(q(q(p(a,f(b)))))))=p(g(b,c),p(q(q(p(a,c)))))",NormalForm,0.002840909090909091,0.04,0.35,0.0009718172983479105,9.390625,0.44999999999999996,0.0716997084548105,0.04685524126455907,0.19341586005830902,0.13220200116618075,0.016961363636363636,0.2580292847311537,True,False,1.0,0.20464000000000002
8ef0e9857ebeeea8,"('Derives', 1, 'c534')",1,1,1,7,7,3.0,0.65,0.75,1.0,22,"Derives(p(g(b,c),p(q(q(p(a,f(b)))))),p(g(b,c),p(q(q(p(a,c))))))",Derives,0.002840909090909091,0.04,0.35,0.0014577259475218659,9.34375,0.75,0.15304956268221573,0.04709030100334448,0.4334637900874636,0.25128140174927116,0.016961363636363636,0.2104621814202874,True,True,,0.58084
45cb21db5e97bafd,"('NormalForm', 'a266', 3)",1,1,1,3,3,1.0,0.0,0.35,0.0,25,NormalForm(p(f(f(c))))=p(f(f(c))),NormalForm,0.002840909090909091,0.04,0.15,0.00048590864917395527,5.390625,0.35,0.015349854227405247,0.0816231884057971,0.08436793002915452,0.050182600583090375,0.016961363636363636,0.13010474682334655,True,False,1.0,0.15284
609152de1449f774,"('NormalForm', '88f2', 1)",2,2,1,1,1,2.0,0.0,0.35,0.0,25,NormalForm(h(b))=h(b),NormalForm,0.005681818181818182,0.08,0.05,0.0009718172983479105,3.390625,0.35,0.005699708454810496,0.2831336405529954,0.07973586005830904,0.04172520116618077,0.03392272727272727,0.18213792769478074,True,False,1.0,0.13828
dd938382ee028c33,"('NormalForm', '5151', 2)",1,1,1,2,2,1.0,0.0,0.35,0.0,25,NormalForm(q(p(c)))=q(p(c)),NormalForm,0.002840909090909091,0.04,0.1,0.00048590864917395527,4.390625,0.35,0.01034985422740525,0.1002135231316726,0.08196793002915452,0.04245860058309038,0.016961363636363636,0.11259239789891651,True,False,1.0,0.14374
6769960516515df2,"('NormalForm', 'e9c9', 2)",3,3,1,2,2,3.0,0.0,0.3499999999999999,0.0,25,NormalForm(f(q(b)))=f(q(b)),NormalForm,0.008522727272727272,0.12,0.1,0.0014577259475218659,4.390625,0.3499999999999999,0.011049562682215745,0.35530249110320283,0.08230379008746354,0.056439801749271136,0.05088409090909091,0.25061841216914854,True,True,,0.27102
4ef6e46b65977a1d,"('NormalForm', '9a04', 4)",1,1,1,11,11,1.0,0.0,0.35,0.0,25,"NormalForm(h(p(h(q(a),f(q(f(a,a)))),p(q(f(q(a)))))))=h(p(h(q(a),f(q(f(a,a)))),p(q(f(q(a))))))",NormalForm,0.002840909090909091,0.04,0.55,0.00048590864917395527,13.390625,0.35,0.05534985422740526,0.0328588098016336,0.10356793002915451,0.11197460058309039,0.016961363636363636,0.2517262332225253,True,False,1.0,0.22564
191d1f35b96de166,"('NormalForm', '9afa', 4)",1,1,1,8,8,3.0,0.4,0.55,0.0,25,"NormalForm(q(f(p(h(q(g(a))))),q(h(c))))=q(f(p(h(q(a)))),q(a))",NormalForm,0.002840909090909091,0.04,0.4,0.0014577259475218659,10.390625,0.55,0.11304956268221575,0.04234586466165414,0.29526379008746356,0.19104940174927115,0.016961363636363636,0.11109962968443288,True,False,1.0,0.22914
514f18d8a0fdf59d,"('Derives', 2, '9afa')",1,1,1,8,8,4.0,0.65,0.75,1.0,22,"Derives(q(f(p(h(q(g(a))))),q(h(c))),q(f(p(h(q(a)))),q(a)))",Derives,0.002840909090909091,0.04,0.4,0.001943634596695821,10.34375,0.75,0.158399416909621,0.04253776435045317,0.43603172011661806,0.2591960023323615,0.016961363636363636,0.0669082755600891,True,False,2.0,0.46993999999999997
db6d5823cccc9ddc,"('NormalForm', 'fd54', 3)",1,1,1,3,3,1.0,0.0,0.35,0.0,25,"NormalForm(p(f(g(a,b))))=p(f(g(a,b)))",NormalForm,0.002840909090909091,0.04,0.15,0.00048590864917395527,5.390625,0.35,0.015349854227405247,0.0816231884057971,0.08436793002915452,0.050182600583090375,0.016961363636363636,0.11964424609310487,True,False,1.0,0.15284
a4cf2b565b66b46f,"('NormalForm', 'b84a', 4)",1,1,1,5,5,2.0,0.2,0.44999999999999996,0.0,25,"NormalForm(q(f(h(b),f(f(b)))))=q(f(b,f(f(b))))",NormalForm,0.002840909090909091,0.04,0.25,0.0009718172983479105,7.390625,0.44999999999999996,0.061699708454810494,0.059534883720930236,0.18861586005830902,0.11675400116618076,0.016961363636363636,0.2838622171801454,True,True,,0.30644
2c8fadfbe0c1bd1b,"('Derives', 1, 'b84a')",1,1,1,5,5,3.0,0.65,0.75,1.0,22,"Derives(q(f(h(b),f(f(b)))),q(f(b,f(f(b)))))",Derives,0.002840909090909091,0.04,0.25,0.0014577259475218659,7.34375,0.75,0.14304956268221575,0.05991489361702128,0.4286637900874636,0.23583340174927114,0.016961363636363636,0.011845730489629842,True,False,2.0,0.44264
1dd4eec0292622af,"('NormalForm', 'a547', 4)",1,1,1,4,4,2.0,0.2,0.44999999999999996,0.0,25,"NormalForm(f(g(f(q(c))),a))=f(g(f(b)),a)",NormalForm,0.002840909090909091,0.04,0.2,0.0009718172983479105,6.390625,0.44999999999999996,0.056699708454810496,0.06885085574572126,0.18621586005830904,0.10903000116618075,0.016961363636363636,0.06422506198944446,True,False,1.0,0.17734
0f285cc33b5e415a,"('Derives', 1, 'a547')",1,1,1,4,4,3.0,0.65,0.75,0.75,22,"Derives(f(g(f(q(c))),a),f(g(f(b)),a))",Derives,0.002840909090909091,0.04,0.2,0.0014577259475218659,6.34375,0.75,0.13804956268221574,0.06935960591133004,0.4262637900874636,0.22810940174927116,0.016961363636363636,0.031745527748664286,True,True,,0.49578999999999995
01976e3cb4536b8f,"('NormalForm', 'da0d', 4)",1,1,1,8,8,4.0,0.6,0.65,0.0,25,"NormalForm(q(f(h(h(g(f(b),h(b))),q(c)))))=q(f(h(h(g(c,b)),b)))",NormalForm,0.002840909090909091,0.04,0.4,0.001943634596695821,10.390625,0.65,0.149399416909621,0.04234586466165414,0.3947117201166181,0.24217280233236152,0.016961363636363636,0.03556532232602419,True,False,1.0,0.24454
c4777c1f61e2de50,"('Derives', 3, 'da0d')",1,1,1,8,8,5.0,0.65,0.75,1.0,22,"Derives(q(f(h(h(g(f(b),h(b))),q(c)))),q(f(h(h(g(c,b)),b))))",Derives,0.002840909090909091,0.04,0.4,0.0024295432458697765,10.34375,0.75,0.15874927113702625,0.04253776435045317,0.43619965014577267,0.2593866029154519,0.016961363636363636,0.8076338954914837,True,False,2.0,0.46993999999999997
01b5a9d61ec33174,"('NormalForm', '1cbd', 4)",1,1,1,4,4,2.0,0.2,0.44999999999999996,0.0,25,"NormalForm(f(h(h(g(b),a))))=f(h(h(c,a)))",NormalForm,0.002840909090909091,0.04,0.2,0.0009718172983479105,6.390625,0.44999999999999996,0.056699708454810496,0.06885085574572126,0.18621586005830904,0.10903000116618075,0.016961363636363636,0.07474368506782125,True,True,,0.29734
47e37912a8758990,"('Derives', 1, '1cbd')",1,1,1,4,4,3.0,0.65,0.75,1.0,22,"Derives(f(h(h(g(b),a))),f(h(h(c,a))))",Derives,0.002840909090909091,0.04,0.2,0.0014577259475218659,6.34375,0.75,0.13804956268221574,0.06935960591133004,0.4262637900874636,0.22810940174927116,0.016961363636363636,0.04155702999716945,True,True,,0.5535399999999999
e751d6b5404eb099,"('NormalForm', '77df', 4)",1,1,1,6,6,1.0,0.0,0.35,0.0,25,"NormalForm(h(p(q(g(f(q(a,c),a))),b)))=h(p(q(g(f(q(a,c),a))),b))",NormalForm,0.002840909090909091,0.04,0.3,0.00048590864917395527,8.390625,0.35,0.030349854227405246,0.052439478584729984,0.09156793002915452,0.07335460058309037,0.016961363636363636,0.2905872132248457,True,True,,0.30013999999999996
66a495d0dba1c760,"('NormalForm', '63a0', 4)",1,1,1,5,5,1.0,0.0,0.35,0.0,25,"NormalForm(h(f(q(a,b)),f(f(b))))=h(f(q(a,b)),f(f(b)))",NormalForm,0.002840909090909091,0.04,0.25,0.00048590864917395527,7.390625,0.35,0.02534985422740525,0.059534883720930236,0.08916793002915452,0.06563060058309038,0.016961363636363636,0.034341340994885824,True,False,1.0,0.17104
90234e8cef9a0d31,"('NormalForm', 'f04d', 4)",1,1,1,7,7,2.0,0.2,0.44999999999999996,0.0,25,"NormalForm(g(p(f(c,h(p(c),p(q(c)))),c)))=g(p(f(c,h(p(c),p(b))),c))",NormalForm,0.002840909090909091,0.04,0.35,0.0009718172983479105,9.390625,0.44999999999999996,0.0716997084548105,0.04685524126455907,0.19341586005830902,0.13220200116618075,0.016961363636363636,0.27300171576481963,True,True,,0.32464000000000004
25755188a0ae6d4e,"('Derives', 1, 'f04d')",1,1,1,7,7,3.0,0.65,0.75,1.0,22,"Derives(g(p(f(c,h(p(c),p(q(c)))),c)),g(p(f(c,h(p(c),p(b))),c)))",Derives,0.002840909090909091,0.04,0.35,0.0014577259475218659,9.34375,0.75,0.15304956268221573,0.04709030100334448,0.4334637900874636,0.25128140174927116,0.016961363636363636,0.09991287483513552,True,False,2.0,0.46083999999999997
9ac6792bd53e0522,"('NormalForm', 'a449', 4)",1,1,1,10,10,2.0,0.2,0.44999999999999996,0.0,25,"NormalForm(f(f(p(q(f(q(c),f(b)),f(h(a,c),p(b)))))))=f(f(p(q(f(b,f(b)),f(h(a,c),p(b))))))",NormalForm,0.002840909090909091,0.04,0.5,0.0009718172983479105,12.390625,0.44999999999999996,0.0866997084548105,0.035510718789407314,0.200615860058309,0.15537400116618078,0.016961363636363636,0.03207842016096289,True,False,1.0,0.23194
f5d0a2ea94b2d687,"('Derives', 1, 'a449')",1,1,1,10,10,3.0,0.65,0.75,1.0,22,"Derives(f(f(p(q(f(q(c),f(b)),f(h(a,c),p(b)))))),f(f(p(q(f(b,f(b)),f(h(a,c),p(b)))))))",Derives,0.002840909090909091,0.04,0.5,0.0014577259475218659,12.34375,0.75,0.16804956268221574,0.03564556962025316,0.4406637900874636,0.27445340174927113,0.016961363636363636,0.239605529593562,True,False,2.0,0.48814
3555c8d834616284,"('NormalForm', '4da5', 4)",1,1,1,4,4,1.0,0.0,0.35,0.0,25,"NormalForm(h(p(f(c,f(a,a))),a))=h(p(f(c,f(a,a))),a)",NormalForm,0.002840909090909091,0.04,0.2,0.00048590864917395527,6.390625,0.35,0.02034985422740525,0.06885085574572126,0.08676793002915452,0.057906600583090384,0.016961363636363636,0.23475761089925748,True,False,1.0,0.16194
c364312fcddbfa4e,"('NormalForm', 'e66a', 4)",1,1,1,6,6,2.0,0.2,0.44999999999999996,0.0,25,"NormalForm(h(p(p(h(p(b),f(b))))))=h(p(p(h(p(b),c))))",NormalForm,0.002840909090909091,0.04,0.3,0.0009718172983479105,8.390625,0.44999999999999996,0.06669970845481049,0.052439478584729984,0.191015860058309,0.12447800116618074,0.016961363636363636,0.15128789940139162,True,False,1.0,0.19554
192c21bfbb02f3c3,"('Derives', 1, 'e66a')",1,1,1,6,6,3.0,0.65,0.75,1.0,22,"Derives(h(p(p(h(p(b),f(b))))),h(p(p(h(p(b),c)))))",Derives,0.002840909090909091,0.04,0.3,0.0014577259475218659,8.34375,0.75,0.14804956268221575,0.052734082397003744,0.43106379008746354,0.24355740174927115,0.016961363636363636,0.07446694432702299,True,False,2.0,0.45174
23093a724cd711bb,"('NormalForm', '672f', 4)",1,1,1,7,7,3.0,0.4,0.55,0.0,25,"NormalForm(h(h(q(h(h(a),q(c)),g(b))),b))=h(h(q(h(h(a),b),c)),b)",NormalForm,0.002840909090909091,0.04,0.35,0.0014577259475218659,9.390625,0.55,0.10804956268221574,0.04685524126455907,0.29286379008746355,0.18332540174927114,0.016961363636363636,0.06051363275273923,True,False,1.0,0.22004
78245d03f3896c0e,"('Derives', 2, '672f')",1,1,1,7,7,4.0,0.65,0.75,1.0,22,"Derives(h(h(q(h(h(a),q(c)),g(b))),b),h(h(q(h(h(a),b),c)),b))",Derives,0.002840909090909091,0.04,0.35,0.001943634596695821,9.34375,0.75,0.15339941690962097,0.04709030100334448,0.4336317201166181,0.25147200233236155,0.016961363636363636,0.08695039673301373,True,False,2.0,0.46083999999999997
ff912a5f3f791a32,"('NormalForm', '6512', 2)",1,1,1,2,2,1.0,0.0,0.35,0.0,25,"NormalForm(q(a,g(c)))=q(a,g(c))",NormalForm,0.002840909090909091,0.04,0.1,0.00048590864917395527,4.390625,0.35,0.01034985422740525,0.1002135231316726,0.08196793002915452,0.04245860058309038,0.016961363636363636,0.2598941495934823,True,False,1.0,0.14374
b3c8ebfc5940c833,"('NormalForm', 'ad7f', 4)",1,1,1,10,10,1.0,0.0,0.35,0.0,25,"NormalForm(h(f(q(h(q(p(a)))),b),q(h(b,f(p(a))))))=h(f(q(h(q(p(a)))),b),q(h(b,f(p(a)))))",NormalForm,0.002840909090909091,0.04,0.5,0.00048590864917395527,12.390625,0.35,0.050349854227405254,0.035510718789407314,0.10116793002915452,0.10425060058309038,0.016961363636363636,0.23176594626288596,True,False,1.0,0.21654
834686021a82b0a0,"('NormalForm', 'ba36', 4)",1,1,1,11,11,2.0,0.2,0.44999999999999996,0.0,25,"NormalForm(p(h(q(q(p(c),p(f(b)))),q(b,f(f(a,h(b)))))))=p(h(q(q(p(c),p(c))),q(b,f(f(a,h(b))))))",NormalForm,0.002840909090909091,0.04,0.55,0.0009718172983479105,13.390625,0.44999999999999996,0.0916997084548105,0.0328588098016336,0.20301586005830902,0.16309800116618078,0.016961363636363636,0.0451776372845578,True,False,1.0,0.24104000000000003
4c2ab0833d8f97cb,"('Derives', 1, 'ba36')",1,1,1,11,11,3.0,0.65,0.75,1.0,22,"Derives(p(h(q(q(p(c),p(f(b)))),q(b,f(f(a,h(b)))))),p(h(q(q(p(c),p(c))),q(b,f(f(a,h(b)))))))",Derives,0.002840909090909091,0.04,0.55,0.0014577259475218659,13.34375,0.75,0.17304956268221575,0.03297423887587822,0.44306379008746355,0.2821774017492712,0.016961363636363636,0.24936573617038552,True,False,2.0,0.4972399999999999
55edeabf942b3124,"('NormalForm', '8c91', 2)",1,1,1,2,2,1.0,0.0,0.35,0.0,25,NormalForm(h(q(a)))=h(q(a)),NormalForm,0.002840909090909091,0.04,0.1,0.00048590864917395527,4.390625,0.35,0.01034985422740525,0.1002135231316726,0.08196793002915452,0.04245860058309038,0.016961363636363636,0.13923395429276902,True,False,1.0,0.14374
aba2dbd35cba982b,"('NormalForm', '6fc9', 4)",1,1,1,18,18,3.0,0.4,0.55,0.0,25,"NormalForm(f(p(c),f(f(g(g(b),c),q(g(a),f(q(c)))),f(f(p(p(c))),p(q(h(b,c),f(b)))))))=f(p(c),f(f(g(c,c),q(g(a),f(b))),f(f(p(p(c))),p(q(h(b,c),f(b))))))",NormalForm,0.002840909090909091,0.04,0.9,0.0014577259475218659,20.390625,0.55,0.16304956268221577,0.021578544061302683,0.3192637900874636,0.2682894017492712,0.016961363636363636,0.1935141367222918,True,False,1.0,0.32014
90f3af0a30ad28c0,"('Derives', 2, '6fc9')",1,1,1,18,18,4.0,0.65,0.75,1.0,22,"Derives(f(p(c),f(f(g(g(b),c),q(g(a),f(q(c)))),f(f(p(p(c))),p(q(h(b,c),f(b)))))),f(p(c),f(f(g(c,c),q(g(a),f(b))),f(f(p(p(c))),p(q(h(b,c),f(b)))))))",Derives,0.002840909090909091,0.04,0.9,0.001943634596695821,20.34375,0.75,0.208399416909621,0.02162826420890937,0.4600317201166181,0.3364360023323615,0.016961363636363636,0.19683262440481922,True,False,2.0,0.56094
e060058f3d471f0f,"('NormalForm', 'd188', 4)",1,1,1,10,10,1.0,0.0,0.35,0.0,25,"NormalForm(q(h(p(p(q(b)),q(h(p(a,a)),f(g(c)))))))=q(h(p(p(q(b)),q(h(p(a,a)),f(g(c))))))",NormalForm,0.002840909090909091,0.04,0.5,0.00048590864917395527,12.390625,0.35,0.050349854227405254,0.035510718789407314,0.10116793002915452,0.10425060058309038,0.016961363636363636,0.07325346166854166,True,False,1.0,0.21654
9e8ff668143889bc,"('NormalForm', 'ab10', 4)",1,1,1,9,9,1.0,0.0,0.35,0.0,25,"NormalForm(f(h(q(f(p(b)),p(p(g(b,a),p(b)))))))=f(h(q(f(p(b)),p(p(g(b,a),p(b))))))",NormalForm,0.002840909090909091,0.04,0.45,0.00048590864917395527,11.390625,0.35,0.045349854227405256,0.03862825788751715,0.09876793002915452,0.0965266005830904,0.016961363636363636,0.09560811814359921,True,False,1.0,0.20743999999999999
b7a479218c03ad14,"('NormalForm', '0fdc', 3)",1,1,1,3,3,2.0,0.2,0.44999999999999996,0.0,25,"NormalForm(g(p(q(c),b)))=g(p(b,b))",NormalForm,0.002840909090909091,0.04,0.15,0.0009718172983479105,5.390625,0.44999999999999996,0.05169970845481049,0.0816231884057971,0.18381586005830902,0.10130600116618074,0.016961363636363636,0.2757550526516743,True,False,1.0,0.16824
ae49e90a5706c249,"('Derives', 1, '0fdc')",1,1,1,3,3,3.0,0.65,0.75,1.0,22,"Derives(g(p(q(c),b)),g(p(b,b)))",Derives,0.002840909090909091,0.04,0.15,0.0014577259475218659,5.34375,0.75,0.13304956268221574,0.08233918128654971,0.42386379008746355,0.22038540174927115,0.016961363636363636,0.14049980552058344,True,False,2.0,0.42443999999999993
b54a4f9f49654365,"('NormalForm', '6f94', 4)",1,1,1,7,7,2.0,0.2,0.44999999999999996,0.0,25,"NormalForm(h(f(b,h(f(g(a)),p(h(c))))))=h(f(b,h(f(g(a)),p(a))))",NormalForm,0.002840909090909091,0.04,0.35,0.0009718172983479105,9.390625,0.44999999999999996,0.0716997084548105,0.04685524126455907,0.19341586005830902,0.13220200116618075,0.016961363636363636,0.17415009498923828,True,True,,0.32464000000000004
de6d126c139ee07b,"('Derives', 1, '6f94')",1,1,1,7,7,3.0,0.65,0.75,1.0,22,"Derives(h(f(b,h(f(g(a)),p(h(c))))),h(f(b,h(f(g(a)),p(a)))))",Derives,0.002840909090909091,0.04,0.35,0.0014577259475218659,9.34375,0.75,0.15304956268221573,0.04709030100334448,0.4334637900874636,0.25128140174927116,0.016961363636363636,0.07209427272735196,True,True,,0.58084
281e8f649d2d91e5,"('NormalForm', '994e', 4)",1,1,1,8,8,1.0,0.0,0.35,0.0,25,"NormalForm(p(f(h(g(g(q(c,b)),p(p(c,a)))))))=p(f(h(g(g(q(c,b)),p(p(c,a))))))",NormalForm,0.002840909090909091,0.04,0.4,0.00048590864917395527,10.390625,0.35,0.04034985422740526,0.04234586466165414,0.09636793002915453,0.08880260058309039,0.016961363636363636,0.0374432251892233,True,False,1.0,0.19834
a63b924dd2311920,"('NormalForm', '1268', 2)",1,1,1,2,2,2.0,0.2,0.44999999999999996,0.0,25,"NormalForm(q(b,h(c)))=q(b,a)",NormalForm,0.002840909090909091,0.04,0.1,0.0009718172983479105,4.390625,0.44999999999999996,0.046699708454810494,0.1002135231316726,0.181415860058309,0.09358200116618076,0.016961363636363636,0.2628591325617341,True,False,1.0,0.15914
879b616404df585e,"('Derives', 1, '1268')",1,1,1,2,2,3.0,0.65,0.75,0.5,22,"Derives(q(b,h(c)),q(b,a))",Derives,0.002840909090909091,0.04,0.1,0.0014577259475218659,4.34375,0.75,0.12804956268221573,0.10129496402877698,0.4214637900874636,0.21266140174927117,0.016961363636363636,0.223419744607416,True,False,1.0,0.29984
04d74c2393386dee,"('NormalForm', '646f', 4)",1,1,1,4,4,2.0,0.2,0.44999999999999996,0.0,25,"NormalForm(g(q(q(c,g(b))),a))=g(q(q(c,c)),a)",NormalForm,0.002840909090909091,0.04,0.2,0.0009718172983479105,6.390625,0.44999999999999996,0.056699708454810496,0.06885085574572126,0.18621586005830904,0.10903000116618075,0.016961363636363636,0.2346504007284794,True,False,1.0,0.17734
26ffb84b78d4a1f8,"('Derives', 1, '646f')",1,1,1,4,4,3.0,0.65,0.75,0.75,22,"Derives(g(q(q(c,g(b))),a),g(q(q(c,c)),a))",Derives,0.002840909090909091,0.04,0.2,0.0014577259475218659,6.34375,0.75,0.13804956268221574,0.06935960591133004,0.4262637900874636,0.22810940174927116,0.016961363636363636,0.05750275019881708,True,False,1.0,0.37578999999999996
bd14efa32ae4399a,"('NormalForm', '23f6', 2)",1,1,1,2,2,2.0,0.2,0.44999999999999996,0.0,25,NormalForm(f(f(b)))=f(c),NormalForm,0.002840909090909091,0.04,0.1,0.0009718172983479105,4.390625,0.44999999999999996,0.046699708454810494,0.1002135231316726,0.181415860058309,0.09358200116618076,0.016961363636363636,0.17280845537997908,True,False,1.0,0.15914
68c9705a1ce680e5,"('Derives', 1, '23f6')",1,1,1,2,2,3.0,0.65,0.75,0.5,22,"Derives(f(f(b)),f(c))",Derives,0.002840909090909091,0.04,0.1,0.0014577259475218659,4.34375,0.75,0.12804956268221573,0.10129496402877698,0.4214637900874636,0.21266140174927117,0.016961363636363636,0.08961001122589897,True,False,1.0,0.29984
cd3bf4fdc9f122cd,"('NormalForm', '3fdd', 2)",1,1,1,2,2,1.0,0.0,0.35,0.0,25,"NormalForm(h(h(b,c)))=h(h(b,c))",NormalForm,0.002840909090909091,0.04,0.1,0.00048590864917395527,4.390625,0.35,0.01034985422740525,0.1002135231316726,0.08196793002915452,0.04245860058309038,0.016961363636363636,0.26360410661954825,True,True,,0.26374
de46cb0d5bbb17fa,"('NormalForm', '63e2', 4)",1,1,1,6,6,4.0,0.6,0.65,0.0,25,NormalForm(p(q(q(q(g(q(c)))))))=p(q(q(b))),NormalForm,0.002840909090909091,0.04,0.3,0.001943634596695821,8.390625,0.65,0.139399416909621,0.052439478584729984,0.38991172011661807,0.2267248023323615,0.016961363636363636,0.19430778781990285,True,False,1.0,0.22634
20c86596c48e644d,"('Derives', 3, '63e2')",1,1,1,6,6,5.0,0.65,0.75,1.0,22,"Derives(p(q(q(q(g(q(c)))))),p(q(q(b))))",Derives,0.002840909090909091,0.04,0.3,0.0024295432458697765,8.34375,0.75,0.14874927113702624,0.052734082397003744,0.43139965014577264,0.2439386029154519,0.016961363636363636,0.19957444291591836,True,False,2.0,0.45174
cfa072861aaa9d1a,"('NormalForm', '63fa', 4)",1,1,1,7,7,2.0,0.2,0.44999999999999996,0.0,25,"NormalForm(g(f(h(c,f(f(h(a)),g(a))),a)))=g(f(h(c,f(f(h(a)),a)),a))",NormalForm,0.002840909090909091,0.04,0.35,0.0009718172983479105,9.390625,0.44999999999999996,0.0716997084548105,0.04685524126455907,0.19341586005830902,0.13220200116618075,0.016961363636363636,0.12113204270379263,True,False,1.0,0.20464000000000002
5e421f0f7b7b522e,"('Derives', 1, '63fa')",1,1,1,7,7,3.0,0.65,0.75,1.0,22,"Derives(g(f(h(c,f(f(h(a)),g(a))),a)),g(f(h(c,f(f(h(a)),a)),a)))",Derives,0.002840909090909091,0.04,0.35,0.0014577259475218659,9.34375,0.75,0.15304956268221573,0.04709030100334448,0.4334637900874636,0.25128140174927116,0.016961363636363636,0.05763068834396904,True,False,2.0,0.46083999999999997
0e3088a2c61e4a67,"('NormalForm', 'abf1', 4)",1,1,1,10,10,2.0,0.2,0.44999999999999996,0.0,25,"NormalForm(h(h(q(g(p(h(a,b),g(c,a)),q(c))),p(p(c)))))=h(h(q(g(p(h(a,b),g(c,a)),b)),p(p(c))))",NormalForm,0.002840909090909091,0.04,0.5,0.0009718172983479105,12.390625,0.44999999999999996,0.0866997084548105,0.035510718789407314,0.200615860058309,0.15537400116618078,0.016961363636363636,0.19512889564689243,True,False,1.0,0.23194
05466a5d4875a906,"('Derives', 1, 'abf1')",1,1,1,10,10,3.0,0.65,0.75,1.0,22,"Derives(h(h(q(g(p(h(a,b),g(c,a)),q(c))),p(p(c)))),h(h(q(g(p(h(a,b),g(c,a)),b)),p(p(c)))))",Derives,0.002840909090909091,0.04,0.5,0.0014577259475218659,12.34375,0.75,0.16804956268221574,0.03564556962025316,0.4406637900874636,0.27445340174927113,0.016961363636363636,0.16037780656266393,True,False,2.0,0.48814
f9881c15bfcba152,"('NormalForm', 'a5bd', 1)",5,4,1,1,1,5.0,0.0,0.35,0.0,25,NormalForm(g(c))=g(c),NormalForm,0.014204545454545454,0.16,0.05,0.0024295432458697765,3.390625,0.35,0.0067492711370262404,0.8258064516129033,0.0802396501457726,0.055897002915451896,0.06960681818181819,0.040113584859813214,True,False,1.0,0.14556
65301ef602dbf173,"('NormalForm', '0ffc', 2)",1,1,1,2,2,1.0,0.0,0.35,0.0,25,NormalForm(g(q(a)))=g(q(a)),NormalForm,0.002840909090909091,0.04,0.1,0.00048590864917395527,4.390625,0.35,0.01034985422740525,0.1002135231316726,0.08196793002915452,0.04245860058309038,0.016961363636363636,0.2861906318194473,True,False,1.0,0.14374
037272b34ed8a662,"('NormalForm', 'a6cf', 4)",1,1,1,6,6,1.0,0.0,0.35,0.0,25,"NormalForm(p(q(p(g(q(q(c,a)))))))=p(q(p(g(q(q(c,a))))))",NormalForm,0.002840909090909091,0.04,0.3,0.00048590864917395527,8.390625,0.35,0.030349854227405246,0.052439478584729984,0.09156793002915452,0.07335460058309037,0.016961363636363636,0.12758277651795255,True,False,1.0,0.18014
476309736bfd1b7f,"('NormalForm', '69d6', 1)",2,2,1,1,1,2.0,0.0,0.35,0.0,25,"NormalForm(q(c,c))=q(c,c)",NormalForm,0.005681818181818182,0.08,0.05,0.0009718172983479105,3.390625,0.35,0.005699708454810496,0.2831336405529954,0.07973586005830904,0.04172520116618077,0.03392272727272727,0.1992147364866234,True,True,,0.25827999999999995
ae4eaf12003c5148,"('NormalForm', 'b52b', 4)",1,1,1,16,16,1.0,0.0,0.35,0.0,25,"NormalForm(q(q(q(h(p(q(b)),g(g(b,a),q(a,c)))),g(q(b,g(q(c,b))),p(g(p(c,c),c))))))=q(q(q(h(p(q(b)),g(g(b,a),q(a,c)))),g(q(b,g(q(c,b))),p(g(p(c,c),c)))))",NormalForm,0.002840909090909091,0.04,0.8,0.00048590864917395527,18.390625,0.35,0.08034985422740526,0.023925233644859812,0.11556793002915453,0.1505946005830904,0.016961363636363636,0.10162755545122248,True,False,1.0,0.27114000000000005
badcc84ba4e85a69,"('NormalForm', 'e1ba', 4)",1,1,1,10,10,2.0,0.2,0.44999999999999996,0.0,25,"NormalForm(h(g(c,p(h(p(p(a),p(c))))),h(h(h(c)))))=h(g(c,p(h(p(p(a),p(c))))),h(h(a)))",NormalForm,0.002840909090909091,0.04,0.5,0.0009718172983479105,12.390625,0.44999999999999996,0.0866997084548105,0.035510718789407314,0.200615860058309,0.15537400116618078,0.016961363636363636,0.04461307542603479,True,False,1.0,0.23194
9980c932e14ea473,"('Derives', 1, 'e1ba')",1,1,1,10,10,3.0,0.65,0.75,1.0,22,"Derives(h(g(c,p(h(p(p(a),p(c))))),h(h(h(c)))),h(g(c,p(h(p(p(a),p(c))))),h(h(a))))",Derives,0.002840909090909091,0.04,0.5,0.0014577259475218659,12.34375,0.75,0.16804956268221574,0.03564556962025316,0.4406637900874636,0.27445340174927113,0.016961363636363636,0.2724773168989255,True,True,,0.60814
8d7d5941bf137c2f,"('NormalForm', 'bd51', 1)",2,2,1,1,1,2.0,0.0,0.35,0.0,25,NormalForm(q(b))=q(b),NormalForm,0.005681818181818182,0.08,0.05,0.0009718172983479105,3.390625,0.35,0.005699708454810496,0.2831336405529954,0.07973586005830904,0.04172520116618077,0.03392272727272727,0.24122165425553177,True,False,1.0,0.13828
694501feb4aa8c7c,"('NormalForm', '69f4', 4)",1,1,1,11,11,1.0,0.0,0.35,0.0,25,"NormalForm(q(p(p(g(b,a),b)),f(p(h(a)),h(a,p(g(g(c)))))))=q(p(p(g(b,a),b)),f(p(h(a)),h(a,p(g(g(c))))))",NormalForm,0.002840909090909091,0.04,0.55,0.00048590864917395527,13.390625,0.35,0.05534985422740526,0.0328588098016336,0.10356793002915451,0.11197460058309039,0.016961363636363636,0.05289786717472326,True,True,,0.34564
4d424d97a8100abb,"('NormalForm', '0fcc', 4)",1,1,1,11,11,2.0,0.2,0.44999999999999996,0.0,25,"NormalForm(p(g(g(f(p(q(c),h(b,c)),a)),p(q(h(p(a,a),b))))))=p(g(g(f(p(b,h(b,c)),a)),p(q(h(p(a,a),b)))))",NormalForm,0.002840909090909091,0.04,0.55,0.0009718172983479105,13.390625,0.44999999999999996,0.0916997084548105,0.0328588098016336,0.20301586005830902,0.16309800116618078,0.016961363636363636,0.12064601260674565,True,True,,0.36104
1d6ada8943b67989,"('Derives', 1, '0fcc')",1,1,1,11,11,3.0,0.65,0.75,1.0,22,"Derives(p(g(g(f(p(q(c),h(b,c)),a)),p(q(h(p(a,a),b))))),p(g(g(f(p(b,h(b,c)),a)),p(q(h(p(a,a),b))))))",Derives,0.002840909090909091,0.04,0.55,0.0014577259475218659,13.34375,0.75,0.17304956268221575,0.03297423887587822,0.44306379008746355,0.2821774017492712,0.016961363636363636,0.07381629918047186,True,True,,0.6172399999999999
1b1e5e111f1a0c64,"('NormalForm', '45b8', 4)",1,1,1,6,6,3.0,0.4,0.55,0.0,25,"NormalForm(f(f(g(f(a))),p(f(c))))=f(f(c),p(f(c)))",NormalForm,0.002840909090909091,0.04,0.3,0.0014577259475218659,8.390625,0.55,0.10304956268221574,0.052439478584729984,0.29046379008746354,0.17560140174927114,0.016961363636363636,0.10433455449160152,True,False,1.0,0.21094000000000002
bd77f6ee1c69dfad,"('Derives', 2, '45b8')",1,1,1,6,6,4.0,0.65,0.75,1.0,22,"Derives(f(f(g(f(a))),p(f(c))),f(f(c),p(f(c))))",Derives,0.002840909090909091,0.04,0.3,0.001943634596695821,8.34375,0.75,0.148399416909621,0.052734082397003744,0.43123172011661814,0.24374800233236155,0.016961363636363636,0.07529358265060876,True,False,2.0,0.45174
1d6da70403770b74,"('NormalForm', '230e', 4)",1,1,1,7,7,3.0,0.4,0.55,0.0,25,"NormalForm(h(h(q(q(q(b),h(h(b)))))))=h(h(q(q(q(b),b))))",NormalForm,0.002840909090909091,0.04,0.35,0.0014577259475218659,9.390625,0.55,0.10804956268221574,0.04685524126455907,0.29286379008746355,0.18332540174927114,0.016961363636363636,0.15891116474194691,True,False,1.0,0.22004
38836e4d9f331ec6,"('Derives', 2, '230e')",1,1,1,7,7,4.0,0.65,0.75,0.75,22,"Derives(h(h(q(q(q(b),h(h(b)))))),h(h(q(q(q(b),b)))))",Derives,0.002840909090909091,0.04,0.35,0.001943634596695821,9.34375,0.75,0.15339941690962097,0.04709030100334448,0.4336317201166181,0.25147200233236155,0.016961363636363636,0.02276632532034431,True,True,,0.5230899999999999
e2c3778e822a107f,"('NormalForm', '590e', 4)",1,1,1,6,6,1.0,0.0,0.35,0.0,25,"NormalForm(g(q(p(p(q(p(b))))),c))=g(q(p(p(q(p(b))))),c)",NormalForm,0.002840909090909091,0.04,0.3,0.00048590864917395527,8.390625,0.35,0.030349854227405246,0.052439478584729984,0.09156793002915452,0.07335460058309037,0.016961363636363636,0.15475622672102252,True,False,1.0,0.18014
0d796b9408aafcc9,"('NormalForm', '7a87', 3)",1,1,1,3,3,1.0,0.0,0.35,0.0,25,"NormalForm(q(f(a,c),p(c)))=q(f(a,c),p(c))",NormalForm,0.002840909090909091,0.04,0.15,0.00048590864917395527,5.390625,0.35,0.015349854227405247,0.0816231884057971,0.08436793002915452,0.050182600583090375,0.016961363636363636,0.3923832431014856,True,False,1.0,0.15284
c7e917407ce815e8,"('NormalForm', '1034', 3)",1,1,1,3,3,1.0,0.0,0.35,0.0,25,"NormalForm(p(p(a),q(b)))=p(p(a),q(b))",NormalForm,0.002840909090909091,0.04,0.15,0.00048590864917395527,5.390625,0.35,0.015349854227405247,0.0816231884057971,0.08436793002915452,0.050182600583090375,0.016961363636363636,0.23331368902971847,True,False,1.0,0.15284
30cbb0fb605f03f1,"('NormalForm', '0896', 4)",1,1,1,6,6,1.0,0.0,0.35,0.0,25,"NormalForm(g(f(g(p(b,q(q(b)))))))=g(f(g(p(b,q(q(b))))))",NormalForm,0.002840909090909091,0.04,0.3,0.00048590864917395527,8.390625,0.35,0.030349854227405246,0.052439478584729984,0.09156793002915452,0.07335460058309037,0.016961363636363636,0.25725607373158166,True,False,1.0,0.18014
35768d000c963081,"('NormalForm', '0eef', 2)",1,1,1,2,2,1.0,0.0,0.35,0.0,25,"NormalForm(h(f(b,b)))=h(f(b,b))",NormalForm,0.002840909090909091,0.04,0.1,0.00048590864917395527,4.390625,0.35,0.01034985422740525,0.1002135231316726,0.08196793002915452,0.04245860058309038,0.016961363636363636,0.12655326071047354,True,False,1.0,0.14374
3b318467904eef46,"('NormalForm', 'bbdf', 4)",1,1,1,4,4,4.0,0.6,0.65,0.0,25,NormalForm(f(q(g(f(a)))))=f(b),NormalForm,0.002840909090909091,0.04,0.2,0.001943634596695821,6.390625,0.65,0.12939941690962098,0.06885085574572126,0.3851117201166181,0.21127680233236154,0.016961363636363636,0.24843781569081558,True,False,1.0,0.20814
41abe94a1d7d77fd,"('Derives', 3, 'bbdf')",1,1,1,4,4,5.0,0.65,0.75,0.75,22,"Derives(f(q(g(f(a)))),f(b))",Derives,0.002840909090909091,0.04,0.2,0.0024295432458697765,6.34375,0.75,0.13874927113702623,0.06935960591133004,0.4265996501457726,0.2284906029154519,0.016961363636363636,0.181193070188731,True,True,,0.49578999999999995
517b681d5e4f3b59,"('NormalForm', 'ea4a', 4)",1,1,1,6,6,3.0,0.4,0.55,0.0,25,"NormalForm(p(h(g(p(a,q(c)))),p(a)))=p(h(g(c)),p(a))",NormalForm,0.002840909090909091,0.04,0.3,0.0014577259475218659,8.390625,0.55,0.10304956268221574,0.052439478584729984,0.29046379008746354,0.17560140174927114,0.016961363636363636,0.15726762053132268,True,False,1.0,0.21094000000000002
3d5f953b4ada1380,"('Derives', 2, 'ea4a')",1,1,1,6,6,4.0,0.65,0.75,1.0,22,"Derives(p(h(g(p(a,q(c)))),p(a)),p(h(g(c)),p(a)))",Derives,0.002840909090909091,0.04,0.3,0.001943634596695821,8.34375,0.75,0.148399416909621,0.052734082397003744,0.43123172011661814,0.24374800233236155,0.016961363636363636,0.0327902206109422,True,False,2.0,0.45174
aff105da607535df,"('NormalForm', '6939', 4)",1,1,1,8,8,1.0,0.0,0.35,0.0,25,"NormalForm(h(h(h(q(p(p(a),c)),c)),q(f(b))))=h(h(h(q(p(p(a),c)),c)),q(f(b)))",NormalForm,0.002840909090909091,0.04,0.4,0.00048590864917395527,10.390625,0.35,0.04034985422740526,0.04234586466165414,0.09636793002915453,0.08880260058309039,0.016961363636363636,0.3434437307699871,True,True,,0.31833999999999996
cc5f79df266a9c7a,"('NormalForm', '5c3e', 4)",1,1,1,8,8,2.0,0.2,0.44999999999999996,0.0,25,"NormalForm(h(g(a),h(h(a),h(p(h(f(c,c),b))))))=h(a,h(h(a),h(p(h(f(c,c),b)))))",NormalForm,0.002840909090909091,0.04,0.4,0.0009718172983479105,10.390625,0.44999999999999996,0.0766997084548105,0.04234586466165414,0.19581586005830903,0.13992600116618079,0.016961363636363636,0.3346706800415712,True,False,1.0,0.21374
9344ea7c3d49972f,"('Derives', 1, '5c3e')",1,1,1,8,8,3.0,0.65,0.75,1.0,22,"Derives(h(g(a),h(h(a),h(p(h(f(c,c),b))))),h(a,h(h(a),h(p(h(f(c,c),b))))))",Derives,0.002840909090909091,0.04,0.4,0.0014577259475218659,10.34375,0.75,0.15804956268221576,0.04253776435045317,0.43586379008746357,0.2590054017492711,0.016961363636363636,0.13117524466007008,True,True,,0.5899399999999999
9558d9fa3b387d0c,"('NormalForm', 'ee86', 4)",1,1,1,13,13,2.0,0.2,0.44999999999999996,0.0,25,"NormalForm(h(h(h(c,c),p(f(q(g(c,a),f(a)),b),p(p(a),g(g(c),q(b,b)))))))=h(h(h(c,c),p(f(q(g(c,a),b),b),p(p(a),g(g(c),q(b,b))))))",NormalForm,0.002840909090909091,0.04,0.65,0.0009718172983479105,15.390625,0.44999999999999996,0.1016997084548105,0.028588832487309646,0.20781586005830904,0.17854600116618077,0.016961363636363636,0.026511727528379946,True,False,1.0,0.25924
01acc8d1ba99cdc3,"('Derives', 1, 'ee86')",1,1,1,13,13,3.0,0.65,0.75,1.0,22,"Derives(h(h(h(c,c),p(f(q(g(c,a),f(a)),b),p(p(a),g(g(c),q(b,b)))))),h(h(h(c,c),p(f(q(g(c,a),b),b),p(p(a),g(g(c),q(b,b)))))))",Derives,0.002840909090909091,0.04,0.65,0.0014577259475218659,15.34375,0.75,0.18304956268221573,0.028676171079429734,0.4478637900874636,0.2976254017492711,0.016961363636363636,0.053525629208542334,True,True,,0.6354399999999999
a9678c73a52b2c3b,"('NormalForm', '7137', 4)",1,1,1,6,6,2.0,0.2,0.44999999999999996,0.0,25,"NormalForm(q(p(f(f(f(g(a),a))))))=q(p(f(f(f(a,a)))))",NormalForm,0.002840909090909091,0.04,0.3,0.0009718172983479105,8.390625,0.44999999999999996,0.06669970845481049,0.052439478584729984,0.191015860058309,0.12447800116618074,0.016961363636363636,0.38367816618648676,True,False,1.0,0.19554
8651abaafe9fdd5f,"('Derives', 1, '7137')",1,1,1,6,6,3.0,0.65,0.75,1.0,22,"Derives(q(p(f(f(f(g(a),a))))),q(p(f(f(f(a,a))))))",Derives,0.002840909090909091,0.04,0.3,0.0014577259475218659,8.34375,0.75,0.14804956268221575,0.052734082397003744,0.43106379008746354,0.24355740174927115,0.016961363636363636,0.036128507179038864,True,True,,0.5717399999999999
56d7e9027f9de34f,"('NormalForm', '2948', 4)",1,1,1,9,9,2.0,0.2,0.44999999999999996,0.0,25,"NormalForm(f(h(f(f(h(q(a),f(a))),a)),f(g(c))))=f(h(f(f(h(q(a),b)),a)),f(g(c)))",NormalForm,0.002840909090909091,0.04,0.45,0.0009718172983479105,11.390625,0.44999999999999996,0.0816997084548105,0.03862825788751715,0.19821586005830905,0.1476500011661808,0.016961363636363636,0.1326955486299046,True,True,,0.34284000000000003
6903857676708e9e,"('Derives', 1, '2948')",1,1,1,9,9,3.0,0.65,0.75,1.0,22,"Derives(f(h(f(f(h(q(a),f(a))),a)),f(g(c))),f(h(f(f(h(q(a),b)),a)),f(g(c))))",Derives,0.002840909090909091,0.04,0.45,0.0014577259475218659,11.34375,0.75,0.16304956268221574,0.03878787878787879,0.4382637900874635,0.2667294017492712,0.016961363636363636,0.12308788228745964,True,True,,0.5990399999999999
508346b28f653845,"('NormalForm', 'a461', 4)",1,1,1,16,16,2.0,0.2,0.44999999999999996,0.0,25,"NormalForm(q(p(g(g(f(f(b)),g(q(a),g(b))))),f(f(g(q(p(c)),f(p(b)))))))=q(p(g(g(f(f(b)),g(q(a),c)))),f(f(g(q(p(c)),f(p(b))))))",NormalForm,0.002840909090909091,0.04,0.8,0.0009718172983479105,18.390625,0.44999999999999996,0.11669970845481051,0.023925233644859812,0.21501586005830903,0.20171800116618077,0.016961363636363636,0.0351806020668114,True,False,1.0,0.28654
b2d239c9579ef429,"('Derives', 1, 'a461')",1,1,1,16,16,3.0,0.65,0.75,1.0,22,"Derives(q(p(g(g(f(f(b)),g(q(a),g(b))))),f(f(g(q(p(c)),f(p(b)))))),q(p(g(g(f(f(b)),g(q(a),c)))),f(f(g(q(p(c)),f(p(b)))))))",Derives,0.002840909090909091,0.04,0.8,0.0014577259475218659,18.34375,0.75,0.19804956268221574,0.023986371379897786,0.45506379008746356,0.3207974017492712,0.016961363636363636,0.0726427183506893,True,False,2.0,0.54274
8e3169a69b23503a,"('NormalForm', '8c4e', 3)",1,1,1,3,3,2.0,0.2,0.44999999999999996,0.0,25,NormalForm(q(p(f(a))))=q(p(b)),NormalForm,0.002840909090909091,0.04,0.15,0.0009718172983479105,5.390625,0.44999999999999996,0.05169970845481049,0.0816231884057971,0.18381586005830902,0.10130600116618074,0.016961363636363636,0.13708483834119983,True,False,1.0,0.16824
950a5bd67e44bdfd,"('Derives', 1, '8c4e')",1,1,1,3,3,3.0,0.65,0.75,1.0,22,"Derives(q(p(f(a))),q(p(b)))",Derives,0.002840909090909091,0.04,0.15,0.0014577259475218659,5.34375,0.75,0.13304956268221574,0.08233918128654971,0.42386379008746355,0.22038540174927115,0.016961363636363636,0.22823982974019655,True,True,,0.5444399999999999
8c5c752d3f510d49,"('NormalForm', '3689', 4)",1,1,1,8,8,3.0,0.4,0.55,0.0,25,"NormalForm(p(g(h(p(f(c,b)),p(h(h(b))))),a))=p(g(h(p(f(c,b)),p(b))),a)",NormalForm,0.002840909090909091,0.04,0.4,0.0014577259475218659,10.390625,0.55,0.11304956268221575,0.04234586466165414,0.29526379008746356,0.19104940174927115,0.016961363636363636,0.06626578323768703,True,True,,0.34914
ea9330e55884c4f0,"('Derives', 2, '3689')",1,1,1,8,8,4.0,0.65,0.75,1.0,22,"Derives(p(g(h(p(f(c,b)),p(h(h(b))))),a),p(g(h(p(f(c,b)),p(b))),a))",Derives,0.002840909090909091,0.04,0.4,0.001943634596695821,10.34375,0.75,0.158399416909621,0.04253776435045317,0.43603172011661806,0.2591960023323615,0.016961363636363636,0.0877809735766301,True,False,2.0,0.46993999999999997
47970d82474669e4,"('NormalForm', '7a2c', 1)",3,2,1,1,1,3.0,0.0,0.3499999999999999,0.0,25,NormalForm(p(a))=p(a),NormalForm,0.008522727272727272,0.08,0.05,0.0014577259475218659,3.390625,0.3499999999999999,0.0060495626822157445,0.42470046082949314,0.07990379008746354,0.041915801749271134,0.03568409090909091,0.2553571244510588,True,True,,0.25828
81ff8f4f9b8e6488,"('NormalForm', '412d', 3)",1,1,1,3,3,3.0,0.4,0.55,0.0,25,"NormalForm(q(h(g(b)),a))=q(a,a)",NormalForm,0.002840909090909091,0.04,0.15,0.0014577259475218659,5.390625,0.55,0.08804956268221574,0.0816231884057971,0.28326379008746355,0.15242940174927117,0.016961363636363636,0.1405267326646402,True,False,1.0,0.18364
27b89b2ee849debd,"('Derives', 2, '412d')",1,1,1,3,3,4.0,0.65,0.75,0.75,22,"Derives(q(h(g(b)),a),q(a,a))",Derives,0.002840909090909091,0.04,0.15,0.001943634596695821,5.34375,0.75,0.13339941690962098,0.08233918128654971,0.42403172011661805,0.2205760023323615,0.016961363636363636,0.08611603479019495,True,True,,0.48668999999999996
18190884b85e9e55,"('NormalForm', '6fe6', 2)",1,1,1,2,2,1.0,0.0,0.35,0.0,25,"NormalForm(p(c,p(c)))=p(c,p(c))",NormalForm,0.002840909090909091,0.04,0.1,0.00048590864917395527,4.390625,0.35,0.01034985422740525,0.1002135231316726,0.08196793002915452,0.04245860058309038,0.016961363636363636,0.09972032134140396,True,False,1.0,0.14374
d3f83fe6d01c083c,"('NormalForm', 'f946', 3)",1,1,1,3,3,1.0,0.0,0.35,0.0,25,NormalForm(q(p(p(a))))=q(p(p(a))),NormalForm,0.002840909090909091,0.04,0.15,0.00048590864917395527,5.390625,0.35,0.015349854227405247,0.0816231884057971,0.08436793002915452,0.050182600583090375,0.016961363636363636,0.14216478734018362,True,False,1.0,0.15284
3239efc972f5dfb6,"('NormalForm', 'a0a1', 4)",1,1,1,6,6,3.0,0.4,0.55,0.0,25,"NormalForm(q(q(g(c,g(f(h(c)),c))),a))=q(q(g(c,g(b,c))),a)",NormalForm,0.002840909090909091,0.04,0.3,0.0014577259475218659,8.390625,0.55,0.10304956268221574,0.052439478584729984,0.29046379008746354,0.17560140174927114,0.016961363636363636,0.2402375861237731,True,False,1.0,0.21094000000000002
99d692dc5d563ad7,"('Derives', 2, 'a0a1')",1,1,1,6,6,4.0,0.65,0.75,1.0,22,"Derives(q(q(g(c,g(f(h(c)),c))),a),q(q(g(c,g(b,c))),a))",Derives,0.002840909090909091,0.04,0.3,0.001943634596695821,8.34375,0.75,0.148399416909621,0.052734082397003744,0.43123172011661814,0.24374800233236155,0.016961363636363636,0.2264335866188088,True,True,,0.5717399999999999
59803ffcd46f4b65,"('NormalForm', '1cc3', 4)",1,1,1,16,16,2.0,0.2,0.44999999999999996,0.0,25,"NormalForm(p(f(g(g(f(p(a,b),b)),h(g(p(b,b),b))),f(f(q(q(b))),h(p(f(c,a)))))))=p(f(g(g(f(c,b)),h(g(p(b,b),b))),f(f(q(q(b))),h(p(f(c,a))))))",NormalForm,0.002840909090909091,0.04,0.8,0.0009718172983479105,18.390625,0.44999999999999996,0.11669970845481051,0.023925233644859812,0.21501586005830903,0.20171800116618077,0.016961363636363636,0.2351494461782912,True,False,1.0,0.28654
0bd4af824a7c6ec5,"('Derives', 1, '1cc3')",1,1,1,16,16,3.0,0.65,0.75,1.0,22,"Derives(p(f(g(g(f(p(a,b),b)),h(g(p(b,b),b))),f(f(q(q(b))),h(p(f(c,a)))))),p(f(g(g(f(c,b)),h(g(p(b,b),b))),f(f(q(q(b))),h(p(f(c,a)))))))",Derives,0.002840909090909091,0.04,0.8,0.0014577259475218659,18.34375,0.75,0.19804956268221574,0.023986371379897786,0.45506379008746356,0.3207974017492712,0.016961363636363636,0.13018952148936497,True,False,2.0,0.54274
1c870e2844931bad,"('NormalForm', 'c396', 4)",1,1,1,12,12,2.0,0.2,0.44999999999999996,0.0,25,"NormalForm(p(p(g(p(a),c)),q(q(f(g(f(c,c))),h(c,q(f(a)))))))=p(p(g(p(a),c)),q(q(f(g(f(c,c))),h(c,q(b)))))",NormalForm,0.002840909090909091,0.04,0.6,0.0009718172983479105,14.390625,0.44999999999999996,0.09669970845481049,0.03057546145494028,0.20541586005830903,0.17082200116618076,0.016961363636363636,0.04372308438578174,True,False,1.0,0.25014000000000003
e4465440c1bc0f78,"('Derives', 1, 'c396')",1,1,1,12,12,3.0,0.65,0.75,1.0,22,"Derives(p(p(g(p(a),c)),q(q(f(g(f(c,c))),h(c,q(f(a)))))),p(p(g(p(a),c)),q(q(f(g(f(c,c))),h(c,q(b))))))",Derives,0.002840909090909091,0.04,0.6,0.0014577259475218659,14.34375,0.75,0.17804956268221572,0.030675381263616557,0.4454637900874636,0.28990140174927115,0.016961363636363636,0.04468499739756249,True,True,,0.62634
5cb9ac892265032d,"('NormalForm', '5319', 4)",1,1,1,8,8,2.0,0.2,0.44999999999999996,0.0,25,"NormalForm(f(f(q(h(f(q(b)),f(b,f(a)))))))=f(f(q(h(f(q(b)),f(b,b)))))",NormalForm,0.002840909090909091,0.04,0.4,0.0009718172983479105,10.390625,0.44999999999999996,0.0766997084548105,0.04234586466165414,0.19581586005830903,0.13992600116618079,0.016961363636363636,0.2976264904302255,True,False,1.0,0.21374
d9e76bd47ebd2d40,"('Derives', 1, '5319')",1,1,1,8,8,3.0,0.65,0.75,0.75,22,"Derives(f(f(q(h(f(q(b)),f(b,f(a)))))),f(f(q(h(f(q(b)),f(b,b))))))",Derives,0.002840909090909091,0.04,0.4,0.0014577259475218659,10.34375,0.75,0.15804956268221576,0.04253776435045317,0.43586379008746357,0.2590054017492711,0.016961363636363636,0.27202573317534884,True,True,,0.5321899999999999
a4738e9604b5f823,"('NormalForm', '642b', 4)",1,1,1,7,7,2.0,0.2,0.44999999999999996,0.0,25,"NormalForm(p(g(p(h(f(f(b),q(a))))),b))=p(g(p(h(f(c,q(a))))),b)",NormalForm,0.002840909090909091,0.04,0.35,0.0009718172983479105,9.390625,0.44999999999999996,0.0716997084548105,0.04685524126455907,0.19341586005830902,0.13220200116618075,0.016961363636363636,0.24928771955401602,True,True,,0.32464000000000004
03c581f8a7dcae43,"('Derives', 1, '642b')",1,1,1,7,7,3.0,0.65,0.75,1.0,22,"Derives(p(g(p(h(f(f(b),q(a))))),b),p(g(p(h(f(c,q(a))))),b))",Derives,0.002840909090909091,0.04,0.35,0.0014577259475218659,9.34375,0.75,0.15304956268221573,0.04709030100334448,0.4334637900874636,0.25128140174927116,0.016961363636363636,0.10503063335619575,True,True,,0.58084
c9a609b3bc6b386b,"('NormalForm', 'be4a', 4)",1,1,1,7,7,2.0,0.2,0.44999999999999996,0.0,25,"NormalForm(q(q(f(f(b)),p(f(p(b,c),a)))))=q(q(f(c),p(f(p(b,c),a))))",NormalForm,0.002840909090909091,0.04,0.35,0.0009718172983479105,9.390625,0.44999999999999996,0.0716997084548105,0.04685524126455907,0.19341586005830902,0.13220200116618075,0.016961363636363636,0.02420500145913708,True,False,1.0,0.20464000000000002
ebf2994118b006d8,"('Derives', 1, 'be4a')",1,1,1,7,7,3.0,0.65,0.75,1.0,22,"Derives(q(q(f(f(b)),p(f(p(b,c),a)))),q(q(f(c),p(f(p(b,c),a)))))",Derives,0.002840909090909091,0.04,0.35,0.0014577259475218659,9.34375,0.75,0.15304956268221573,0.04709030100334448,0.4334637900874636,0.25128140174927116,0.016961363636363636,0.22250751647669864,True,False,2.0,0.46083999999999997
9411c7160c236587,"('NormalForm', 'af81', 4)",1,1,1,4,4,1.0,0.0,0.35,0.0,25,"NormalForm(q(p(f(h(a))),a))=q(p(f(h(a))),a)",NormalForm,0.002840909090909091,0.04,0.2,0.00048590864917395527,6.390625,0.35,0.02034985422740525,0.06885085574572126,0.08676793002915452,0.057906600583090384,0.016961363636363636,0.1514039257947184,True,True,,0.28193999999999997
9ae481b42135ce8f,"('NormalForm', '3ffa', 4)",1,1,1,6,6,2.0,0.2,0.44999999999999996,0.0,25,NormalForm(g(p(h(h(h(g(a)))))))=g(p(h(h(h(a))))),NormalForm,0.002840909090909091,0.04,0.3,0.0009718172983479105,8.390625,0.44999999999999996,0.06669970845481049,0.052439478584729984,0.191015860058309,0.12447800116618074,0.016961363636363636,0.20094470744202933,True,False,1.0,0.19554
1083065a04c54a8d,"('Derives', 1, '3ffa')",1,1,1,6,6,3.0,0.65,0.75,1.0,22,"Derives(g(p(h(h(h(g(a)))))),g(p(h(h(h(a))))))",Derives,0.002840909090909091,0.04,0.3,0.0014577259475218659,8.34375,0.75,0.14804956268221575,0.052734082397003744,0.43106379008746354,0.24355740174927115,0.016961363636363636,0.23903101942631994,True,True,,0.5717399999999999
f55e3176d5415fd0,"('NormalForm', 'e359', 4)",1,1,1,8,8,1.0,0.0,0.35,0.0,25,"NormalForm(h(f(f(q(b),c)),p(q(c,b),g(q(a)))))=h(f(f(q(b),c)),p(q(c,b),g(q(a))))",NormalForm,0.002840909090909091,0.04,0.4,0.00048590864917395527,10.390625,0.35,0.04034985422740526,0.04234586466165414,0.09636793002915453,0.08880260058309039,0.016961363636363636,0.09597628756332924,True,False,1.0,0.19834
0c86caf8e11b76fa,"('NormalForm', 'cc1a', 4)",1,1,1,6,6,1.0,0.0,0.35,0.0,25,"NormalForm(g(f(q(p(p(h(a),c)),b))))=g(f(q(p(p(h(a),c)),b)))",NormalForm,0.002840909090909091,0.04,0.3,0.00048590864917395527,8.390625,0.35,0.030349854227405246,0.052439478584729984,0.09156793002915452,0.07335460058309037,0.016961363636363636,0.0671894306045596,True,False,1.0,0.18014
aab327928db8afa1,"('NormalForm', '42a8', 2)",1,1,1,2,2,1.0,0.0,0.35,0.0,25,"NormalForm(q(h(a,b)))=q(h(a,b))",NormalForm,0.002840909090909091,0.04,0.1,0.00048590864917395527,4.390625,0.35,0.01034985422740525,0.1002135231316726,0.08196793002915452,0.04245860058309038,0.016961363636363636,0.20703901008078696,True,False,1.0,0.14374
1e501e512606bacc,"('NormalForm', 'f396', 4)",1,1,1,11,11,3.0,0.4,0.55,0.0,25,"NormalForm(q(p(f(b),p(q(f(p(c),f(b)),p(f(c,b),q(a,a)))))))=q(p(c,p(q(f(p(c),c),p(f(c,b),q(a,a))))))",NormalForm,0.002840909090909091,0.04,0.55,0.0014577259475218659,13.390625,0.55,0.12804956268221573,0.0328588098016336,0.30246379008746355,0.21422140174927118,0.016961363636363636,0.09236879208726471,True,True,,0.37644
db2d7636b05d6612,"('Derives', 2, 'f396')",1,1,1,11,11,4.0,0.65,0.75,1.0,22,"Derives(q(p(f(b),p(q(f(p(c),f(b)),p(f(c,b),q(a,a)))))),q(p(c,p(q(f(p(c),c),p(f(c,b),q(a,a)))))))",Derives,0.002840909090909091,0.04,0.55,0.001943634596695821,13.34375,0.75,0.173399416909621,0.03297423887587822,0.44323172011661804,0.2823680023323615,0.016961363636363636,0.2758990326835329,True,True,,0.6172399999999999
89f6153366fa593f,"('NormalForm', '84a5', 2)",1,1,1,2,2,1.0,0.0,0.35,0.0,25,NormalForm(q(h(a)))=q(h(a)),NormalForm,0.002840909090909091,0.04,0.1,0.00048590864917395527,4.390625,0.35,0.01034985422740525,0.1002135231316726,0.08196793002915452,0.04245860058309038,0.016961363636363636,0.06954041420276943,True,True,,0.26374
ac591f721833d1ab,"('NormalForm', '9d55', 2)",1,1,1,2,2,1.0,0.0,0.35,0.0,25,"NormalForm(q(b,f(c)))=q(b,f(c))",NormalForm,0.002840909090909091,0.04,0.1,0.00048590864917395527,4.390625,0.35,0.01034985422740525,0.1002135231316726,0.08196793002915452,0.04245860058309038,0.016961363636363636,0.2039949973171059,True,False,1.0,0.14374
6d04b1482ef678fc,"('NormalForm', '1eef', 4)",1,1,1,7,7,2.0,0.2,0.44999999999999996,0.0,25,"NormalForm(g(f(c,h(b,g(q(c),p(q(a)))))))=g(f(c,h(b,g(b,p(q(a))))))",NormalForm,0.002840909090909091,0.04,0.35,0.0009718172983479105,9.390625,0.44999999999999996,0.0716997084548105,0.04685524126455907,0.19341586005830902,0.13220200116618075,0.016961363636363636,0.09496231371381066,True,False,1.0,0.20464000000000002
a79808a8f9d252a6,"('Derives', 1, '1eef')",1,1,1,7,7,3.0,0.65,0.75,1.0,22,"Derives(g(f(c,h(b,g(q(c),p(q(a)))))),g(f(c,h(b,g(b,p(q(a)))))))",Derives,0.002840909090909091,0.04,0.35,0.0014577259475218659,9.34375,0.75,0.15304956268221573,0.04709030100334448,0.4334637900874636,0.25128140174927116,0.016961363636363636,0.23393623308360845,True,True,,0.58084
5b3b61d183af570c,"('NormalForm', '789e', 4)",1,1,1,8,8,1.0,0.0,0.35,0.0,25,"NormalForm(g(h(g(h(a)),p(q(f(p(a,a),a))))))=g(h(g(h(a)),p(q(f(p(a,a),a)))))",NormalForm,0.002840909090909091,0.04,0.4,0.00048590864917395527,10.390625,0.35,0.04034985422740526,0.04234586466165414,0.09636793002915453,0.08880260058309039,0.016961363636363636,0.3643113943701143,True,False,1.0,0.19834
14017271c175de60,"('NormalForm', '1ce6', 4)",1,1,1,12,12,1.0,0.0,0.35,0.0,25,"NormalForm(p(g(g(h(f(b)),h(g(h(b,b),g(c))))),f(p(q(b)),a)))=p(g(g(h(f(b)),h(g(h(b,b),g(c))))),f(p(q(b)),a))",NormalForm,0.002840909090909091,0.04,0.6,0.00048590864917395527,14.390625,0.35,0.06034985422740525,0.03057546145494028,0.10596793002915451,0.11969860058309037,0.016961363636363636,0.039418865660967084,True,True,,0.35474
ffaac14c975581f5,"('NormalForm', '0287', 3)",1,1,1,3,3,3.0,0.4,0.55,0.0,25,"NormalForm(f(a,h(g(b))))=f(a,a)",NormalForm,0.002840909090909091,0.04,0.15,0.0014577259475218659,5.390625,0.55,0.08804956268221574,0.0816231884057971,0.28326379008746355,0.15242940174927117,0.016961363636363636,0.22133523956259463,True,True,,0.30364
e147c8e790c72431,"('Derives', 2, '0287')",1,1,1,3,3,4.0,0.65,0.75,1.0,22,"Derives(f(a,h(g(b))),f(a,a))",Derives,0.002840909090909091,0.04,0.15,0.001943634596695821,5.34375,0.75,0.13339941690962098,0.08233918128654971,0.42403172011661805,0.2205760023323615,0.016961363636363636,0.2564513419627634,True,False,2.0,0.42443999999999993
08f4089606132ab8,"('NormalForm', 'ccc1', 4)",1,1,1,6,6,1.0,0.0,0.35,0.0,25,"NormalForm(p(g(h(b,f(h(q(b,c),a))))))=p(g(h(b,f(h(q(b,c),a)))))",NormalForm,0.002840909090909091,0.04,0.3,0.00048590864917395527,8.390625,0.35,0.030349854227405246,0.052439478584729984,0.09156793002915452,0.07335460058309037,0.016961363636363636,0.0866901423681671,True,False,1.0,0.18014
b7093af09a280f9f,"('NormalForm', '3247', 2)",1,1,1,2,2,3.0,0.4,0.55,0.6666666666666666,25,NormalForm(h(g(b)))=a,NormalForm,0.002840909090909091,0.04,0.1,0.0014577259475218659,4.390625,0.55,0.08304956268221575,0.1002135231316726,0.28086379008746354,0.14470540174927116,0.016961363636363636,0.19112544908686308,True,False,1.0,0.32853999999999994
7de946bb4ff5b177,"('Derives', 2, '3247')",1,1,1,2,2,4.0,0.65,0.75,0.75,22,"Derives(h(g(b)),a)",Derives,0.002840909090909091,0.04,0.1,0.001943634596695821,4.34375,0.75,0.12839941690962098,0.10129496402877698,0.4216317201166181,0.2128520023323615,0.016961363636363636,0.06258477647089343,True,True,,0.47758999999999996
c682e4cc7ecf11ef,"('NormalForm', 'b566', 4)",1,1,1,7,7,2.0,0.2,0.44999999999999996,0.0,25,"NormalForm(p(g(a),f(p(h(c,f(h(b,b)))))))=p(a,f(p(h(c,f(h(b,b))))))",NormalForm,0.002840909090909091,0.04,0.35,0.0009718172983479105,9.390625,0.44999999999999996,0.0716997084548105,0.04685524126455907,0.19341586005830902,0.13220200116618075,0.016961363636363636,0.16213941598041273,True,False,1.0,0.20464000000000002
bffe6de03e8ac372,"('Derives', 1, 'b566')",1,1,1,7,7,3.0,0.65,0.75,1.0,22,"Derives(p(g(a),f(p(h(c,f(h(b,b)))))),p(a,f(p(h(c,f(h(b,b)))))))",Derives,0.002840909090909091,0.04,0.35,0.0014577259475218659,9.34375,0.75,0.15304956268221573,0.04709030100334448,0.4334637900874636,0.25128140174927116,0.016961363636363636,0.0909866955815204,True,False,2.0,0.46083999999999997
3900e5346a98abc0,"('NormalForm', '8d06', 4)",1,1,1,6,6,2.0,0.2,0.44999999999999996,0.0,25,"NormalForm(p(q(b,a),g(c,h(g(g(a),a)))))=p(q(b,a),g(c,h(g(a,a))))",NormalForm,0.002840909090909091,0.04,0.3,0.0009718172983479105,8.390625,0.44999999999999996,0.06669970845481049,0.052439478584729984,0.191015860058309,0.12447800116618074,0.016961363636363636,0.05835195434346116,True,False,1.0,0.19554
3a71e03116c79d4a,"('Derives', 1, '8d06')",1,1,1,6,6,3.0,0.65,0.75,1.0,22,"Derives(p(q(b,a),g(c,h(g(g(a),a)))),p(q(b,a),g(c,h(g(a,a)))))",Derives,0.002840909090909091,0.04,0.3,0.0014577259475218659,8.34375,0.75,0.14804956268221575,0.052734082397003744,0.43106379008746354,0.24355740174927115,0.016961363636363636,0.23258166707658345,True,False,2.0,0.45174
fa10bb7f768cf991,"('NormalForm', 'cde7', 4)",1,1,1,5,5,1.0,0.0,0.35,0.0,25,"NormalForm(f(p(b,h(p(h(a,a))))))=f(p(b,h(p(h(a,a)))))",NormalForm,0.002840909090909091,0.04,0.25,0.00048590864917395527,7.390625,0.35,0.02534985422740525,0.059534883720930236,0.08916793002915452,0.06563060058309038,0.016961363636363636,0.2071134931239603,True,False,1.0,0.17104
093411ebe3bf701c,"('NormalForm', 'ce70', 3)",1,1,1,3,3,2.0,0.2,0.44999999999999996,0.0,25,NormalForm(p(p(f(a))))=p(p(b)),NormalForm,0.002840909090909091,0.04,0.15,0.0009718172983479105,5.390625,0.44999999999999996,0.05169970845481049,0.0816231884057971,0.18381586005830902,0.10130600116618074,0.016961363636363636,0.2701845438146778,True,True,,0.28824
53aa030a2419c30b,"('Derives', 1, 'ce70')",1,1,1,3,3,3.0,0.65,0.75,0.5,22,"Derives(p(p(f(a))),p(p(b)))",Derives,0.002840909090909091,0.04,0.15,0.0014577259475218659,5.34375,0.75,0.13304956268221574,0.08233918128654971,0.42386379008746355,0.22038540174927115,0.016961363636363636,0.448766336907093,True,True,,0.42894
56b8599c64da745d,"('NormalForm', '1942', 1)",3,3,1,1,1,3.0,0.0,0.3499999999999999,0.0,25,NormalForm(h(a))=h(a),NormalForm,0.008522727272727272,0.12,0.05,0.0014577259475218659,3.390625,0.3499999999999999,0.0060495626822157445,0.4600921658986175,0.07990379008746354,0.048715801749271134,0.05088409090909091,0.06519968940174495,True,False,1.0,0.14192
fe1115f92206f475,"('NormalForm', '6df5', 4)",1,1,1,7,7,6.0,1.0,0.75,0.0,25,"NormalForm(q(h(c),p(f(f(h(g(b)))))))=q(a,p(c))",NormalForm,0.002840909090909091,0.04,0.35,0.0029154518950437317,9.390625,0.75,0.2170991253644315,0.04685524126455907,0.5692075801749271,0.33097560349854227,0.016961363636363636,0.026324650349708614,True,False,1.0,0.27884
550670cec53af80e,"('RewriteDistanceBucket', 5)",2,1,1,7,13,12.0,1.0,0.6,0.8333333333333334,28,"RewriteDistanceBucket(q(h(c),p(f(f(h(g(b)))))))=5",RewriteDistanceBucket,0.005681818181818182,0.04,0.65,0.0058309037900874635,15.4375,0.6,0.24919825072886298,0.05700404858299595,0.5516151603498542,0.36988320699708455,0.018722727272727273,0.15843784309747494,True,True,,0.66484
a3431c85fc086b25,"('Derives', 4, '6df5')",1,1,1,7,7,7.0,0.65,0.75,1.0,22,"Derives(q(h(c),p(f(f(h(g(b)))))),q(a,p(c)))",Derives,0.002840909090909091,0.04,0.35,0.003401360544217687,9.34375,0.75,0.15444897959183673,0.04709030100334448,0.4341355102040817,0.2520438040816327,0.016961363636363636,0.3249583369636575,True,False,2.0,0.46083999999999997
cc64cf4da805c75c,"('NormalForm', 'b603', 4)",1,1,1,4,4,2.0,0.2,0.44999999999999996,0.0,25,NormalForm(p(g(g(h(c)))))=p(g(g(a))),NormalForm,0.002840909090909091,0.04,0.2,0.0009718172983479105,6.390625,0.44999999999999996,0.056699708454810496,0.06885085574572126,0.18621586005830904,0.10903000116618075,0.016961363636363636,0.296696023108233,True,False,1.0,0.17734
33f31253013b651c,"('Derives', 1, 'b603')",1,1,1,4,4,3.0,0.65,0.75,0.75,22,"Derives(p(g(g(h(c)))),p(g(g(a))))",Derives,0.002840909090909091,0.04,0.2,0.0014577259475218659,6.34375,0.75,0.13804956268221574,0.06935960591133004,0.4262637900874636,0.22810940174927116,0.016961363636363636,0.05622396342900372,True,False,1.0,0.37578999999999996
aa35199c2dad790c,"('NormalForm', 'dbe5', 2)",1,1,1,2,2,1.0,0.0,0.35,0.0,25,"NormalForm(f(q(b,b)))=f(q(b,b))",NormalForm,0.002840909090909091,0.04,0.1,0.00048590864917395527,4.390625,0.35,0.01034985422740525,0.1002135231316726,0.08196793002915452,0.04245860058309038,0.016961363636363636,0.060740355581470076,True,False,1.0,0.14374
9ca60b451eaa98ad,"('NormalForm', '7dcb', 4)",1,1,1,15,15,1.0,0.0,0.35,0.0,25,"NormalForm(q(c,q(f(q(h(p(c,c),p(c))),h(b)),p(q(f(p(a)),a),q(p(b,h(a)))))))=q(c,q(f(q(h(p(c,c),p(c))),h(b)),p(q(f(p(a)),a),q(p(b,h(a))))))",NormalForm,0.002840909090909091,0.04,0.75,0.00048590864917395527,17.390625,0.35,0.07534985422740526,0.025300988319856246,0.11316793002915451,0.1428706005830904,0.016961363636363636,0.08445023571801594,True,True,,0.38204
18b9a1c38ca730f0,"('NormalForm', 'f6d5', 4)",1,1,1,8,8,1.0,0.0,0.35,0.0,25,"NormalForm(h(p(p(h(p(f(c,a)),q(p(c)))))))=h(p(p(h(p(f(c,a)),q(p(c))))))",NormalForm,0.002840909090909091,0.04,0.4,0.00048590864917395527,10.390625,0.35,0.04034985422740526,0.04234586466165414,0.09636793002915453,0.08880260058309039,0.016961363636363636,0.3538776868522552,True,False,1.0,0.19834
47903fef5b14e4ab,"('NormalForm', '880f', 4)",1,1,1,6,6,1.0,0.0,0.35,0.0,25,"NormalForm(g(g(h(b)),g(f(q(b)))))=g(g(h(b)),g(f(q(b))))",NormalForm,0.002840909090909091,0.04,0.3,0.00048590864917395527,8.390625,0.35,0.030349854227405246,0.052439478584729984,0.09156793002915452,0.07335460058309037,0.016961363636363636,0.3615861056667963,True,True,,0.30013999999999996
0a58511498fe7025,"('NormalForm', '9f57', 4)",1,1,1,6,6,2.0,0.2,0.44999999999999996,0.0,25,"NormalForm(f(h(f(c,p(f(f(a),c))))))=f(h(f(c,p(f(b,c)))))",NormalForm,0.002840909090909091,0.04,0.3,0.0009718172983479105,8.390625,0.44999999999999996,0.06669970845481049,0.052439478584729984,0.191015860058309,0.12447800116618074,0.016961363636363636,0.031089528802450438,True,False,1.0,0.19554
1aee4bf5dd1a07ce,"('Derives', 1, '9f57')",1,1,1,6,6,3.0,0.65,0.75,1.0,22,"Derives(f(h(f(c,p(f(f(a),c))))),f(h(f(c,p(f(b,c))))))",Derives,0.002840909090909091,0.04,0.3,0.0014577259475218659,8.34375,0.75,0.14804956268221575,0.052734082397003744,0.43106379008746354,0.24355740174927115,0.016961363636363636,0.10042372077932553,True,True,,0.5717399999999999
72103aeccd8ba7ce,"('NormalForm', '3f34', 4)",1,1,1,6,6,1.0,0.0,0.35,0.0,25,"NormalForm(q(q(f(h(p(q(c,c),b),b)))))=q(q(f(h(p(q(c,c),b),b))))",NormalForm,0.002840909090909091,0.04,0.3,0.00048590864917395527,8.390625,0.35,0.030349854227405246,0.052439478584729984,0.09156793002915452,0.07335460058309037,0.016961363636363636,0.12029034356388951,True,True,,0.30013999999999996
dbd4062fbad42282,"('NormalForm', 'b162', 4)",1,1,1,5,5,1.0,0.0,0.35,0.0,25,"NormalForm(h(q(a),p(p(f(c)))))=h(q(a),p(p(f(c))))",NormalForm,0.002840909090909091,0.04,0.25,0.00048590864917395527,7.390625,0.35,0.02534985422740525,0.059534883720930236,0.08916793002915452,0.06563060058309038,0.016961363636363636,0.8142907581978501,True,True,,0.29103999999999997
945196028cebeb61,"('NormalForm', 'b19a', 4)",1,1,1,10,10,1.0,0.0,0.35,0.0,25,"NormalForm(p(g(q(p(b))),f(q(g(h(g(b,c),g(b,c)))))))=p(g(q(p(b))),f(q(g(h(g(b,c),g(b,c))))))",NormalForm,0.002840909090909091,0.04,0.5,0.00048590864917395527,12.390625,0.35,0.050349854227405254,0.035510718789407314,0.10116793002915452,0.10425060058309038,0.016961363636363636,0.0697649143269721,True,False,1.0,0.21654
6f67a42971bd24e5,"('NormalForm', 'aa2a', 2)",1,1,1,2,2,1.0,0.0,0.35,0.0,25,NormalForm(g(h(a)))=g(h(a)),NormalForm,0.002840909090909091,0.04,0.1,0.00048590864917395527,4.390625,0.35,0.01034985422740525,0.1002135231316726,0.08196793002915452,0.04245860058309038,0.016961363636363636,0.23110877315291029,True,False,1.0,0.14374
0a3f06fba79c0195,"('NormalForm', '91fa', 4)",1,1,1,4,4,1.0,0.0,0.35,0.0,25,"NormalForm(h(b,g(f(h(b)))))=h(b,g(f(h(b))))",NormalForm,0.002840909090909091,0.04,0.2,0.00048590864917395527,6.390625,0.35,0.02034985422740525,0.06885085574572126,0.08676793002915452,0.057906600583090384,0.016961363636363636,0.2766856862188857,True,True,,0.28193999999999997
cd61a85f53c2206d,"('NormalForm', '7cf8', 2)",1,1,1,2,2,3.0,0.4,0.55,1.0,25,NormalForm(f(h(c)))=b,NormalForm,0.002840909090909091,0.04,0.1,0.0014577259475218659,4.390625,0.55,0.08304956268221575,0.1002135231316726,0.28086379008746354,0.14470540174927116,0.016961363636363636,0.12828929889751262,True,False,1.0,0.40554
df48f0047276b6b7,"('Derives', 2, '7cf8')",1,1,1,2,2,4.0,0.65,0.75,0.75,22,"Derives(f(h(c)),b)",Derives,0.002840909090909091,0.04,0.1,0.001943634596695821,4.34375,0.75,0.12839941690962098,0.10129496402877698,0.4216317201166181,0.2128520023323615,0.016961363636363636,0.1701501935676479,True,True,,0.47758999999999996
8ec893ae28741c3f,"('NormalForm', 'bb62', 4)",1,1,1,7,7,2.0,0.2,0.44999999999999996,0.0,25,"NormalForm(q(q(f(f(b),p(g(p(a)))))))=q(q(f(c,p(g(p(a))))))",NormalForm,0.002840909090909091,0.04,0.35,0.0009718172983479105,9.390625,0.44999999999999996,0.0716997084548105,0.04685524126455907,0.19341586005830902,0.13220200116618075,0.016961363636363636,0.06675352255308664,True,False,1.0,0.20464000000000002
1f086bb1a04efe5e,"('Derives', 1, 'bb62')",1,1,1,7,7,3.0,0.65,0.75,1.0,22,"Derives(q(q(f(f(b),p(g(p(a)))))),q(q(f(c,p(g(p(a)))))))",Derives,0.002840909090909091,0.04,0.35,0.0014577259475218659,9.34375,0.75,0.15304956268221573,0.04709030100334448,0.4334637900874636,0.25128140174927116,0.016961363636363636,0.36602349522682903,True,False,2.0,0.46083999999999997
4017b52dac27d250,"('NormalForm', '551b', 4)",1,1,1,14,14,5.0,0.8,0.75,0.0,25,"NormalForm(h(f(h(f(h(g(c,a))))),q(q(q(b,p(g(a))),f(f(h(c)))))))=h(f(h(f(h(g(c,a))))),q(q(q(b,p(a)),c)))",NormalForm,0.002840909090909091,0.04,0.7,0.0024295432458697765,16.390625,0.75,0.21574927113702624,0.02684461391801716,0.5085596501457726,0.33964020291545194,0.016961363636363636,0.11635356669049857,True,True,,0.43454
c7bf6d063058a6eb,"('Derives', 4, '551b')",1,1,1,14,14,6.0,0.65,0.75,1.0,22,"Derives(h(f(h(f(h(g(c,a))))),q(q(q(b,p(g(a))),f(f(h(c)))))),h(f(h(f(h(g(c,a))))),q(q(q(b,p(a)),c))))",Derives,0.002840909090909091,0.04,0.7,0.0029154518950437317,16.34375,0.75,0.18909912536443146,0.026921606118546847,0.45076758017492713,0.30592120349854224,0.016961363636363636,0.3689515570725528,True,False,2.0,0.52454
adca249b7fbf481a,"('NormalForm', '0699', 4)",1,1,1,7,7,2.0,0.2,0.44999999999999996,0.0,25,"NormalForm(f(f(g(a,h(f(b,b),g(b,h(c)))))))=f(f(g(a,h(f(b,b),g(b,a)))))",NormalForm,0.002840909090909091,0.04,0.35,0.0009718172983479105,9.390625,0.44999999999999996,0.0716997084548105,0.04685524126455907,0.19341586005830902,0.13220200116618075,0.016961363636363636,0.046460525511966055,True,False,1.0,0.20464000000000002
48c0c5fb803920ae,"('Derives', 1, '0699')",1,1,1,7,7,3.0,0.65,0.75,1.0,22,"Derives(f(f(g(a,h(f(b,b),g(b,h(c)))))),f(f(g(a,h(f(b,b),g(b,a))))))",Derives,0.002840909090909091,0.04,0.35,0.0014577259475218659,9.34375,0.75,0.15304956268221573,0.04709030100334448,0.4334637900874636,0.25128140174927116,0.016961363636363636,0.12864433045247847,True,False,2.0,0.46083999999999997
7092fda35abc74cf,"('NormalForm', 'df07', 4)",1,1,1,7,7,2.0,0.2,0.44999999999999996,0.0,25,"NormalForm(f(g(g(h(h(q(c),p(a,a)),b))),a))=f(g(g(h(h(b,p(a,a)),b))),a)",NormalForm,0.002840909090909091,0.04,0.35,0.0009718172983479105,9.390625,0.44999999999999996,0.0716997084548105,0.04685524126455907,0.19341586005830902,0.13220200116618075,0.016961363636363636,0.0931125340126288,True,False,1.0,0.20464000000000002
18ce8b89d18ac672,"('Derives', 1, 'df07')",1,1,1,7,7,3.0,0.65,0.75,1.0,22,"Derives(f(g(g(h(h(q(c),p(a,a)),b))),a),f(g(g(h(h(b,p(a,a)),b))),a))",Derives,0.002840909090909091,0.04,0.35,0.0014577259475218659,9.34375,0.75,0.15304956268221573,0.04709030100334448,0.4334637900874636,0.25128140174927116,0.016961363636363636,0.19750666616427617,True,True,,0.58084
02cbe680055ba950,"('NormalForm', '4a1e', 4)",1,1,1,4,4,1.0,0.0,0.35,0.0,25,NormalForm(p(f(g(p(b)))))=p(f(g(p(b)))),NormalForm,0.002840909090909091,0.04,0.2,0.00048590864917395527,6.390625,0.35,0.02034985422740525,0.06885085574572126,0.08676793002915452,0.057906600583090384,0.016961363636363636,0.36707659605937526,True,False,1.0,0.16194
f96b8d569a9867f1,"('NormalForm', '9ce3', 4)",1,1,1,4,4,2.0,0.2,0.44999999999999996,0.0,25,"NormalForm(q(g(f(b,c)),g(b)))=q(g(f(b,c)),c)",NormalForm,0.002840909090909091,0.04,0.2,0.0009718172983479105,6.390625,0.44999999999999996,0.056699708454810496,0.06885085574572126,0.18621586005830904,0.10903000116618075,0.016961363636363636,0.09134947796288867,True,True,,0.29734
253a3bd1e4b52fbd,"('Derives', 1, '9ce3')",1,1,1,4,4,3.0,0.65,0.75,1.0,22,"Derives(q(g(f(b,c)),g(b)),q(g(f(b,c)),c))",Derives,0.002840909090909091,0.04,0.2,0.0014577259475218659,6.34375,0.75,0.13804956268221574,0.06935960591133004,0.4262637900874636,0.22810940174927116,0.016961363636363636,0.2002092338680684,True,True,,0.5535399999999999
8352bc184c441f84,"('NormalForm', '2c57', 4)",1,1,1,8,8,1.0,0.0,0.35,0.0,25,"NormalForm(p(q(a,g(q(a),f(f(p(b),g(b,a)))))))=p(q(a,g(q(a),f(f(p(b),g(b,a))))))",NormalForm,0.002840909090909091,0.04,0.4,0.00048590864917395527,10.390625,0.35,0.04034985422740526,0.04234586466165414,0.09636793002915453,0.08880260058309039,0.016961363636363636,0.3232310179270711,True,False,1.0,0.19834
7e162070d50160da,"('NormalForm', '19d9', 4)",1,1,1,17,17,5.0,0.8,0.75,0.0,25,"NormalForm(g(g(h(f(p(g(c),a),p(p(a)))),g(q(h(p(a,b)),g(g(a),f(a))))),q(a,q(b))))=g(g(h(f(p(g(c),a),p(p(a)))),g(q(a,g(a,b)))),q(a,q(b)))",NormalForm,0.002840909090909091,0.04,0.85,0.0024295432458697765,19.390625,0.75,0.23074927113702626,0.022691377921031427,0.5157596501457726,0.3628122029154519,0.016961363636363636,0.09867517560736427,True,True,,0.46184
2ec25c38859fa78d,"('Derives', 4, '19d9')",1,1,1,17,17,6.0,0.65,0.75,1.0,22,"Derives(g(g(h(f(p(g(c),a),p(p(a)))),g(q(h(p(a,b)),g(g(a),f(a))))),q(a,q(b))),g(g(h(f(p(g(c),a),p(p(a)))),g(q(a,g(a,b)))),q(a,q(b))))",Derives,0.002840909090909091,0.04,0.85,0.0029154518950437317,19.34375,0.75,0.20409912536443148,0.022746365105008076,0.4579675801749271,0.3290932034985423,0.016961363636363636,0.07465746803572605,True,True,,0.67184
f9d300fb28e73b59,"('NormalForm', 'a5bd', 3)",1,1,1,3,3,3.0,0.4,0.55,0.0,25,NormalForm(g(f(f(a))))=g(c),NormalForm,0.002840909090909091,0.04,0.15,0.0014577259475218659,5.390625,0.55,0.08804956268221574,0.0816231884057971,0.28326379008746355,0.15242940174927117,0.016961363636363636,0.026417292247877085,True,False,1.0,0.18364
fc197c15633c69a0,"('Derives', 2, 'a5bd')",1,1,1,3,3,4.0,0.65,0.75,1.0,22,"Derives(g(f(f(a))),g(c))",Derives,0.002840909090909091,0.04,0.15,0.001943634596695821,5.34375,0.75,0.13339941690962098,0.08233918128654971,0.42403172011661805,0.2205760023323615,0.016961363636363636,0.05629682665872733,True,True,,0.5444399999999999
f9d342d8e3abc2ed,"('NormalForm', '1ba7', 2)",1,1,1,2,2,1.0,0.0,0.35,0.0,25,"NormalForm(q(h(b),a))=q(h(b),a)",NormalForm,0.002840909090909091,0.04,0.1,0.00048590864917395527,4.390625,0.35,0.01034985422740525,0.1002135231316726,0.08196793002915452,0.04245860058309038,0.016961363636363636,0.14811082303204787,True,False,1.0,0.14374
be57a00fd4e8e4fa,"('NormalForm', 'a60d', 4)",1,1,1,17,17,1.0,0.0,0.35,0.0,25,"NormalForm(h(f(g(f(h(p(b)),q(f(c),q(b))),g(g(p(c),b)))),h(h(q(h(b,g(b,a)))),c)))=h(f(g(f(h(p(b)),q(f(c),q(b))),g(g(p(c),b)))),h(h(q(h(b,g(b,a)))),c))",NormalForm,0.002840909090909091,0.04,0.85,0.00048590864917395527,19.390625,0.35,0.08534985422740525,0.022691377921031427,0.11796793002915451,0.15831860058309039,0.016961363636363636,0.163582129874146,True,False,1.0,0.28024
da87fdd841a90cd1,"('NormalForm', 'ce70', 2)",1,1,1,2,2,1.0,0.0,0.35,0.0,25,NormalForm(p(p(b)))=p(p(b)),NormalForm,0.002840909090909091,0.04,0.1,0.00048590864917395527,4.390625,0.35,0.01034985422740525,0.1002135231316726,0.08196793002915452,0.04245860058309038,0.016961363636363636,0.08794651563947994,True,True,,0.26374
e842b1e8328b9de8,"('NormalForm', '3a0d', 2)",1,1,1,2,2,1.0,0.0,0.35,0.0,25,"NormalForm(q(g(a,a)))=q(g(a,a))",NormalForm,0.002840909090909091,0.04,0.1,0.00048590864917395527,4.390625,0.35,0.01034985422740525,0.1002135231316726,0.08196793002915452,0.04245860058309038,0.016961363636363636,0.2443012961578247,True,False,1.0,0.14374
8f2fdbb7dbecb3a0,"('NormalForm', '9de8', 2)",1,1,1,2,2,1.0,0.0,0.35,0.0,25,"NormalForm(p(p(a,a)))=p(p(a,a))",NormalForm,0.002840909090909091,0.04,0.1,0.00048590864917395527,4.390625,0.35,0.01034985422740525,0.1002135231316726,0.08196793002915452,0.04245860058309038,0.016961363636363636,0.06150601881129116,True,False,1.0,0.14374
3750b8ec0eabb3b3,"('NormalForm', '4523', 4)",1,1,1,6,6,1.0,0.0,0.35,0.0,25,"NormalForm(h(f(h(h(q(g(b,b)),b)))))=h(f(h(h(q(g(b,b)),b))))",NormalForm,0.002840909090909091,0.04,0.3,0.00048590864917395527,8.390625,0.35,0.030349854227405246,0.052439478584729984,0.09156793002915452,0.07335460058309037,0.016961363636363636,0.2420832584020322,True,True,,0.30013999999999996
9134381f361061fa,"('NormalForm', '218e', 4)",1,1,1,10,10,2.0,0.2,0.44999999999999996,0.0,25,"NormalForm(q(h(c,p(p(f(p(b))),f(f(b,q(c)),a))),q(a)))=q(h(c,p(p(f(p(b))),f(f(b,b),a))),q(a))",NormalForm,0.002840909090909091,0.04,0.5,0.0009718172983479105,12.390625,0.44999999999999996,0.0866997084548105,0.035510718789407314,0.200615860058309,0.15537400116618078,0.016961363636363636,0.16170891288209835,True,False,1.0,0.23194
7003bff4927494ca,"('Derives', 1, '218e')",1,1,1,10,10,3.0,0.65,0.75,1.0,22,"Derives(q(h(c,p(p(f(p(b))),f(f(b,q(c)),a))),q(a)),q(h(c,p(p(f(p(b))),f(f(b,b),a))),q(a)))",Derives,0.002840909090909091,0.04,0.5,0.0014577259475218659,12.34375,0.75,0.16804956268221574,0.03564556962025316,0.4406637900874636,0.27445340174927113,0.016961363636363636,0.12477048055619497,True,False,2.0,0.48814
2157e1ed2374e502,"('NormalForm', '91d5', 2)",1,1,1,2,2,1.0,0.0,0.35,0.0,25,"NormalForm(q(q(c,c)))=q(q(c,c))",NormalForm,0.002840909090909091,0.04,0.1,0.00048590864917395527,4.390625,0.35,0.01034985422740525,0.1002135231316726,0.08196793002915452,0.04245860058309038,0.016961363636363636,0.05434401859971134,True,False,1.0,0.14374
bc76d7972240d21b,"('NormalForm', '4130', 4)",1,1,1,9,9,2.0,0.2,0.44999999999999996,0.0,25,"NormalForm(q(q(q(c),g(h(q(f(c,b)),a),g(p(c))))))=q(q(b,g(h(q(f(c,b)),a),g(p(c)))))",NormalForm,0.002840909090909091,0.04,0.45,0.0009718172983479105,11.390625,0.44999999999999996,0.0816997084548105,0.03862825788751715,0.19821586005830905,0.1476500011661808,0.016961363636363636,0.21929267263466656,True,False,1.0,0.22284000000000004
cd63755b6ec82058,"('Derives', 1, '4130')",1,1,1,9,9,3.0,0.65,0.75,1.0,22,"Derives(q(q(q(c),g(h(q(f(c,b)),a),g(p(c))))),q(q(b,g(h(q(f(c,b)),a),g(p(c))))))",Derives,0.002840909090909091,0.04,0.45,0.0014577259475218659,11.34375,0.75,0.16304956268221574,0.03878787878787879,0.4382637900874635,0.2667294017492712,0.016961363636363636,0.25044114787062205,True,True,,0.5990399999999999
acf32c4d54317262,"('NormalForm', 'f4e3', 4)",1,1,1,14,14,1.0,0.0,0.35,0.0,25,"NormalForm(q(p(f(p(h(g(c,a)),h(g(a),b)))),g(q(p(b,p(f(a,a)))),p(c))))=q(p(f(p(h(g(c,a)),h(g(a),b)))),g(q(p(b,p(f(a,a)))),p(c)))",NormalForm,0.002840909090909091,0.04,0.7,0.00048590864917395527,16.390625,0.35,0.07034985422740524,0.02684461391801716,0.11076793002915451,0.13514660058309036,0.016961363636363636,0.3122552731941579,True,False,1.0,0.25294
104e0438c00706d0,"('NormalForm', '8343', 3)",1,1,1,3,3,2.0,0.2,0.44999999999999996,0.0,25,"NormalForm(f(p(a),g(b)))=f(p(a),c)",NormalForm,0.002840909090909091,0.04,0.15,0.0009718172983479105,5.390625,0.44999999999999996,0.05169970845481049,0.0816231884057971,0.18381586005830902,0.10130600116618074,0.016961363636363636,0.2508822981486175,True,False,1.0,0.16824
eaa299ecdced6290,"('Derives', 1, '8343')",1,1,1,3,3,3.0,0.65,0.75,0.75,22,"Derives(f(p(a),g(b)),f(p(a),c))",Derives,0.002840909090909091,0.04,0.15,0.0014577259475218659,5.34375,0.75,0.13304956268221574,0.08233918128654971,0.42386379008746355,0.22038540174927115,0.016961363636363636,0.21381887286689572,True,False,1.0,0.36668999999999996
260cc29cc2a722fd,"('NormalForm', 'ee75', 4)",1,1,1,8,8,1.0,0.0,0.35,0.0,25,"NormalForm(p(f(f(p(g(h(b)),h(h(b))),b))))=p(f(f(p(g(h(b)),h(h(b))),b)))",NormalForm,0.002840909090909091,0.04,0.4,0.00048590864917395527,10.390625,0.35,0.04034985422740526,0.04234586466165414,0.09636793002915453,0.08880260058309039,0.016961363636363636,0.08646328870733334,True,True,,0.31833999999999996
b23eaa538d26beae,"('NormalForm', '9c88', 4)",1,1,1,5,5,2.0,0.2,0.44999999999999996,0.0,25,"NormalForm(h(q(p(g(p(a,b))),a),a))=h(q(p(g(c)),a),a)",NormalForm,0.002840909090909091,0.04,0.25,0.0009718172983479105,7.390625,0.44999999999999996,0.061699708454810494,0.059534883720930236,0.18861586005830902,0.11675400116618076,0.016961363636363636,0.022346199565061776,True,False,1.0,0.18644
e3fd5b52bfd6be85,"('Derives', 1, '9c88')",1,1,1,5,5,3.0,0.65,0.75,1.0,22,"Derives(h(q(p(g(p(a,b))),a),a),h(q(p(g(c)),a),a))",Derives,0.002840909090909091,0.04,0.25,0.0014577259475218659,7.34375,0.75,0.14304956268221575,0.05991489361702128,0.4286637900874636,0.23583340174927114,0.016961363636363636,0.08254298740930543,True,True,,0.56264
e979a18c73848089,"('NormalForm', '753e', 2)",1,1,1,2,2,1.0,0.0,0.35,0.0,25,NormalForm(h(h(b)))=h(h(b)),NormalForm,0.002840909090909091,0.04,0.1,0.00048590864917395527,4.390625,0.35,0.01034985422740525,0.1002135231316726,0.08196793002915452,0.04245860058309038,0.016961363636363636,0.22999727767733277,True,False,1.0,0.14374
804692d14729d5b9,"('NormalForm', '3e9e', 4)",1,1,1,17,17,3.0,0.4,0.55,0.0,25,"NormalForm(f(h(p(c,q(q(p(c))))),h(h(p(f(p(b)))),q(h(p(g(b,a),q(c))),f(b)))))=f(h(p(c,q(q(p(c))))),h(h(p(f(p(b)))),q(h(p(g(b,a),b)),c)))",NormalForm,0.002840909090909091,0.04,0.85,0.0014577259475218659,19.390625,0.55,0.15804956268221576,0.022691377921031427,0.31686379008746357,0.2605654017492712,0.016961363636363636,0.0961947559639243,True,False,1.0,0.31104
62cec221c74858c1,"('Derives', 2, '3e9e')",1,1,1,17,17,4.0,0.65,0.75,1.0,22,"Derives(f(h(p(c,q(q(p(c))))),h(h(p(f(p(b)))),q(h(p(g(b,a),q(c))),f(b)))),f(h(p(c,q(q(p(c))))),h(h(p(f(p(b)))),q(h(p(g(b,a),b)),c))))",Derives,0.002840909090909091,0.04,0.85,0.001943634596695821,19.34375,0.75,0.203399416909621,0.022746365105008076,0.4576317201166181,0.32871200233236153,0.016961363636363636,0.23816180862576208,True,True,,0.67184
fccbc930be84e763,"('NormalForm', 'e775', 3)",1,1,1,3,3,1.0,0.0,0.35,0.0,25,"NormalForm(p(f(h(c,b))))=p(f(h(c,b)))",NormalForm,0.002840909090909091,0.04,0.15,0.00048590864917395527,5.390625,0.35,0.015349854227405247,0.0816231884057971,0.08436793002915452,0.050182600583090375,0.016961363636363636,0.27486394565872324,True,False,1.0,0.15284
3c4571ceeaf1e79a,"('NormalForm', 'df4c', 4)",1,1,1,6,6,1.0,0.0,0.35,0.0,25,"NormalForm(g(q(b,f(q(g(q(b,c)))))))=g(q(b,f(q(g(q(b,c))))))",NormalForm,0.002840909090909091,0.04,0.3,0.00048590864917395527,8.390625,0.35,0.030349854227405246,0.052439478584729984,0.09156793002915452,0.07335460058309037,0.016961363636363636,0.1490574803405338,True,False,1.0,0.18014
961505bfd328feaa,"('NormalForm', '80a2', 1)",3,3,1,1,1,3.0,0.0,0.3499999999999999,0.0,25,NormalForm(p(c))=p(c),NormalForm,0.008522727272727272,0.12,0.05,0.0014577259475218659,3.390625,0.3499999999999999,0.0060495626822157445,0.4600921658986175,0.07990379008746354,0.048715801749271134,0.05088409090909091,0.28008474733631106,True,True,,0.26192
dc2e2272f23fcc0a,"('NormalForm', '6050', 4)",1,1,1,9,9,1.0,0.0,0.35,0.0,25,"NormalForm(g(g(p(a,g(f(c),q(b,a))),p(a,p(q(b))))))=g(g(p(a,g(f(c),q(b,a))),p(a,p(q(b)))))",NormalForm,0.002840909090909091,0.04,0.45,0.00048590864917395527,11.390625,0.35,0.045349854227405256,0.03862825788751715,0.09876793002915452,0.0965266005830904,0.016961363636363636,0.20713626923748585,True,False,1.0,0.20743999999999999
1ea7e036ff750c5d,"('NormalForm', '32ae', 4)",1,1,1,5,5,2.0,0.2,0.44999999999999996,0.0,25,"NormalForm(g(c,g(f(h(c),h(a)))))=g(c,g(f(a,h(a))))",NormalForm,0.002840909090909091,0.04,0.25,0.0009718172983479105,7.390625,0.44999999999999996,0.061699708454810494,0.059534883720930236,0.18861586005830902,0.11675400116618076,0.016961363636363636,0.08797088646181957,True,True,,0.30644
9118eba4dc153c86,"('Derives', 1, '32ae')",1,1,1,5,5,3.0,0.65,0.75,1.0,22,"Derives(g(c,g(f(h(c),h(a)))),g(c,g(f(a,h(a)))))",Derives,0.002840909090909091,0.04,0.25,0.0014577259475218659,7.34375,0.75,0.14304956268221575,0.05991489361702128,0.4286637900874636,0.23583340174927114,0.016961363636363636,0.05266970115101844,True,False,2.0,0.44264
7842893c806681a5,"('NormalForm', '24f4', 4)",1,1,1,8,8,1.0,0.0,0.35,0.0,25,"NormalForm(f(f(c,f(h(g(b,h(b)),p(g(c)))))))=f(f(c,f(h(g(b,h(b)),p(g(c))))))",NormalForm,0.002840909090909091,0.04,0.4,0.00048590864917395527,10.390625,0.35,0.04034985422740526,0.04234586466165414,0.09636793002915453,0.08880260058309039,0.016961363636363636,0.1781823461644389,True,False,1.0,0.19834
a8a25a79eee6f543,"('NormalForm', '26c7', 2)",1,1,1,2,2,1.0,0.0,0.35,0.0,25,NormalForm(f(h(b)))=f(h(b)),NormalForm,0.002840909090909091,0.04,0.1,0.00048590864917395527,4.390625,0.35,0.01034985422740525,0.1002135231316726,0.08196793002915452,0.04245860058309038,0.016961363636363636,0.27916359713156325,True,False,1.0,0.14374
5c71d61181d16874,"('NormalForm', '41cd', 2)",1,1,1,2,2,1.0,0.0,0.35,0.0,25,"NormalForm(q(h(a),c))=q(h(a),c)",NormalForm,0.002840909090909091,0.04,0.1,0.00048590864917395527,4.390625,0.35,0.01034985422740525,0.1002135231316726,0.08196793002915452,0.04245860058309038,0.016961363636363636,0.1127525751526834,True,False,1.0,0.14374
97a0fccb4132b600,"('NormalForm', 'eae1', 4)",1,1,1,4,4,2.0,0.2,0.44999999999999996,0.0,25,"NormalForm(h(p(b,f(a,g(a)))))=h(p(b,f(a,a)))",NormalForm,0.002840909090909091,0.04,0.2,0.0009718172983479105,6.390625,0.44999999999999996,0.056699708454810496,0.06885085574572126,0.18621586005830904,0.10903000116618075,0.016961363636363636,0.08749768484707447,True,False,1.0,0.17734
49373f7f7c7754df,"('Derives', 1, 'eae1')",1,1,1,4,4,3.0,0.65,0.75,1.0,22,"Derives(h(p(b,f(a,g(a)))),h(p(b,f(a,a))))",Derives,0.002840909090909091,0.04,0.2,0.0014577259475218659,6.34375,0.75,0.13804956268221574,0.06935960591133004,0.4262637900874636,0.22810940174927116,0.016961363636363636,0.10180781857726337,True,True,,0.5535399999999999
86710d0e37172fd4,"('NormalForm', '2aa6', 4)",1,1,1,5,5,1.0,0.0,0.35,0.0,25,"NormalForm(g(g(g(f(p(a,a)),c))))=g(g(g(f(p(a,a)),c)))",NormalForm,0.002840909090909091,0.04,0.25,0.00048590864917395527,7.390625,0.35,0.02534985422740525,0.059534883720930236,0.08916793002915452,0.06563060058309038,0.016961363636363636,0.14062091669363339,True,False,1.0,0.17104
2e1e808c55b863c7,"('NormalForm', '2c1e', 4)",1,1,1,10,10,2.0,0.2,0.44999999999999996,0.0,25,"NormalForm(h(f(f(g(c,b))),f(g(g(g(h(c,a))),h(c)))))=h(f(f(g(c,b))),f(g(g(g(h(c,a))),a)))",NormalForm,0.002840909090909091,0.04,0.5,0.0009718172983479105,12.390625,0.44999999999999996,0.0866997084548105,0.035510718789407314,0.200615860058309,0.15537400116618078,0.016961363636363636,0.26578276624400987,True,True,,0.35194000000000003
a44cb69a1dca22d2,"('Derives', 1, '2c1e')",1,1,1,10,10,3.0,0.65,0.75,0.75,22,"Derives(h(f(f(g(c,b))),f(g(g(g(h(c,a))),h(c)))),h(f(f(g(c,b))),f(g(g(g(h(c,a))),a))))",Derives,0.002840909090909091,0.04,0.5,0.0014577259475218659,12.34375,0.75,0.16804956268221574,0.03564556962025316,0.4406637900874636,0.27445340174927113,0.016961363636363636,0.10307790688636487,True,True,,0.5503899999999999
29171dce62d9d6df,"('NormalForm', '6fa1', 4)",1,1,1,8,8,1.0,0.0,0.35,0.0,25,"NormalForm(g(q(p(f(q(h(a)),h(a,h(c,a))),b)),a))=g(q(p(f(q(h(a)),h(a,h(c,a))),b)),a)",NormalForm,0.002840909090909091,0.04,0.4,0.00048590864917395527,10.390625,0.35,0.04034985422740526,0.04234586466165414,0.09636793002915453,0.08880260058309039,0.016961363636363636,0.026334993359748246,True,False,1.0,0.19834
a8732cf96ad50987,"('NormalForm', 'aa46', 2)",1,1,1,2,2,1.0,0.0,0.35,0.0,25,NormalForm(g(p(c)))=g(p(c)),NormalForm,0.002840909090909091,0.04,0.1,0.00048590864917395527,4.390625,0.35,0.01034985422740525,0.1002135231316726,0.08196793002915452,0.04245860058309038,0.016961363636363636,0.08423868369880522,True,False,1.0,0.14374
a47a82ee395f1ffb,"('NormalForm', 'bd51', 2)",1,1,1,2,2,2.0,0.2,0.44999999999999996,0.0,25,NormalForm(q(f(a)))=q(b),NormalForm,0.002840909090909091,0.04,0.1,0.0009718172983479105,4.390625,0.44999999999999996,0.046699708454810494,0.1002135231316726,0.181415860058309,0.09358200116618076,0.016961363636363636,0.29518118212149136,True,True,,0.27914
4847853ca124950b,"('Derives', 1, 'bd51')",1,1,1,2,2,3.0,0.65,0.75,0.5,22,"Derives(q(f(a)),q(b))",Derives,0.002840909090909091,0.04,0.1,0.0014577259475218659,4.34375,0.75,0.12804956268221573,0.10129496402877698,0.4214637900874636,0.21266140174927117,0.016961363636363636,0.23251961819297529,True,False,1.0,0.29984
d2b18fa8e4c7776b,"('NormalForm', '7ff4', 4)",1,1,1,7,7,2.0,0.2,0.44999999999999996,0.0,25,"NormalForm(q(h(h(q(h(b),q(h(a,c),a))))))=q(h(h(q(b,q(h(a,c),a)))))",NormalForm,0.002840909090909091,0.04,0.35,0.0009718172983479105,9.390625,0.44999999999999996,0.0716997084548105,0.04685524126455907,0.19341586005830902,0.13220200116618075,0.016961363636363636,0.2940377056968717,True,True,,0.32464000000000004
d57f75587ef57731,"('Derives', 1, '7ff4')",1,1,1,7,7,3.0,0.65,0.75,0.75,22,"Derives(q(h(h(q(h(b),q(h(a,c),a))))),q(h(h(q(b,q(h(a,c),a))))))",Derives,0.002840909090909091,0.04,0.35,0.0014577259475218659,9.34375,0.75,0.15304956268221573,0.04709030100334448,0.4334637900874636,0.25128140174927116,0.016961363636363636,0.24683744896222662,True,False,1.0,0.40308999999999995
b0ef47827ae7d222,"('NormalForm', 'da15', 4)",1,1,1,8,8,3.0,0.4,0.55,0.0,25,"NormalForm(h(p(b,g(g(g(q(a))))),f(q(c))))=h(p(b,g(g(g(q(a))))),c)",NormalForm,0.002840909090909091,0.04,0.4,0.0014577259475218659,10.390625,0.55,0.11304956268221575,0.04234586466165414,0.29526379008746356,0.19104940174927115,0.016961363636363636,0.25659543548067965,True,True,,0.34914
0c422023e263df0d,"('Derives', 2, 'da15')",1,1,1,8,8,4.0,0.65,0.75,1.0,22,"Derives(h(p(b,g(g(g(q(a))))),f(q(c))),h(p(b,g(g(g(q(a))))),c))",Derives,0.002840909090909091,0.04,0.4,0.001943634596695821,10.34375,0.75,0.158399416909621,0.04253776435045317,0.43603172011661806,0.2591960023323615,0.016961363636363636,0.08195556708940442,True,True,,0.5899399999999999
94a8b28529b5cde8,"('NormalForm', '88a8', 1)",1,1,1,1,1,1.0,0.0,0.35,0.0,25,"NormalForm(f(b,a))=f(b,a)",NormalForm,0.002840909090909091,0.04,0.05,0.00048590864917395527,3.390625,0.35,0.0053498542274052485,0.12976958525345622,0.07956793002915452,0.034734600583090386,0.016961363636363636,0.12003279365169887,True,True,,0.25464
8d738f8b1b0b14f8,"('NormalForm', '7a2c', 2)",1,1,1,2,2,2.0,0.2,0.44999999999999996,0.0,25,NormalForm(p(g(a)))=p(a),NormalForm,0.002840909090909091,0.04,0.1,0.0009718172983479105,4.390625,0.44999999999999996,0.046699708454810494,0.1002135231316726,0.181415860058309,0.09358200116618076,0.016961363636363636,0.14646717898843326,True,False,1.0,0.15914
519859376b95e30d,"('Derives', 1, '7a2c')",1,1,1,2,2,3.0,0.65,0.75,0.75,22,"Derives(p(g(a)),p(a))",Derives,0.002840909090909091,0.04,0.1,0.0014577259475218659,4.34375,0.75,0.12804956268221573,0.10129496402877698,0.4214637900874636,0.21266140174927117,0.016961363636363636,0.2629677960712331,True,False,1.0,0.35758999999999996
97f4eab3f206d722,"('NormalForm', '904f', 4)",1,1,1,6,6,1.0,0.0,0.35,0.0,25,"NormalForm(p(g(h(p(g(f(c))),c))))=p(g(h(p(g(f(c))),c)))",NormalForm,0.002840909090909091,0.04,0.3,0.00048590864917395527,8.390625,0.35,0.030349854227405246,0.052439478584729984,0.09156793002915452,0.07335460058309037,0.016961363636363636,0.1346330679065472,True,False,1.0,0.18014
790f5b240d47e65b,"('NormalForm', '7350', 2)",1,1,1,2,2,1.0,0.0,0.35,0.0,25,"NormalForm(p(f(b,b),c))=p(f(b,b),c)",NormalForm,0.002840909090909091,0.04,0.1,0.00048590864917395527,4.390625,0.35,0.01034985422740525,0.1002135231316726,0.08196793002915452,0.04245860058309038,0.016961363636363636,0.12980576559860021,True,False,1.0,0.14374
3a2c7494fc95580c,"('NormalForm', 'ebe7', 4)",1,1,1,4,4,1.0,0.0,0.35,0.0,25,"NormalForm(g(h(f(p(b),b))))=g(h(f(p(b),b)))",NormalForm,0.002840909090909091,0.04,0.2,0.00048590864917395527,6.390625,0.35,0.02034985422740525,0.06885085574572126,0.08676793002915452,0.057906600583090384,0.016961363636363636,0.28522843937175707,True,True,,0.28193999999999997
5369608b1a8f2a3e,"('NormalForm', '7c1c', 4)",1,1,1,12,12,4.0,0.6,0.65,0.0,25,"NormalForm(g(f(h(g(q(f(a),f(c)),b),g(c,h(g(b),f(a))))),q(b)))=g(f(h(g(q(b,f(c)),b),g(c,h(c,b)))),q(b))",NormalForm,0.002840909090909091,0.04,0.6,0.001943634596695821,14.390625,0.65,0.169399416909621,0.03057546145494028,0.4043117201166181,0.2730688023323615,0.016961363636363636,0.04820847370058129,True,True,,0.40094
7286c1bf69ddc46f,"('Derives', 3, '7c1c')",1,1,1,12,12,5.0,0.65,0.75,1.0,22,"Derives(g(f(h(g(q(f(a),f(c)),b),g(c,h(g(b),f(a))))),q(b)),g(f(h(g(q(b,f(c)),b),g(c,h(c,b)))),q(b)))",Derives,0.002840909090909091,0.04,0.6,0.0024295432458697765,14.34375,0.75,0.1787492711370262,0.030675381263616557,0.4457996501457726,0.2902826029154518,0.016961363636363636,0.1089234611060062,True,False,2.0,0.50634
032b6bd2a46491af,"('NormalForm', 'eb94', 4)",1,1,1,4,4,2.0,0.2,0.44999999999999996,0.0,25,"NormalForm(g(q(h(c),q(c,a))))=g(q(a,q(c,a)))",NormalForm,0.002840909090909091,0.04,0.2,0.0009718172983479105,6.390625,0.44999999999999996,0.056699708454810496,0.06885085574572126,0.18621586005830904,0.10903000116618075,0.016961363636363636,0.1952036461888881,True,False,1.0,0.17734
4d7bdef874df4c60,"('Derives', 1, 'eb94')",1,1,1,4,4,3.0,0.65,0.75,1.0,22,"Derives(g(q(h(c),q(c,a))),g(q(a,q(c,a))))",Derives,0.002840909090909091,0.04,0.2,0.0014577259475218659,6.34375,0.75,0.13804956268221574,0.06935960591133004,0.4262637900874636,0.22810940174927116,0.016961363636363636,0.21134278377068355,True,False,2.0,0.43354
8dc4eda80193704c,"('NormalForm', '73f8', 4)",1,1,1,6,6,1.0,0.0,0.35,0.0,25,"NormalForm(g(c,h(f(f(f(p(c,a),b))))))=g(c,h(f(f(f(p(c,a),b)))))",NormalForm,0.002840909090909091,0.04,0.3,0.00048590864917395527,8.390625,0.35,0.030349854227405246,0.052439478584729984,0.09156793002915452,0.07335460058309037,0.016961363636363636,0.08126571345555003,True,False,1.0,0.18014
c56441a78d5ccf49,"('NormalForm', '1109', 1)",1,1,1,1,1,1.0,0.0,0.35,0.0,25,"NormalForm(g(a,a))=g(a,a)",NormalForm,0.002840909090909091,0.04,0.05,0.00048590864917395527,3.390625,0.35,0.0053498542274052485,0.12976958525345622,0.07956793002915452,0.034734600583090386,0.016961363636363636,0.16604888242704563,True,False,1.0,0.13463999999999998
d7827d1eb4da3f77,"('NormalForm', '4dcb', 4)",1,1,1,7,7,3.0,0.4,0.55,0.0,25,"NormalForm(f(p(q(b,f(p(b,q(c)))),q(c)),b))=f(p(q(b,f(p(b,b))),b),b)",NormalForm,0.002840909090909091,0.04,0.35,0.0014577259475218659,9.390625,0.55,0.10804956268221574,0.04685524126455907,0.29286379008746355,0.18332540174927114,0.016961363636363636,0.29687110184088067,True,True,,0.34004
a722108da8b71e5d,"('Derives', 2, '4dcb')",1,1,1,7,7,4.0,0.65,0.75,0.75,22,"Derives(f(p(q(b,f(p(b,q(c)))),q(c)),b),f(p(q(b,f(p(b,b))),b),b))",Derives,0.002840909090909091,0.04,0.35,0.001943634596695821,9.34375,0.75,0.15339941690962097,0.04709030100334448,0.4336317201166181,0.25147200233236155,0.016961363636363636,0.2563170799217653,True,True,,0.5230899999999999
a9ee229696ec7551,"('NormalForm', '4c2d', 2)",1,1,1,2,2,1.0,0.0,0.35,0.0,25,NormalForm(g(p(b)))=g(p(b)),NormalForm,0.002840909090909091,0.04,0.1,0.00048590864917395527,4.390625,0.35,0.01034985422740525,0.1002135231316726,0.08196793002915452,0.04245860058309038,0.016961363636363636,0.17435446959006035,True,False,1.0,0.14374
d1d08c7a8f690b91,"('NormalForm', '4894', 4)",1,1,1,14,14,2.0,0.2,0.44999999999999996,0.0,25,"NormalForm(q(q(p(f(f(h(c),a)),p(b,a)),g(q(f(q(a)),q(h(b),q(c,c)))))))=q(q(p(f(f(a,a)),p(b,a)),g(q(f(q(a)),q(h(b),q(c,c))))))",NormalForm,0.002840909090909091,0.04,0.7,0.0009718172983479105,16.390625,0.44999999999999996,0.10669970845481049,0.02684461391801716,0.210215860058309,0.18627000116618075,0.016961363636363636,0.09607615029706118,True,False,1.0,0.26834
c62480c59b6eb103,"('Derives', 1, '4894')",1,1,1,14,14,3.0,0.65,0.75,1.0,22,"Derives(q(q(p(f(f(h(c),a)),p(b,a)),g(q(f(q(a)),q(h(b),q(c,c)))))),q(q(p(f(f(a,a)),p(b,a)),g(q(f(q(a)),q(h(b),q(c,c)))))))",Derives,0.002840909090909091,0.04,0.7,0.0014577259475218659,16.34375,0.75,0.18804956268221573,0.026921606118546847,0.45026379008746353,0.30534940174927117,0.016961363636363636,0.21131916329503825,True,True,,0.64454
212f4b2a4f86988e,"('NormalForm', 'e4ed', 4)",1,1,1,5,5,1.0,0.0,0.35,0.0,25,"NormalForm(h(f(g(f(p(a))),a)))=h(f(g(f(p(a))),a))",NormalForm,0.002840909090909091,0.04,0.25,0.00048590864917395527,7.390625,0.35,0.02534985422740525,0.059534883720930236,0.08916793002915452,0.06563060058309038,0.016961363636363636,0.10958051243173589,True,False,1.0,0.17104
e37a908194bd6ef6,"('NormalForm', '35c6', 4)",1,1,1,5,5,3.0,0.4,0.55,0.0,25,"NormalForm(g(q(g(a,g(f(a))),b)))=g(q(g(a,c),b))",NormalForm,0.002840909090909091,0.04,0.25,0.0014577259475218659,7.390625,0.55,0.09804956268221574,0.059534883720930236,0.2880637900874636,0.16787740174927113,0.016961363636363636,0.23817165585692768,True,True,,0.32184
a1afa8c9870f366a,"('Derives', 2, '35c6')",1,1,1,5,5,4.0,0.65,0.75,1.0,22,"Derives(g(q(g(a,g(f(a))),b)),g(q(g(a,c),b)))",Derives,0.002840909090909091,0.04,0.25,0.001943634596695821,7.34375,0.75,0.143399416909621,0.05991489361702128,0.4288317201166181,0.2360240023323615,0.016961363636363636,0.16736464215564686,True,False,2.0,0.44264
a7ee86a431352b3f,"('NormalForm', '7168', 4)",1,1,1,11,11,2.0,0.2,0.44999999999999996,0.0,25,"NormalForm(q(q(f(g(h(g(c,c),g(c)),p(f(a,a),c)),p(a,a)),a),g(a)))=q(q(f(g(h(g(c,c),g(c)),p(f(a,a),c)),p(a,a)),a),a)",NormalForm,0.002840909090909091,0.04,0.55,0.0009718172983479105,13.390625,0.44999999999999996,0.0916997084548105,0.0328588098016336,0.20301586005830902,0.16309800116618078,0.016961363636363636,0.13484287756639576,True,False,1.0,0.24104000000000003
576b17ed3fc0cd11,"('Derives', 1, '7168')",1,1,1,11,11,3.0,0.65,0.75,1.0,22,"Derives(q(q(f(g(h(g(c,c),g(c)),p(f(a,a),c)),p(a,a)),a),g(a)),q(q(f(g(h(g(c,c),g(c)),p(f(a,a),c)),p(a,a)),a),a))",Derives,0.002840909090909091,0.04,0.55,0.0014577259475218659,13.34375,0.75,0.17304956268221575,0.03297423887587822,0.44306379008746355,0.2821774017492712,0.016961363636363636,0.03912836846838457,True,True,,0.6172399999999999
4700420ddd1821f3,"('NormalForm', 'e6af', 4)",1,1,1,7,7,1.0,0.0,0.35,0.0,25,"NormalForm(q(g(p(q(a),q(p(h(b,b),b)))),b))=q(g(p(q(a),q(p(h(b,b),b)))),b)",NormalForm,0.002840909090909091,0.04,0.35,0.00048590864917395527,9.390625,0.35,0.03534985422740525,0.04685524126455907,0.09396793002915452,0.08107860058309038,0.016961363636363636,0.07138298895871567,True,False,1.0,0.18924
c8b8de9693336509,"('NormalForm', 'c3aa', 4)",1,1,1,12,12,2.0,0.2,0.44999999999999996,0.0,25,"NormalForm(p(p(g(g(a),h(p(h(c,c))))),f(p(p(b,g(f(c)))),a)))=p(p(g(a,h(p(h(c,c))))),f(p(p(b,g(f(c)))),a))",NormalForm,0.002840909090909091,0.04,0.6,0.0009718172983479105,14.390625,0.44999999999999996,0.09669970845481049,0.03057546145494028,0.20541586005830903,0.17082200116618076,0.016961363636363636,0.08245218343394466,True,False,1.0,0.25014000000000003
5b8f17c5106e6865,"('Derives', 1, 'c3aa')",1,1,1,12,12,3.0,0.65,0.75,1.0,22,"Derives(p(p(g(g(a),h(p(h(c,c))))),f(p(p(b,g(f(c)))),a)),p(p(g(a,h(p(h(c,c))))),f(p(p(b,g(f(c)))),a)))",Derives,0.002840909090909091,0.04,0.6,0.0014577259475218659,14.34375,0.75,0.17804956268221572,0.030675381263616557,0.4454637900874636,0.28990140174927115,0.016961363636363636,0.05248491289012758,True,True,,0.62634
4e0dcd009204923f,"('NormalForm', '7d39', 4)",1,1,1,5,5,2.0,0.2,0.44999999999999996,0.0,25,"NormalForm(q(p(h(h(a)),h(b))))=q(p(h(h(a)),b))",NormalForm,0.002840909090909091,0.04,0.25,0.0009718172983479105,7.390625,0.44999999999999996,0.061699708454810494,0.059534883720930236,0.18861586005830902,0.11675400116618076,0.016961363636363636,0.16773137063837332,True,False,1.0,0.18644
190ea0b4ad2eef1f,"('Derives', 1, '7d39')",1,1,1,5,5,3.0,0.65,0.75,1.0,22,"Derives(q(p(h(h(a)),h(b))),q(p(h(h(a)),b)))",Derives,0.002840909090909091,0.04,0.25,0.0014577259475218659,7.34375,0.75,0.14304956268221575,0.05991489361702128,0.4286637900874636,0.23583340174927114,0.016961363636363636,0.325790463114514,True,True,,0.56264
6f76c779ce3c986d,"('NormalForm', '644d', 4)",1,1,1,5,5,1.0,0.0,0.35,0.0,25,"NormalForm(p(q(q(f(c))),p(b)))=p(q(q(f(c))),p(b))",NormalForm,0.002840909090909091,0.04,0.25,0.00048590864917395527,7.390625,0.35,0.02534985422740525,0.059534883720930236,0.08916793002915452,0.06563060058309038,0.016961363636363636,0.13080824600130891,True,False,1.0,0.17104
a837bf7c5c3e4f53,"('NormalForm', 'e818', 4)",1,1,1,4,4,1.0,0.0,0.35,0.0,25,"NormalForm(p(g(b,p(p(a)))))=p(g(b,p(p(a))))",NormalForm,0.002840909090909091,0.04,0.2,0.00048590864917395527,6.390625,0.35,0.02034985422740525,0.06885085574572126,0.08676793002915452,0.057906600583090384,0.016961363636363636,0.18571129729244198,True,False,1.0,0.16194
b43bcda005607d11,"('NormalForm', '412d', 2)",1,1,1,2,2,2.0,0.2,0.44999999999999996,0.0,25,"NormalForm(q(h(c),a))=q(a,a)",NormalForm,0.002840909090909091,0.04,0.1,0.0009718172983479105,4.390625,0.44999999999999996,0.046699708454810494,0.1002135231316726,0.181415860058309,0.09358200116618076,0.016961363636363636,0.21463081337732423,True,False,1.0,0.15914
27cd4eaafa584b7d,"('Derives', 1, '412d')",1,1,1,2,2,3.0,0.65,0.75,0.5,22,"Derives(q(h(c),a),q(a,a))",Derives,0.002840909090909091,0.04,0.1,0.0014577259475218659,4.34375,0.75,0.12804956268221573,0.10129496402877698,0.4214637900874636,0.21266140174927117,0.016961363636363636,0.12753149772753594,True,False,1.0,0.29984
1150eacf6e706b24,"('NormalForm', 'e143', 3)",1,1,1,3,3,2.0,0.2,0.44999999999999996,0.0,25,NormalForm(h(p(g(b))))=h(p(c)),NormalForm,0.002840909090909091,0.04,0.15,0.0009718172983479105,5.390625,0.44999999999999996,0.05169970845481049,0.0816231884057971,0.18381586005830902,0.10130600116618074,0.016961363636363636,0.1323603757285678,True,True,,0.28824
be62345380e5e13d,"('Derives', 1, 'e143')",1,1,1,3,3,3.0,0.65,0.75,1.0,22,"Derives(h(p(g(b))),h(p(c)))",Derives,0.002840909090909091,0.04,0.15,0.0014577259475218659,5.34375,0.75,0.13304956268221574,0.08233918128654971,0.42386379008746355,0.22038540174927115,0.016961363636363636,0.1341083719727482,True,False,2.0,0.42443999999999993
f62c3c7e222b6787,"('NormalForm', '78b4', 4)",1,1,1,6,6,1.0,0.0,0.35,0.0,25,NormalForm(p(q(f(g(q(f(b)))))))=p(q(f(g(q(f(b)))))),NormalForm,0.002840909090909091,0.04,0.3,0.00048590864917395527,8.390625,0.35,0.030349854227405246,0.052439478584729984,0.09156793002915452,0.07335460058309037,0.016961363636363636,0.037947785206307705,True,False,1.0,0.18014
36aa21eeff0ff2d3,"('NormalForm', 'd528', 4)",1,1,1,12,12,2.0,0.2,0.44999999999999996,0.0,25,"NormalForm(f(c,f(q(h(g(h(c,a),a),g(f(c)))),h(q(q(h(c)),b)))))=f(c,f(q(h(g(h(c,a),a),g(f(c)))),h(q(q(a),b))))",NormalForm,0.002840909090909091,0.04,0.6,0.0009718172983479105,14.390625,0.44999999999999996,0.09669970845481049,0.03057546145494028,0.20541586005830903,0.17082200116618076,0.016961363636363636,0.09626708656072384,True,False,1.0,0.25014000000000003
2bdce9ccf23b433b,"('Derives', 1, 'd528')",1,1,1,12,12,3.0,0.65,0.75,1.0,22,"Derives(f(c,f(q(h(g(h(c,a),a),g(f(c)))),h(q(q(h(c)),b)))),f(c,f(q(h(g(h(c,a),a),g(f(c)))),h(q(q(a),b)))))",Derives,0.002840909090909091,0.04,0.6,0.0014577259475218659,14.34375,0.75,0.17804956268221572,0.030675381263616557,0.4454637900874636,0.28990140174927115,0.016961363636363636,0.05691248221842891,True,True,,0.62634
2a5ddd870c949370,"('NormalForm', 'c8df', 3)",1,1,1,3,3,1.0,0.0,0.35,0.0,25,NormalForm(p(q(h(a))))=p(q(h(a))),NormalForm,0.002840909090909091,0.04,0.15,0.00048590864917395527,5.390625,0.35,0.015349854227405247,0.0816231884057971,0.08436793002915452,0.050182600583090375,0.016961363636363636,0.28849837750306234,True,True,,0.27283999999999997
dfb3f019f0bc91b8,"('NormalForm', 'f7bf', 4)",1,1,1,12,12,3.0,0.4,0.55,0.0,25,"NormalForm(h(h(p(f(f(p(a),c),q(h(a),q(c))),p(p(g(b),a))))))=h(h(p(f(f(p(a),c),q(h(a),b)),p(p(c,a)))))",NormalForm,0.002840909090909091,0.04,0.6,0.0014577259475218659,14.390625,0.55,0.13304956268221574,0.03057546145494028,0.30486379008746356,0.22194540174927113,0.016961363636363636,0.07806404437171846,True,False,1.0,0.26554
c1fcc347740707e1,"('Derives', 2, 'f7bf')",1,1,1,12,12,4.0,0.65,0.75,1.0,22,"Derives(h(h(p(f(f(p(a),c),q(h(a),q(c))),p(p(g(b),a))))),h(h(p(f(f(p(a),c),q(h(a),b)),p(p(c,a))))))",Derives,0.002840909090909091,0.04,0.6,0.001943634596695821,14.34375,0.75,0.17839941690962097,0.030675381263616557,0.4456317201166181,0.29009200233236154,0.016961363636363636,0.22855980570022785,True,True,,0.62634
f15a722efc83c5bd,"('NormalForm', 'd197', 4)",1,1,1,5,5,2.0,0.2,0.44999999999999996,0.0,25,NormalForm(g(f(g(p(g(b))))))=g(f(g(p(c)))),NormalForm,0.002840909090909091,0.04,0.25,0.0009718172983479105,7.390625,0.44999999999999996,0.061699708454810494,0.059534883720930236,0.18861586005830902,0.11675400116618076,0.016961363636363636,0.04063225067736176,True,True,,0.30644
12b47c41dfc7e224,"('Derives', 1, 'd197')",1,1,1,5,5,3.0,0.65,0.75,0.75,22,"Derives(g(f(g(p(g(b))))),g(f(g(p(c)))))",Derives,0.002840909090909091,0.04,0.25,0.0014577259475218659,7.34375,0.75,0.14304956268221575,0.05991489361702128,0.4286637900874636,0.23583340174927114,0.016961363636363636,0.05972624285294413,True,True,,0.50489
c737ca215260fd5d,"('NormalForm', '130e', 2)",1,1,1,2,2,2.0,0.2,0.44999999999999996,0.0,25,"NormalForm(q(g(a),b))=q(a,b)",NormalForm,0.002840909090909091,0.04,0.1,0.0009718172983479105,4.390625,0.44999999999999996,0.046699708454810494,0.1002135231316726,0.181415860058309,0.09358200116618076,0.016961363636363636,0.29732532823473895,True,False,1.0,0.15914
4161c66ce8888289,"('Derives', 1, '130e')",1,1,1,2,2,3.0,0.65,0.75,0.75,22,"Derives(q(g(a),b),q(a,b))",Derives,0.002840909090909091,0.04,0.1,0.0014577259475218659,4.34375,0.75,0.12804956268221573,0.10129496402877698,0.4214637900874636,0.21266140174927117,0.016961363636363636,0.11110093984214785,True,False,1.0,0.35758999999999996
eb25d06edaf459c1,"('NormalForm', '8451', 4)",1,1,1,8,8,3.0,0.4,0.55,0.0,25,"NormalForm(f(f(p(g(b,c)),g(p(h(f(b)))))))=f(f(p(g(b,c)),g(p(a))))",NormalForm,0.002840909090909091,0.04,0.4,0.0014577259475218659,10.390625,0.55,0.11304956268221575,0.04234586466165414,0.29526379008746356,0.19104940174927115,0.016961363636363636,0.1942810842812633,True,True,,0.34914
4c025b52238838dc,"('Derives', 2, '8451')",1,1,1,8,8,4.0,0.65,0.75,1.0,22,"Derives(f(f(p(g(b,c)),g(p(h(f(b)))))),f(f(p(g(b,c)),g(p(a)))))",Derives,0.002840909090909091,0.04,0.4,0.001943634596695821,10.34375,0.75,0.158399416909621,0.04253776435045317,0.43603172011661806,0.2591960023323615,0.016961363636363636,0.21538780658961648,True,False,2.0,0.46993999999999997
b1aad7ba57d38a9e,"('NormalForm', '2dd6', 4)",1,1,1,4,4,1.0,0.0,0.35,0.0,25,"NormalForm(q(h(q(b)),p(c)))=q(h(q(b)),p(c))",NormalForm,0.002840909090909091,0.04,0.2,0.00048590864917395527,6.390625,0.35,0.02034985422740525,0.06885085574572126,0.08676793002915452,0.057906600583090384,0.016961363636363636,0.2855035699234421,True,False,1.0,0.16194
67cb542b2cdd03bd,"('NormalForm', 'aba4', 4)",1,1,1,8,8,2.0,0.2,0.44999999999999996,0.0,25,"NormalForm(g(h(h(p(h(f(b),f(c,c))))),p(b)))=g(h(h(p(h(c,f(c,c))))),p(b))",NormalForm,0.002840909090909091,0.04,0.4,0.0009718172983479105,10.390625,0.44999999999999996,0.0766997084548105,0.04234586466165414,0.19581586005830903,0.13992600116618079,0.016961363636363636,0.044549667834659225,True,True,,0.33374000000000004
555a990ce229ddd6,"('Derives', 1, 'aba4')",1,1,1,8,8,3.0,0.65,0.75,1.0,22,"Derives(g(h(h(p(h(f(b),f(c,c))))),p(b)),g(h(h(p(h(c,f(c,c))))),p(b)))",Derives,0.002840909090909091,0.04,0.4,0.0014577259475218659,10.34375,0.75,0.15804956268221576,0.04253776435045317,0.43586379008746357,0.2590054017492711,0.016961363636363636,0.09944619921737873,True,True,,0.5899399999999999
b2dc2d8db66262d4,"('NormalForm', '8c05', 4)",1,1,1,4,4,1.0,0.0,0.35,0.0,25,NormalForm(p(f(p(h(a)))))=p(f(p(h(a)))),NormalForm,0.002840909090909091,0.04,0.2,0.00048590864917395527,6.390625,0.35,0.02034985422740525,0.06885085574572126,0.08676793002915452,0.057906600583090384,0.016961363636363636,0.2231020343775991,True,True,,0.28193999999999997
945e39d9fb2db1be,"('NormalForm', '229b', 4)",1,1,1,5,5,1.0,0.0,0.35,0.0,25,"NormalForm(p(b,f(h(p(q(b))))))=p(b,f(h(p(q(b)))))",NormalForm,0.002840909090909091,0.04,0.25,0.00048590864917395527,7.390625,0.35,0.02534985422740525,0.059534883720930236,0.08916793002915452,0.06563060058309038,0.016961363636363636,0.04041370960326584,True,True,,0.29103999999999997
3992f55d0c134c39,"('NormalForm', '4674', 4)",1,1,1,6,6,1.0,0.0,0.35,0.0,25,"NormalForm(h(h(p(f(h(g(c))))),b))=h(h(p(f(h(g(c))))),b)",NormalForm,0.002840909090909091,0.04,0.3,0.00048590864917395527,8.390625,0.35,0.030349854227405246,0.052439478584729984,0.09156793002915452,0.07335460058309037,0.016961363636363636,0.296114018113959,True,True,,0.30013999999999996
948a52fcedc8446f,"('NormalForm', '9ebb', 3)",1,1,1,3,3,1.0,0.0,0.35,0.0,25,NormalForm(g(g(p(a))))=g(g(p(a))),NormalForm,0.002840909090909091,0.04,0.15,0.00048590864917395527,5.390625,0.35,0.015349854227405247,0.0816231884057971,0.08436793002915452,0.050182600583090375,0.016961363636363636,0.06995959135988952,True,False,1.0,0.15284
7a982d0985ae6de0,"('NormalForm', 'bdeb', 4)",1,1,1,6,6,1.0,0.0,0.35,0.0,25,"NormalForm(h(q(h(q(g(p(a))),c))))=h(q(h(q(g(p(a))),c)))",NormalForm,0.002840909090909091,0.04,0.3,0.00048590864917395527,8.390625,0.35,0.030349854227405246,0.052439478584729984,0.09156793002915452,0.07335460058309037,0.016961363636363636,0.07920696122217724,True,False,1.0,0.18014
9b4c16de9ccbaebb,"('NormalForm', '60b3', 2)",1,1,1,2,2,2.0,0.2,0.44999999999999996,0.0,25,"NormalForm(g(a,f(a)))=g(a,b)",NormalForm,0.002840909090909091,0.04,0.1,0.0009718172983479105,4.390625,0.44999999999999996,0.046699708454810494,0.1002135231316726,0.181415860058309,0.09358200116618076,0.016961363636363636,0.040014054588048374,True,False,1.0,0.15914
09fc9d236f7cabc0,"('Derives', 1, '60b3')",1,1,1,2,2,3.0,0.65,0.75,0.5,22,"Derives(g(a,f(a)),g(a,b))",Derives,0.002840909090909091,0.04,0.1,0.0014577259475218659,4.34375,0.75,0.12804956268221573,0.10129496402877698,0.4214637900874636,0.21266140174927117,0.016961363636363636,0.041527903580873764,True,False,1.0,0.29984
0f78bfdb2ecc5c43,"('NormalForm', 'fa77', 4)",1,1,1,7,7,1.0,0.0,0.35,0.0,25,"NormalForm(p(h(h(h(q(q(c,c))),h(b)))))=p(h(h(h(q(q(c,c))),h(b))))",NormalForm,0.002840909090909091,0.04,0.35,0.00048590864917395527,9.390625,0.35,0.03534985422740525,0.04685524126455907,0.09396793002915452,0.08107860058309038,0.016961363636363636,0.05458296291785314,True,False,1.0,0.18924
9fdab55810d8b2ce,"('NormalForm', '545c', 4)",1,1,1,10,10,1.0,0.0,0.35,0.0,25,"NormalForm(f(p(p(p(p(c)))),p(q(p(g(p(c),a)),b))))=f(p(p(p(p(c)))),p(q(p(g(p(c),a)),b)))",NormalForm,0.002840909090909091,0.04,0.5,0.00048590864917395527,12.390625,0.35,0.050349854227405254,0.035510718789407314,0.10116793002915452,0.10425060058309038,0.016961363636363636,0.057360356767107344,True,False,1.0,0.21654
3979dc87944e844a,"('NormalForm', '3703', 4)",1,1,1,8,8,1.0,0.0,0.35,0.0,25,"NormalForm(p(q(f(q(p(q(a,c),f(c)),a),h(b)))))=p(q(f(q(p(q(a,c),f(c)),a),h(b))))",NormalForm,0.002840909090909091,0.04,0.4,0.00048590864917395527,10.390625,0.35,0.04034985422740526,0.04234586466165414,0.09636793002915453,0.08880260058309039,0.016961363636363636,0.2868672585737888,True,False,1.0,0.19834
edefed787d3cab52,"('NormalForm', 'a861', 4)",1,1,1,4,4,1.0,0.0,0.35,0.0,25,"NormalForm(f(p(p(q(a))),c))=f(p(p(q(a))),c)",NormalForm,0.002840909090909091,0.04,0.2,0.00048590864917395527,6.390625,0.35,0.02034985422740525,0.06885085574572126,0.08676793002915452,0.057906600583090384,0.016961363636363636,0.010187010682621393,True,True,,0.28193999999999997
5a1df040392d7db2,"('NormalForm', '31f9', 4)",1,1,1,6,6,1.0,0.0,0.35,0.0,25,"NormalForm(p(b,f(p(g(g(p(b)))),b)))=p(b,f(p(g(g(p(b)))),b))",NormalForm,0.002840909090909091,0.04,0.3,0.00048590864917395527,8.390625,0.35,0.030349854227405246,0.052439478584729984,0.09156793002915452,0.07335460058309037,0.016961363636363636,0.04847165889437166,True,False,1.0,0.18014
5adb9ec9c5122a84,"('NormalForm', 'd933', 4)",1,1,1,4,4,1.0,0.0,0.35,0.0,25,"NormalForm(h(q(p(f(c,a)))))=h(q(p(f(c,a))))",NormalForm,0.002840909090909091,0.04,0.2,0.00048590864917395527,6.390625,0.35,0.02034985422740525,0.06885085574572126,0.08676793002915452,0.057906600583090384,0.016961363636363636,0.1561832933168733,True,False,1.0,0.16194
69573fae2bfb2e9c,"('NormalForm', '8c04', 4)",1,1,1,8,8,1.0,0.0,0.35,0.0,25,"NormalForm(f(p(f(p(c,q(b))),q(b)),f(b,h(b))))=f(p(f(p(c,q(b))),q(b)),f(b,h(b)))",NormalForm,0.002840909090909091,0.04,0.4,0.00048590864917395527,10.390625,0.35,0.04034985422740526,0.04234586466165414,0.09636793002915453,0.08880260058309039,0.016961363636363636,0.10196320347084797,True,False,1.0,0.19834
85a0b781c139b0ee,"('NormalForm', 'b777', 4)",1,1,1,4,4,3.0,0.4,0.55,0.0,25,"NormalForm(g(g(g(q(c))),b))=g(g(c),b)",NormalForm,0.002840909090909091,0.04,0.2,0.0014577259475218659,6.390625,0.55,0.09304956268221574,0.06885085574572126,0.28566379008746356,0.16015340174927117,0.016961363636363636,0.18721665939907856,True,True,,0.31274
9bebb0e710f6253b,"('Derives', 2, 'b777')",1,1,1,4,4,4.0,0.65,0.75,0.75,22,"Derives(g(g(g(q(c))),b),g(g(c),b))",Derives,0.002840909090909091,0.04,0.2,0.001943634596695821,6.34375,0.75,0.138399416909621,0.06935960591133004,0.4264317201166181,0.2283000023323615,0.016961363636363636,0.2509100678469309,True,True,,0.49578999999999995
98a9e72cb6b97de1,"('NormalForm', 'cb6c', 4)",1,1,1,6,6,4.0,0.6,0.65,0.0,25,"NormalForm(h(a,g(p(g(h(g(b)))))))=h(a,g(p(a)))",NormalForm,0.002840909090909091,0.04,0.3,0.001943634596695821,8.390625,0.65,0.139399416909621,0.052439478584729984,0.38991172011661807,0.2267248023323615,0.016961363636363636,0.05279336465476573,True,True,,0.34634
f85856118f49c2f9,"('Derives', 3, 'cb6c')",1,1,1,6,6,5.0,0.65,0.75,1.0,22,"Derives(h(a,g(p(g(h(g(b)))))),h(a,g(p(a))))",Derives,0.002840909090909091,0.04,0.3,0.0024295432458697765,8.34375,0.75,0.14874927113702624,0.052734082397003744,0.43139965014577264,0.2439386029154519,0.016961363636363636,0.2844263031246023,True,True,,0.5717399999999999
ad85e6e53804f6d3,"('NormalForm', '1abf', 4)",1,1,1,8,8,1.0,0.0,0.35,0.0,25,"NormalForm(q(a,q(f(f(a,g(g(c,c),p(c)))),g(a))))=q(a,q(f(f(a,g(g(c,c),p(c)))),g(a)))",NormalForm,0.002840909090909091,0.04,0.4,0.00048590864917395527,10.390625,0.35,0.04034985422740526,0.04234586466165414,0.09636793002915453,0.08880260058309039,0.016961363636363636,0.25022957509696003,True,True,,0.31833999999999996
552901be542ed3de,"('NormalForm', 'ece8', 4)",1,1,1,9,9,2.0,0.2,0.44999999999999996,0.0,25,"NormalForm(q(g(h(c,h(p(h(a)))),p(f(c,a),q(c)))))=q(g(h(c,h(p(h(a)))),p(f(c,a),b)))",NormalForm,0.002840909090909091,0.04,0.45,0.0009718172983479105,11.390625,0.44999999999999996,0.0816997084548105,0.03862825788751715,0.19821586005830905,0.1476500011661808,0.016961363636363636,0.24250878730531825,True,True,,0.34284000000000003
73acc1d9de61413a,"('Derives', 1, 'ece8')",1,1,1,9,9,3.0,0.65,0.75,1.0,22,"Derives(q(g(h(c,h(p(h(a)))),p(f(c,a),q(c)))),q(g(h(c,h(p(h(a)))),p(f(c,a),b))))",Derives,0.002840909090909091,0.04,0.45,0.0014577259475218659,11.34375,0.75,0.16304956268221574,0.03878787878787879,0.4382637900874635,0.2667294017492712,0.016961363636363636,0.22480915337642363,True,False,2.0,0.4790399999999999
89f757887c82b3b9,"('NormalForm', '8087', 2)",1,1,1,2,2,1.0,0.0,0.35,0.0,25,"NormalForm(h(f(c),c))=h(f(c),c)",NormalForm,0.002840909090909091,0.04,0.1,0.00048590864917395527,4.390625,0.35,0.01034985422740525,0.1002135231316726,0.08196793002915452,0.04245860058309038,0.016961363636363636,0.24837357733882945,True,False,1.0,0.14374
5c9241cf1692a014,"('NormalForm', '8542', 3)",1,1,1,3,3,1.0,0.0,0.35,0.0,25,"NormalForm(h(h(a),p(c)))=h(h(a),p(c))",NormalForm,0.002840909090909091,0.04,0.15,0.00048590864917395527,5.390625,0.35,0.015349854227405247,0.0816231884057971,0.08436793002915452,0.050182600583090375,0.016961363636363636,0.12956465148962018,True,False,1.0,0.15284
f221a3c488b6fec7,"('NormalForm', '3c62', 4)",1,1,1,4,4,1.0,0.0,0.35,0.0,25,NormalForm(g(g(p(p(a)))))=g(g(p(p(a)))),NormalForm,0.002840909090909091,0.04,0.2,0.00048590864917395527,6.390625,0.35,0.02034985422740525,0.06885085574572126,0.08676793002915452,0.057906600583090384,0.016961363636363636,0.4847157765346455,True,False,1.0,0.16194
4cc64bca51c65193,"('NormalForm', '1da9', 4)",1,1,1,13,13,6.0,1.0,0.75,0.0,25,"NormalForm(f(g(f(a,p(a,b)),h(q(p(p(a,b),g(b))))),q(f(g(b),h(b)))))=f(g(f(a,c),h(q(p(c,c)))),q(f(c,b)))",NormalForm,0.002840909090909091,0.04,0.65,0.0029154518950437317,15.390625,0.75,0.2470991253644315,0.028588832487309646,0.5836075801749271,0.3773196034985422,0.016961363636363636,0.03558898054607678,True,False,1.0,0.33343999999999996
3ed9efdcdb750f68,"('Derives', 4, '1da9')",1,1,1,13,13,7.0,0.65,0.75,1.0,22,"Derives(f(g(f(a,p(a,b)),h(q(p(p(a,b),g(b))))),q(f(g(b),h(b)))),f(g(f(a,c),h(q(p(c,c)))),q(f(c,b))))",Derives,0.002840909090909091,0.04,0.65,0.003401360544217687,15.34375,0.75,0.18444897959183673,0.028676171079429734,0.44853551020408167,0.2983878040816327,0.016961363636363636,0.08104261547595704,True,True,,0.6354399999999999
762b48d69e980358,"('NormalForm', '574a', 4)",1,1,1,10,10,1.0,0.0,0.35,0.0,25,"NormalForm(h(h(g(p(g(b,f(b))),f(f(g(c,b)))),p(a))))=h(h(g(p(g(b,f(b))),f(f(g(c,b)))),p(a)))",NormalForm,0.002840909090909091,0.04,0.5,0.00048590864917395527,12.390625,0.35,0.050349854227405254,0.035510718789407314,0.10116793002915452,0.10425060058309038,0.016961363636363636,0.150102992245036,True,False,1.0,0.21654
680729bd3c1f5ffe,"('NormalForm', '00b1', 4)",1,1,1,9,9,2.0,0.2,0.44999999999999996,0.0,25,"NormalForm(f(q(g(h(g(q(a)))),f(g(h(c)),b))))=f(q(g(h(g(q(a)))),f(g(a),b)))",NormalForm,0.002840909090909091,0.04,0.45,0.0009718172983479105,11.390625,0.44999999999999996,0.0816997084548105,0.03862825788751715,0.19821586005830905,0.1476500011661808,0.016961363636363636,0.06828418907227432,True,False,1.0,0.22284000000000004
8c04be73d450b608,"('Derives', 1, '00b1')",1,1,1,9,9,3.0,0.65,0.75,1.0,22,"Derives(f(q(g(h(g(q(a)))),f(g(h(c)),b))),f(q(g(h(g(q(a)))),f(g(a),b))))",Derives,0.002840909090909091,0.04,0.45,0.0014577259475218659,11.34375,0.75,0.16304956268221574,0.03878787878787879,0.4382637900874635,0.2667294017492712,0.016961363636363636,0.23642656218420358,True,True,,0.5990399999999999
9c57cf4235f93f33,"('NormalForm', '5534', 2)",1,1,1,2,2,1.0,0.0,0.35,0.0,25,"NormalForm(h(f(b),c))=h(f(b),c)",NormalForm,0.002840909090909091,0.04,0.1,0.00048590864917395527,4.390625,0.35,0.01034985422740525,0.1002135231316726,0.08196793002915452,0.04245860058309038,0.016961363636363636,0.17706484615796658,True,False,1.0,0.14374
05f5634bba9449c1,"('NormalForm', '0301', 4)",1,1,1,8,8,1.0,0.0,0.35,0.0,25,"NormalForm(p(h(p(p(q(b)),a),h(h(f(b,b))))))=p(h(p(p(q(b)),a),h(h(f(b,b)))))",NormalForm,0.002840909090909091,0.04,0.4,0.00048590864917395527,10.390625,0.35,0.04034985422740526,0.04234586466165414,0.09636793002915453,0.08880260058309039,0.016961363636363636,0.036981492736192216,True,False,1.0,0.19834
1c26078b408e0cc4,"('NormalForm', '7101', 4)",1,1,1,6,6,1.0,0.0,0.35,0.0,25,"NormalForm(p(g(h(g(h(a)))),p(c)))=p(g(h(g(h(a)))),p(c))",NormalForm,0.002840909090909091,0.04,0.3,0.00048590864917395527,8.390625,0.35,0.030349854227405246,0.052439478584729984,0.09156793002915452,0.07335460058309037,0.016961363636363636,0.06029763241518065,True,False,1.0,0.18014
0e685139b96fa8fb,"('NormalForm', '9531', 4)",1,1,1,5,5,1.0,0.0,0.35,0.0,25,"NormalForm(p(h(f(q(b,h(b))))))=p(h(f(q(b,h(b)))))",NormalForm,0.002840909090909091,0.04,0.25,0.00048590864917395527,7.390625,0.35,0.02534985422740525,0.059534883720930236,0.08916793002915452,0.06563060058309038,0.016961363636363636,0.0800037342331919,True,False,1.0,0.17104
a655d648dbdb6aa1,"('NormalForm', 'd505', 4)",1,1,1,4,4,1.0,0.0,0.35,0.0,25,"NormalForm(h(h(q(p(c),a))))=h(h(q(p(c),a)))",NormalForm,0.002840909090909091,0.04,0.2,0.00048590864917395527,6.390625,0.35,0.02034985422740525,0.06885085574572126,0.08676793002915452,0.057906600583090384,0.016961363636363636,0.09505560287988538,True,False,1.0,0.16194
384b1ffde3af222f,"('NormalForm', '9a84', 4)",1,1,1,8,8,3.0,0.4,0.55,0.0,25,"NormalForm(h(f(a),g(f(p(h(h(c,a),g(a)))))))=h(b,g(f(p(h(h(c,a),a)))))",NormalForm,0.002840909090909091,0.04,0.4,0.0014577259475218659,10.390625,0.55,0.11304956268221575,0.04234586466165414,0.29526379008746356,0.19104940174927115,0.016961363636363636,0.147270166776526,True,False,1.0,0.22914
2b3b2c09eaf676c2,"('Derives', 2, '9a84')",1,1,1,8,8,4.0,0.65,0.75,1.0,22,"Derives(h(f(a),g(f(p(h(h(c,a),g(a)))))),h(b,g(f(p(h(h(c,a),a))))))",Derives,0.002840909090909091,0.04,0.4,0.001943634596695821,10.34375,0.75,0.158399416909621,0.04253776435045317,0.43603172011661806,0.2591960023323615,0.016961363636363636,0.25251492554148325,True,False,2.0,0.46993999999999997
bc6c04c6bfc7c91c,"('NormalForm', '8310', 4)",1,1,1,7,7,1.0,0.0,0.35,0.0,25,"NormalForm(p(h(a,g(g(g(p(c,a))))),q(b)))=p(h(a,g(g(g(p(c,a))))),q(b))",NormalForm,0.002840909090909091,0.04,0.35,0.00048590864917395527,9.390625,0.35,0.03534985422740525,0.04685524126455907,0.09396793002915452,0.08107860058309038,0.016961363636363636,0.3455914587354209,True,False,1.0,0.18924
5bd858b24df66c6b,"('NormalForm', 'd74b', 4)",1,1,1,6,6,2.0,0.2,0.44999999999999996,0.0,25,"NormalForm(q(p(q(h(b,q(a)),h(c)),a),c))=q(p(q(h(b,q(a)),a),a),c)",NormalForm,0.002840909090909091,0.04,0.3,0.0009718172983479105,8.390625,0.44999999999999996,0.06669970845481049,0.052439478584729984,0.191015860058309,0.12447800116618074,0.016961363636363636,0.01748250710580937,True,False,1.0,0.19554
02e57a026bc4a85b,"('Derives', 1, 'd74b')",1,1,1,6,6,3.0,0.65,0.75,1.0,22,"Derives(q(p(q(h(b,q(a)),h(c)),a),c),q(p(q(h(b,q(a)),a),a),c))",Derives,0.002840909090909091,0.04,0.3,0.0014577259475218659,8.34375,0.75,0.14804956268221575,0.052734082397003744,0.43106379008746354,0.24355740174927115,0.016961363636363636,0.2396133259310167,True,True,,0.5717399999999999
f569364ce99b0f5a,"('NormalForm', '7b72', 4)",1,1,1,14,14,1.0,0.0,0.35,0.0,25,"NormalForm(q(p(h(q(f(f(b,b)),p(c)),q(g(c),g(h(a,a)))),g(f(p(b))))))=q(p(h(q(f(f(b,b)),p(c)),q(g(c),g(h(a,a)))),g(f(p(b)))))",NormalForm,0.002840909090909091,0.04,0.7,0.00048590864917395527,16.390625,0.35,0.07034985422740524,0.02684461391801716,0.11076793002915451,0.13514660058309036,0.016961363636363636,0.35581825323972077,True,True,,0.37294
559d49fda8a8dd97,"('NormalForm', '12aa', 4)",1,1,1,4,4,1.0,0.0,0.35,0.0,25,"NormalForm(f(h(q(p(a),c))))=f(h(q(p(a),c)))",NormalForm,0.002840909090909091,0.04,0.2,0.00048590864917395527,6.390625,0.35,0.02034985422740525,0.06885085574572126,0.08676793002915452,0.057906600583090384,0.016961363636363636,0.11786104525542458,True,False,1.0,0.16194
5f2021748c784872,"('NormalForm', '6828', 4)",1,1,1,6,6,1.0,0.0,0.35,0.0,25,"NormalForm(f(q(c,g(p(g(c),c),q(b)))))=f(q(c,g(p(g(c),c),q(b))))",NormalForm,0.002840909090909091,0.04,0.3,0.00048590864917395527,8.390625,0.35,0.030349854227405246,0.052439478584729984,0.09156793002915452,0.07335460058309037,0.016961363636363636,0.050588574433344684,True,False,1.0,0.18014
6978569d65425b89,"('NormalForm', '617f', 4)",1,1,1,8,8,2.0,0.2,0.44999999999999996,0.0,25,"NormalForm(h(q(p(b),q(q(q(h(b))))),p(c,a)))=h(q(p(b),q(q(q(b)))),p(c,a))",NormalForm,0.002840909090909091,0.04,0.4,0.0009718172983479105,10.390625,0.44999999999999996,0.0766997084548105,0.04234586466165414,0.19581586005830903,0.13992600116618079,0.016961363636363636,0.019380362410660327,True,False,1.0,0.21374
9b7642c48cf45842,"('Derives', 1, '617f')",1,1,1,8,8,3.0,0.65,0.75,1.0,22,"Derives(h(q(p(b),q(q(q(h(b))))),p(c,a)),h(q(p(b),q(q(q(b)))),p(c,a)))",Derives,0.002840909090909091,0.04,0.4,0.0014577259475218659,10.34375,0.75,0.15804956268221576,0.04253776435045317,0.43586379008746357,0.2590054017492711,0.016961363636363636,0.1286117070021548,True,True,,0.5899399999999999
40402d73dea0166f,"('NormalForm', '1799', 3)",1,1,1,3,3,1.0,0.0,0.35,0.0,25,NormalForm(h(h(h(b))))=h(h(h(b))),NormalForm,0.002840909090909091,0.04,0.15,0.00048590864917395527,5.390625,0.35,0.015349854227405247,0.0816231884057971,0.08436793002915452,0.050182600583090375,0.016961363636363636,0.7937248227241288,True,True,,0.27283999999999997
34c2b7cbaa89591d,"('NormalForm', 'a0ed', 4)",1,1,1,5,5,1.0,0.0,0.35,0.0,25,"NormalForm(g(g(p(f(g(c),a)))))=g(g(p(f(g(c),a))))",NormalForm,0.002840909090909091,0.04,0.25,0.00048590864917395527,7.390625,0.35,0.02534985422740525,0.059534883720930236,0.08916793002915452,0.06563060058309038,0.016961363636363636,0.08039047081418746,True,False,1.0,0.17104
b735a737b5ece735,"('NormalForm', '60b3', 1)",1,1,1,1,1,1.0,0.0,0.35,0.0,25,"NormalForm(g(a,b))=g(a,b)",NormalForm,0.002840909090909091,0.04,0.05,0.00048590864917395527,3.390625,0.35,0.0053498542274052485,0.12976958525345622,0.07956793002915452,0.034734600583090386,0.016961363636363636,0.11319255608399413,True,False,1.0,0.13463999999999998
8d1b8d973b9f2928,"('NormalForm', '5a2b', 4)",1,1,1,12,12,1.0,0.0,0.35,0.0,25,"NormalForm(f(g(p(h(a,a)),b),h(g(h(g(h(a,c))),h(p(h(a,a),b))),b)))=f(g(p(h(a,a)),b),h(g(h(g(h(a,c))),h(p(h(a,a),b))),b))",NormalForm,0.002840909090909091,0.04,0.6,0.00048590864917395527,14.390625,0.35,0.06034985422740525,0.03057546145494028,0.10596793002915451,0.11969860058309037,0.016961363636363636,0.20045985736783636,True,False,1.0,0.23474
d799a153d7199f1a,"('NormalForm', '8a0e', 4)",1,1,1,4,4,1.0,0.0,0.35,0.0,25,NormalForm(f(h(p(g(c)))))=f(h(p(g(c)))),NormalForm,0.002840909090909091,0.04,0.2,0.00048590864917395527,6.390625,0.35,0.02034985422740525,0.06885085574572126,0.08676793002915452,0.057906600583090384,0.016961363636363636,0.07666287389572338,True,True,,0.28193999999999997
69850aadc5b62374,"('NormalForm', '1f60', 4)",1,1,1,6,6,2.0,0.2,0.44999999999999996,0.0,25,NormalForm(p(p(g(q(h(f(a)))))))=p(p(g(q(h(b))))),NormalForm,0.002840909090909091,0.04,0.3,0.0009718172983479105,8.390625,0.44999999999999996,0.06669970845481049,0.052439478584729984,0.191015860058309,0.12447800116618074,0.016961363636363636,0.04952232573838992,True,False,1.0,0.19554
0cd7a9658bcae2d8,"('Derives', 1, '1f60')",1,1,1,6,6,3.0,0.65,0.75,1.0,22,"Derives(p(p(g(q(h(f(a)))))),p(p(g(q(h(b))))))",Derives,0.002840909090909091,0.04,0.3,0.0014577259475218659,8.34375,0.75,0.14804956268221575,0.052734082397003744,0.43106379008746354,0.24355740174927115,0.016961363636363636,0.11751548534444611,True,True,,0.5717399999999999
dc726cdd68a76902,"('NormalForm', 'd459', 1)",1,1,1,1,1,1.0,0.0,0.35,0.0,25,"NormalForm(g(c,c))=g(c,c)",NormalForm,0.002840909090909091,0.04,0.05,0.00048590864917395527,3.390625,0.35,0.0053498542274052485,0.12976958525345622,0.07956793002915452,0.034734600583090386,0.016961363636363636,0.16234728564801781,True,False,1.0,0.13463999999999998
8ac977aa82b3d1be,"('NormalForm', '5baa', 4)",1,1,1,9,9,4.0,0.6,0.65,0.0,25,"NormalForm(g(g(q(g(c),a)),h(p(f(h(f(b)))))))=g(g(q(g(c),a)),h(p(b)))",NormalForm,0.002840909090909091,0.04,0.45,0.001943634596695821,11.390625,0.65,0.154399416909621,0.03862825788751715,0.3971117201166181,0.24989680233236153,0.016961363636363636,0.2683745456016547,True,False,1.0,0.25364
a0e77e4c61430e2e,"('Derives', 3, '5baa')",1,1,1,9,9,5.0,0.65,0.75,1.0,22,"Derives(g(g(q(g(c),a)),h(p(f(h(f(b)))))),g(g(q(g(c),a)),h(p(b))))",Derives,0.002840909090909091,0.04,0.45,0.0024295432458697765,11.34375,0.75,0.16374927113702623,0.03878787878787879,0.4385996501457726,0.2671106029154519,0.016961363636363636,0.07045428601697254,True,True,,0.5990399999999999
bc4a7dbe431105ad,"('NormalForm', '50bb', 1)",1,1,1,1,1,1.0,0.0,0.35,0.0,25,"NormalForm(p(c,b))=p(c,b)",NormalForm,0.002840909090909091,0.04,0.05,0.00048590864917395527,3.390625,0.35,0.0053498542274052485,0.12976958525345622,0.07956793002915452,0.034734600583090386,0.016961363636363636,0.3088672820796958,True,False,1.0,0.13463999999999998
6a06bb196026d38d,"('NormalForm', 'd459', 2)",1,1,1,2,2,2.0,0.2,0.44999999999999996,0.0,25,"NormalForm(g(g(b),c))=g(c,c)",NormalForm,0.002840909090909091,0.04,0.1,0.0009718172983479105,4.390625,0.44999999999999996,0.046699708454810494,0.1002135231316726,0.181415860058309,0.09358200116618076,0.016961363636363636,0.19082970201672467,True,False,1.0,0.15914
f8d8ae78c719dc39,"('Derives', 1, 'd459')",1,1,1,2,2,3.0,0.65,0.75,0.5,22,"Derives(g(g(b),c),g(c,c))",Derives,0.002840909090909091,0.04,0.1,0.0014577259475218659,4.34375,0.75,0.12804956268221573,0.10129496402877698,0.4214637900874636,0.21266140174927117,0.016961363636363636,0.06065606566444805,True,True,,0.41984
98953bb317c2bf27,"('NormalForm', '2557', 2)",2,2,1,2,2,2.0,0.0,0.35,0.0,25,NormalForm(h(q(b)))=h(q(b)),NormalForm,0.005681818181818182,0.08,0.1,0.0009718172983479105,4.390625,0.35,0.010699708454810497,0.21864768683274022,0.08213586005830904,0.04944920116618076,0.03392272727272727,0.2757697670697554,True,False,1.0,0.14737999999999998
86336b5171e533f2,"('NormalForm', 'f214', 4)",1,1,1,5,5,2.0,0.2,0.44999999999999996,0.0,25,"NormalForm(g(h(p(a,p(a,g(a))))))=g(h(p(a,p(a,a))))",NormalForm,0.002840909090909091,0.04,0.25,0.0009718172983479105,7.390625,0.44999999999999996,0.061699708454810494,0.059534883720930236,0.18861586005830902,0.11675400116618076,0.016961363636363636,0.21615598145094286,True,True,,0.30644
663f286b68651f14,"('Derives', 1, 'f214')",1,1,1,5,5,3.0,0.65,0.75,1.0,22,"Derives(g(h(p(a,p(a,g(a))))),g(h(p(a,p(a,a)))))",Derives,0.002840909090909091,0.04,0.25,0.0014577259475218659,7.34375,0.75,0.14304956268221575,0.05991489361702128,0.4286637900874636,0.23583340174927114,0.016961363636363636,0.056363229780055896,True,False,2.0,0.44264
501f016ca46866ae,"('NormalForm', 'b2cf', 3)",1,1,1,3,3,1.0,0.0,0.35,0.0,25,"NormalForm(q(q(a),f(b)))=q(q(a),f(b))",NormalForm,0.002840909090909091,0.04,0.15,0.00048590864917395527,5.390625,0.35,0.015349854227405247,0.0816231884057971,0.08436793002915452,0.050182600583090375,0.016961363636363636,0.2364310172513432,True,True,,0.27283999999999997
6c2e6e211764ee5c,"('NormalForm', '7b18', 4)",1,1,1,13,13,1.0,0.0,0.35,0.0,25,"NormalForm(q(q(f(q(q(b,c),b),c)),f(h(h(p(c),p(c)),g(h(p(b)))))))=q(q(f(q(q(b,c),b),c)),f(h(h(p(c),p(c)),g(h(p(b))))))",NormalForm,0.002840909090909091,0.04,0.65,0.00048590864917395527,15.390625,0.35,0.06534985422740525,0.028588832487309646,0.10836793002915451,0.12742260058309038,0.016961363636363636,0.043378368150301626,True,False,1.0,0.24384
38cf0f4eb3e3ed43,"('NormalForm', '0076', 4)",1,1,1,9,9,1.0,0.0,0.35,0.0,25,"NormalForm(p(q(g(p(q(g(b,a)),h(f(a,b),f(c))),c))))=p(q(g(p(q(g(b,a)),h(f(a,b),f(c))),c)))",NormalForm,0.002840909090909091,0.04,0.45,0.00048590864917395527,11.390625,0.35,0.045349854227405256,0.03862825788751715,0.09876793002915452,0.0965266005830904,0.016961363636363636,0.030666981314696373,True,False,1.0,0.20743999999999999
f067ece5558d5c9b,"('NormalForm', '314d', 4)",1,1,1,4,4,1.0,0.0,0.35,0.0,25,"NormalForm(h(q(g(c,g(c)))))=h(q(g(c,g(c))))",NormalForm,0.002840909090909091,0.04,0.2,0.00048590864917395527,6.390625,0.35,0.02034985422740525,0.06885085574572126,0.08676793002915452,0.057906600583090384,0.016961363636363636,0.10371935950650976,True,False,1.0,0.16194
11655cb561ab2de0,"('NormalForm', '31e7', 4)",1,1,1,5,5,1.0,0.0,0.35,0.0,25,"NormalForm(g(h(q(g(c)),q(a))))=g(h(q(g(c)),q(a)))",NormalForm,0.002840909090909091,0.04,0.25,0.00048590864917395527,7.390625,0.35,0.02534985422740525,0.059534883720930236,0.08916793002915452,0.06563060058309038,0.016961363636363636,0.1344167310397263,True,False,1.0,0.17104
c0a002b5ac87375e,"('NormalForm', '45d6', 1)",2,2,1,1,1,2.0,0.0,0.35,0.0,25,NormalForm(g(a))=g(a),NormalForm,0.005681818181818182,0.08,0.05,0.0009718172983479105,3.390625,0.35,0.005699708454810496,0.2831336405529954,0.07973586005830904,0.04172520116618077,0.03392272727272727,0.2892661720661647,True,False,1.0,0.13828
aef1b0df08be80c1,"('NormalForm', '3608', 1)",1,1,1,1,1,1.0,0.0,0.35,0.0,25,"NormalForm(h(c,b))=h(c,b)",NormalForm,0.002840909090909091,0.04,0.05,0.00048590864917395527,3.390625,0.35,0.0053498542274052485,0.12976958525345622,0.07956793002915452,0.034734600583090386,0.016961363636363636,0.26409365196108736,True,False,1.0,0.13463999999999998
fc4b91796dafab24,"('NormalForm', '8d8e', 4)",1,1,1,11,11,1.0,0.0,0.35,0.0,25,"NormalForm(g(h(p(p(p(c))),h(h(p(a)),q(q(q(b)))))))=g(h(p(p(p(c))),h(h(p(a)),q(q(q(b))))))",NormalForm,0.002840909090909091,0.04,0.55,0.00048590864917395527,13.390625,0.35,0.05534985422740526,0.0328588098016336,0.10356793002915451,0.11197460058309039,0.016961363636363636,0.19224817215396456,True,False,1.0,0.22564
9e0335ea16970531,"('NormalForm', 'dd92', 4)",1,1,1,6,6,1.0,0.0,0.35,0.0,25,"NormalForm(q(g(f(q(p(a,p(c,a)))))))=q(g(f(q(p(a,p(c,a))))))",NormalForm,0.002840909090909091,0.04,0.3,0.00048590864917395527,8.390625,0.35,0.030349854227405246,0.052439478584729984,0.09156793002915452,0.07335460058309037,0.016961363636363636,0.06713280774697129,True,False,1.0,0.18014
8a44db1fa1d04a81,"('NormalForm', '5fd1', 4)",1,1,1,5,5,1.0,0.0,0.35,0.0,25,"NormalForm(q(f(h(p(q(a)),c))))=q(f(h(p(q(a)),c)))",NormalForm,0.002840909090909091,0.04,0.25,0.00048590864917395527,7.390625,0.35,0.02534985422740525,0.059534883720930236,0.08916793002915452,0.06563060058309038,0.016961363636363636,0.06975994731810468,True,False,1.0,0.17104
db486afbd85e80b6,"('NormalForm', '9cf0', 4)",1,1,1,5,5,2.0,0.2,0.44999999999999996,0.0,25,"NormalForm(h(f(q(g(a),h(a)))))=h(f(q(a,h(a))))",NormalForm,0.002840909090909091,0.04,0.25,0.0009718172983479105,7.390625,0.44999999999999996,0.061699708454810494,0.059534883720930236,0.18861586005830902,0.11675400116618076,0.016961363636363636,0.31457945647970176,True,False,1.0,0.18644
d7a94ef017484977,"('Derives', 1, '9cf0')",1,1,1,5,5,3.0,0.65,0.75,1.0,22,"Derives(h(f(q(g(a),h(a)))),h(f(q(a,h(a)))))",Derives,0.002840909090909091,0.04,0.25,0.0014577259475218659,7.34375,0.75,0.14304956268221575,0.05991489361702128,0.4286637900874636,0.23583340174927114,0.016961363636363636,0.12180941136769158,True,False,2.0,0.44264
318cb427e5349404,"('NormalForm', '5a98', 3)",1,1,1,3,3,1.0,0.0,0.35,0.0,25,"NormalForm(g(f(q(b)),a))=g(f(q(b)),a)",NormalForm,0.002840909090909091,0.04,0.15,0.00048590864917395527,5.390625,0.35,0.015349854227405247,0.0816231884057971,0.08436793002915452,0.050182600583090375,0.016961363636363636,0.060013564739835226,True,False,1.0,0.15284
ed9ac78feb9f7234,"('NormalForm', 'fe5d', 2)",1,1,1,2,2,1.0,0.0,0.35,0.0,25,NormalForm(p(p(c)))=p(p(c)),NormalForm,0.002840909090909091,0.04,0.1,0.00048590864917395527,4.390625,0.35,0.01034985422740525,0.1002135231316726,0.08196793002915452,0.04245860058309038,0.016961363636363636,0.047882523021110394,True,True,,0.26374
dfed8b4681fd0455,"('NormalForm', '215a', 3)",1,1,1,3,3,1.0,0.0,0.35,0.0,25,"NormalForm(p(g(g(a)),c))=p(g(g(a)),c)",NormalForm,0.002840909090909091,0.04,0.15,0.00048590864917395527,5.390625,0.35,0.015349854227405247,0.0816231884057971,0.08436793002915452,0.050182600583090375,0.016961363636363636,0.22103767829921595,True,False,1.0,0.15284
8fdee95935bd147a,"('NormalForm', '6e68', 2)",1,1,1,2,2,1.0,0.0,0.35,0.0,25,"NormalForm(g(a,g(c)))=g(a,g(c))",NormalForm,0.002840909090909091,0.04,0.1,0.00048590864917395527,4.390625,0.35,0.01034985422740525,0.1002135231316726,0.08196793002915452,0.04245860058309038,0.016961363636363636,0.0322969798417935,True,True,,0.26374
d8127ff358b112a7,"('NormalForm', '4139', 3)",1,1,1,3,3,1.0,0.0,0.35,0.0,25,"NormalForm(q(h(b,g(c,c))))=q(h(b,g(c,c)))",NormalForm,0.002840909090909091,0.04,0.15,0.00048590864917395527,5.390625,0.35,0.015349854227405247,0.0816231884057971,0.08436793002915452,0.050182600583090375,0.016961363636363636,0.020336406763730906,True,False,1.0,0.15284
34c69baf9170d28f,"('NormalForm', '0376', 4)",1,1,1,8,8,1.0,0.0,0.35,0.0,25,"NormalForm(h(p(q(p(p(f(c,b))))),f(f(c),b)))=h(p(q(p(p(f(c,b))))),f(f(c),b))",NormalForm,0.002840909090909091,0.04,0.4,0.00048590864917395527,10.390625,0.35,0.04034985422740526,0.04234586466165414,0.09636793002915453,0.08880260058309039,0.016961363636363636,0.05834125655672973,True,False,1.0,0.19834
fbe98279d60acb4c,"('NormalForm', 'eeef', 4)",1,1,1,6,6,1.0,0.0,0.35,0.0,25,"NormalForm(g(h(a,f(q(p(h(a),a)))),a))=g(h(a,f(q(p(h(a),a)))),a)",NormalForm,0.002840909090909091,0.04,0.3,0.00048590864917395527,8.390625,0.35,0.030349854227405246,0.052439478584729984,0.09156793002915452,0.07335460058309037,0.016961363636363636,0.22999635536623625,True,True,,0.30013999999999996
d7403f43c1b70916,"('NormalForm', 'f701', 4)",1,1,1,7,7,1.0,0.0,0.35,0.0,25,"NormalForm(q(f(q(q(h(h(b,a),f(b,b))),b))))=q(f(q(q(h(h(b,a),f(b,b))),b)))",NormalForm,0.002840909090909091,0.04,0.35,0.00048590864917395527,9.390625,0.35,0.03534985422740525,0.04685524126455907,0.09396793002915452,0.08107860058309038,0.016961363636363636,0.2552492987100032,True,True,,0.30923999999999996
d5742fc43f993e0f,"('NormalForm', '5326', 3)",1,1,1,3,3,1.0,0.0,0.35,0.0,25,NormalForm(h(f(q(b))))=h(f(q(b))),NormalForm,0.002840909090909091,0.04,0.15,0.00048590864917395527,5.390625,0.35,0.015349854227405247,0.0816231884057971,0.08436793002915452,0.050182600583090375,0.016961363636363636,0.04709495358908615,True,False,1.0,0.15284
c2b120217a9f83f6,"('NormalForm', '9497', 4)",1,1,1,11,11,3.0,0.4,0.55,0.0,25,"NormalForm(g(g(a),h(p(f(g(p(b))),f(h(q(a),g(b)))))))=g(a,h(p(f(g(p(b))),f(h(q(a),c)))))",NormalForm,0.002840909090909091,0.04,0.55,0.0014577259475218659,13.390625,0.55,0.12804956268221573,0.0328588098016336,0.30246379008746355,0.21422140174927118,0.016961363636363636,0.0424027505335018,True,False,1.0,0.25644
7980019578fa8807,"('Derives', 2, '9497')",1,1,1,11,11,4.0,0.65,0.75,1.0,22,"Derives(g(g(a),h(p(f(g(p(b))),f(h(q(a),g(b)))))),g(a,h(p(f(g(p(b))),f(h(q(a),c))))))",Derives,0.002840909090909091,0.04,0.55,0.001943634596695821,13.34375,0.75,0.173399416909621,0.03297423887587822,0.44323172011661804,0.2823680023323615,0.016961363636363636,0.20053982514636054,True,False,2.0,0.4972399999999999
baa6dbe5a03f3e59,"('NormalForm', 'af7a', 4)",1,1,1,4,4,2.0,0.2,0.44999999999999996,0.0,25,"NormalForm(q(f(a,p(a)),g(b)))=q(f(a,p(a)),c)",NormalForm,0.002840909090909091,0.04,0.2,0.0009718172983479105,6.390625,0.44999999999999996,0.056699708454810496,0.06885085574572126,0.18621586005830904,0.10903000116618075,0.016961363636363636,0.023724372057423938,True,False,1.0,0.17734
b5292b286dcdf205,"('Derives', 1, 'af7a')",1,1,1,4,4,3.0,0.65,0.75,1.0,22,"Derives(q(f(a,p(a)),g(b)),q(f(a,p(a)),c))",Derives,0.002840909090909091,0.04,0.2,0.0014577259475218659,6.34375,0.75,0.13804956268221574,0.06935960591133004,0.4262637900874636,0.22810940174927116,0.016961363636363636,0.12562950467125822,True,True,,0.5535399999999999
404fed23e6af290e,"('NormalForm', '58d7', 4)",1,1,1,17,17,4.0,0.6,0.65,0.0,25,"NormalForm(f(f(p(g(p(c),g(f(b))),q(g(b))),p(q(g(p(b,a),g(c)),g(g(a,b))))),h(c)))=f(f(p(g(p(c),g(f(b))),b),p(q(g(p(b,a),g(c)),g(g(a,b))))),a)",NormalForm,0.002840909090909091,0.04,0.85,0.001943634596695821,19.390625,0.65,0.19439941690962098,0.022691377921031427,0.4163117201166181,0.3116888023323615,0.016961363636363636,0.07368421462969021,True,False,1.0,0.32643999999999995
8d82bf1cd73507d5,"('Derives', 3, '58d7')",1,1,1,17,17,5.0,0.65,0.75,1.0,22,"Derives(f(f(p(g(p(c),g(f(b))),q(g(b))),p(q(g(p(b,a),g(c)),g(g(a,b))))),h(c)),f(f(p(g(p(c),g(f(b))),b),p(q(g(p(b,a),g(c)),g(g(a,b))))),a))",Derives,0.002840909090909091,0.04,0.85,0.0024295432458697765,19.34375,0.75,0.20374927113702623,0.022746365105008076,0.4577996501457726,0.3289026029154519,0.016961363636363636,0.12381192261506141,True,True,,0.67184
