class_id,class_key,class_size,object_diversity,operator_diversity,depth_min,depth_max,reuse_count,role_score,action_effect_score,redundancy_score,signature_len,representative,operator_family,frequency,object_diversity_score,depth_score,reuse_rate,complexity,M2_intervention_score,M3_reuse_score,M4_compression_score,M5_perturbation_centrality_score,M1_original_score,M6_frequency_control_score,M7_random_matched_score,class_a_survives,class_b_survives,class_b_attack_cost,class_b_auc_gns
e849088e731b6272,"('Accepts', 0, '12', 3, 3)",111,111,1,1,1,111.0,0.4500000000000003,0.6500000000000005,0.6517160017160016,26,Accepts(),Accepts,0.1178343949044586,0.33433734939759036,0.25,0.05538922155688623,3.40625,0.6500000000000005,0.14588023952095813,23.929965734497628,0.3480225149700601,0.2560929038886084,0.20010551761184867,0.34455831159200656,True,True,,0.5145710951915771
b1a7f90062c0d62d,"('Rejects', 1, 'ac', 3, 3)",79,79,1,1,1,158.0,0.5,0.6499999999999999,0.5746534056660638,26,Rejects(a),Rejects,0.08386411889596602,0.23795180722891565,0.25,0.07884231536926148,3.40625,0.6499999999999999,0.17176646706586826,14.795799712611917,0.3754479041916168,0.2602101784864007,0.1424174404624869,0.1873625880306627,True,False,1.0,0.37499855116669206
bb9a3157cd3959d3,"('Accepts', 1, 'c1', 3, 3)",119,119,1,1,1,238.0,0.5,0.6500000000000005,0.6516606642657062,26,Accepts(b),Accepts,0.12632696390658174,0.35843373493975905,0.25,0.1187624750499002,3.40625,0.6500000000000005,0.20050898203592812,26.496473969271584,0.3892443113772456,0.2963510283529327,0.21452753689918913,0.29631273489802684,True,False,1.0,0.4037510833248962
934f181845b305c0,"('Rejects', 2, 'd3', 3, 3)",76,76,1,2,2,228.0,0.5499999999999998,0.65,0.5702694235588973,26,Rejects(aa),Rejects,0.08067940552016985,0.2289156626506024,0.5,0.11377245508982035,4.40625,0.65,0.2309161676646706,10.84768008203025,0.41883976047904187,0.3222987907943149,0.1370091832297342,0.34956039248358095,True,False,2.0,0.42566356214331014
14709c68f0d380bb,"('Accepts', 2, '78', 3, 3)",112,112,1,2,2,336.0,0.5499999999999999,0.6500000000000001,0.6495535714285714,26,Accepts(ab),Accepts,0.11889596602972399,0.3373493975903614,0.5,0.16766467065868262,4.40625,0.6500000000000001,0.26971856287425144,18.742271212509614,0.43746491017964073,0.36187207064425364,0.20190827002276623,0.2311076619107693,True,False,2.0,0.45384567018072286
004357f29d430e75,"('Accepts', 2, '6f', 3, 3)",107,107,1,2,2,321.0,0.5499999999999998,0.6500000000000002,0.6514463729417,26,Accepts(ba),Accepts,0.11358811040339703,0.32228915662650603,0.5,0.1601796407185629,4.40625,0.6500000000000002,0.26432934131736524,17.539844484320263,0.4348780838323353,0.35637578177620655,0.19289450796817847,0.26268177534894904,True,False,2.0,0.4529124254025447
3f6e1c07dc447ae0,"('Rejects', 2, '60', 3, 3)",58,58,1,2,2,174.0,0.5499999999999999,0.6499999999999999,0.5539408866995074,26,Rejects(bb),Rejects,0.06157112526539278,0.1746987951807229,0.5,0.08682634730538923,4.40625,0.6499999999999999,0.21151497005988024,7.564829530889517,0.40952718562874246,0.3025121508693456,0.10455963983321823,0.18885634973437257,True,False,2.0,0.41695793518903196
1a2603046273b010,"('Rejects', 3, '44', 3, 3)",74,74,1,3,3,296.0,0.6000000000000001,0.65,0.5638352638352638,26,Rejects(aba),Rejects,0.07855626326963906,0.22289156626506024,0.75,0.14770459081836326,5.40625,0.65,0.2893473053892216,8.52605334633331,0.4618867065868264,0.3845079782411082,0.1334036784078991,0.24429528658252891,True,False,2.0,0.4761290784760664
dc5948d5ef1f9f14,"('Accepts', 3, 'a3', 3, 3)",103,103,1,3,3,412.0,0.6000000000000001,0.6500000000000004,0.667267683772538,26,Accepts(bab),Accepts,0.10934182590233546,0.3102409638554217,0.75,0.2055888223552894,5.40625,0.6500000000000004,0.3310239520958084,13.531527265129883,0.48189149700598816,0.4220628129572182,0.18568349832450826,0.30297783759583313,True,True,,0.6279707626622997
8bbc978c8f8a648a,"('Rejects', 4, 'dd', 3, 3)",68,68,1,4,4,340.0,0.6499999999999999,0.6499999999999999,0.5601890756302521,26,Rejects(abba),Rejects,0.07218683651804671,0.20481927710843373,1.0,0.16966067864271456,6.40625,0.6499999999999999,0.33915568862275447,6.41993535116074,0.5007947305389221,0.43997129627011033,0.12258716394239377,0.19061807153294588,True,False,2.0,0.5261422306874557
cd8d3acfe382968e,"('Accepts', 4, '08', 3, 3)",119,119,1,4,4,595.0,0.6500000000000005,0.6500000000000005,0.6467987194877951,26,Accepts(baab),Accepts,0.12632696390658174,0.35843373493975905,1.0,0.2969061876247505,6.40625,0.6500000000000005,0.4307724550898204,14.088369086100501,0.5447707784431141,0.5159985684726933,0.21452753689918913,0.27315775459979524,True,False,2.0,0.5601279740811989
35439fef3fe46b50,"('ReachableState', 1, 2, 1)",316,243,1,1,1,948.0,1.0,0.5,0.4672995780590717,27,ReachableState(q0),ReachableState,0.3354564755838641,0.7319277108433735,0.25,0.47305389221556887,3.421875,0.5,0.5455988023952095,104.53016449359082,0.6718874251497006,0.6032699383882837,0.48611554498247767,0.3228685234302048,True,True,,0.6040516242183926
b6f0c35cf5291e0b,"('MinimalStateClass', 1, 1, 2)",254,208,1,2,2,254.0,0.3333333333333333,0.5499999999999998,0.3333333333333333,30,MinimalStateClass(q0),MinimalStateClass,0.26963906581740976,0.6265060240963856,0.5,0.12674650698602793,4.46875,0.5499999999999998,0.20125748502994012,58.34574100598198,0.31760359281437117,0.34027776860736353,0.40524850996342054,0.3176682691134861,True,False,1.0,0.38937871485943776
9ac23d7ae5113c02,"('TransitionEffect', 'a', 0, 1, 2, 1)",42,34,1,2,2,168.0,0.7,0.8500000000000001,0.6666666666666666,37,"TransitionEffect(q0,a,q2)",TransitionEffect,0.044585987261146494,0.10240963855421686,0.5,0.08383233532934131,4.578125,0.8500000000000001,0.23635928143712576,4.609136888852338,0.5104524550898204,0.334398175081163,0.06655897475251324,0.23670396097288568,True,False,2.0,0.4322192771084337
b2621cf5c83bc658,"('TransitionEffect', 'b', 1, 1, 1, 1)",318,208,1,2,2,1210.0,0.7000000000000001,0.8499999999999999,0.3333333333333333,37,"TransitionEffect(q0,b,q1)",TransitionEffect,0.3375796178343949,0.6265060240963856,0.5,0.6037924151696606,4.578125,0.8499999999999999,0.6107305389221557,71.3018791891114,0.6901506586826347,0.6274520217011761,0.44737165221395137,0.371648426734323,True,True,,0.5229120481927712
2149a74c903a6202,"('ReachableState', 1, 1, 1)",213,187,1,1,1,426.0,1.0,0.5,0.43505477308294205,27,ReachableState(q1),ReachableState,0.22611464968152867,0.5632530120481928,0.25,0.2125748502994012,3.421875,0.5,0.3580538922155689,59.95920118831491,0.5818658682634731,0.47242077252723474,0.35422722738086104,0.35362781379199665,True,True,,0.5812536766785452
c87028894b8057c6,"('MinimalStateClass', 1, 1, 1)",222,195,1,2,2,222.0,0.3333333333333333,0.5499999999999998,0.3333333333333333,30,MinimalStateClass(q1),MinimalStateClass,0.2356687898089172,0.5873493975903614,0.5,0.11077844311377245,4.46875,0.5499999999999998,0.18976047904191617,49.0498609823911,0.3120850299401197,0.327357573239064,0.369307420765866,0.23040319417447244,True,True,,0.5058154618473896
bbce00646967516c,"('TransitionEffect', 'a', 1, 1, 2, 1)",81,46,1,2,2,299.0,0.7000000000000002,0.8499999999999998,0.6666666666666666,37,"TransitionEffect(q1,a,q3)",TransitionEffect,0.08598726114649681,0.13855421686746988,0.5,0.14920159680638723,4.578125,0.8499999999999998,0.28342514970059884,9.528549693655169,0.5330440718562874,0.36618423842435616,0.10596270432046659,0.15850306969066033,True,False,2.0,0.43550843373493986
fb4a7cae8d0cb6e1,"('TransitionEffect', 'b', 0, 1, 2, 1)",53,46,1,2,2,198.0,0.7000000000000003,0.8500000000000001,0.6666666666666664,37,"TransitionEffect(q1,b,q4)",TransitionEffect,0.05626326963906582,0.13855421686746988,0.5,0.09880239520958084,4.578125,0.8500000000000001,0.24713772455089827,6.234730046465727,0.5156261077844313,0.3464148492027993,0.08753382958585937,0.36737454050818064,True,True,,0.5555084337349397
4bdc74bbdc9903c5,"('ReachableState', 1, 3, 0)",447,332,1,1,1,2004.0,1.0,0.5,0.5398956002982849,27,ReachableState(q2),ReachableState,0.4745222929936306,1.0,0.25,1.0,3.421875,0.5,0.9249999999999999,182.8821917808219,0.854,0.8555400000000001,0.674203821656051,0.23097061955020323,True,False,2.0,0.5252158836689038
1c7d68a2043bab49,"('MinimalStateClass', 2, 0, 3)",56,46,1,2,2,112.0,0.6666666666666666,0.5499999999999999,0.6666666666666666,30,MinimalStateClass(q2),MinimalStateClass,0.059447983014861996,0.13855421686746988,0.5,0.05588822355289421,4.46875,0.5499999999999999,0.21023952095808385,6.748875221164378,0.4219149700598802,0.3048860412187673,0.089508351878853,0.22402404239885923,True,False,2.0,0.4686417670682731
b0e608d251061764,"('TransitionEffect', 'a', 0, 1, 2, 0)",75,44,1,2,2,300.0,0.7000000000000002,0.8499999999999999,0.6666666666666665,37,"TransitionEffect(q2,a,q2)",TransitionEffect,0.07961783439490445,0.13253012048192772,0.5,0.1497005988023952,4.578125,0.8499999999999999,0.28378443113772456,8.724042929396768,0.5332165269461078,0.3653558785657601,0.09972450310797329,0.2500022671710335,True,False,2.0,0.43496024096385544
7d90a094419908be,"('TransitionEffect', 'b', 1, 1, 2, 0)",37,32,1,2,2,140.0,0.6999999999999998,0.8500000000000002,0.6666666666666667,37,"TransitionEffect(q2,b,q3)",TransitionEffect,0.03927813163481953,0.0963855421686747,0.5,0.06986027944111776,4.578125,0.8500000000000002,0.22629940119760478,4.011743903943419,0.5056237125748503,0.3278934559411298,0.060978947637684494,0.212588197901813,True,False,2.0,0.43167108433734935
9e63738b9d266201,"('MinimalStateClass', 2, 1, 2)",54,46,1,2,2,108.0,0.6666666666666664,0.55,0.6666666666666664,30,MinimalStateClass(q3),MinimalStateClass,0.05732484076433121,0.13855421686746988,0.5,0.05389221556886228,4.46875,0.55,0.20880239520958077,6.507843963265651,0.4212251497005987,0.3041030951109828,0.08819200368352391,0.6961866699620193,True,True,,0.588641767068273
1bd52b0d85f0e69a,"('ReachableState', 1, 2, 0)",364,260,1,1,1,1092.0,1.0,0.5,0.47802197802197804,27,ReachableState(q4),ReachableState,0.386411889596603,0.7831325301204819,0.25,0.5449101796407185,3.421875,0.5,0.5973353293413174,125.8550475876107,0.6967209580838324,0.6401608175456317,0.5371657329956769,0.374947469001819,True,False,2.0,0.4911881371640408
5d7ff61c921734c2,"('MinimalStateClass', 2, 0, 2)",45,36,1,2,2,90.0,0.6666666666666667,0.55,0.6666666666666667,30,MinimalStateClass(q4),MinimalStateClass,0.04777070063694268,0.10843373493975904,0.5,0.04491017964071856,4.46875,0.55,0.20233532934131737,5.119892156036735,0.4181209580838323,0.29545935569824205,0.0708226536720129,0.2637555140256407,True,True,,0.5859008032128514
294957c52512e19d,"('TransitionEffect', 'b', 1, 1, 1, 0)",324,253,1,2,2,1204.0,0.7000000000000002,0.8499999999999998,0.3333333333333333,37,"TransitionEffect(q4,b,q0)",TransitionEffect,0.34394904458598724,0.7620481927710844,0.5,0.6007984031936128,4.578125,0.8499999999999998,0.6085748502994013,82.23969735597682,0.6891159281437126,0.6493197712141981,0.5028267208963242,0.3237576215170788,True,False,2.0,0.41524638554216875
fab41381a120c46e,"('ReachableState', 0, 1, 1)",74,67,1,1,1,148.0,0.19999999999999996,0.5,0.46846846846846846,27,ReachableState(q5),ReachableState,0.07855626326963906,0.20180722891566266,0.25,0.07385229540918163,3.421875,0.5,0.11417365269461077,13.014424822577983,0.22480335329341317,0.17570903490368658,0.12539163021512803,0.21233883092661598,True,True,,0.4440806740475415
a16771125d6e869c,"('MinimalStateClass', 2, 1, 1)",35,31,1,2,2,70.0,0.6666666666666667,0.5500000000000002,0.6666666666666667,30,MinimalStateClass(q5),MinimalStateClass,0.037154989384288746,0.09337349397590361,0.5,0.03493013972055888,4.46875,0.5500000000000002,0.19514970059880238,3.8641840087623223,0.4146718562874252,0.2889843841954645,0.0585180211291024,0.30328925207141805,True,False,2.0,0.4645303212851406
da7503e23f2fc227,"('TransitionEffect', 'a', 0, 0, 2, 1)",12,11,1,2,2,48.0,0.25,0.85,0.6666666666666666,37,"TransitionEffect(q5,a,q2)",TransitionEffect,0.012738853503184714,0.03313253012048193,0.5,0.023952095808383235,4.578125,0.85,0.11224550898203593,1.135309840042765,0.3158778443113772,0.1974038834138951,0.020488450617757656,0.36148923713668757,True,True,,0.4829150602409638
e9e7d75b30c9b2b5,"('TransitionEffect', 'b', 1, 0, 2, 1)",25,19,1,2,2,95.0,0.25,0.85,0.6666666666666667,37,"TransitionEffect(q5,b,q5)",TransitionEffect,0.02653927813163482,0.0572289156626506,0.5,0.04740518962075848,4.578125,0.85,0.1291317365269461,2.4968131913318805,0.3239832335329341,0.21069988572253084,0.03820134039342082,0.24498339833895288,True,False,1.0,0.3651078313253012
a0d476385c65cbc1,"('EquivalentState', 0, 1, 1, 2)",626,253,1,2,2,626.0,0.39999999999999997,0.45000000000000007,0.19999999999999998,31,"EquivalentState(q0,q1)",EquivalentState,0.6645435244161358,0.7620481927710844,0.5,0.312375249500998,4.484375,0.45000000000000007,0.3469101796407185,162.21706897275513,0.3855168862275449,0.4454848586393478,0.7015952983910163,0.31097950126747614,True,False,1.0,0.39284638554216866
d585a54b3426b128,"('DistinguishingWordBucket', 1, 1, 1, 3)",489,145,1,1,1,978.0,0.42,0.7,0.2,40,"DistinguishingWordBucket(q0,q1)",DistinguishingWordBucket,0.5191082802547771,0.4367469879518072,0.25,0.4880239520958084,3.625,0.7,0.45197724550898205,112.87428334025758,0.4969490778443114,0.4392841913051007,0.4878109891796485,0.40933469334420514,True,True,,0.40904397590361447
629794e641b97adc,"('EquivalentState', 0, 1, 0, 3)",396,144,1,2,2,396.0,0.39999999999999997,0.4500000000000001,0.19999999999999998,31,"EquivalentState(q0,q2)",EquivalentState,0.42038216560509556,0.43373493975903615,0.5,0.19760479041916168,4.484375,0.4500000000000001,0.2642754491017964,73.62431468032408,0.3458522155688623,0.34465220442969485,0.425456219783593,0.266122109147016,True,False,1.0,0.36296987951807225
87d78dfd1ec4ef03,"('DistinguishingWordBucket', 0, 1, 0, 3)",895,186,1,1,1,895.0,0.2999999999999999,0.7,0.2,40,"DistinguishingWordBucket(q0,q2)",DistinguishingWordBucket,0.9501061571125266,0.5602409638554217,0.25,0.4466067864271457,3.625,0.7,0.4005568862275449,237.08018280016617,0.43626730538922154,0.4169043554721882,0.8019573836748267,0.1765498227488539,True,True,,0.40348192771084335
23bde3428ddb31b1,"('EquivalentState', 0, 1, 1, 3)",219,55,1,2,2,219.0,0.39999999999999997,0.4500000000000002,0.19999999999999998,31,"EquivalentState(q0,q3)",EquivalentState,0.23248407643312102,0.16566265060240964,0.5,0.1092814371257485,4.484375,0.4500000000000002,0.20068263473053893,27.624835229419418,0.3153276646706587,0.26443455000360727,0.2070919346174507,0.18686429515785896,True,True,,0.45857530120481926
84eba7873e3d82ec,"('DistinguishingWordBucket', 2, 1, 1, 3)",130,85,1,2,2,390.0,0.54,0.7000000000000001,0.19999999999999998,40,"DistinguishingWordBucket(q0,q3)",DistinguishingWordBucket,0.13800424628450106,0.2560240963855422,0.5,0.19461077844311378,4.625,0.7000000000000001,0.28731976047904195,18.439596222728753,0.45391348502994017,0.35921590189452424,0.1828517893228967,0.36482620907384306,True,True,,0.45489819277108434
b34d31d4ab44d495,"('EquivalentState', 0, 0, 1, 3)",462,161,1,2,2,462.0,0.4,0.4500000000000002,0.2,31,"EquivalentState(q2,q3)",EquivalentState,0.49044585987261147,0.48493975903614456,0.5,0.23053892215568864,4.484375,0.4500000000000002,0.2879880239520958,91.17037907728475,0.357234251497006,0.36627563448524636,0.4883535415547541,0.4588705321476806,True,True,,0.48762951807228916
9ac9df5b7ef8ccbf,"('DistinguishingWordBucket', 0, 0, 1, 3)",924,184,1,1,1,924.0,0.29999999999999993,0.7,0.2,40,"DistinguishingWordBucket(q2,q3)",DistinguishingWordBucket,0.9808917197452229,0.5542168674698795,0.25,0.46107784431137727,3.625,0.7,0.4109760479041916,243.22658911508103,0.441268502994012,0.4215566183680831,0.8187552758805925,0.18448199574519838,True,True,,0.40293373493975904
cb20230d19f54a3d,"('EquivalentState', 1, 0, 0, 3)",537,147,1,2,2,1074.0,0.75,0.45000000000000007,1.0,31,"EquivalentState(q2,q4)",EquivalentState,0.5700636942675159,0.4427710843373494,0.5,0.5359281437125748,4.484375,0.45000000000000007,0.570868263473054,100.921103228244,0.5980167664670659,0.5580201142774692,0.5216925024940526,0.19579513365485798,True,True,,0.7175921686746988
fcb4a406a30ffebb,"('DistinguishingWordBucket', 0, 0, 0, 3)",296,73,1,1,1,296.0,0.29999999999999993,0.7000000000000001,1.0,40,"DistinguishingWordBucket(q2,q4)",DistinguishingWordBucket,0.31422505307855625,0.21987951807228914,0.25,0.14770459081836326,3.625,0.7000000000000001,0.18534730538922153,50.61636892397175,0.33296670658682637,0.24179673004833704,0.27837374977617474,0.24587989116044634,True,True,,0.5573090361445783
419d1da6f86ea18e,"('EquivalentState', 1, 1, 1, 3)",272,113,1,2,2,544.0,0.75,0.45000000000000007,1.0,31,"EquivalentState(q3,q5)",EquivalentState,0.28874734607218683,0.34036144578313254,0.5,0.2714570858283433,4.484375,0.45000000000000007,0.3804491017964072,44.90666218882499,0.5066155688622754,0.43687011644181517,0.30836070396234616,0.18711972872217641,True,True,,0.7082728915662652
a8553a14b14ec210,"('DistinguishingWordBucket', 0, 1, 1, 3)",141,50,1,1,1,141.0,0.3,0.7000000000000001,1.0,40,"DistinguishingWordBucket(q3,q5)",DistinguishingWordBucket,0.14968152866242038,0.15060240963855423,0.25,0.07035928143712575,3.625,0.7000000000000001,0.12965868263473054,21.416535105941005,0.30623616766467066,0.1996804599379554,0.15003146343335122,0.420849358374116,True,True,,0.5510048192771084
be90c3f55b726e81,"('Rejects', 0, '12', 1, 1)",5,5,1,1,1,5.0,0.45,0.65,0.20857142857142855,26,Rejects(),Rejects,0.005307855626326964,0.015060240963855422,0.25,0.00249500998003992,3.40625,0.65,0.10779640718562875,0.6092627390295126,0.32974227544910184,0.18106772359858597,0.009013762054587777,0.2414735169120214,True,False,1.0,0.26315048192771084
158dd77546184b9c,"('Rejects', 1, 'ac', 1, 1)",5,5,1,1,1,10.0,0.5,0.65,0.20857142857142855,26,Rejects(a),Rejects,0.005307855626326964,0.015060240963855422,0.25,0.00499001996007984,3.40625,0.65,0.11859281437125749,0.6092627390295126,0.3499245508982036,0.1933496062333165,0.009013762054587777,0.328393388371711,True,False,1.0,0.27015048192771085
c357e1c60f82cfdf,"('Rejects', 1, 'c1', 1, 1)",5,5,1,1,1,10.0,0.5,0.65,0.20857142857142855,26,Rejects(b),Rejects,0.005307855626326964,0.015060240963855422,0.25,0.00499001996007984,3.40625,0.65,0.11859281437125749,0.6092627390295126,0.3499245508982036,0.1933496062333165,0.009013762054587777,0.23985323237341727,True,False,1.0,0.27015048192771085
f679ba293d884353,"('Rejects', 2, 'd3', 1, 1)",5,5,1,2,2,15.0,0.55,0.65,0.20857142857142855,26,Rejects(aa),Rejects,0.005307855626326964,0.015060240963855422,0.5,0.0074850299401197605,4.40625,0.65,0.15438922155688622,0.470990344356148,0.3821068263473054,0.24425148886804707,0.009013762054587777,0.19512183443953568,True,True,,0.44265048192771084
e75263b2f8f4b142,"('Rejects', 2, '78', 1, 1)",5,5,1,2,2,15.0,0.55,0.65,0.20857142857142855,26,Rejects(ab),Rejects,0.005307855626326964,0.015060240963855422,0.5,0.0074850299401197605,4.40625,0.65,0.15438922155688622,0.470990344356148,0.3821068263473054,0.24425148886804707,0.009013762054587777,0.3420972313607395,True,False,1.0,0.32265048192771084
be283f0da4b1a844,"('Rejects', 2, '6f', 1, 1)",5,5,1,2,2,15.0,0.55,0.65,0.20857142857142855,26,Rejects(ba),Rejects,0.005307855626326964,0.015060240963855422,0.5,0.0074850299401197605,4.40625,0.65,0.15438922155688622,0.470990344356148,0.3821068263473054,0.24425148886804707,0.009013762054587777,0.22648080878752622,True,False,1.0,0.32265048192771084
bf8bd070956bb6cf,"('Rejects', 2, '60', 1, 1)",5,5,1,2,2,15.0,0.55,0.65,0.20857142857142855,26,Rejects(bb),Rejects,0.005307855626326964,0.015060240963855422,0.5,0.0074850299401197605,4.40625,0.65,0.15438922155688622,0.470990344356148,0.3821068263473054,0.24425148886804707,0.009013762054587777,0.20953182844245258,True,True,,0.44265048192771084
c6ae6a35cbe2db71,"('Rejects', 3, '44', 1, 1)",5,5,1,3,3,20.0,0.6000000000000001,0.65,0.20857142857142855,26,Rejects(aba),Rejects,0.005307855626326964,0.015060240963855422,0.75,0.00998003992015968,5.40625,0.65,0.190185628742515,0.38387074308795877,0.4142891017964072,0.29515337150277765,0.009013762054587777,0.35124734112694767,True,True,,0.49515048192771083
8ffba9ed00ef1def,"('Rejects', 3, 'a3', 1, 1)",5,5,1,3,3,20.0,0.6000000000000001,0.65,0.20857142857142855,26,Rejects(bab),Rejects,0.005307855626326964,0.015060240963855422,0.75,0.00998003992015968,5.40625,0.65,0.190185628742515,0.38387074308795877,0.4142891017964072,0.29515337150277765,0.009013762054587777,0.35562300752145193,True,False,1.0,0.37515048192771083
280ecb5bc960958c,"('Rejects', 4, 'dd', 1, 1)",5,5,1,4,4,25.0,0.65,0.65,0.20857142857142855,26,Rejects(abba),Rejects,0.005307855626326964,0.015060240963855422,1.0,0.0124750499001996,6.40625,0.65,0.2259820359281437,0.3239494563620335,0.446471377245509,0.34605525413750815,0.009013762054587777,0.18564285944446446,True,True,,0.5476504819277108
1e6f31704a3469d8,"('Rejects', 4, '08', 1, 1)",5,5,1,4,4,25.0,0.65,0.65,0.20857142857142855,26,Rejects(baab),Rejects,0.005307855626326964,0.015060240963855422,1.0,0.0124750499001996,6.40625,0.65,0.2259820359281437,0.3239494563620335,0.446471377245509,0.34605525413750815,0.009013762054587777,0.2151552723093006,True,True,,0.5476504819277108
2a71d7eac4b67e29,"('MinimalStateClass', 1, 0, 3)",286,236,1,2,2,286.0,0.33333333333333326,0.5499999999999998,0.33333333333333326,30,MinimalStateClass(q0),MinimalStateClass,0.3036093418259023,0.7108433734939759,0.5,0.14271457085828343,4.46875,0.5499999999999998,0.21275449101796406,71.09397590361445,0.3231221556886227,0.36087868686722935,0.45835827385977024,0.39710237518102576,True,True,,0.5170534136546184
bf26f18e207a8738,"('TransitionEffect', 'a', 0, 1, 1, 0)",422,250,1,2,2,1582.0,0.7,0.8499999999999998,0.33333333333333337,37,"TransitionEffect(q0,a,q0)",TransitionEffect,0.44798301486199577,0.7530120481927711,0.5,0.7894211576846307,4.578125,0.8499999999999998,0.7443832335329341,106.28173855832887,0.7543039520958083,0.7217720338215137,0.5638940475276903,0.4311241964160712,True,False,2.0,0.41442409638554223
57c8c28cc35558ef,"('TransitionEffect', 'b', 0, 1, 1, 0)",409,254,1,2,2,1507.0,0.7000000000000001,0.8499999999999996,0.33333333333333326,37,"TransitionEffect(q0,b,q0)",TransitionEffect,0.43418259023354566,0.7650602409638554,0.5,0.751996007984032,4.578125,0.8499999999999996,0.717437125748503,104.08401661252519,0.7413698203592815,0.70913998707164,0.5599160975110633,0.30969995896796787,True,True,,0.5355204819277108
2f47b743c86d0a29,"('TransitionEffect', 'a', 0, 0, 1, 1)",76,69,1,2,2,305.0,0.25,0.85,0.33333333333333326,37,"TransitionEffect(q1,a,q0)",TransitionEffect,0.08067940552016985,0.20783132530120482,0.5,0.15219560878243513,4.578125,0.85,0.20458083832335328,10.090414901928535,0.36019880239520957,0.27740696601976766,0.12899713503696314,0.19314285658313524,True,True,,0.42181265060240963
2a378e0a400907fa,"('TransitionEffect', 'b', 0, 0, 1, 1)",75,69,1,2,2,284.0,0.25,0.8499999999999999,0.33333333333333326,37,"TransitionEffect(q1,b,q2)",TransitionEffect,0.07961783439490445,0.20783132530120482,0.5,0.14171656686626746,4.578125,0.8499999999999999,0.19703592814371257,9.957646284797896,0.35657724550898195,0.2732964989538994,0.12833896093929859,0.44816905392340667,True,True,,0.42181265060240963
fd8145929e26d7b6,"('ReachableState', 0, 1, 0)",103,90,1,1,1,206.0,0.19999999999999996,0.5,0.4854368932038836,27,ReachableState(q2),ReachableState,0.10934182590233546,0.2710843373493976,0.25,0.1027944111776447,3.421875,0.5,0.1350119760479042,20.199944985421137,0.234805748502994,0.1988388619002958,0.17080398025221907,0.20770046598140585,True,True,,0.45430459702889225
43bd0b57f0b382bf,"('MinimalStateClass', 1, 0, 1)",256,205,1,2,2,256.0,0.33333333333333326,0.5499999999999999,0.33333333333333326,30,MinimalStateClass(q2),MinimalStateClass,0.27176220806794055,0.6174698795180723,0.5,0.1277445109780439,4.46875,0.5499999999999999,0.2019760479041916,58.287505265818524,0.31794850299401195,0.33913309708294254,0.4031311232189906,0.27793128764461555,True,False,1.0,0.38855642570281124
8f8c08b104948114,"('TransitionEffect', 'a', 1, 0, 1, 0)",74,70,1,2,2,281.0,0.25,0.8499999999999999,0.3333333333333333,37,"TransitionEffect(q2,a,q1)",TransitionEffect,0.07855626326963906,0.21084337349397592,0.5,0.14021956087824353,4.578125,0.8499999999999999,0.19595808383233532,9.873563880093755,0.35605988023952095,0.2732213375658322,0.12882536515488707,0.2953982047628777,True,False,1.0,0.3020867469879518
95c4f8677a608055,"('TransitionEffect', 'b', 0, 0, 1, 0)",105,87,1,2,2,359.0,0.25,0.8499999999999998,0.3333333333333333,37,"TransitionEffect(q2,b,q0)",TransitionEffect,0.11146496815286625,0.2620481927710843,0.5,0.17914171656686625,4.578125,0.8499999999999998,0.2239820359281437,15.18417698096139,0.3695113772455089,0.297193605944737,0.1686865935077891,0.20009642410169495,True,False,1.0,0.3067463855421687
f71f8d4eecc6b484,"('EquivalentState', 0, 0, 1, 2)",923,284,1,2,2,923.0,0.4,0.4500000000000001,0.2,31,"EquivalentState(q0,q1)",EquivalentState,0.9798301486199575,0.8554216867469879,0.5,0.4605788423153693,4.484375,0.4500000000000001,0.45361676646706584,258.39815289030685,0.4367360479041916,0.5194921011182454,0.9325549331082291,0.23765785317909993,True,True,,0.5213433734939759
282aa881f6b97315,"('DistinguishingWordBucket', 0, 0, 1, 1)",81,49,1,1,1,81.0,0.3,0.7000000000000002,0.19999999999999998,40,"DistinguishingWordBucket(q0,q1)",DistinguishingWordBucket,0.08598726114649681,0.14759036144578314,0.25,0.040419161676646706,3.625,0.7000000000000002,0.10810179640718562,12.23581221437474,0.29588886227544914,0.18742422012841786,0.10939643926022562,0.2772672498923445,True,False,1.0,0.24593072289156623
769a0997e5bcc315,"('EquivalentState', 0, 0, 0, 2)",839,302,1,2,2,839.0,0.4,0.4500000000000001,0.2,31,"EquivalentState(q0,q2)",EquivalentState,0.8906581740976646,0.9096385542168675,0.5,0.4186626746506986,4.484375,0.4500000000000001,0.423437125748503,245.02561605306244,0.42224982035928144,0.5122671003246518,0.8978707185429616,0.520875310296468,True,False,1.0,0.40627710843373493
c889c84178590c71,"('DistinguishingWordBucket', 1, 0, 0, 1)",37,37,1,1,1,74.0,0.42,0.6999999999999998,0.20000000000000004,40,"DistinguishingWordBucket(q0,q2)",DistinguishingWordBucket,0.03927813163481953,0.11144578313253012,0.25,0.036926147704590816,3.625,0.6999999999999998,0.12718682634730538,5.220274200249273,0.34104967664670655,0.20703716612654208,0.06670183920394955,0.4428478777765072,True,False,1.0,0.25944156626506026
3abbb461781c075b,"('EquivalentState', 0, 1, 0, 2)",942,302,1,2,2,942.0,0.4000000000000001,0.4500000000000002,0.20000000000000004,31,"EquivalentState(q1,q2)",EquivalentState,1.0,0.9096385542168675,0.5,0.47005988023952094,4.484375,0.4500000000000002,0.46044311377245506,275.1062339952143,0.44001269461077847,0.5324279626001011,0.9656626506024096,0.26381748968978075,True,False,1.0,0.40627710843373493
4ab060599270d2ca,"('DistinguishingWordBucket', 0, 1, 0, 1)",91,54,1,1,1,91.0,0.3,0.7000000000000002,0.19999999999999996,40,"DistinguishingWordBucket(q1,q2)",DistinguishingWordBucket,0.09660297239915075,0.16265060240963855,0.25,0.045409181636726546,3.625,0.7000000000000002,0.11169461077844312,14.124470294972998,0.29761341317365275,0.19194182636173435,0.12170107180313611,0.3010142159363141,True,True,,0.3673012048192771
8f190bea90f5d6b8,"('Rejects', 2, '78', 3, 3)",63,63,1,2,2,189.0,0.5499999999999997,0.6499999999999998,0.563869992441421,26,Rejects(ab),Rejects,0.06687898089171974,0.1897590361445783,0.5,0.09431137724550898,4.40625,0.6499999999999998,0.21690419161676638,8.43229941040759,0.41211401197604774,0.30800843973739256,0.113573401887806,0.3535109956296447,True,False,2.0,0.42062204054312485
fbb54fa50642d9c5,"('Accepts', 2, '60', 3, 3)",117,117,1,2,2,351.0,0.5499999999999998,0.6500000000000004,0.6508140008140008,26,Accepts(bb),Accepts,0.12420382165605096,0.35240963855421686,0.5,0.1751497005988024,4.40625,0.6500000000000004,0.27510778443113765,19.978877210971547,0.4400517365269461,0.3673683595123006,0.210922032077354,0.36433373210561804,True,False,2.0,0.4555073112964678
9ce22cd2a4bf3673,"('Accepts', 4, 'dd', 3, 3)",107,107,1,4,4,535.0,0.6500000000000002,0.6500000000000002,0.6558967512238538,26,Accepts(abba),Accepts,0.11358811040339703,0.32228915662650603,1.0,0.26696606786427146,6.40625,0.6500000000000002,0.4092155688622755,12.063990596532472,0.5344234730538924,0.49810979854267384,0.19289450796817847,0.28125537362707176,True,True,,0.6789404627857224
2d02ff4cddf40dbc,"('Rejects', 4, '08', 3, 3)",56,56,1,4,4,280.0,0.65,0.65,0.5590136054421768,26,Rejects(baab),Rejects,0.059447983014861996,0.1686746987951807,1.0,0.13972055888223553,6.40625,0.65,0.31759880239520955,4.9710490743461655,0.49044742514970063,0.4220825263400908,0.10095413501138312,0.3727902492144283,True,False,2.0,0.5225815404475043
0a47376d0aecedc1,"('TransitionEffect', 'a', 0, 1, 1, 1)",329,255,1,2,2,1223.0,0.7000000000000001,0.85,0.33333333333333337,37,"TransitionEffect(q0,a,q6)",TransitionEffect,0.3492569002123142,0.7680722891566265,0.5,0.6102794411177644,4.578125,0.85,0.6154011976047904,83.9417410255356,0.6923925748502995,0.6540628616117165,0.5084067480111529,0.39246968370853674,True,True,,0.535794578313253
76bbccbaaef2a528,"('TransitionEffect', 'a', 1, 1, 1, 0)",326,252,1,2,2,1202.0,0.7000000000000002,0.8499999999999998,0.3333333333333333,37,"TransitionEffect(q1,a,q5)",TransitionEffect,0.346072186836518,0.7590361445783133,0.5,0.5998003992015968,4.578125,0.8499999999999998,0.6078562874251497,82.53286730539908,0.6887710179640718,0.6484162499675349,0.5029984907784002,0.46113126004913046,True,False,2.0,0.41497228915662654
2e92535d58b9040b,"('MinimalStateClass', 1, 0, 2)",300,229,1,2,2,300.0,0.3333333333333333,0.5499999999999999,0.3333333333333333,30,MinimalStateClass(q2),MinimalStateClass,0.3184713375796178,0.6897590361445783,0.5,0.1497005988023952,4.46875,0.5499999999999999,0.21778443113772455,73.15864858033534,0.32553652694610774,0.3600346608950773,0.45956066303430276,0.3866858209828485,True,True,,0.5151347389558233
eae8433474bdc11b,"('ReachableState', 0, 0, 1)",112,104,1,1,1,112.0,0.2,0.5,0.4404761904761904,27,ReachableState(q3),ReachableState,0.11889596602972399,0.3132530120481928,0.25,0.05588822355289421,3.421875,0.5,0.10123952095808383,23.345194476536285,0.21859497005988024,0.18760830306615686,0.19275164351674212,0.31756959629765996,True,False,1.0,0.3277560240963855
c188038cc85e212f,"('MinimalStateClass', 1, 1, 0)",97,93,1,2,2,97.0,0.33333333333333337,0.5499999999999998,0.33333333333333337,30,MinimalStateClass(q3),MinimalStateClass,0.1029723991507431,0.28012048192771083,0.5,0.04840319361277445,4.46875,0.5499999999999998,0.1448502994011976,14.762894936388912,0.2905281437125748,0.25066159170814994,0.17028867060599084,0.2165120500471805,True,True,,0.4778576305220884
41975a0cd63f8f54,"('TransitionEffect', 'b', 1, 0, 1, 1)",77,67,1,2,2,290.0,0.25,0.8499999999999999,0.33333333333333326,37,"TransitionEffect(q3,b,q4)",TransitionEffect,0.08174097664543524,0.20180722891566266,0.5,0.14471057884231536,4.578125,0.8499999999999999,0.19919161676646707,10.121863563468892,0.3576119760479042,0.27344682173003393,0.12736615250812167,0.3191628676008004,True,False,1.0,0.30126445783132527
2ca42f10a224cbc7,"('ReachableState', 1, 3, 1)",339,278,1,1,1,1535.0,1.0,0.5,0.4709931170108161,27,ReachableState(q4),ReachableState,0.35987261146496813,0.8373493975903614,0.25,0.7659680638722555,3.421875,0.5,0.7564970059880239,122.58234032018485,0.7731185628742515,0.736088966452637,0.5413137901926176,0.23542324006133605,True,False,2.0,0.4944982052102215
5d1334412cd28a01,"('MinimalStateClass', 1, 1, 3)",251,213,1,2,2,251.0,0.3333333333333333,0.5499999999999998,0.3333333333333333,30,MinimalStateClass(q4),MinimalStateClass,0.2664543524416136,0.641566265060241,0.5,0.125249500998004,4.46875,0.5499999999999998,0.20017964071856287,58.50251916757941,0.3170862275449101,0.34225079999038066,0.408996879236692,0.33587478141538085,True,False,1.0,0.3907491967871486
068fb7f1fa86f0ce,"('TransitionEffect', 'a', 1, 1, 1, 1)",323,214,1,2,2,1216.0,0.7000000000000001,0.8499999999999999,0.3333333333333333,37,"TransitionEffect(q4,a,q0)",TransitionEffect,0.34288747346072185,0.6445783132530121,0.5,0.6067864271457086,4.578125,0.8499999999999999,0.6128862275449103,73.69803034664254,0.6911853892215568,0.6316987300194792,0.45752999258179217,0.3362913888911647,True,False,1.0,0.40455662650602414
c2574cd7652a28e3,"('TransitionEffect', 'b', 0, 1, 1, 1)",318,246,1,2,2,1202.0,0.7000000000000001,0.8499999999999999,0.3333333333333333,37,"TransitionEffect(q5,b,q1)",TransitionEffect,0.3375796178343949,0.7409638554216867,0.5,0.5998003992015968,4.578125,0.8499999999999999,0.6078562874251496,79.25220609400057,0.6887710179640717,0.6453439608109083,0.4908656281175658,0.4003697112447334,True,False,1.0,0.4133277108433735
511c25a1c1f88e9f,"('DistinguishingWordBucket', 1, 0, 0, 3)",684,168,1,1,1,1368.0,0.42000000000000004,0.7000000000000001,0.19999999999999998,40,"DistinguishingWordBucket(q1,q2)",DistinguishingWordBucket,0.7261146496815286,0.5060240963855421,0.25,0.6826347305389222,3.625,0.7000000000000001,0.5920970059880241,170.95737432488573,0.5642065628742516,0.5273985452478177,0.6424802394290537,0.33926165403902714,True,False,1.0,0.2953481927710843
3a94c2f4fb4b7625,"('DistinguishingWordBucket', 2, 0, 0, 3)",203,115,1,2,2,609.0,0.54,0.7000000000000001,0.19999999999999998,40,"DistinguishingWordBucket(q2,q6)",DistinguishingWordBucket,0.21549893842887474,0.3463855421686747,0.5,0.30389221556886226,4.625,0.7000000000000001,0.36600239520958083,32.76027352653858,0.49168114970059884,0.41744364707885434,0.2652358478499987,0.5233621732050324,True,True,,0.46312108433734944
332c5f1ac32f6f09,"('Rejects', 0, '12', 3, 3)",64,64,1,1,1,64.0,0.45000000000000007,0.65,0.5614583333333334,26,Rejects(),Rejects,0.06794055201698514,0.1927710843373494,0.25,0.031936127744510975,3.40625,0.65,0.1289940119760479,11.13757046534763,0.339917125748503,0.2228270220619003,0.11537615429872355,0.42781680403302236,True,False,1.0,0.3608390436746988
7c72efac60abec7d,"('Rejects', 2, '6f', 3, 3)",68,68,1,2,2,204.0,0.5499999999999998,0.6499999999999999,0.5671918767507004,26,Rejects(ba),Rejects,0.07218683651804671,0.20481927710843373,0.5,0.10179640718562874,4.40625,0.6499999999999999,0.22229341317365264,9.33394856019824,0.41470083832335325,0.31350472860543965,0.12258716394239377,0.1783318288230208,True,True,,0.5427598777462792
d00d5be892f92ca4,"('TransitionEffect', 'b', 1, 1, 2, 1)",77,44,1,2,2,308.0,0.7000000000000003,0.8499999999999999,0.6666666666666665,37,"TransitionEffect(q1,b,q2)",TransitionEffect,0.08174097664543524,0.13253012048192772,0.5,0.1536926147704591,4.578125,0.8499999999999999,0.2866586826347306,8.956684074180682,0.5345961676646707,0.366921770781329,0.10104085130330238,0.2743763792692598,True,False,2.0,0.43496024096385544
ca4704c90608d5e2,"('MinimalStateClass', 2, 1, 3)",50,43,1,2,2,100.0,0.6666666666666665,0.55,0.6666666666666665,30,MinimalStateClass(q2),MinimalStateClass,0.05307855626326964,0.12951807228915663,0.5,0.0499001996007984,4.46875,0.55,0.20592814371257484,5.924677731906647,0.4198455089820359,0.3010010583171007,0.08212557235310669,0.33310171816293155,True,True,,0.5878194779116466
99ef346383ce812c,"('TransitionEffect', 'a', 1, 0, 2, 1)",22,18,1,2,2,87.0,0.25,0.8500000000000001,0.6666666666666665,37,"TransitionEffect(q3,a,q2)",TransitionEffect,0.02335456475583864,0.05421686746987952,0.5,0.04341317365269461,4.578125,0.8500000000000001,0.1262574850299401,2.1827213290020153,0.32260359281437123,0.20862194531419093,0.035082239787174174,0.2148274979461164,True,False,1.0,0.36483373493975896
7020de7b187fcfd4,"('DistinguishingWordBucket', 0, 0, 1, 2)",380,141,1,1,1,380.0,0.29999999999999993,0.7,0.2,40,"DistinguishingWordBucket(q0,q1)",DistinguishingWordBucket,0.4033970276008493,0.4246987951807229,0.25,0.18962075848303392,3.625,0.7,0.2155269461077844,86.45118404653095,0.3474529341317365,0.29305787542024386,0.4114916992812012,0.3051423468265062,True,True,,0.39114759036144575
e67f888ddf4a10ea,"('DistinguishingWordBucket', 1, 1, 1, 2)",163,91,1,1,1,326.0,0.42000000000000004,0.7000000000000002,0.19999999999999996,40,"DistinguishingWordBucket(q1,q2)",DistinguishingWordBucket,0.173036093418259,0.2740963855421687,0.25,0.1626746506986028,3.625,0.7000000000000002,0.217725748502994,30.31109264644786,0.3845083592814372,0.28401337332659987,0.2114390044253447,0.41579355373191895,True,True,,0.39424277108433736
e4f7b3e857b3e9bb,"('DistinguishingWordBucket', 0, 1, 1, 2)",96,40,1,1,1,96.0,0.29999999999999993,0.7000000000000001,1.0,40,"DistinguishingWordBucket(q2,q3)",DistinguishingWordBucket,0.10191082802547771,0.12048192771084337,0.25,0.04790419161676647,3.625,0.7000000000000001,0.11349101796407185,13.78379725799751,0.29847568862275453,0.1857518342976697,0.10896784590591665,0.2703664564615272,True,False,2.0,0.42826385542168677
d5ef55193118eed0,"('Rejects', 0, '12', 1, 3)",77,77,1,1,1,77.0,0.45000000000000023,0.6499999999999999,0.2282003710575139,26,Rejects(),Rejects,0.08174097664543524,0.2319277108433735,0.25,0.03842315369261477,3.40625,0.6499999999999999,0.13366467065868268,14.285044766220848,0.34215904191616775,0.23202822341822385,0.13881193564065178,0.6441101593883409,True,True,,0.4074197074010327
8bb29df749f80186,"('Rejects', 1, 'ac', 1, 3)",75,75,1,1,1,150.0,0.5,0.65,0.22873015873015878,26,Rejects(a),Rejects,0.07961783439490445,0.22590361445783133,0.25,0.0748502994011976,3.40625,0.65,0.16889221556886228,13.781363988062342,0.3740682634730539,0.2565960934997475,0.13520643081881667,0.4237594998176178,True,True,,0.4139938955823293
6a8b8dec75c7d01a,"('Accepts', 1, 'c1', 1, 3)",27,27,1,1,1,54.0,0.5,0.6499999999999999,0.26640211640211636,26,Accepts(b),Accepts,0.028662420382165606,0.08132530120481928,0.25,0.02694610778443114,3.40625,0.6499999999999999,0.1344011976047904,3.8152757820271916,0.3575125748502994,0.2132270736599091,0.048674315094774004,0.7495402020411874,True,True,,0.4095394912985274
8722176a078fc716,"('Rejects', 2, 'd3', 1, 3)",81,81,1,2,2,243.0,0.5499999999999998,0.65,0.228777189888301,26,Rejects(aa),Rejects,0.08598726114649681,0.24397590361445784,0.5,0.12125748502994012,4.40625,0.65,0.23630538922155686,11.838195334529608,0.42142658682634726,0.327795079662362,0.14602294528432203,0.40467314587807385,True,True,,0.46814933809311315
bb5863076e5cd05c,"('Rejects', 2, '78', 1, 3)",82,82,1,2,2,246.0,0.5499999999999998,0.65,0.23397212543554008,26,Rejects(ab),Rejects,0.0870488322717622,0.2469879518072289,0.5,0.12275449101796407,4.40625,0.65,0.23738323353293406,12.040399897462189,0.4219439520958083,0.32889433743597135,0.14782569769523957,0.3797457680807898,True,False,1.0,0.34962346459006755
b1370e385ee60c55,"('Accepts', 2, '6f', 1, 3)",19,19,1,2,2,57.0,0.5500000000000002,0.65,0.2728070175438596,26,Accepts(ba),Accepts,0.020169851380042462,0.0572289156626506,0.5,0.02844311377245509,4.40625,0.65,0.1694790419161677,1.9715970264034863,0.38934994011976054,0.2596410976985788,0.03425229580743355,0.18422084861074403,True,False,1.0,0.3413262523779328
92df6144a15276b4,"('Accepts', 2, '60', 1, 3)",27,27,1,2,2,81.0,0.5500000000000002,0.6499999999999999,0.2723985890652557,26,Accepts(bb),Accepts,0.028662420382165606,0.08132530120481928,0.5,0.040419161676646706,4.40625,0.6499999999999999,0.17810179640718565,2.9493975903614458,0.3934888622754491,0.26843515988745403,0.048674315094774004,0.3344070019818799,True,True,,0.46342467648371266
19e0a8dd22840217,"('Rejects', 3, '44', 1, 3)",73,73,1,3,3,292.0,0.6000000000000001,0.65,0.23636660143509455,26,Rejects(aba),Rejects,0.07749469214437367,0.21987951807228914,0.75,0.14570858283433133,5.40625,0.65,0.2879101796407186,8.37016505327669,0.46119688622754496,0.3832129839405527,0.13160092599698153,0.2686825609253419,True,False,1.0,0.4002097210760851
d2cd40b5980c75e1,"('Accepts', 3, 'a3', 1, 3)",14,14,1,3,3,56.0,0.5999999999999999,0.6500000000000001,0.25306122448979596,26,Accepts(bab),Accepts,0.014861995753715499,0.04216867469879518,0.75,0.027944111776447105,5.40625,0.6500000000000001,0.2031197604790419,1.1450379552893655,0.4204974850299401,0.3068083202077772,0.02523853375284578,0.28627796028293606,True,True,,0.5078944922547333
c79348e41317f683,"('Accepts', 4, 'dd', 1, 3)",29,29,1,4,4,145.0,0.6499999999999998,0.6499999999999998,0.26330049261083743,26,Accepts(abba),Accepts,0.03078556263269639,0.08734939759036145,1.0,0.07235528942115768,6.40625,0.6499999999999998,0.2690958083832335,2.2061475168968556,0.467165988023952,0.381832793997547,0.05227981991660911,0.17797982522189038,True,False,2.0,0.44687120897382626
cd95297dd04aa61b,"('Accepts', 4, '08', 1, 3)",20,20,1,4,4,100.0,0.6500000000000001,0.6500000000000001,0.275952380952381,26,Accepts(baab),Accepts,0.021231422505307854,0.060240963855421686,1.0,0.0499001996007984,6.40625,0.6500000000000001,0.2529281437125749,1.436849838377902,0.459405508982036,0.36841621655003254,0.03605504821835111,0.27269316058248916,True,False,2.0,0.4473269277108433
62223508b14e6fb5,"('ReachableState', 1, 1, 0)",259,201,1,1,1,518.0,1.0,0.5,0.5019305019305019,27,ReachableState(q1),ReachableState,0.2749469214437367,0.6054216867469879,0.25,0.25848303393213573,3.421875,0.5,0.3911077844311377,76.09986246355284,0.5977317365269461,0.4975972077050718,0.4005273322589722,0.2751655815343319,True,True,,0.6005393194399218
3659e83d52d25812,"('Accepts', 0, '12', 3, 2)",14,14,1,1,1,14.0,0.45000000000000007,0.6500000000000001,0.761904761904762,26,Accepts(),Accepts,0.014861995753715499,0.04216867469879518,0.25,0.006986027944111776,3.40625,0.6500000000000001,0.11102994011976047,1.8173538189455067,0.33129437125748507,0.18743778607604067,0.02523853375284578,0.3378993019184058,True,True,,0.5134373493975903
defe483d24bb53d7,"('Rejects', 1, 'ac', 3, 2)",4,4,1,1,1,8.0,0.5,0.65,0.6666666666666666,26,Rejects(a),Rejects,0.004246284501061571,0.012048192771084338,0.25,0.003992015968063872,3.40625,0.65,0.11787425149700598,0.4838731071073284,0.34957964071856285,0.1924460849866532,0.007211009643670222,0.20330651608898417,True,True,,0.49569638554216866
ce398cb862950f88,"('Accepts', 1, 'c1', 3, 2)",15,15,1,1,1,30.0,0.5,0.6500000000000001,0.7663492063492063,26,Accepts(b),Accepts,0.01592356687898089,0.045180722891566265,0.25,0.014970059880239521,3.40625,0.6500000000000001,0.12577844311377245,1.9604288714490994,0.35337365269461085,0.2023848186999495,0.027041286163763334,0.3322950777500187,True,False,1.0,0.4017381124497991
055fdb28a108f9e4,"('Accepts', 2, 'd3', 3, 2)",15,15,1,2,2,45.0,0.55,0.6500000000000001,0.7611111111111112,26,Accepts(aa),Accepts,0.01592356687898089,0.045180722891566265,0.5,0.02245508982035928,4.40625,0.6500000000000001,0.1651676646706587,1.5155088438861832,0.3872804790419162,0.2552440666041412,0.027041286163763334,0.19426860247015287,True,False,2.0,0.4530281124497992
206a9a8b86e63fec,"('Accepts', 2, '78', 3, 2)",14,14,1,2,2,42.0,0.5499999999999999,0.6500000000000001,0.7675170068027211,26,Accepts(ab),Accepts,0.014861995753715499,0.04216867469879518,0.5,0.020958083832335328,4.40625,0.6500000000000001,0.16408982035928144,1.4049047252841151,0.3867631137724551,0.2541448088305317,0.02523853375284578,0.20174798160484544,True,False,2.0,0.45423377796901887
5b5ee807ea033e29,"('Rejects', 2, '6f', 3, 2)",6,6,1,2,2,18.0,0.5499999999999999,0.65,0.6646825396825397,26,Rejects(ba),Rejects,0.006369426751592357,0.018072289156626505,0.5,0.008982035928143712,4.40625,0.65,0.15546706586826348,0.5692899256600872,0.3826241916167665,0.24535074664165643,0.010816514465505333,0.2962549282766064,True,False,2.0,0.42828624497991963
74776a0ad659bb71,"('Accepts', 2, '60', 3, 2)",15,15,1,2,2,45.0,0.55,0.6500000000000001,0.7663492063492063,26,Accepts(bb),Accepts,0.01592356687898089,0.045180722891566265,0.5,0.02245508982035928,4.40625,0.6500000000000001,0.1651676646706587,1.5155088438861832,0.3872804790419162,0.2552440666041412,0.027041286163763334,0.3136061922634904,True,True,,0.5742381124497992
98a7221cbd06e128,"('Rejects', 3, '44', 3, 2)",6,6,1,3,3,24.0,0.6000000000000001,0.65,0.6646825396825397,26,Rejects(aba),Rejects,0.006369426751592357,0.018072289156626505,0.75,0.011976047904191617,5.40625,0.65,0.19162275449101798,0.46398774287903055,0.41497892215568866,0.2964483658033331,0.010816514465505333,0.6010681247786753,True,True,,0.6007862449799197
d3fc93275ba693b2,"('Accepts', 3, 'a3', 3, 2)",15,15,1,3,3,60.0,0.5999999999999999,0.6500000000000001,0.7663492063492063,26,Accepts(bab),Accepts,0.01592356687898089,0.045180722891566265,0.75,0.029940119760479042,5.40625,0.6500000000000001,0.2045568862275449,1.2351835086008776,0.42118730538922156,0.30810331450833267,0.027041286163763334,0.3011292154650045,True,False,2.0,0.5067381124497992
36faa40bd48467fd,"('Rejects', 4, 'dd', 3, 2)",5,5,1,4,4,25.0,0.65,0.65,0.6476190476190476,26,Rejects(abba),Rejects,0.005307855626326964,0.015060240963855422,1.0,0.0124750499001996,6.40625,0.65,0.2259820359281437,0.3239494563620335,0.446471377245509,0.34605525413750815,0.009013762054587777,0.18281216393338684,True,True,,0.6490704819277109
87a4c5811e4bfbf4,"('Accepts', 4, '08', 3, 2)",15,15,1,4,4,75.0,0.6500000000000001,0.6500000000000001,0.7663492063492063,26,Accepts(baab),Accepts,0.01592356687898089,0.045180722891566265,1.0,0.0374251497005988,6.40625,0.6500000000000001,0.24394610778443115,1.0423743755509847,0.455094131736527,0.3609625624125244,0.027041286163763334,0.5045541195705607,True,True,,0.6792381124497991
4cc92b074695d302,"('ReachableState', 0, 0, 0)",119,110,1,1,1,119.0,0.19999999999999998,0.5,0.4929971988795519,27,ReachableState(q1),ReachableState,0.12632696390658174,0.3313253012048193,0.25,0.0593812375249501,3.421875,0.5,0.10375449101796408,25.43275568025527,0.21980215568862277,0.1920507479114061,0.204226332079912,0.33463447439314753,True,True,,0.46153295535081507
14f66aebadf7e134,"('MinimalStateClass', 1, 0, 0)",103,101,1,2,2,103.0,0.3333333333333335,0.5499999999999997,0.3333333333333335,30,MinimalStateClass(q1),MinimalStateClass,0.10934182590233546,0.3042168674698795,0.5,0.05139720558882235,4.46875,0.5499999999999997,0.14700598802395212,16.231460106158902,0.291562874251497,0.2559323964119953,0.18339434169800223,0.19424124764008657,True,True,,0.48005040160642576
6b6c6984e0260a31,"('TransitionEffect', 'a', 0, 0, 1, 0)",108,87,1,2,2,382.0,0.25,0.8499999999999995,0.3333333333333334,37,"TransitionEffect(q1,a,q3)",TransitionEffect,0.11464968152866242,0.2620481927710843,0.5,0.1906187624750499,4.578125,0.8499999999999995,0.23224550898203594,15.61801060898886,0.37347784431137715,0.3016955460644975,0.17066111580078275,0.19977036115671623,True,True,,0.42674638554216876
87d932d86271c5a6,"('TransitionEffect', 'b', 1, 0, 1, 0)",83,75,1,2,2,335.0,0.25,0.8499999999999996,0.3333333333333333,37,"TransitionEffect(q1,b,q2)",TransitionEffect,0.0881104033970276,0.22590361445783133,0.5,0.16716566866267465,4.578125,0.8499999999999996,0.21535928143712574,11.347440273037543,0.3653724550898203,0.28635135098477743,0.140471823600133,0.21473432967800277,True,False,1.0,0.3034572289156626
178519ea31da0807,"('ReachableState', 0, 2, 1)",40,35,1,1,1,120.0,0.2,0.5,0.525,27,ReachableState(q2),ReachableState,0.04246284501061571,0.10542168674698796,0.25,0.059880239520958084,3.421875,0.5,0.10411377245508982,5.908125653298124,0.2199746107784431,0.15384286998052088,0.06638720487043716,0.27894827780218595,True,False,1.0,0.32836837349397585
759068be6a1ada2b,"('TransitionEffect', 'a', 1, 0, 1, 1)",82,69,1,2,2,304.0,0.25,0.8499999999999996,0.3333333333333333,37,"TransitionEffect(q4,a,q4)",TransitionEffect,0.0870488322717622,0.20783132530120482,0.5,0.15169660678642716,4.578125,0.8499999999999996,0.20422155688622756,10.887026604712366,0.3600263473053892,0.27721122949282156,0.1329461796229504,0.5218701857958989,True,True,,0.4218126506024097
eae82162a518f6a0,"('DistinguishingWordBucket', 0, 1, 0, 2)",352,134,1,1,1,352.0,0.29999999999999993,0.7000000000000001,0.19999999999999998,40,"DistinguishingWordBucket(q0,q1)",DistinguishingWordBucket,0.37367303609341823,0.4036144578313253,0.25,0.17564870259481039,3.625,0.7000000000000001,0.20546706586826347,78.03373493975903,0.3426241916167665,0.2839929153163553,0.3850507763538229,0.26444125992957873,True,False,1.0,0.2692289156626506
a0f21f6c262c26a8,"('DistinguishingWordBucket', 2, 1, 1, 2)",35,31,1,2,2,105.0,0.5399999999999999,0.6999999999999998,0.20000000000000004,40,"DistinguishingWordBucket(q0,q2)",DistinguishingWordBucket,0.037154989384288746,0.09337349397590361,0.5,0.05239520958083832,4.625,0.6999999999999998,0.1849245508982036,3.733637251709541,0.40476378443113764,0.27578038930524496,0.0585180211291024,0.30432121545849433,True,True,,0.44009698795180724
2dd12e2b5a9a556a,"('DistinguishingWordBucket', 1, 0, 0, 2)",216,111,1,1,1,432.0,0.42,0.7,0.2,40,"DistinguishingWordBucket(q1,q3)",DistinguishingWordBucket,0.22929936305732485,0.33433734939759036,0.25,0.2155688622754491,3.625,0.7,0.25580958083832334,43.75637723307022,0.40278859880239515,0.31500240903830895,0.26921379786662575,0.2176159615797099,True,False,1.0,0.2797246987951807
528eb611ee12cf54,"('Rejects', 0, '12', 2, 1)",3,3,1,1,1,3.0,0.45,0.65,0.6666666666666666,26,Rejects(),Rejects,0.0031847133757961785,0.009036144578313253,0.25,0.0014970059880239522,3.40625,0.65,0.10707784431137726,0.3602520172432851,0.3293973652694611,0.1796521541591516,0.005408257232752667,0.36323919029569063,True,True,,0.48842228915662655
107b5b694495a42f,"('Rejects', 1, 'ac', 2, 1)",3,3,1,1,1,6.0,0.5,0.65,0.6666666666666666,26,Rejects(a),Rejects,0.0031847133757961785,0.009036144578313253,0.25,0.0029940119760479044,3.40625,0.65,0.1171556886227545,0.3602520172432851,0.3492347305389222,0.1915425637399899,0.005408257232752667,0.2645939818580349,True,False,1.0,0.3754222891566265
c87f5b543ee74fbf,"('Rejects', 1, 'c1', 2, 1)",3,3,1,1,1,6.0,0.5,0.65,0.6666666666666666,26,Rejects(b),Rejects,0.0031847133757961785,0.009036144578313253,0.25,0.0029940119760479044,3.40625,0.65,0.1171556886227545,0.3602520172432851,0.3492347305389222,0.1915425637399899,0.005408257232752667,0.33332945235469064,True,False,1.0,0.3754222891566265
b6dce578bc0eea51,"('Rejects', 2, 'd3', 2, 1)",3,3,1,2,2,9.0,0.55,0.65,0.6666666666666666,26,Rejects(aa),Rejects,0.0031847133757961785,0.009036144578313253,0.5,0.004491017964071856,4.40625,0.65,0.15223353293413175,0.27849269418097927,0.38107209580838325,0.24205297332082823,0.005408257232752667,0.33192953839635153,True,True,,0.5479222891566264
bd6a58f1719dff6e,"('Rejects', 2, '78', 2, 1)",3,3,1,2,2,9.0,0.55,0.65,0.6666666666666666,26,Rejects(ab),Rejects,0.0031847133757961785,0.009036144578313253,0.5,0.004491017964071856,4.40625,0.65,0.15223353293413175,0.27849269418097927,0.38107209580838325,0.24205297332082823,0.005408257232752667,0.17931353050220655,True,False,2.0,0.42792228915662645
6b66a1bdd07db7ca,"('Rejects', 2, '6f', 2, 1)",3,3,1,2,2,9.0,0.55,0.65,0.6666666666666666,26,Rejects(ba),Rejects,0.0031847133757961785,0.009036144578313253,0.5,0.004491017964071856,4.40625,0.65,0.15223353293413175,0.27849269418097927,0.38107209580838325,0.24205297332082823,0.005408257232752667,0.16073700743478972,True,True,,0.5479222891566264
46681635cf33ea9f,"('Rejects', 2, '60', 2, 1)",3,3,1,2,2,9.0,0.55,0.65,0.6666666666666666,26,Rejects(bb),Rejects,0.0031847133757961785,0.009036144578313253,0.5,0.004491017964071856,4.40625,0.65,0.15223353293413175,0.27849269418097927,0.38107209580838325,0.24205297332082823,0.005408257232752667,0.24008099883314168,True,False,2.0,0.42792228915662645
56bdd4f69affde14,"('Rejects', 3, '44', 2, 1)",3,3,1,3,3,12.0,0.6000000000000001,0.65,0.6666666666666666,26,Rejects(aba),Rejects,0.0031847133757961785,0.009036144578313253,0.75,0.005988023952095809,5.40625,0.65,0.187311377245509,0.22697959467929524,0.4129094610778444,0.2925633829016666,0.005408257232752667,0.2783336674523426,True,False,2.0,0.4804222891566265
90f21388f7b316f9,"('Rejects', 3, 'a3', 2, 1)",3,3,1,3,3,12.0,0.6000000000000001,0.65,0.6666666666666666,26,Rejects(bab),Rejects,0.0031847133757961785,0.009036144578313253,0.75,0.005988023952095809,5.40625,0.65,0.187311377245509,0.22697959467929524,0.4129094610778444,0.2925633829016666,0.005408257232752667,0.2946166062065767,True,True,,0.6004222891566264
2708ad8a4ac53a21,"('Rejects', 4, 'dd', 2, 1)",3,3,1,4,4,15.0,0.65,0.65,0.6666666666666666,26,Rejects(abba),Rejects,0.0031847133757961785,0.009036144578313253,1.0,0.0074850299401197605,6.40625,0.65,0.22238922155688623,0.19154863355862475,0.4447468263473054,0.3430737924825048,0.005408257232752667,0.2862024235067556,True,True,,0.6529222891566265
0e2d8405bacf5eb3,"('Rejects', 4, '08', 2, 1)",3,3,1,4,4,15.0,0.65,0.65,0.6666666666666666,26,Rejects(baab),Rejects,0.0031847133757961785,0.009036144578313253,1.0,0.0074850299401197605,6.40625,0.65,0.22238922155688623,0.19154863355862475,0.4447468263473054,0.3430737924825048,0.005408257232752667,0.1955771423665635,True,True,,0.6529222891566265
321c9a47bd8e60aa,"('ReachableState', 0, 3, 1)",10,10,1,1,1,42.0,0.2,0.5,0.5333333333333333,27,ReachableState(q1),ReachableState,0.010615711252653927,0.030120481927710843,0.25,0.020958083832335328,3.421875,0.5,0.07608982035928144,1.256973097870936,0.20652311377245508,0.12577421605944739,0.018027524109175554,0.24579312225804478,True,True,,0.44344096385542164
8af47fdc645eba87,"('MinimalStateClass', 2, 1, 0)",23,21,1,2,2,46.0,0.6666666666666664,0.5500000000000003,0.6666666666666664,30,MinimalStateClass(q2),MinimalStateClass,0.024416135881104035,0.06325301204819277,0.5,0.022954091816367265,4.46875,0.5500000000000003,0.18652694610778436,2.3842952228494396,0.41053293413173647,0.27916622562104704,0.03917414882459775,0.37121943801735985,True,True,,0.5817893574297187
a3bf645df0a2a67b,"('DistinguishingWordBucket', 0, 1, 1, 1)",35,23,1,1,1,35.0,0.30000000000000004,0.6999999999999998,1.0,40,"DistinguishingWordBucket(q1,q2)",DistinguishingWordBucket,0.037154989384288746,0.06927710843373494,0.25,0.01746506986027944,3.625,0.6999999999999998,0.09157485029940121,4.530951391773993,0.28795592814371257,0.16510708687684872,0.0493613946230783,0.38315224490853844,True,True,,0.5436042168674698
9491189922bfbb54,"('Rejects', 0, '12', 0, 3)",26,26,1,1,1,26.0,0.44999999999999996,0.6499999999999999,0.0,26,Rejects(),Rejects,0.027600849256900213,0.0783132530120482,0.25,0.012974051896207584,3.40625,0.6499999999999999,0.11534131736526945,3.6509782248259093,0.3333638323353293,0.19593120271264697,0.04687156268385645,0.23643841845203165,True,True,,0.3407265060240964
13ea70f4a0214f50,"('Rejects', 1, 'ac', 0, 3)",26,26,1,1,1,52.0,0.5,0.6499999999999999,0.0,26,Rejects(a),Rejects,0.027600849256900213,0.0783132530120482,0.25,0.02594810379241517,3.40625,0.6499999999999999,0.13368263473053893,3.6509782248259093,0.35716766467065864,0.21232355241324577,0.04687156268385645,0.23553178873787375,True,False,1.0,0.2277265060240964
945dcd97920617fc,"('Rejects', 1, 'c1', 0, 3)",26,26,1,1,1,52.0,0.5,0.6499999999999999,0.0,26,Rejects(b),Rejects,0.027600849256900213,0.0783132530120482,0.25,0.02594810379241517,3.40625,0.6499999999999999,0.13368263473053893,3.6509782248259093,0.35716766467065864,0.21232355241324577,0.04687156268385645,0.2394306792397961,True,False,1.0,0.2277265060240964
9597cbd6d9dedba4,"('Rejects', 2, 'd3', 0, 3)",26,26,1,2,2,78.0,0.55,0.6499999999999999,0.0,26,Rejects(aa),Rejects,0.027600849256900213,0.0783132530120482,0.5,0.038922155688622756,4.40625,0.6499999999999999,0.1770239520958084,2.82238742202854,0.392971497005988,0.2673359021138446,0.04687156268385645,0.2592984116246794,True,True,,0.4002265060240964
1cffd94df973820b,"('Rejects', 2, '78', 0, 3)",26,26,1,2,2,78.0,0.55,0.6499999999999999,0.0,26,Rejects(ab),Rejects,0.027600849256900213,0.0783132530120482,0.5,0.038922155688622756,4.40625,0.6499999999999999,0.1770239520958084,2.82238742202854,0.392971497005988,0.2673359021138446,0.04687156268385645,0.20468154560347057,True,False,1.0,0.2802265060240964
50cad1789e95c675,"('Rejects', 2, '6f', 0, 3)",26,26,1,2,2,78.0,0.55,0.6499999999999999,0.0,26,Rejects(ba),Rejects,0.027600849256900213,0.0783132530120482,0.5,0.038922155688622756,4.40625,0.6499999999999999,0.1770239520958084,2.82238742202854,0.392971497005988,0.2673359021138446,0.04687156268385645,0.37870467645318834,True,True,,0.4002265060240964
c7941ff3eec5a00a,"('Rejects', 2, '60', 0, 3)",26,26,1,2,2,78.0,0.55,0.6499999999999999,0.0,26,Rejects(bb),Rejects,0.027600849256900213,0.0783132530120482,0.5,0.038922155688622756,4.40625,0.6499999999999999,0.1770239520958084,2.82238742202854,0.392971497005988,0.2673359021138446,0.04687156268385645,0.1939376996891762,True,False,1.0,0.2802265060240964
e8705df9bff1d1d3,"('Rejects', 3, '44', 0, 3)",26,26,1,3,3,104.0,0.6000000000000001,0.6499999999999999,0.0,26,Rejects(aba),Rejects,0.027600849256900213,0.0783132530120482,0.75,0.05189620758483034,5.40625,0.6499999999999999,0.22036526946107787,2.30032732084407,0.42877532934131735,0.3223482518144435,0.04687156268385645,0.2901813151849428,True,False,1.0,0.33272650602409637
131a3b17ee426ad4,"('Rejects', 3, 'a3', 0, 3)",26,26,1,3,3,104.0,0.6000000000000001,0.6499999999999999,0.0,26,Rejects(bab),Rejects,0.027600849256900213,0.0783132530120482,0.75,0.05189620758483034,5.40625,0.6499999999999999,0.22036526946107787,2.30032732084407,0.42877532934131735,0.3223482518144435,0.04687156268385645,0.24990292165999548,True,False,1.0,0.33272650602409637
3b8500c199559039,"('Rejects', 4, 'dd', 0, 3)",26,26,1,4,4,130.0,0.6499999999999999,0.6499999999999999,0.0,26,Rejects(abba),Rejects,0.027600849256900213,0.0783132530120482,1.0,0.06487025948103792,6.40625,0.6499999999999999,0.2637065868263473,1.9412518366147518,0.4645791616766467,0.37736060151504214,0.04687156268385645,0.1957499953328512,True,False,1.0,0.38522650602409636
cb2d0bce1b918358,"('Rejects', 4, '08', 0, 3)",26,26,1,4,4,130.0,0.6499999999999999,0.6499999999999999,0.0,26,Rejects(baab),Rejects,0.027600849256900213,0.0783132530120482,1.0,0.06487025948103792,6.40625,0.6499999999999999,0.2637065868263473,1.9412518366147518,0.4645791616766467,0.37736060151504214,0.04687156268385645,0.4636500897279186,True,True,,0.5052265060240964
97edb32f7e2bca35,"('MinimalStateClass', 3, 0, 2)",29,21,1,2,2,87.0,1.0,0.5500000000000002,1.0,30,MinimalStateClass(q0),MinimalStateClass,0.03078556263269639,0.06325301204819277,0.5,0.04341317365269461,4.46875,0.5500000000000002,0.2612574850299401,3.006285280984076,0.5464035928143712,0.36254608989250414,0.043123193410585015,0.368615964364973,True,True,,0.7054560240963855
de8ef3648f54b3b8,"('TransitionEffect', 'a', 0, 1, 3, 0)",222,69,1,2,2,893.0,0.7000000000000001,0.8499999999999996,1.0,37,"TransitionEffect(q0,a,q2)",TransitionEffect,0.2356687898089172,0.20783132530120482,0.5,0.44560878243512975,4.578125,0.8499999999999996,0.4968383233532934,29.47463300300177,0.6354823952095808,0.49422884386407906,0.22509055329598648,0.2785455130656618,True,True,,0.6388126506024098
ff21c025d5300a6c,"('TransitionEffect', 'b', 0, 1, 3, 0)",224,71,1,2,2,890.0,0.7,0.8499999999999998,1.0,37,"TransitionEffect(q0,b,q1)",TransitionEffect,0.23779193205944799,0.21385542168674698,0.5,0.4441117764471058,4.578125,0.8499999999999998,0.49576047904191617,30.034919198980223,0.6349650299401197,0.4946657306687829,0.22869605811782162,0.18522305143958878,True,False,2.0,0.519360843373494
2da22a8eb14b4954,"('DistinguishingWordBucket', 0, 0, 0, 1)",52,20,1,1,1,52.0,0.30000000000000004,0.7000000000000003,1.0,40,"DistinguishingWordBucket(q0,q1)",DistinguishingWordBucket,0.055201698513800426,0.060240963855421686,0.25,0.02594810379241517,3.625,0.7000000000000003,0.09768263473053893,6.602077274615704,0.29088766467065874,0.16689846325661933,0.057116619343616504,0.2759845004341801,True,True,,0.5427819277108433
2aa96977a73d3940,"('Accepts', 1, 'ac', 3, 3)",96,96,1,1,1,192.0,0.5,0.6500000000000001,0.6549603174603175,26,Accepts(a),Accepts,0.10191082802547771,0.2891566265060241,0.25,0.09580838323353294,3.40625,0.6500000000000001,0.1839820359281437,19.42283629932574,0.381311377245509,0.2755700396796768,0.17306423144808533,0.2776228962626555,True,True,,0.5182090863453814
0770668b7a90ff67,"('Accepts', 2, 'd3', 3, 3)",99,99,1,2,2,297.0,0.5499999999999998,0.6500000000000001,0.655892255892256,26,Accepts(aa),Accepts,0.10509554140127389,0.29819277108433734,0.5,0.14820359281437126,4.40625,0.6500000000000001,0.2557065868263473,15.687054601384261,0.4307391616766467,0.3475817195873313,0.17847248868083798,0.6290516311637551,True,True,,0.5717466532797857
bb08881c396b6a02,"('Accepts', 3, '44', 3, 3)",101,101,1,3,3,404.0,0.6,0.6500000000000002,0.6589108910891087,26,Accepts(aba),Accepts,0.10721868365180467,0.3042168674698795,0.75,0.20159680638722555,5.40625,0.6500000000000002,0.3281497005988024,13.156236506720525,0.4805118562874252,0.4194728243561071,0.18207799350267312,0.2415399080125375,True,False,2.0,0.5054921507813431
ec09e51435a89555,"('MinimalStateClass', 3, 1, 2)",28,20,1,2,2,84.0,1.0,0.5500000000000002,1.0,30,MinimalStateClass(q0),MinimalStateClass,0.029723991507430998,0.060240963855421686,0.5,0.041916167664670656,4.46875,0.5500000000000002,0.26017964071856287,2.883747577723481,0.5458862275449102,0.3614468321188947,0.04132044099966746,0.3654031634465849,True,True,,0.7051819277108434
7ab2b265f400bd89,"('TransitionEffect', 'a', 1, 1, 3, 1)",94,32,1,2,2,378.0,0.7000000000000003,0.8499999999999994,1.0,37,"TransitionEffect(q0,a,q0)",TransitionEffect,0.09978768577494693,0.0963855421686747,0.5,0.18862275449101795,4.578125,0.8499999999999994,0.31180838323353294,10.191998026234632,0.5466680239520957,0.3744787493543034,0.09849487120456349,0.1878644161290354,True,False,2.0,0.5086710843373494
79e31e758d517daa,"('TransitionEffect', 'b', 1, 1, 3, 1)",104,36,1,2,2,412.0,0.7,0.8499999999999998,1.0,37,"TransitionEffect(q0,b,q2)",TransitionEffect,0.11040339702760085,0.10843373493975904,0.5,0.2055888223552894,4.578125,0.8499999999999998,0.32402395209580837,11.549948599860192,0.5525314970059879,0.3831819840415554,0.10965492543422097,0.2523116991588952,True,True,,0.629767469879518
b37a261800cf533e,"('Accepts', 1, 'ac', 1, 3)",25,25,1,1,1,50.0,0.5,0.65,0.26676190476190476,26,Accepts(a),Accepts,0.02653927813163482,0.07530120481927711,0.25,0.0249500998003992,3.40625,0.65,0.13296407185628742,3.4884492096827677,0.35682275449101797,0.21142003116658248,0.045068810272938895,0.4720369081562989,True,False,1.0,0.28907440963855424
55473117f9daa501,"('Accepts', 2, '78', 1, 3)",18,18,1,2,2,54.0,0.5500000000000002,0.65,0.25767195767195766,26,Accepts(ab),Accepts,0.01910828025477707,0.05421686746987952,0.5,0.02694610778443114,4.40625,0.65,0.16840119760479044,1.8555242245578059,0.38883257485029943,0.2585418399249694,0.032449543396516,0.24589166733108778,True,True,,0.4575559571619813
b2a849eb5b80231d,"('Rejects', 2, '6f', 1, 3)",81,81,1,2,2,243.0,0.5499999999999998,0.65,0.23012933568489122,26,Rejects(ba),Rejects,0.08598726114649681,0.24397590361445784,0.5,0.12125748502994012,4.40625,0.65,0.23630538922155686,11.838195334529608,0.42142658682634726,0.327795079662362,0.14602294528432203,0.29177727298893125,True,False,1.0,0.3484616837721255
1c52cef78690f174,"('Rejects', 3, 'a3', 1, 3)",86,86,1,3,3,344.0,0.6000000000000001,0.65,0.23582502768549274,26,Rejects(bab),Rejects,0.09129511677282377,0.25903614457831325,0.75,0.17165668662674652,5.40625,0.65,0.3065928143712575,10.483626993523227,0.47016455089820364,0.40004790984777444,0.15503670733890978,0.2799674705465521,True,False,1.0,0.40364787055197526
8f21bcbdb49a0222,"('Rejects', 4, 'dd', 1, 3)",71,71,1,4,4,355.0,0.6499999999999999,0.6499999999999999,0.228001341381623,26,Rejects(abba),Rejects,0.07537154989384288,0.21385542168674698,1.0,0.17714570858283432,6.40625,0.6499999999999999,0.34454491017964073,6.80331472230385,0.5033815568862275,0.4444434887526152,0.12799542117514645,0.3187031502144609,True,True,,0.5702291532326489
249cd73de04b6989,"('Rejects', 4, '08', 1, 3)",80,80,1,4,4,400.0,0.6500000000000001,0.6500000000000001,0.2288095238095238,26,Rejects(baab),Rejects,0.08492569002123142,0.24096385542168675,1.0,0.1996007984031936,6.40625,0.6500000000000001,0.3607125748502994,8.004231560387893,0.5111420359281438,0.4578600662001299,0.14422019287340443,0.3907802372475425,True,True,,0.5728827108433735
36beb17191e85756,"('Accepts', 0, '12', 1, 3)",23,23,1,1,1,23.0,0.44999999999999984,0.6500000000000001,0.27184265010351966,26,Accepts(),Accepts,0.024416135881104035,0.06927710843373494,0.25,0.011477045908183632,3.40625,0.6500000000000001,0.1142634730538922,3.168696805570907,0.3328464670658683,0.19380784855349542,0.04146330545110378,0.3274526815553326,True,False,1.0,0.2826998690413829
a281b517a80f3620,"('Rejects', 1, 'c1', 1, 3)",73,73,1,1,1,146.0,0.5,0.65,0.22782126549249834,26,Rejects(b),Rejects,0.07749469214437367,0.21987951807228914,0.25,0.07285429141716566,3.40625,0.65,0.16745508982035925,13.284757378136398,0.37337844311377244,0.25478905100642085,0.13160092599698153,0.46249708877492696,True,True,,0.41323574847334543
1881e18ab7b8070b,"('Accepts', 2, 'd3', 1, 3)",19,19,1,2,2,57.0,0.5500000000000002,0.65,0.2785714285714286,26,Accepts(aa),Accepts,0.020169851380042462,0.0572289156626506,0.5,0.02844311377245509,4.40625,0.65,0.1694790419161677,1.9715970264034863,0.38934994011976054,0.2596410976985788,0.03425229580743355,0.2370485512087611,True,True,,0.46265783132530125
7989179b423eb95e,"('Rejects', 1, 'c1', 3, 3)",56,56,1,1,1,112.0,0.5,0.65,0.5486819727891156,26,Rejects(b),Rejects,0.059447983014861996,0.1686746987951807,0.25,0.05588822355289421,3.40625,0.65,0.15523952095808383,9.349220736155633,0.36751497005988026,0.2394291898131448,0.10095413501138312,0.2437452882018494,True,True,,0.4826949333046472
645549096cd1d4e4,"('Rejects', 3, 'a3', 3, 3)",72,72,1,3,3,288.0,0.6000000000000001,0.65,0.5492394179894179,26,Rejects(bab),Rejects,0.07643312101910828,0.21686746987951808,0.75,0.1437125748502994,5.40625,0.65,0.28647305389221556,8.215391043944566,0.4605070658682635,0.3819179896399971,0.129798173586064,0.30055375257659744,True,True,,0.5922092453145917
bc0ba9ce9566f554,"('ReachableState', 1, 0, 0)",33,33,1,1,1,33.0,1.0,0.5,0.5151515151515151,27,ReachableState(q0),ReachableState,0.03503184713375796,0.09939759036144578,0.25,0.016467065868263474,3.421875,0.5,0.2168562874251497,4.816108268691204,0.5140910179640719,0.31664089575066734,0.05949082956027934,0.20501529840863614,True,True,,0.5575451807228915
6a88d9fdbb410557,"('MinimalStateClass', 3, 0, 0)",9,9,1,2,2,27.0,1.0,0.55,1.0,30,MinimalStateClass(q0),MinimalStateClass,0.009554140127388535,0.02710843373493976,0.5,0.01347305389221557,4.46875,0.55,0.2397005988023952,0.860190411997641,0.5360562874251497,0.34465731996248467,0.016224771698258,0.28938375816053313,True,True,,0.7021668674698796
7c84f0ee7d667138,"('MinimalStateClass', 3, 0, 3)",39,30,1,2,2,117.0,1.0,0.5500000000000002,1.0,30,MinimalStateClass(q1),MinimalStateClass,0.041401273885350316,0.09036144578313253,0.5,0.058383233532934134,4.46875,0.5500000000000002,0.2720359281437126,4.279518072289157,0.551577245508982,0.3730266194358271,0.060006139206507554,0.21591972232072124,True,True,,0.7079228915662651
ac3582644118ddbb,"('Rejects', 0, '12', 2, 2)",8,8,1,1,1,8.0,0.45,0.65,0.5232142857142856,26,Rejects(),Rejects,0.008492569002123142,0.024096385542168676,0.25,0.003992015968063872,3.40625,0.65,0.108874251497006,0.9960428871449101,0.3302596407185629,0.18319107775773755,0.014422019287340444,0.2765879518568731,True,True,,0.45665527108433734
d249cc3ee5259e3b,"('Accepts', 1, 'ac', 2, 2)",14,14,1,1,1,28.0,0.5,0.6500000000000001,0.6047619047619047,26,Accepts(a),Accepts,0.014861995753715499,0.04216867469879518,0.25,0.013972055888223553,3.40625,0.6500000000000001,0.12505988023952094,1.8173538189455067,0.3530287425149701,0.2014812974532862,0.02523853375284578,0.33974612124717607,True,True,,0.4841373493975903
b36ae6c0a3bc71d6,"('Accepts', 1, 'c1', 2, 2)",13,13,1,1,1,26.0,0.5,0.6500000000000001,0.6256410256410257,26,Accepts(b),Accepts,0.013800424628450107,0.0391566265060241,0.25,0.012974051896207584,3.40625,0.6500000000000001,0.12434131736526946,1.6760473085000551,0.3526838323353294,0.20057777620662293,0.023435781341928225,0.18024365386691213,True,False,1.0,0.3686863299351251
59ce254e6c8539ce,"('Accepts', 2, 'd3', 2, 2)",14,14,1,2,2,42.0,0.5499999999999999,0.6500000000000001,0.5857142857142857,26,Accepts(aa),Accepts,0.014861995753715499,0.04216867469879518,0.5,0.020958083832335328,4.40625,0.6500000000000001,0.16408982035928144,1.4049047252841151,0.3867631137724551,0.2541448088305317,0.02523853375284578,0.3187707431946872,True,True,,0.5322373493975903
aef48c10585ee2a3,"('Accepts', 2, '78', 2, 2)",11,11,1,2,2,33.0,0.5499999999999999,0.6500000000000001,0.593939393939394,26,Accepts(ab),Accepts,0.01167728237791932,0.03313253012048193,0.5,0.016467065868263474,4.40625,0.6500000000000001,0.16085628742514968,1.081295394343331,0.38521101796407187,0.25084703550970344,0.019830276520093112,0.18602078673519246,True,False,1.0,0.41331506024096387
d9d435aec9a5c4db,"('Accepts', 2, '6f', 2, 2)",13,13,1,2,2,39.0,0.5499999999999999,0.6500000000000001,0.5794871794871795,26,Accepts(ba),Accepts,0.013800424628450107,0.0391566265060241,0.5,0.019461077844311378,4.40625,0.6500000000000001,0.16301197604790418,1.2956677774929506,0.38624574850299404,0.2530455510569223,0.023435781341928225,0.34943385969450097,True,True,,0.5305247914735867
27fd67451c76509a,"('Accepts', 2, '60', 2, 2)",11,11,1,2,2,33.0,0.5499999999999999,0.6500000000000001,0.6181818181818183,26,Accepts(bb),Accepts,0.01167728237791932,0.03313253012048193,0.5,0.016467065868263474,4.40625,0.6500000000000001,0.16085628742514968,1.081295394343331,0.38521101796407187,0.25084703550970344,0.019830276520093112,0.25687261536922096,True,False,2.0,0.4189150602409638
ee113a66ba58834c,"('Accepts', 3, '44', 2, 2)",15,15,1,3,3,60.0,0.5999999999999999,0.6500000000000001,0.6088888888888888,26,Accepts(aba),Accepts,0.01592356687898089,0.045180722891566265,0.75,0.029940119760479042,5.40625,0.6500000000000001,0.2045568862275449,1.2351835086008776,0.42118730538922156,0.30810331450833267,0.027041286163763334,0.3698336300234863,True,True,,0.5903647791164659
216bfe723287421f,"('Accepts', 3, 'a3', 2, 2)",11,11,1,3,3,44.0,0.6,0.6500000000000001,0.6424242424242425,26,Accepts(bab),Accepts,0.01167728237791932,0.03313253012048193,0.75,0.021956087824351298,5.40625,0.6500000000000001,0.19880838323353295,0.88128699770179,0.4184280239520959,0.30292333730611065,0.019830276520093112,0.19802771910186648,True,False,2.0,0.4770150602409638
eb91ffefd75083dd,"('Accepts', 4, 'dd', 2, 2)",13,13,1,4,4,65.0,0.6500000000000001,0.6500000000000001,0.6000000000000001,26,Accepts(abba),Accepts,0.013800424628450107,0.0391566265060241,1.0,0.03243512974051896,6.40625,0.6500000000000001,0.24035329341317369,0.8911666176902733,0.45336958083832346,0.35798110075752115,0.023435781341928225,0.18887524142065634,True,False,2.0,0.5202632530120482
d064116a7e8d5aec,"('Accepts', 4, '08', 2, 2)",11,11,1,4,4,55.0,0.6500000000000001,0.6500000000000001,0.6181818181818183,26,Accepts(baab),Accepts,0.01167728237791932,0.03313253012048193,1.0,0.027445109780439122,6.40625,0.6500000000000001,0.2367604790419162,0.7437202468410228,0.4516450299401198,0.3549996391025179,0.019830276520093112,0.3629163515872533,True,False,2.0,0.5239150602409639
b2cdf6da2b589864,"('DistinguishingWordBucket', 1, 1, 1, 1)",28,28,1,1,1,56.0,0.42,0.6999999999999998,0.20000000000000004,40,"DistinguishingWordBucket(q1,q2)",DistinguishingWordBucket,0.029723991507430998,0.08433734939759036,0.25,0.027944111776447105,3.625,0.6999999999999998,0.12071976047904193,3.741088491898629,0.3379454850299401,0.19890547490657237,0.05047706750569156,0.333170785840578,True,True,,0.37697469879518075
02882553982333b9,"('Rejects', 2, '60', 1, 3)",73,73,1,2,2,219.0,0.5499999999999999,0.65,0.2256033920417482,26,Rejects(bb),Rejects,0.07749469214437367,0.21987951807228914,0.5,0.1092814371257485,4.40625,0.65,0.2276826347305389,10.26977698026147,0.4172876646706587,0.31900101747348675,0.13160092599698153,0.4157990088026874,True,True,,0.46522341970622216
71821069221220f9,"('TransitionEffect', 'a', 1, 1, 3, 0)",13,12,1,2,2,47.0,0.7,0.8499999999999999,1.0,37,"TransitionEffect(q0,a,q4)",TransitionEffect,0.013800424628450107,0.03614457831325301,0.5,0.023453093812375248,4.578125,0.8499999999999999,0.1928862275449102,1.2384719766437766,0.4895853892215568,0.29944899507972006,0.02229120302867521,0.24155127423459005,True,False,2.0,0.5031891566265061
1ae5dad9ceb4b2ad,"('TransitionEffect', 'b', 1, 1, 3, 0)",13,12,1,2,2,52.0,0.7,0.8499999999999999,1.0,37,"TransitionEffect(q0,b,q4)",TransitionEffect,0.013800424628450107,0.03614457831325301,0.5,0.02594810379241517,4.578125,0.8499999999999999,0.19468263473053893,1.2384719766437766,0.4904476646706586,0.3004276777144506,0.02229120302867521,0.1296145972904511,True,False,2.0,0.5031891566265061
f53442e3022883e5,"('MinimalStateClass', 4, 1, 0)",4,3,1,2,2,16.0,1.0,0.55,1.0,30,MinimalStateClass(q1),MinimalStateClass,0.004246284501061571,0.009036144578313253,0.5,0.007984031936127744,4.46875,0.55,0.23574850299401195,0.3661302552868818,0.5341592814371258,0.33943192900945096,0.00606643133041721,0.27716524390724623,True,True,,0.7005222891566265
95527b84036b6c56,"('TransitionEffect', 'b', 1, 0, 3, 1)",29,21,1,2,2,94.0,0.25,0.8500000000000002,1.0,37,"TransitionEffect(q1,b,q5)",TransitionEffect,0.03078556263269639,0.06325301204819277,0.5,0.046906187624750496,4.578125,0.8500000000000002,0.12877245508982038,2.934462765738723,0.32381077844311384,0.21152824558112693,0.043123193410585015,0.3807281478015504,True,False,2.0,0.44265602409638555
c03bfbe17b0c8909,"('MinimalStateClass', 2, 0, 1)",34,31,1,2,2,68.0,0.6666666666666667,0.55,0.6666666666666667,30,MinimalStateClass(q3),MinimalStateClass,0.036093418259023353,0.09337349397590361,0.5,0.033932135728542916,4.46875,0.55,0.1944311377245509,3.7537787513691128,0.4143269461077844,0.28859291114157226,0.05785984703143785,0.3045052882152306,True,False,2.0,0.4645303212851406
f3a6adfcc13f646a,"('MinimalStateClass', 4, 1, 3)",21,14,1,2,2,98.0,1.0,0.5500000000000002,1.0,30,MinimalStateClass(q4),MinimalStateClass,0.022292993630573247,0.04216867469879518,0.5,0.04890219560878244,4.46875,0.5500000000000002,0.26520958083832336,2.0778835622209115,0.5483005988023952,0.36111485433951374,0.029845752436497584,0.19004338281141023,True,False,2.0,0.5835373493975904
a1314709f9c99a0d,"('MinimalStateClass', 4, 0, 3)",77,37,1,2,2,374.0,1.0,0.5499999999999997,1.0,30,MinimalStateClass(q0),MinimalStateClass,0.08174097664543524,0.11144578313253012,0.5,0.18662674650698602,4.46875,0.5499999999999997,0.3643712574850299,8.812604263206673,0.5958982035928142,0.4269152442103744,0.0930288031105313,0.4640293690839232,True,True,,0.7098415662650602
81b760fc1a5e4476,"('ReachableState', 0, 2, 0)",52,47,1,1,1,156.0,0.19999999999999993,0.5,0.5192307692307692,27,ReachableState(q1),ReachableState,0.055201698513800426,0.14156626506024098,0.25,0.07784431137724551,3.421875,0.5,0.11704790419161676,8.229828904659735,0.226182994011976,0.16703396326383377,0.08802023380144783,0.2655339317808496,True,False,1.0,0.33032483781278965
b5d9fef8a16cf6fd,"('MinimalStateClass', 4, 0, 2)",42,27,1,2,2,207.0,1.0,0.55,1.0,30,MinimalStateClass(q1),MinimalStateClass,0.044585987261146494,0.08132530120481928,0.5,0.10329341317365269,4.46875,0.55,0.3043712574850299,4.523784649085854,0.5670982035928144,0.38910676228266355,0.058546926559742155,0.23126156924946728,True,False,2.0,0.5871006024096386
3ec3ae0c97ff367f,"('TransitionEffect', 'a', 0, 0, 3, 0)",60,38,1,2,2,256.0,0.25,0.85,1.0,37,"TransitionEffect(q1,a,q1)",TransitionEffect,0.06369426751592357,0.1144578313253012,0.5,0.1277445109780439,4.578125,0.85,0.1869760479041916,6.7423824992803985,0.35174850299401195,0.2519423822235048,0.08298442176348707,0.49424483645024525,True,False,2.0,0.44731566265060235
d84664e8798fcb1f,"('TransitionEffect', 'b', 0, 0, 3, 0)",56,37,1,2,2,211.0,0.25,0.8499999999999999,1.0,37,"TransitionEffect(q1,b,q3)",TransitionEffect,0.059447983014861996,0.11144578313253012,0.5,0.10528942115768464,4.578125,0.8499999999999999,0.17080838323353292,6.256046712447057,0.34398802395209577,0.24262219031815885,0.07920714705957588,0.36850373976414236,True,False,2.0,0.44704156626506025
ecd4e398aac95188,"('TransitionEffect', 'a', 0, 0, 3, 1)",17,16,1,2,2,73.0,0.25,0.85,1.0,37,"TransitionEffect(q2,a,q1)",TransitionEffect,0.018046709129511677,0.04819277108433735,0.5,0.03642714570858283,4.578125,0.85,0.12122754491017963,1.664278958838768,0.3201892215568862,0.20485753755140323,0.029502212672345433,0.3484084477751224,True,True,,0.5612855421686747
ecd9e4c3622cd35b,"('TransitionEffect', 'b', 0, 0, 3, 1)",18,17,1,2,2,82.0,0.25,0.85,1.0,37,"TransitionEffect(q2,b,q0)",TransitionEffect,0.01910828025477707,0.05120481927710843,0.5,0.04091816367265469,4.578125,0.85,0.12446107784431137,1.7740203133352521,0.32174131736526945,0.20713121448668925,0.031304965083262984,0.3314286246855983,True,False,2.0,0.4415596385542168
068a69a5713a76ed,"('MinimalStateClass', 4, 0, 1)",44,31,1,2,2,222.0,1.0,0.55,1.0,30,MinimalStateClass(q5),MinimalStateClass,0.04670912951167728,0.09337349397590361,0.5,0.11077844311377245,4.46875,0.55,0.3097604790419161,4.857831325301205,0.5696850299401197,0.3940910029579395,0.06444158800808328,0.3161912853985779,True,True,,0.7081969879518072
5eed5781ad3b1c3f,"('Accepts', 0, '12', 2, 1)",4,4,1,1,1,4.0,0.45,0.65,0.5833333333333333,26,Accepts(),Accepts,0.004246284501061571,0.012048192771084338,0.25,0.001996007984031936,3.40625,0.65,0.107437125748503,0.4838731071073284,0.32956982035928145,0.18035993887886878,0.007211009643670222,0.3067947074604103,True,False,1.0,0.34944638554216867
b398628b2d2fcede,"('Accepts', 1, 'ac', 2, 1)",4,4,1,1,1,8.0,0.5,0.65,0.5833333333333333,26,Accepts(a),Accepts,0.004246284501061571,0.012048192771084338,0.25,0.003992015968063872,3.40625,0.65,0.11787425149700598,0.4838731071073284,0.34957964071856285,0.1924460849866532,0.007211009643670222,0.2680216733769216,True,False,1.0,0.3564463855421687
188d6314bb057cd6,"('Accepts', 1, 'c1', 2, 1)",4,4,1,1,1,8.0,0.5,0.65,0.5833333333333333,26,Accepts(b),Accepts,0.004246284501061571,0.012048192771084338,0.25,0.003992015968063872,3.40625,0.65,0.11787425149700598,0.4838731071073284,0.34957964071856285,0.1924460849866532,0.007211009643670222,0.23090553545137477,True,False,1.0,0.3564463855421687
922ae6a1c8f43f29,"('Accepts', 2, 'd3', 2, 1)",4,4,1,2,2,12.0,0.55,0.65,0.5833333333333333,26,Accepts(aa),Accepts,0.004246284501061571,0.012048192771084338,0.5,0.005988023952095809,4.40625,0.65,0.15331137724550897,0.37405793386311204,0.3815894610778443,0.24315223109443765,0.007211009643670222,0.17975248713702033,True,False,1.0,0.40894638554216867
9517338b477160aa,"('Accepts', 2, '78', 2, 1)",4,4,1,2,2,12.0,0.55,0.65,0.5833333333333333,26,Accepts(ab),Accepts,0.004246284501061571,0.012048192771084338,0.5,0.005988023952095809,4.40625,0.65,0.15331137724550897,0.37405793386311204,0.3815894610778443,0.24315223109443765,0.007211009643670222,0.32400359834625414,True,True,,0.5289463855421687
9e84dcde35d3b7f2,"('Accepts', 2, '6f', 2, 1)",4,4,1,2,2,12.0,0.55,0.65,0.5833333333333333,26,Accepts(ba),Accepts,0.004246284501061571,0.012048192771084338,0.5,0.005988023952095809,4.40625,0.65,0.15331137724550897,0.37405793386311204,0.3815894610778443,0.24315223109443765,0.007211009643670222,0.2638194239368497,True,False,1.0,0.40894638554216867
cfee5826374ecca3,"('Accepts', 2, '60', 2, 1)",4,4,1,2,2,12.0,0.55,0.65,0.5833333333333333,26,Accepts(bb),Accepts,0.004246284501061571,0.012048192771084338,0.5,0.005988023952095809,4.40625,0.65,0.15331137724550897,0.37405793386311204,0.3815894610778443,0.24315223109443765,0.007211009643670222,0.35295341423313636,True,True,,0.5289463855421687
6d528bedbf5a1837,"('Accepts', 3, '44', 2, 1)",4,4,1,3,3,16.0,0.6000000000000001,0.65,0.5833333333333333,26,Accepts(aba),Accepts,0.004246284501061571,0.012048192771084338,0.75,0.007984031936127744,5.40625,0.65,0.188748502994012,0.30486802702138033,0.41359928143712577,0.2938583772022221,0.007211009643670222,0.2108351084207019,True,True,,0.5814463855421685
3175ce4102fa661b,"('Accepts', 3, 'a3', 2, 1)",4,4,1,3,3,16.0,0.6000000000000001,0.65,0.5833333333333333,26,Accepts(bab),Accepts,0.004246284501061571,0.012048192771084338,0.75,0.007984031936127744,5.40625,0.65,0.188748502994012,0.30486802702138033,0.41359928143712577,0.2938583772022221,0.007211009643670222,0.2333180183960743,True,False,2.0,0.4614463855421686
d821333bf1a13615,"('Accepts', 4, 'dd', 2, 1)",4,4,1,4,4,20.0,0.65,0.65,0.5833333333333333,26,Accepts(abba),Accepts,0.004246284501061571,0.012048192771084338,1.0,0.00998003992015968,6.40625,0.65,0.22418562874251496,0.25727887158389656,0.4456091017964072,0.34456452331000653,0.007211009643670222,0.19699940470742053,True,False,2.0,0.5139463855421686
e6c2663ca35159b2,"('Accepts', 4, '08', 2, 1)",4,4,1,4,4,20.0,0.65,0.65,0.5833333333333333,26,Accepts(baab),Accepts,0.004246284501061571,0.012048192771084338,1.0,0.00998003992015968,6.40625,0.65,0.22418562874251496,0.25727887158389656,0.4456091017964072,0.34456452331000653,0.007211009643670222,0.20282445500008675,True,False,2.0,0.5139463855421686
13b637b549c90e84,"('ReachableState', 0, 3, 0)",11,11,1,1,1,49.0,0.2,0.5,0.6666666666666666,27,ReachableState(q5),ReachableState,0.01167728237791932,0.03313253012048193,0.25,0.02445109780439122,3.421875,0.5,0.07860479041916169,1.3923529735379878,0.20773029940119758,0.1276564199408412,0.019830276520093112,0.18516562387703803,True,False,1.0,0.3545150602409639
6a033ee62c1db85e,"('MinimalStateClass', 3, 0, 1)",28,24,1,2,2,84.0,1.0,0.5500000000000002,1.0,30,MinimalStateClass(q0),MinimalStateClass,0.029723991507430998,0.07228915662650602,0.5,0.041916167664670656,4.46875,0.5500000000000002,0.26017964071856287,2.9592383520094367,0.5458862275449102,0.3634950248899791,0.04589875425267951,0.6510532708448493,True,True,,0.706278313253012
9318a03e148503f7,"('MinimalStateClass', 3, 1, 1)",10,9,1,2,2,30.0,1.0,0.55,1.0,30,MinimalStateClass(q0),MinimalStateClass,0.010615711252653927,0.02710843373493976,0.5,0.014970059880239521,4.46875,0.55,0.24077844311377244,0.9557671244418234,0.5365736526946108,0.345244529543323,0.016882945795922543,0.1750246922631072,True,True,,0.7021668674698796
117148b7cec1154d,"('TransitionEffect', 'a', 1, 0, 3, 0)",10,8,1,2,2,52.0,0.25,0.85,1.0,37,"TransitionEffect(q2,a,q3)",TransitionEffect,0.010615711252653927,0.024096385542168676,0.5,0.02594810379241517,4.578125,0.85,0.11368263473053893,0.9263538796825528,0.31656766467065867,0.1966506849433663,0.015738367482669532,0.26957903167761105,True,True,,0.5590927710843374
130d196c957a664e,"('MinimalStateClass', 3, 1, 3)",27,19,1,2,2,81.0,1.0,0.5500000000000002,1.0,30,MinimalStateClass(q3),MinimalStateClass,0.028662420382165606,0.0572289156626506,0.5,0.040419161676646706,4.46875,0.5500000000000002,0.2591017964071856,2.762557924003707,0.5453688622754491,0.3603475743452853,0.039517688588749905,0.34791505790544636,True,True,,0.7049078313253012
896dc2dfc3504324,"('Rejects', 0, '12', 2, 3)",76,76,1,1,1,76.0,0.45000000000000023,0.65,0.425,26,Rejects(),Rejects,0.08067940552016985,0.2289156626506024,0.25,0.03792415169660679,3.40625,0.65,0.13330538922155694,14.032320106112524,0.3419865868263474,0.2313204386985067,0.1370091832297342,0.3620941523963005,True,False,1.0,0.3326063253012048
48e49e92e8923960,"('Rejects', 1, 'ac', 2, 3)",58,58,1,1,1,116.0,0.5,0.6499999999999999,0.41108374384236446,26,Rejects(a),Rejects,0.06157112526539278,0.1746987951807229,0.25,0.05788423153692615,3.40625,0.6499999999999999,0.15667664670658682,9.785696916104788,0.36820479041916165,0.24123623230647134,0.10455963983321823,0.35833368707207264,True,False,1.0,0.331457935189032
8b1d3234aa944349,"('Rejects', 1, 'c1', 2, 3)",74,74,1,1,1,148.0,0.5,0.65,0.4299227799227799,26,Rejects(b),Rejects,0.07855626326963906,0.22289156626506024,0.25,0.07385229540918163,3.40625,0.65,0.16817365269461076,13.5321764120703,0.37372335329341316,0.25569257225308417,0.1334036784078991,0.363951508778702,True,False,1.0,0.34019529469228266
b91617d6dca6c08c,"('Rejects', 2, 'd3', 2, 3)",59,59,1,2,2,177.0,0.5499999999999999,0.6499999999999999,0.41089588377723973,26,Rejects(aa),Rejects,0.06263269639065817,0.17771084337349397,0.5,0.08832335329341318,4.40625,0.6499999999999999,0.2125928143712575,7.735589165171324,0.4100445508982036,0.3036114086429551,0.10636239224413577,0.17978352821593468,True,False,1.0,0.38418863589953034
b59d1487bdd41c36,"('Accepts', 2, '78', 2, 3)",47,47,1,2,2,141.0,0.5500000000000002,0.6499999999999998,0.49918946301925027,26,Accepts(ab),Accepts,0.049893842887473464,0.14156626506024098,0.5,0.07035928143712575,4.40625,0.6499999999999998,0.19965868263473058,5.776706827309237,0.4038361676646707,0.2904203153596422,0.08472936331312511,0.2919955039384826,True,True,,0.5212952960779288
ee62cbe3f6078bd3,"('Rejects', 2, '6f', 2, 3)",64,64,1,2,2,192.0,0.5499999999999999,0.65,0.4113095238095238,26,Rejects(ba),Rejects,0.06794055201698514,0.1927710843373494,0.5,0.09580838323353294,4.40625,0.65,0.2179820359281437,8.609894898743914,0.41263137724550897,0.3091076975110021,0.11537615429872355,0.23970992590704399,True,True,,0.5056546686746988
3a9c0b6b6ec8a6cf,"('Rejects', 2, '60', 2, 3)",74,74,1,2,2,222.0,0.5499999999999998,0.65,0.42342342342342343,26,Rejects(bb),Rejects,0.07855626326963906,0.22289156626506024,0.5,0.11077844311377245,4.40625,0.65,0.2287604790419161,10.461044176706826,0.4178050299401197,0.3201002752470961,0.1334036784078991,0.2148026100361712,True,False,1.0,0.39119394334093127
02464aff7fa9991d,"('Rejects', 3, '44', 2, 3)",64,64,1,3,3,256.0,0.6000000000000001,0.65,0.43087797619047613,26,Rejects(aba),Rejects,0.06794055201698514,0.1927710843373494,0.75,0.1277445109780439,5.40625,0.65,0.2749760479041916,7.017313183369317,0.454988502994012,0.37155803523555303,0.11537615429872355,0.2594518276689939,True,True,,0.5626749811746987
50973a79bc6baa7b,"('Rejects', 3, 'a3', 2, 3)",66,66,1,3,3,264.0,0.6000000000000001,0.65,0.42012987012987013,26,Rejects(bab),Rejects,0.07006369426751592,0.19879518072289157,0.75,0.1317365269461078,5.40625,0.65,0.27785029940119765,7.310146946166168,0.45636814371257495,0.3741480238366641,0.11898165912055868,0.19879483181040883,True,True,,0.5607403614457831
28bc509480fcfe4c,"('Rejects', 4, 'dd', 2, 3)",68,68,1,4,4,340.0,0.6499999999999999,0.6499999999999999,0.41295518207282905,26,Rejects(abba),Rejects,0.07218683651804671,0.20481927710843373,1.0,0.16966067864271456,6.40625,0.6499999999999999,0.33915568862275447,6.41993535116074,0.5007947305389221,0.43997129627011033,0.12258716394239377,0.3291278256172935,True,True,,0.612131201275691
dc6e87dec3ee4266,"('Rejects', 4, '08', 2, 3)",72,72,1,4,4,360.0,0.65,0.65,0.42268518518518516,26,Rejects(baab),Rejects,0.07643312101910828,0.21686746987951808,1.0,0.17964071856287425,6.40625,0.65,0.34634131736526946,6.932988539523951,0.5042438323353293,0.4459342195801168,0.129798173586064,0.2518735522274268,True,True,,0.6154752175368139
9e270cf398d34fba,"('TransitionEffect', 'b', 0, 1, 2, 0)",96,53,1,2,2,379.0,0.7000000000000001,0.8499999999999998,0.6666666666666666,37,"TransitionEffect(q0,b,q1)",TransitionEffect,0.10191082802547771,0.15963855421686746,0.5,0.18912175648702595,4.578125,0.8499999999999998,0.31216766467065865,11.735219375796701,0.5468404790419161,0.3854274979294423,0.12384736397820581,0.27934466566219435,True,False,2.0,0.437427108433735
6da3353eefaa350e,"('EquivalentState', 0, 0, 0, 3)",354,77,1,2,2,354.0,0.3999999999999999,0.4500000000000001,0.19999999999999996,31,"EquivalentState(q0,q1)",EquivalentState,0.37579617834394907,0.2319277108433735,0.5,0.17664670658682635,4.484375,0.4500000000000001,0.24918562874251493,49.88485789849293,0.33860910179640713,0.3021240413822956,0.32112616069373034,0.2874516358561746,True,False,1.0,0.344605421686747
8b37d6560b64e82a,"('DistinguishingWordBucket', 2, 0, 0, 2)",53,44,1,2,2,159.0,0.5399999999999999,0.7000000000000003,0.19999999999999993,40,"DistinguishingWordBucket(q1,q3)",DistinguishingWordBucket,0.05626326963906582,0.13253012048192772,0.5,0.07934131736526946,4.625,0.7000000000000003,0.204325748502994,6.102507326603712,0.41407635928143716,0.29300678826635884,0.08524467295935334,0.1765574119175338,True,False,1.0,0.3236602409638554
0af09e93c4d94d42,"('Rejects', 1, 'ac', 2, 2)",5,5,1,1,1,10.0,0.5,0.65,0.4504761904761905,26,Rejects(a),Rejects,0.005307855626326964,0.015060240963855422,0.25,0.00499001996007984,3.40625,0.65,0.11859281437125749,0.6092627390295126,0.3499245508982036,0.1933496062333165,0.009013762054587777,0.18122097303965798,True,True,,0.44603048192771083
fd39c7d79900b6ad,"('Rejects', 2, 'd3', 2, 2)",5,5,1,2,2,15.0,0.55,0.65,0.5038095238095238,26,Rejects(aa),Rejects,0.005307855626326964,0.015060240963855422,0.5,0.0074850299401197605,4.40625,0.65,0.15438922155688622,0.470990344356148,0.3821068263473054,0.24425148886804707,0.009013762054587777,0.3088448705546486,True,False,1.0,0.3908504819277109
9e0406b57091edbb,"('Rejects', 2, '60', 2, 2)",8,8,1,2,2,24.0,0.55,0.65,0.48988095238095236,26,Rejects(bb),Rejects,0.008492569002123142,0.024096385542168676,0.5,0.011976047904191617,4.40625,0.65,0.15762275449101798,0.7699906007006752,0.38365892215568864,0.24754926218887527,0.014422019287340444,0.18617390050615312,True,True,,0.5084552710843373
c5c34bf18e334fdc,"('Rejects', 3, 'a3', 2, 2)",8,8,1,3,3,32.0,0.6000000000000001,0.65,0.45654761904761904,26,Rejects(bab),Rejects,0.008492569002123142,0.024096385542168676,0.75,0.015968063872255488,5.40625,0.65,0.19449700598802397,0.6275645936346543,0.41635856287425155,0.29903835440444415,0.014422019287340444,0.2328115534700709,True,False,2.0,0.43325527108433737
ad33bbb2f307993f,"('Rejects', 4, 'dd', 2, 2)",6,6,1,4,4,30.0,0.65,0.65,0.4865079365079365,26,Rejects(abba),Rejects,0.006369426751592357,0.018072289156626505,1.0,0.014970059880239521,6.40625,0.65,0.22777844311377246,0.39156038789303554,0.4473336526946108,0.34754598496500977,0.010816514465505333,0.1979718274828422,True,True,,0.6121279116465863
968c367e2ae757d9,"('Rejects', 4, '08', 2, 2)",8,8,1,4,4,40.0,0.65,0.65,0.48988095238095236,26,Rejects(baab),Rejects,0.008492569002123142,0.024096385542168676,1.0,0.01996007984031936,6.40625,0.65,0.23137125748502993,0.529603291213635,0.4490582035928144,0.350527446620013,0.014422019287340444,0.25421212119360376,True,True,,0.6134552710843373
07f410a96ca00aea,"('TransitionEffect', 'b', 0, 0, 2, 1)",12,12,1,2,2,46.0,0.25,0.85,0.6666666666666666,37,"TransitionEffect(q2,b,q4)",TransitionEffect,0.012738853503184714,0.03614457831325301,0.5,0.022954091816367265,4.578125,0.85,0.11152694610778444,1.1432049015173322,0.31553293413173655,0.197524458552774,0.021633028931010666,0.23888503099641373,True,True,,0.483189156626506
439990990a31ae51,"('TransitionEffect', 'b', 0, 0, 2, 0)",16,15,1,2,2,56.0,0.25,0.85,0.6666666666666666,37,"TransitionEffect(q3,b,q4)",TransitionEffect,0.016985138004246284,0.045180722891566265,0.5,0.027944111776447105,4.578125,0.85,0.11511976047904192,1.5558534479213784,0.3172574850299401,0.2010179684005483,0.027699460261427875,0.17467054983083952,True,True,,0.4840114457831325
64b162bfffb42e4c,"('TransitionEffect', 'a', 0, 0, 2, 0)",15,13,1,2,2,67.0,0.25,0.8499999999999999,0.6666666666666665,37,"TransitionEffect(q4,a,q0)",TransitionEffect,0.01592356687898089,0.0391566265060241,0.5,0.03343313373253493,4.578125,0.8499999999999999,0.11907185628742516,1.4388749537398742,0.319154491017964,0.20214697381141333,0.02475212953725731,0.22356985681029393,True,True,,0.4834632530120482
37816bb3c8302c69,"('DistinguishingWordBucket', 0, 0, 0, 2)",189,54,1,1,1,189.0,0.29999999999999993,0.7000000000000001,1.0,40,"DistinguishingWordBucket(q0,q4)",DistinguishingWordBucket,0.20063694267515925,0.16265060240963855,0.25,0.09431137724550898,3.625,0.7000000000000001,0.14690419161676643,29.335438304943914,0.3145140119760479,0.2111240060024529,0.1862021333742614,0.25667100986301733,True,False,2.0,0.4321012048192771
937c33cbe7d6a564,"('MinimalStateClass', 4, 0, 0)",17,15,1,2,2,83.0,1.0,0.55,1.0,30,MinimalStateClass(q1),MinimalStateClass,0.018046709129511677,0.045180722891566265,0.5,0.04141716566866267,4.46875,0.55,0.2598203592814371,1.6935546381329514,0.5457137724550898,0.35869085462809314,0.02835763435909242,0.2817549646801693,True,True,,0.7038114457831325
4b15c36392a4b010,"('Rejects', 2, '78', 2, 3)",72,72,1,2,2,216.0,0.5499999999999999,0.65,0.42328042328042326,26,Rejects(ab),Rejects,0.07643312101910828,0.21686746987951808,0.5,0.10778443113772455,4.40625,0.65,0.22660479041916165,10.07987695462702,0.4167702994011976,0.31790175969987733,0.129798173586064,0.35213401358008267,True,False,1.0,0.3906127175368139
9cd5f979ab044d2d,"('Accepts', 1, 'c1', 2, 3)",45,45,1,1,1,90.0,0.5,0.6499999999999998,0.49164021164021154,26,Accepts(b),Accepts,0.04777070063694268,0.1355421686746988,0.25,0.04491017964071856,3.40625,0.6499999999999998,0.14733532934131735,7.075052503592352,0.3637209580838323,0.22949045609984847,0.08112385849129,0.2751344955211937,True,False,1.0,0.34650322623828644
4d7b0a86ad0af165,"('Accepts', 2, '6f', 2, 3)",55,55,1,2,2,165.0,0.55,0.6499999999999999,0.5020779220779221,26,Accepts(ba),Accepts,0.058386411889596604,0.16566265060240964,0.5,0.08233532934131736,4.40625,0.6499999999999999,0.20828143712574848,7.06075365290951,0.40797508982035924,0.29921437754851743,0.09915138260046555,0.2305910894811928,True,True,,0.5241553012048192
8d1a736a736549f6,"('Accepts', 3, '44', 2, 3)",55,55,1,3,3,220.0,0.6000000000000003,0.6499999999999999,0.47930735930735935,26,Accepts(aba),Accepts,0.058386411889596604,0.16566265060240964,0.75,0.10978043912175649,5.40625,0.6499999999999999,0.2620419161676647,5.754718295145901,0.44878011976047916,0.3599030865305534,0.09915138260046555,0.32110848776924916,True,True,,0.5713953012048193
1eff00530e71bc93,"('Accepts', 3, '44', 1, 3)",27,27,1,3,3,108.0,0.6000000000000001,0.6499999999999999,0.24329805996472662,26,Accepts(aba),Accepts,0.028662420382165606,0.08132530120481928,0.75,0.05389221556886228,5.40625,0.6499999999999999,0.22180239520958087,2.403844278849502,0.4294651497005988,0.32364324611499895,0.048674315094774004,0.5087756122852924,True,True,,0.5092024542614905
334a03ced4c1c535,"('Accepts', 4, '08', 2, 3)",47,47,1,4,4,235.0,0.6499999999999998,0.6499999999999998,0.5001013171225936,26,Accepts(baab),Accepts,0.049893842887473464,0.14156626506024098,1.0,0.11726546906187625,6.40625,0.6499999999999998,0.3014311377245509,3.9732471348809875,0.4826869461077843,0.40866594889257624,0.08472936331312511,0.24518054761788485,True,True,,0.6265059343758012
10da1f2fa79fdc79,"('ReachableState', 1, 0, 1)",16,16,1,1,1,16.0,1.0,0.5,0.3958333333333333,27,ReachableState(q0),ReachableState,0.016985138004246284,0.04819277108433735,0.25,0.007984031936127744,3.421875,0.5,0.21074850299401196,2.095659349727678,0.5111592814371257,0.30460855551547505,0.02884403857468089,0.43753730241096195,True,False,1.0,0.4053230421686747
9ca5764200f41f04,"('TransitionEffect', 'a', 1, 0, 3, 1)",27,18,1,2,2,94.0,0.25,0.8500000000000001,1.0,37,"TransitionEffect(q1,a,q5)",TransitionEffect,0.028662420382165606,0.05421686746987952,0.5,0.046906187624750496,4.578125,0.8500000000000001,0.12877245508982038,2.678794358320655,0.3238107784431138,0.20999210100281368,0.03837311027549689,0.365716084761022,True,False,2.0,0.441833734939759
4f67fd0bf27447f1,"('MinimalStateClass', 4, 1, 2)",20,11,1,2,2,99.0,1.0,0.5500000000000002,1.0,30,MinimalStateClass(q5),MinimalStateClass,0.021231422505307854,0.03313253012048193,0.5,0.04940119760479042,4.46875,0.5500000000000002,0.26556886227544907,1.9384952397000592,0.5484730538922156,0.35977444628814653,0.025753843399074,0.5382343337287964,True,False,2.0,0.5827150602409639
6ca2ebe35f03eb23,"('Accepts', 1, 'ac', 2, 3)",61,61,1,1,1,122.0,0.5,0.6499999999999999,0.4933645589383294,26,Accepts(a),Accepts,0.06475583864118896,0.18373493975903615,0.25,0.06087824351297405,3.40625,0.6499999999999999,0.1588323353293413,10.453675251464574,0.36923952095808377,0.24394679604646127,0.10996789706597089,0.2211128860732044,True,False,1.0,0.3512870926328264
eabd76ca50b15331,"('Accepts', 2, '60', 2, 3)",45,45,1,2,2,135.0,0.55,0.6499999999999998,0.5023280423280423,26,Accepts(bb),Accepts,0.04777070063694268,0.1355421686746988,0.5,0.06736526946107785,4.40625,0.6499999999999998,0.19750299401197607,5.469366829018201,0.4028014371257485,0.2882217998124234,0.08112385849129,0.8453145924873718,True,False,1.0,0.4014721151271754
6c1941d5e77d5f04,"('Accepts', 0, '12', 2, 2)",11,11,1,1,1,11.0,0.45,0.6500000000000001,0.593939393939394,26,Accepts(),Accepts,0.01167728237791932,0.03313253012048193,0.25,0.0054890219560878245,3.40625,0.6500000000000001,0.10995209580838325,1.398739913783575,0.330777005988024,0.18531443191688912,0.019830276520093112,0.37753290362877506,True,False,1.0,0.3538150602409639
a5d7cdeeaa17e7bd,"('TransitionEffect', 'a', 1, 0, 2, 0)",18,17,1,2,2,75.0,0.25,0.85,0.6666666666666665,37,"TransitionEffect(q1,a,q2)",TransitionEffect,0.01910828025477707,0.05120481927710843,0.5,0.0374251497005988,4.578125,0.85,0.12194610778443114,1.7740203133352521,0.32053413173652695,0.2057610587980665,0.031304965083262984,0.4013459092862818,True,False,1.0,0.3645596385542168
9e15eb48179620d1,"('TransitionEffect', 'b', 1, 0, 2, 0)",17,14,1,2,2,70.0,0.25,0.85,0.6666666666666666,37,"TransitionEffect(q1,b,q0)",TransitionEffect,0.018046709129511677,0.04216867469879518,0.5,0.03493013972055888,4.578125,0.85,0.1201497005988024,1.641909617994161,0.3196718562874251,0.2032462315850227,0.027213056045839408,0.32598999167302917,True,False,1.0,0.3637373493975903
e275038d00121756,"('Accepts', 0, '12', 2, 3)",43,43,1,1,1,43.0,0.44999999999999996,0.6499999999999999,0.5032115171650055,26,Accepts(),Accepts,0.045647558386411886,0.12951807228915663,0.25,0.021457085828343315,3.40625,0.6499999999999999,0.12144910179640717,6.684558417154857,0.3362955688622754,0.20796354294783925,0.07751835366945489,0.23652261802521163,True,False,1.0,0.3416280050434295
be878702073e14f4,"('Accepts', 2, 'd3', 2, 3)",60,60,1,2,2,180.0,0.5499999999999999,0.6499999999999999,0.4949206349206348,26,Accepts(aa),Accepts,0.06369426751592357,0.18072289156626506,0.5,0.08982035928143713,4.40625,0.6499999999999999,0.21367065868263474,7.907715970264035,0.4105619161676647,0.3047106664165644,0.10816514465505334,0.16720031537584204,True,True,,0.5238724497991968
df10806af88758d1,"('Accepts', 3, 'a3', 2, 3)",53,53,1,3,3,212.0,0.6000000000000002,0.6499999999999999,0.4945193171608266,26,Accepts(bab),Accepts,0.05626326963906582,0.15963855421686746,0.75,0.10578842315369262,5.40625,0.6499999999999999,0.2591676646706587,5.486398774287903,0.44740047904191627,0.3573130979294424,0.09554587777863044,0.12645775118176625,True,True,,0.5743610706978859
cd3c9e1259a95e03,"('Accepts', 4, 'dd', 2, 3)",51,51,1,4,4,255.0,0.65,0.65,0.5070028011204482,26,Accepts(abba),Accepts,0.054140127388535034,0.1536144578313253,1.0,0.12724550898203593,6.40625,0.65,0.3086167664670659,4.407311196003526,0.4861360479041916,0.4146288722025828,0.09194037295679533,0.19344156572607327,True,True,,0.6291965627214741
7751980a39c48a3a,"('TransitionEffect', 'b', 1, 0, 3, 0)",8,7,1,2,2,31.0,0.25,0.85,1.0,37,"TransitionEffect(q1,b,q4)",TransitionEffect,0.008492569002123142,0.02108433734939759,0.5,0.015469061876247504,4.578125,0.85,0.1061377245508982,0.7358197294296641,0.3129461077844311,0.1920281696847269,0.013277440974087434,0.3306034839588707,True,False,2.0,0.43881867469879515
0b249c8933ec0f35,"('Rejects', 1, 'c1', 2, 2)",6,6,1,1,1,12.0,0.5,0.65,0.430952380952381,26,Rejects(b),Rejects,0.006369426751592357,0.018072289156626505,0.25,0.005988023952095809,3.40625,0.65,0.11931137724550897,0.7364209130098375,0.3502694610778443,0.19425312747997975,0.010816514465505333,0.3507606798572987,True,True,,0.4417945783132531
d0b98f191ddf9998,"('Rejects', 3, '44', 2, 2)",4,4,1,3,3,16.0,0.6000000000000001,0.65,0.39642857142857146,26,Rejects(aba),Rejects,0.004246284501061571,0.012048192771084338,0.75,0.007984031936127744,5.40625,0.65,0.188748502994012,0.30486802702138033,0.41359928143712577,0.2938583772022221,0.007211009643670222,0.1863515262681228,True,False,2.0,0.4182713855421687
504f9d5701b1dc8a,"('Accepts', 0, '12', 1, 1)",2,2,1,1,1,2.0,0.45,0.65,0.29166666666666663,26,Accepts(),Accepts,0.0021231422505307855,0.006024096385542169,0.25,0.000998003992015968,3.40625,0.65,0.1067185628742515,0.23839946943738258,0.32922491017964073,0.17894436943943437,0.003605504821835111,0.18779828681310526,True,True,,0.40152319277108434
d773a2ce7f7e244d,"('Accepts', 1, 'ac', 1, 1)",2,2,1,1,1,4.0,0.5,0.65,0.29166666666666663,26,Accepts(a),Accepts,0.0021231422505307855,0.006024096385542169,0.25,0.001996007984031936,3.40625,0.65,0.11643712574850298,0.23839946943738258,0.34888982035928146,0.19063904249332658,0.003605504821835111,0.35421098708759574,True,False,1.0,0.2885231927710843
335870b343c51df1,"('Accepts', 1, 'c1', 1, 1)",2,2,1,1,1,4.0,0.5,0.65,0.29166666666666663,26,Accepts(b),Accepts,0.0021231422505307855,0.006024096385542169,0.25,0.001996007984031936,3.40625,0.65,0.11643712574850298,0.23839946943738258,0.34888982035928146,0.19063904249332658,0.003605504821835111,0.33638254113692206,True,False,1.0,0.2885231927710843
076b7ff878c9db19,"('Accepts', 2, 'd3', 1, 1)",2,2,1,2,2,6.0,0.55,0.65,0.29166666666666663,26,Accepts(aa),Accepts,0.0021231422505307855,0.006024096385542169,0.5,0.0029940119760479044,4.40625,0.65,0.1511556886227545,0.18429462530974966,0.3805547305389222,0.2409537155472188,0.003605504821835111,0.28720996849238833,True,False,1.0,0.3410231927710844
7225a781f1564105,"('Accepts', 2, '78', 1, 1)",2,2,1,2,2,6.0,0.55,0.65,0.29166666666666663,26,Accepts(ab),Accepts,0.0021231422505307855,0.006024096385542169,0.5,0.0029940119760479044,4.40625,0.65,0.1511556886227545,0.18429462530974966,0.3805547305389222,0.2409537155472188,0.003605504821835111,0.23916333636745093,True,True,,0.4610231927710844
c797b44902b70757,"('Accepts', 2, '6f', 1, 1)",2,2,1,2,2,6.0,0.55,0.65,0.29166666666666663,26,Accepts(ba),Accepts,0.0021231422505307855,0.006024096385542169,0.5,0.0029940119760479044,4.40625,0.65,0.1511556886227545,0.18429462530974966,0.3805547305389222,0.2409537155472188,0.003605504821835111,0.22429078741810551,True,False,1.0,0.3410231927710844
e7cfeca67716b49f,"('Accepts', 2, '60', 1, 1)",2,2,1,2,2,6.0,0.55,0.65,0.29166666666666663,26,Accepts(bb),Accepts,0.0021231422505307855,0.006024096385542169,0.5,0.0029940119760479044,4.40625,0.65,0.1511556886227545,0.18429462530974966,0.3805547305389222,0.2409537155472188,0.003605504821835111,0.25212823709699567,True,True,,0.4610231927710844
ba39ea4c59d730cd,"('Accepts', 3, '44', 1, 1)",2,2,1,3,3,8.0,0.6000000000000001,0.65,0.29166666666666663,26,Accepts(aba),Accepts,0.0021231422505307855,0.006024096385542169,0.75,0.003992015968063872,5.40625,0.65,0.185874251497006,0.15020544606170347,0.41221964071856293,0.29126838860111104,0.003605504821835111,0.37052154952763094,True,True,,0.5135231927710844
1d4d087540f97caa,"('Accepts', 3, 'a3', 1, 1)",2,2,1,3,3,8.0,0.6000000000000001,0.65,0.29166666666666663,26,Accepts(bab),Accepts,0.0021231422505307855,0.006024096385542169,0.75,0.003992015968063872,5.40625,0.65,0.185874251497006,0.15020544606170347,0.41221964071856293,0.29126838860111104,0.003605504821835111,0.30872161283260446,True,False,1.0,0.39352319277108433
83ab301330a909de,"('Accepts', 4, 'dd', 1, 1)",2,2,1,4,4,10.0,0.65,0.65,0.29166666666666663,26,Accepts(abba),Accepts,0.0021231422505307855,0.006024096385542169,1.0,0.00499001996007984,6.40625,0.65,0.2205928143712575,0.12675874228621806,0.4438845508982036,0.3415830616550032,0.003605504821835111,0.2432441983429619,True,True,,0.5660231927710844
d07a142da524ffa7,"('Accepts', 4, '08', 1, 1)",2,2,1,4,4,10.0,0.65,0.65,0.29166666666666663,26,Accepts(baab),Accepts,0.0021231422505307855,0.006024096385542169,1.0,0.00499001996007984,6.40625,0.65,0.2205928143712575,0.12675874228621806,0.4438845508982036,0.3415830616550032,0.003605504821835111,0.2997826058667426,True,False,2.0,0.4460231927710843
64517b5ab447ae01,"('TransitionEffect', 'a', 1, 1, 2, 0)",45,33,1,2,2,166.0,0.7,0.8500000000000002,0.6666666666666667,37,"TransitionEffect(q4,a,q0)",TransitionEffect,0.04777070063694268,0.09939759036144578,0.5,0.08283433133732535,4.578125,0.8500000000000002,0.23564071856287427,4.908754471812164,0.5101075449101797,0.33349465383449967,0.06738891873225386,0.3190141833774461,True,False,2.0,0.4319451807228915
e7f2953353d0de9f,"('Accepts', 0, '12', 3, 1)",4,4,1,1,1,4.0,0.45,0.65,0.7625,26,Accepts(),Accepts,0.004246284501061571,0.012048192771084338,0.25,0.001996007984031936,3.40625,0.65,0.107437125748503,0.4838731071073284,0.32956982035928145,0.18035993887886878,0.007211009643670222,0.29148140441299375,True,False,1.0,0.3908338855421687
80e848ace5009305,"('Accepts', 1, 'ac', 3, 1)",4,4,1,1,1,8.0,0.5,0.65,0.7625,26,Accepts(a),Accepts,0.004246284501061571,0.012048192771084338,0.25,0.003992015968063872,3.40625,0.65,0.11787425149700598,0.4838731071073284,0.34957964071856285,0.1924460849866532,0.007211009643670222,0.46400719554703973,True,False,1.0,0.3978338855421687
b3a71326dbb81299,"('Accepts', 1, 'c1', 3, 1)",4,4,1,1,1,8.0,0.5,0.65,0.7625,26,Accepts(b),Accepts,0.004246284501061571,0.012048192771084338,0.25,0.003992015968063872,3.40625,0.65,0.11787425149700598,0.4838731071073284,0.34957964071856285,0.1924460849866532,0.007211009643670222,0.32951641518605684,True,True,,0.5178338855421687
f22773897d87b522,"('Accepts', 2, 'd3', 3, 1)",4,4,1,2,2,12.0,0.55,0.65,0.7625,26,Accepts(aa),Accepts,0.004246284501061571,0.012048192771084338,0.5,0.005988023952095809,4.40625,0.65,0.15331137724550897,0.37405793386311204,0.3815894610778443,0.24315223109443765,0.007211009643670222,0.2518744054976078,True,False,2.0,0.4503338855421687
1be8332318d0f5fd,"('Accepts', 2, '78', 3, 1)",4,4,1,2,2,12.0,0.55,0.65,0.7625,26,Accepts(ab),Accepts,0.004246284501061571,0.012048192771084338,0.5,0.005988023952095809,4.40625,0.65,0.15331137724550897,0.37405793386311204,0.3815894610778443,0.24315223109443765,0.007211009643670222,0.37322348539854905,True,False,2.0,0.4503338855421687
b5b17210e2b00ad5,"('Accepts', 2, '6f', 3, 1)",4,4,1,2,2,12.0,0.55,0.65,0.7625,26,Accepts(ba),Accepts,0.004246284501061571,0.012048192771084338,0.5,0.005988023952095809,4.40625,0.65,0.15331137724550897,0.37405793386311204,0.3815894610778443,0.24315223109443765,0.007211009643670222,0.20853359303214214,True,True,,0.5703338855421687
639b018495891097,"('Accepts', 2, '60', 3, 1)",4,4,1,2,2,12.0,0.55,0.65,0.7625,26,Accepts(bb),Accepts,0.004246284501061571,0.012048192771084338,0.5,0.005988023952095809,4.40625,0.65,0.15331137724550897,0.37405793386311204,0.3815894610778443,0.24315223109443765,0.007211009643670222,0.6434795323842706,True,False,2.0,0.4503338855421687
a820b6fa06593571,"('Accepts', 3, '44', 3, 1)",4,4,1,3,3,16.0,0.6000000000000001,0.65,0.7625,26,Accepts(aba),Accepts,0.004246284501061571,0.012048192771084338,0.75,0.007984031936127744,5.40625,0.65,0.188748502994012,0.30486802702138033,0.41359928143712577,0.2938583772022221,0.007211009643670222,0.2950301822459942,True,True,,0.6228338855421687
9f58d67933ab1178,"('Accepts', 3, 'a3', 3, 1)",4,4,1,3,3,16.0,0.6000000000000001,0.65,0.7625,26,Accepts(bab),Accepts,0.004246284501061571,0.012048192771084338,0.75,0.007984031936127744,5.40625,0.65,0.188748502994012,0.30486802702138033,0.41359928143712577,0.2938583772022221,0.007211009643670222,0.3875583930160129,True,True,,0.6228338855421687
ec9e61bdb766e7da,"('Accepts', 4, 'dd', 3, 1)",4,4,1,4,4,20.0,0.65,0.65,0.7625,26,Accepts(abba),Accepts,0.004246284501061571,0.012048192771084338,1.0,0.00998003992015968,6.40625,0.65,0.22418562874251496,0.25727887158389656,0.4456091017964072,0.34456452331000653,0.007211009643670222,0.23920589527466882,True,True,,0.6753338855421686
a1ea613080046389,"('Accepts', 4, '08', 3, 1)",4,4,1,4,4,20.0,0.65,0.65,0.7625,26,Accepts(baab),Accepts,0.004246284501061571,0.012048192771084338,1.0,0.00998003992015968,6.40625,0.65,0.22418562874251496,0.25727887158389656,0.4456091017964072,0.34456452331000653,0.007211009643670222,0.2724587280236007,True,True,,0.6753338855421686
0a60b0f22b32d83f,"('TransitionEffect', 'b', 0, 1, 3, 1)",14,12,1,2,2,62.0,0.7,0.8499999999999999,1.0,37,"TransitionEffect(q0,b,q5)",TransitionEffect,0.014861995753715499,0.03614457831325301,0.5,0.03093812375249501,4.578125,0.8499999999999999,0.1982754491017964,1.333739051770221,0.49217221556886226,0.30238504298391167,0.022949377126339755,0.25112299717487163,True,True,,0.6231891566265061
2f0cdbf65d176500,"('MinimalStateClass', 2, 0, 0)",23,21,1,2,2,46.0,0.6666666666666664,0.5500000000000003,0.6666666666666664,30,MinimalStateClass(q6),MinimalStateClass,0.024416135881104035,0.06325301204819277,0.5,0.022954091816367265,4.46875,0.5500000000000003,0.18652694610778436,2.3842952228494396,0.41053293413173647,0.27916622562104704,0.03917414882459775,0.3946172264830343,True,True,,0.5817893574297187
c2ef7692436772cb,"('Rejects', 0, '12', 0, 1)",3,3,1,1,1,3.0,0.45,0.65,0.0,26,Rejects(),Rejects,0.0031847133757961785,0.009036144578313253,0.25,0.0014970059880239522,3.40625,0.65,0.10707784431137726,0.3602520172432851,0.3293973652694611,0.1796521541591516,0.005408257232752667,0.3475802018203894,True,True,,0.33442228915662653
d813679703be98d8,"('Rejects', 1, 'ac', 0, 1)",3,3,1,1,1,6.0,0.5,0.65,0.0,26,Rejects(a),Rejects,0.0031847133757961785,0.009036144578313253,0.25,0.0029940119760479044,3.40625,0.65,0.1171556886227545,0.3602520172432851,0.3492347305389222,0.1915425637399899,0.005408257232752667,0.7128541942768907,True,True,,0.34142228915662653
31d9906f94a95f4c,"('Rejects', 1, 'c1', 0, 1)",3,3,1,1,1,6.0,0.5,0.65,0.0,26,Rejects(b),Rejects,0.0031847133757961785,0.009036144578313253,0.25,0.0029940119760479044,3.40625,0.65,0.1171556886227545,0.3602520172432851,0.3492347305389222,0.1915425637399899,0.005408257232752667,0.3500946452967203,True,False,1.0,0.2214222891566265
229f786a88dda157,"('Rejects', 2, 'd3', 0, 1)",3,3,1,2,2,9.0,0.55,0.65,0.0,26,Rejects(aa),Rejects,0.0031847133757961785,0.009036144578313253,0.5,0.004491017964071856,4.40625,0.65,0.15223353293413175,0.27849269418097927,0.38107209580838325,0.24205297332082823,0.005408257232752667,0.3803292290062001,True,False,1.0,0.27392228915662653
c0de9bc6ff62e2a5,"('Rejects', 2, '78', 0, 1)",3,3,1,2,2,9.0,0.55,0.65,0.0,26,Rejects(ab),Rejects,0.0031847133757961785,0.009036144578313253,0.5,0.004491017964071856,4.40625,0.65,0.15223353293413175,0.27849269418097927,0.38107209580838325,0.24205297332082823,0.005408257232752667,0.38021307566201934,True,True,,0.3939222891566265
e29849c36113d746,"('Rejects', 2, '6f', 0, 1)",3,3,1,2,2,9.0,0.55,0.65,0.0,26,Rejects(ba),Rejects,0.0031847133757961785,0.009036144578313253,0.5,0.004491017964071856,4.40625,0.65,0.15223353293413175,0.27849269418097927,0.38107209580838325,0.24205297332082823,0.005408257232752667,0.30724806557001677,True,True,,0.3939222891566265
f637262ab3dffa03,"('Rejects', 2, '60', 0, 1)",3,3,1,2,2,9.0,0.55,0.65,0.0,26,Rejects(bb),Rejects,0.0031847133757961785,0.009036144578313253,0.5,0.004491017964071856,4.40625,0.65,0.15223353293413175,0.27849269418097927,0.38107209580838325,0.24205297332082823,0.005408257232752667,0.2571547046561356,True,False,1.0,0.27392228915662653
41c7572d34d07ca7,"('Rejects', 3, '44', 0, 1)",3,3,1,3,3,12.0,0.6000000000000001,0.65,0.0,26,Rejects(aba),Rejects,0.0031847133757961785,0.009036144578313253,0.75,0.005988023952095809,5.40625,0.65,0.187311377245509,0.22697959467929524,0.4129094610778444,0.2925633829016666,0.005408257232752667,0.33708159877645283,True,True,,0.4464222891566265
584181e6c490c895,"('Rejects', 3, 'a3', 0, 1)",3,3,1,3,3,12.0,0.6000000000000001,0.65,0.0,26,Rejects(bab),Rejects,0.0031847133757961785,0.009036144578313253,0.75,0.005988023952095809,5.40625,0.65,0.187311377245509,0.22697959467929524,0.4129094610778444,0.2925633829016666,0.005408257232752667,0.28294718609037184,True,True,,0.4464222891566265
51d01b2a33c485a9,"('Rejects', 4, 'dd', 0, 1)",3,3,1,4,4,15.0,0.65,0.65,0.0,26,Rejects(abba),Rejects,0.0031847133757961785,0.009036144578313253,1.0,0.0074850299401197605,6.40625,0.65,0.22238922155688623,0.19154863355862475,0.4447468263473054,0.3430737924825048,0.005408257232752667,0.31673403337305633,True,True,,0.4989222891566265
94a650c3d04c9bea,"('Rejects', 4, '08', 0, 1)",3,3,1,4,4,15.0,0.65,0.65,0.0,26,Rejects(baab),Rejects,0.0031847133757961785,0.009036144578313253,1.0,0.0074850299401197605,6.40625,0.65,0.22238922155688623,0.19154863355862475,0.4447468263473054,0.3430737924825048,0.005408257232752667,0.2359793271011822,True,True,,0.4989222891566265
072fae1c9a97a030,"('Accepts', 1, 'ac', 3, 2)",13,13,1,1,1,26.0,0.5,0.6500000000000001,0.7807692307692307,26,Accepts(a),Accepts,0.013800424628450107,0.0391566265060241,0.25,0.012974051896207584,3.40625,0.6500000000000001,0.12434131736526946,1.6760473085000551,0.3526838323353294,0.20057777620662293,0.023435781341928225,0.492408944038806,True,True,,0.5245209453197405
37d509d1794d824b,"('Accepts', 2, '6f', 3, 2)",11,11,1,2,2,33.0,0.5499999999999999,0.6500000000000001,0.8025974025974026,26,Accepts(ba),Accepts,0.01167728237791932,0.03313253012048193,0.5,0.016467065868263474,4.40625,0.6500000000000001,0.16085628742514968,1.081295394343331,0.38521101796407187,0.25084703550970344,0.019830276520093112,0.26484540502548487,True,True,,0.5815150602409638
5ff153840d49c092,"('Accepts', 3, '44', 3, 2)",11,11,1,3,3,44.0,0.6,0.6500000000000001,0.8025974025974026,26,Accepts(aba),Accepts,0.01167728237791932,0.03313253012048193,0.75,0.021956087824351298,5.40625,0.6500000000000001,0.19880838323353295,0.88128699770179,0.4184280239520959,0.30292333730611065,0.019830276520093112,0.3212326743127441,True,True,,0.6340150602409638
714468175cdbdfea,"('Accepts', 4, 'dd', 3, 2)",12,12,1,4,4,60.0,0.6500000000000001,0.6500000000000001,0.7982142857142858,26,Accepts(abba),Accepts,0.012738853503184714,0.03614457831325301,1.0,0.029940119760479042,6.40625,0.6500000000000001,0.23855688622754492,0.8169732588892156,0.4525073053892217,0.35649036993001953,0.021633028931010666,0.35103234909863534,True,True,,0.685776656626506
78a607c9c09f9dad,"('MinimalStateClass', 3, 1, 0)",4,4,1,2,2,12.0,1.0,0.55,1.0,30,MinimalStateClass(q1),MinimalStateClass,0.004246284501061571,0.012048192771084338,0.5,0.005988023952095809,4.46875,0.55,0.234311377245509,0.36882635436852307,0.5334694610778443,0.3391610310944376,0.007211009643670222,0.2847183408824386,True,True,,0.7007963855421687
b0285461b833fb80,"('MinimalStateClass', 4, 1, 1)",20,12,1,2,2,96.0,1.0,0.5500000000000002,1.0,30,MinimalStateClass(q2),MinimalStateClass,0.021231422505307854,0.03614457831325301,0.5,0.04790419161676647,4.46875,0.5500000000000002,0.2644910179640719,1.9519757351082652,0.5479556886227545,0.3596992849000793,0.026898421712327016,0.35596961243991276,True,True,,0.7029891566265061
d68aec71a5cf594e,"('Rejects', 0, '12', 0, 2)",4,4,1,1,1,4.0,0.45,0.65,0.0,26,Rejects(),Rejects,0.004246284501061571,0.012048192771084338,0.25,0.001996007984031936,3.40625,0.65,0.107437125748503,0.4838731071073284,0.32956982035928145,0.18035993887886878,0.007211009643670222,0.31329692242830215,True,True,,0.3346963855421687
5cdb2d330096553b,"('Rejects', 1, 'ac', 0, 2)",4,4,1,1,1,8.0,0.5,0.65,0.0,26,Rejects(a),Rejects,0.004246284501061571,0.012048192771084338,0.25,0.003992015968063872,3.40625,0.65,0.11787425149700598,0.4838731071073284,0.34957964071856285,0.1924460849866532,0.007211009643670222,0.33272408514281615,True,False,1.0,0.22169638554216867
d20707d3055c1696,"('Rejects', 1, 'c1', 0, 2)",4,4,1,1,1,8.0,0.5,0.65,0.0,26,Rejects(b),Rejects,0.004246284501061571,0.012048192771084338,0.25,0.003992015968063872,3.40625,0.65,0.11787425149700598,0.4838731071073284,0.34957964071856285,0.1924460849866532,0.007211009643670222,0.28001673933719246,True,True,,0.34169638554216863
500d38af0241e055,"('Rejects', 2, 'd3', 0, 2)",4,4,1,2,2,12.0,0.55,0.65,0.0,26,Rejects(aa),Rejects,0.004246284501061571,0.012048192771084338,0.5,0.005988023952095809,4.40625,0.65,0.15331137724550897,0.37405793386311204,0.3815894610778443,0.24315223109443765,0.007211009643670222,0.24393125299153134,True,True,,0.3941963855421687
61cca35391489622,"('Rejects', 2, '78', 0, 2)",4,4,1,2,2,12.0,0.55,0.65,0.0,26,Rejects(ab),Rejects,0.004246284501061571,0.012048192771084338,0.5,0.005988023952095809,4.40625,0.65,0.15331137724550897,0.37405793386311204,0.3815894610778443,0.24315223109443765,0.007211009643670222,0.260249329181135,True,False,1.0,0.2741963855421687
f144fb239d553596,"('Rejects', 2, '6f', 0, 2)",4,4,1,2,2,12.0,0.55,0.65,0.0,26,Rejects(ba),Rejects,0.004246284501061571,0.012048192771084338,0.5,0.005988023952095809,4.40625,0.65,0.15331137724550897,0.37405793386311204,0.3815894610778443,0.24315223109443765,0.007211009643670222,0.37179846657211996,True,False,1.0,0.2741963855421687
7c92e599c85891b6,"('Rejects', 2, '60', 0, 2)",4,4,1,2,2,12.0,0.55,0.65,0.0,26,Rejects(bb),Rejects,0.004246284501061571,0.012048192771084338,0.5,0.005988023952095809,4.40625,0.65,0.15331137724550897,0.37405793386311204,0.3815894610778443,0.24315223109443765,0.007211009643670222,0.3224890054626909,True,True,,0.3941963855421687
1a0a4f78bf78c098,"('Rejects', 3, '44', 0, 2)",4,4,1,3,3,16.0,0.6000000000000001,0.65,0.0,26,Rejects(aba),Rejects,0.004246284501061571,0.012048192771084338,0.75,0.007984031936127744,5.40625,0.65,0.188748502994012,0.30486802702138033,0.41359928143712577,0.2938583772022221,0.007211009643670222,0.5203062350837424,True,False,1.0,0.32669638554216873
b342d7bb16744a0e,"('Rejects', 3, 'a3', 0, 2)",4,4,1,3,3,16.0,0.6000000000000001,0.65,0.0,26,Rejects(bab),Rejects,0.004246284501061571,0.012048192771084338,0.75,0.007984031936127744,5.40625,0.65,0.188748502994012,0.30486802702138033,0.41359928143712577,0.2938583772022221,0.007211009643670222,0.34150949684354426,True,False,1.0,0.32669638554216873
17cb28c115008d21,"('Rejects', 4, 'dd', 0, 2)",4,4,1,4,4,20.0,0.65,0.65,0.0,26,Rejects(abba),Rejects,0.004246284501061571,0.012048192771084338,1.0,0.00998003992015968,6.40625,0.65,0.22418562874251496,0.25727887158389656,0.4456091017964072,0.34456452331000653,0.007211009643670222,0.2203880621414941,True,True,,0.4991963855421687
e06008a71791ceeb,"('Rejects', 4, '08', 0, 2)",4,4,1,4,4,20.0,0.65,0.65,0.0,26,Rejects(baab),Rejects,0.004246284501061571,0.012048192771084338,1.0,0.00998003992015968,6.40625,0.65,0.22418562874251496,0.25727887158389656,0.4456091017964072,0.34456452331000653,0.007211009643670222,0.30817017871305646,True,True,,0.4991963855421687
edbf28729a35d9a7,"('Accepts', 0, '12', 1, 2)",6,6,1,1,1,6.0,0.45,0.65,0.3194444444444444,26,Accepts(),Accepts,0.006369426751592357,0.018072289156626505,0.25,0.0029940119760479044,3.40625,0.65,0.10815568862275449,0.7364209130098375,0.3299147305389222,0.18177550831830314,0.010816514465505333,0.2432938019469925,True,True,,0.4090362449799197
eb6113efcadde8a3,"('Rejects', 1, 'ac', 1, 2)",15,15,1,1,1,30.0,0.5,0.6500000000000001,0.2695238095238095,26,Rejects(a),Rejects,0.01592356687898089,0.045180722891566265,0.25,0.014970059880239521,3.40625,0.6500000000000001,0.12577844311377245,1.9604288714490994,0.35337365269461085,0.2023848186999495,0.027041286163763334,0.3807593590272187,True,False,1.0,0.2869714457831325
4d3c4520fa403fd2,"('Accepts', 1, 'c1', 1, 2)",6,6,1,1,1,12.0,0.5,0.65,0.2833333333333333,26,Accepts(b),Accepts,0.006369426751592357,0.018072289156626505,0.25,0.005988023952095809,3.40625,0.65,0.11931137724550897,0.7364209130098375,0.3502694610778443,0.19425312747997975,0.010816514465505333,0.2285397989487262,True,False,1.0,0.287694578313253
0ee57ab26021a6d7,"('Rejects', 2, 'd3', 1, 2)",13,13,1,2,2,39.0,0.5499999999999999,0.6500000000000001,0.2661172161172161,26,Rejects(aa),Rejects,0.013800424628450107,0.0391566265060241,0.5,0.019461077844311378,4.40625,0.6500000000000001,0.16301197604790418,1.2956677774929506,0.38624574850299404,0.2530455510569223,0.023435781341928225,0.1891272770265613,True,False,1.0,0.3381363299351251
9728dbd664498c07,"('Accepts', 2, '78', 1, 2)",6,6,1,2,2,18.0,0.5499999999999999,0.65,0.2972222222222222,26,Accepts(ab),Accepts,0.006369426751592357,0.018072289156626505,0.5,0.008982035928143712,4.40625,0.65,0.15546706586826348,0.5692899256600872,0.3826241916167665,0.24535074664165643,0.010816514465505333,0.32554188880818197,True,False,1.0,0.3434029116465863
7db269478c3d5ee4,"('Rejects', 2, '6f', 1, 2)",12,12,1,2,2,36.0,0.5499999999999999,0.6500000000000001,0.25357142857142856,26,Rejects(ba),Rejects,0.012738853503184714,0.03614457831325301,0.5,0.017964071856287425,4.40625,0.6500000000000001,0.16193413173652693,1.1877980005126891,0.385728383233533,0.25194629328331286,0.021633028931010666,0.6402890278051457,True,True,,0.454964156626506
72bf90be3f98fd94,"('Accepts', 2, '60', 1, 2)",6,6,1,2,2,18.0,0.5499999999999999,0.65,0.29722222222222217,26,Accepts(bb),Accepts,0.006369426751592357,0.018072289156626505,0.5,0.008982035928143712,4.40625,0.65,0.15546706586826348,0.5692899256600872,0.3826241916167665,0.24535074664165643,0.010816514465505333,0.19417295410296556,True,True,,0.4634029116465863
998d5a15ce91cce4,"('Rejects', 3, '44', 1, 2)",12,12,1,3,3,48.0,0.6,0.6500000000000001,0.26051587301587303,26,Rejects(aba),Rejects,0.012738853503184714,0.03614457831325301,0.75,0.023952095808383235,5.40625,0.6500000000000001,0.20024550898203594,0.9680896998398218,0.41911784431137733,0.3042183316066662,0.021633028931010666,0.25930047726447053,True,False,1.0,0.38906832329317276
07fa8378515c482e,"('Accepts', 3, 'a3', 1, 2)",4,4,1,3,3,16.0,0.6000000000000001,0.65,0.2791666666666667,26,Accepts(bab),Accepts,0.004246284501061571,0.012048192771084338,0.75,0.007984031936127744,5.40625,0.65,0.188748502994012,0.30486802702138033,0.41359928143712577,0.2938583772022221,0.007211009643670222,0.19850911977783164,True,True,,0.5111838855421688
f3343f16199b750c,"('Rejects', 4, 'dd', 1, 2)",12,12,1,4,4,60.0,0.6500000000000001,0.6500000000000001,0.26051587301587303,26,Rejects(abba),Rejects,0.012738853503184714,0.03614457831325301,1.0,0.029940119760479042,6.40625,0.6500000000000001,0.23855688622754492,0.8169732588892156,0.4525073053892217,0.35649036993001953,0.021633028931010666,0.3585999043179094,True,False,2.0,0.4415683232931727
c39764376bc25789,"('Accepts', 4, '08', 1, 2)",6,6,1,4,4,30.0,0.65,0.65,0.2833333333333333,26,Accepts(baab),Accepts,0.006369426751592357,0.018072289156626505,1.0,0.014970059880239521,6.40625,0.65,0.22777844311377246,0.39156038789303554,0.4473336526946108,0.34754598496500977,0.010816514465505333,0.31307517329308493,True,True,,0.565194578313253
10a4a9ffb6be56bf,"('Rejects', 2, '78', 2, 2)",8,8,1,2,2,24.0,0.55,0.65,0.5232142857142856,26,Rejects(ab),Rejects,0.008492569002123142,0.024096385542168676,0.5,0.011976047904191617,4.40625,0.65,0.15762275449101798,0.7699906007006752,0.38365892215568864,0.24754926218887527,0.014422019287340444,0.31733445583379144,True,True,,0.5161552710843373
dd4ae8cfd3945a4f,"('Rejects', 2, '6f', 2, 2)",6,6,1,2,2,18.0,0.5499999999999999,0.65,0.530952380952381,26,Rejects(ba),Rejects,0.006369426751592357,0.018072289156626505,0.5,0.008982035928143712,4.40625,0.65,0.15546706586826348,0.5692899256600872,0.3826241916167665,0.24535074664165643,0.010816514465505333,0.30024943291309414,True,False,1.0,0.397394578313253
1531ed7f7a6adee1,"('TransitionEffect', 'a', 0, 1, 3, 1)",15,11,1,2,2,55.0,0.6999999999999998,0.8499999999999999,1.0,37,"TransitionEffect(q0,a,q2)",TransitionEffect,0.01592356687898089,0.03313253012048193,0.5,0.027445109780439122,4.578125,0.8499999999999999,0.19576047904191612,1.4191373000534562,0.4909650299401196,0.3005028391025178,0.022462972910751285,0.2751397234409759,True,True,,0.6229150602409638
c9ed6c2c53b80157,"('Rejects', 0, '12', 1, 2)",12,12,1,1,1,12.0,0.45,0.6500000000000001,0.26051587301587303,26,Rejects(),Rejects,0.012738853503184714,0.03614457831325301,0.25,0.005988023952095809,3.40625,0.6500000000000001,0.11031137724550899,1.5365093401127448,0.3309494610778444,0.1860222166366063,0.021633028931010666,0.21406916685099925,True,False,1.0,0.27706832329317266
592b6e78f25b55bf,"('Rejects', 2, '60', 1, 2)",12,12,1,2,2,36.0,0.5499999999999999,0.6500000000000001,0.2716269841269841,26,Rejects(bb),Rejects,0.012738853503184714,0.03614457831325301,0.5,0.017964071856287425,4.40625,0.6500000000000001,0.16193413173652693,1.1877980005126891,0.385728383233533,0.25194629328331286,0.021633028931010666,0.23080902825353863,True,False,1.0,0.3391349899598394
359119e93918f480,"('Rejects', 1, 'c1', 3, 2)",2,2,1,1,1,4.0,0.5,0.65,0.6607142857142857,26,Rejects(b),Rejects,0.0021231422505307855,0.006024096385542169,0.25,0.001996007984031936,3.40625,0.65,0.11643712574850298,0.23839946943738258,0.34888982035928146,0.19063904249332658,0.003605504821835111,0.3561134262770779,True,True,,0.49377319277108433
815d43d0871c79f9,"('Rejects', 2, '78', 3, 2)",3,3,1,2,2,9.0,0.55,0.65,0.6904761904761904,26,Rejects(ab),Rejects,0.0031847133757961785,0.009036144578313253,0.5,0.004491017964071856,4.40625,0.65,0.15223353293413175,0.27849269418097927,0.38107209580838325,0.24205297332082823,0.005408257232752667,0.20395916339528522,True,False,2.0,0.4334222891566265
734fea785a5b4594,"('Rejects', 1, 'c1', 1, 2)",12,12,1,1,1,24.0,0.5,0.6500000000000001,0.2785714285714286,26,Rejects(b),Rejects,0.012738853503184714,0.03614457831325301,0.25,0.011976047904191617,3.40625,0.6500000000000001,0.12362275449101795,1.5365093401127448,0.3523389221556886,0.19967425495995958,0.021633028931010666,0.3245509698438221,True,False,1.0,0.288239156626506
4141b95d47e338a1,"('Rejects', 2, '78', 1, 2)",12,12,1,2,2,36.0,0.5499999999999999,0.6500000000000001,0.2716269841269841,26,Rejects(ab),Rejects,0.012738853503184714,0.03614457831325301,0.5,0.017964071856287425,4.40625,0.6500000000000001,0.16193413173652693,1.1877980005126891,0.385728383233533,0.25194629328331286,0.021633028931010666,0.3178399333782779,True,True,,0.45913498995983937
e24af35a4213d267,"('Rejects', 3, 'a3', 1, 2)",14,14,1,3,3,56.0,0.5999999999999999,0.6500000000000001,0.28044217687074835,26,Rejects(bab),Rejects,0.014861995753715499,0.04216867469879518,0.75,0.027944111776447105,5.40625,0.6500000000000001,0.2031197604790419,1.1450379552893655,0.4204974850299401,0.3068083202077772,0.02523853375284578,0.7107783186634927,True,False,1.0,0.3942194922547332
66a5a09ac6fd3835,"('Rejects', 4, '08', 1, 2)",12,12,1,4,4,60.0,0.6500000000000001,0.6500000000000001,0.2785714285714286,26,Rejects(baab),Rejects,0.012738853503184714,0.03614457831325301,1.0,0.029940119760479042,6.40625,0.6500000000000001,0.23855688622754492,0.8169732588892156,0.4525073053892217,0.35649036993001953,0.021633028931010666,0.2271830646212201,True,False,2.0,0.44573915662650604
b40004f351581c5e,"('Accepts', 2, '6f', 1, 2)",6,6,1,2,2,18.0,0.5499999999999999,0.65,0.3333333333333333,26,Accepts(ba),Accepts,0.006369426751592357,0.018072289156626505,0.5,0.008982035928143712,4.40625,0.65,0.15546706586826348,0.5692899256600872,0.3826241916167665,0.24535074664165643,0.010816514465505333,0.2223626361959587,True,True,,0.471744578313253
2d9a82d935cea701,"('Accepts', 3, '44', 1, 2)",6,6,1,3,3,24.0,0.6000000000000001,0.65,0.3194444444444444,26,Accepts(aba),Accepts,0.006369426751592357,0.018072289156626505,0.75,0.011976047904191617,5.40625,0.65,0.19162275449101798,0.46398774287903055,0.41497892215568866,0.2964483658033331,0.010816514465505333,0.4101268937613014,True,False,1.0,0.40103624497991963
54088f4afb7d4d6e,"('Accepts', 2, 'd3', 1, 2)",5,5,1,2,2,15.0,0.55,0.65,0.3166666666666666,26,Accepts(aa),Accepts,0.005307855626326964,0.015060240963855422,0.5,0.0074850299401197605,4.40625,0.65,0.15438922155688622,0.470990344356148,0.3821068263473054,0.24425148886804707,0.009013762054587777,0.6177326008981157,True,True,,0.4676204819277109
9dc6b7ae10375ca9,"('Accepts', 4, 'dd', 1, 2)",6,6,1,4,4,30.0,0.65,0.65,0.31944444444444436,26,Accepts(abba),Accepts,0.006369426751592357,0.018072289156626505,1.0,0.014970059880239521,6.40625,0.65,0.22777844311377246,0.39156038789303554,0.4473336526946108,0.34754598496500977,0.010816514465505333,0.32163601682630655,True,True,,0.5735362449799197
693c8ec3ba94bdfb,"('Rejects', 2, '60', 3, 2)",2,2,1,2,2,6.0,0.55,0.65,0.6607142857142857,26,Rejects(bb),Rejects,0.0021231422505307855,0.006024096385542169,0.5,0.0029940119760479044,4.40625,0.65,0.1511556886227545,0.18429462530974966,0.3805547305389222,0.2409537155472188,0.003605504821835111,0.3574906463048583,True,False,2.0,0.42627319277108433
e69e6d2f8a78c362,"('Rejects', 3, 'a3', 3, 2)",2,2,1,3,3,8.0,0.6000000000000001,0.65,0.6607142857142857,26,Rejects(bab),Rejects,0.0021231422505307855,0.006024096385542169,0.75,0.003992015968063872,5.40625,0.65,0.185874251497006,0.15020544606170347,0.41221964071856293,0.29126838860111104,0.003605504821835111,0.23839931765137712,True,True,,0.5987731927710843
dc9e1abb602ebdc1,"('Rejects', 4, '08', 3, 2)",2,2,1,4,4,10.0,0.65,0.65,0.6607142857142857,26,Rejects(baab),Rejects,0.0021231422505307855,0.006024096385542169,1.0,0.00499001996007984,6.40625,0.65,0.2205928143712575,0.12675874228621806,0.4438845508982036,0.3415830616550032,0.003605504821835111,0.3034471053616226,True,True,,0.6512731927710843
941e88d084e991a4,"('Rejects', 0, '12', 3, 2)",3,3,1,1,1,3.0,0.45,0.65,0.7166666666666667,26,Rejects(),Rejects,0.0031847133757961785,0.009036144578313253,0.25,0.0014970059880239522,3.40625,0.65,0.10707784431137726,0.3602520172432851,0.3293973652694611,0.1796521541591516,0.005408257232752667,0.3533782365214981,True,False,1.0,0.3799722891566265
94ec5884e83935dd,"('Rejects', 2, 'd3', 3, 2)",2,2,1,2,2,6.0,0.55,0.65,0.7,26,Rejects(aa),Rejects,0.0021231422505307855,0.006024096385542169,0.5,0.0029940119760479044,4.40625,0.65,0.1511556886227545,0.18429462530974966,0.3805547305389222,0.2409537155472188,0.003605504821835111,0.2140785372065481,True,True,,0.5553481927710843
1541cfe486352111,"('Accepts', 1, 'ac', 1, 2)",3,3,1,1,1,6.0,0.5,0.65,0.3333333333333333,26,Accepts(a),Accepts,0.0031847133757961785,0.009036144578313253,0.25,0.0029940119760479044,3.40625,0.65,0.1171556886227545,0.3602520172432851,0.3492347305389222,0.1915425637399899,0.005408257232752667,0.24191597366343548,True,False,1.0,0.2984222891566265
1640d1a23c72400c,"('Rejects', 0, '12', 3, 1)",1,1,1,1,1,1.0,0.45,0.65,0.6,26,Rejects(),Rejects,0.0010615711252653928,0.0030120481927710845,0.25,0.000499001996007984,3.40625,0.65,0.10635928143712575,0.11831546368962087,0.3290524550898204,0.1782365847197172,0.0018027524109175555,0.25024750087973463,True,True,,0.47247409638554216
f52849fdcc4aeec3,"('Rejects', 1, 'ac', 3, 1)",1,1,1,1,1,2.0,0.5,0.65,0.6,26,Rejects(a),Rejects,0.0010615711252653928,0.0030120481927710845,0.25,0.000998003992015968,3.40625,0.65,0.1157185628742515,0.11831546368962087,0.34854491017964073,0.1897355212466633,0.0018027524109175555,0.24966131199775263,True,False,1.0,0.3594740963855422
6181b2ba3b65efa7,"('Rejects', 1, 'c1', 3, 1)",1,1,1,1,1,2.0,0.5,0.65,0.6,26,Rejects(b),Rejects,0.0010615711252653928,0.0030120481927710845,0.25,0.000998003992015968,3.40625,0.65,0.1157185628742515,0.11831546368962087,0.34854491017964073,0.1897355212466633,0.0018027524109175555,0.18324232830743625,True,True,,0.47947409638554217
b410f5728be622b6,"('Rejects', 2, 'd3', 3, 1)",1,1,1,2,2,3.0,0.55,0.65,0.6,26,Rejects(aa),Rejects,0.0010615711252653928,0.0030120481927710845,0.5,0.0014970059880239522,4.40625,0.65,0.15007784431137727,0.09146372724942323,0.3800373652694611,0.23985445777360945,0.0018027524109175555,0.24786620891837813,True,True,,0.5319740963855422
ddddaa227df15574,"('Rejects', 2, '78', 3, 1)",1,1,1,2,2,3.0,0.55,0.65,0.6,26,Rejects(ab),Rejects,0.0010615711252653928,0.0030120481927710845,0.5,0.0014970059880239522,4.40625,0.65,0.15007784431137727,0.09146372724942323,0.3800373652694611,0.23985445777360945,0.0018027524109175555,0.17940920757231163,True,True,,0.5319740963855422
1308f7f47a43e7e5,"('Rejects', 2, '6f', 3, 1)",1,1,1,2,2,3.0,0.55,0.65,0.6,26,Rejects(ba),Rejects,0.0010615711252653928,0.0030120481927710845,0.5,0.0014970059880239522,4.40625,0.65,0.15007784431137727,0.09146372724942323,0.3800373652694611,0.23985445777360945,0.0018027524109175555,0.23051325355894178,True,True,,0.5319740963855422
82ddcca6eb6eda4e,"('Rejects', 2, '60', 3, 1)",1,1,1,2,2,3.0,0.55,0.65,0.6,26,Rejects(bb),Rejects,0.0010615711252653928,0.0030120481927710845,0.5,0.0014970059880239522,4.40625,0.65,0.15007784431137727,0.09146372724942323,0.3800373652694611,0.23985445777360945,0.0018027524109175555,0.19248664729338144,True,True,,0.5319740963855422
4379bd79eca06a5e,"('Rejects', 3, '44', 3, 1)",1,1,1,3,3,4.0,0.6000000000000001,0.65,0.6,26,Rejects(aba),Rejects,0.0010615711252653928,0.0030120481927710845,0.75,0.001996007984031936,5.40625,0.65,0.18443712574850302,0.07454558116860506,0.4115298203592815,0.2899733943005556,0.0018027524109175555,0.16486705105749938,True,True,,0.5844740963855422
cf247791d6164306,"('Rejects', 3, 'a3', 3, 1)",1,1,1,3,3,4.0,0.6000000000000001,0.65,0.6,26,Rejects(bab),Rejects,0.0010615711252653928,0.0030120481927710845,0.75,0.001996007984031936,5.40625,0.65,0.18443712574850302,0.07454558116860506,0.4115298203592815,0.2899733943005556,0.0018027524109175555,0.361854618084968,True,False,2.0,0.46447409638554216
eb00ed1472009579,"('Rejects', 4, 'dd', 3, 1)",1,1,1,4,4,5.0,0.65,0.65,0.6,26,Rejects(abba),Rejects,0.0010615711252653928,0.0030120481927710845,1.0,0.00249500998003992,6.40625,0.65,0.21879640718562876,0.06290919776667646,0.44302227544910183,0.3400923308275017,0.0018027524109175555,0.20152252310459998,True,False,2.0,0.5169740963855423
6fe6c449219f45bc,"('Rejects', 4, '08', 3, 1)",1,1,1,4,4,5.0,0.65,0.65,0.6,26,Rejects(baab),Rejects,0.0010615711252653928,0.0030120481927710845,1.0,0.00249500998003992,6.40625,0.65,0.21879640718562876,0.06290919776667646,0.44302227544910183,0.3400923308275017,0.0018027524109175555,0.19427587714760533,True,True,,0.6369740963855423
